"CRN","AXLE_CNT","CARGO_BD_TYPE","CARRIER_ADDR_1","CARRIER_ADDR_2","CARRIER_ADDR_CITY","CARRIER_ADDR_STATE","CARRIER_ADDR_ZIP","CARRIER_NM","CARRIER_TEL","GVWR","HAZMAT_CD1","HAZMAT_CD2","HAZMAT_CD3","HAZMAT_CD4","HAZMAT_IND","HAZMAT_REL_IND1","HAZMAT_REL_IND2","HAZMAT_REL_IND3","HAZMAT_REL_IND4","ICC_NUM","OSIZE_LOAD_IND","PERMITTED","PUC_NUM","SPECIAL_SIZING1","SPECIAL_SIZING2","SPECIAL_SIZING3","SPECIAL_SIZING4","TYPE_OF_CARRIER","UNIT_NUM","USDOT_NUM","VEH_CONFIG_CD"
"2017037873","02","1","2242 CALIFORNIA AVE","","PITTSBURGH","PA","15212","CARPET CONCEPTS INC","4123216021","015000","","","","","N","","","","","","N","","UNKNOWN","","","","","","2","0UNKNOWN","99"
"2017095657","99","1","225 NORTH SHORE DRIVE","PO BOX 6774","PITTSBURGH","PA","15212","TRUMBULL CORPORATION","4128072000","025999","","","","","N","","","","","","N","","","","","","","","2","00088311","00"
"2017058806","02","8","2235 BEAVER AVE","","PITTSBURGH","PA","15233","PORT AUTHORITY OF ALLEGHENY CO","4124422000","","","","","","N","","","","","","N","","A-00976060","","","","","","2","","11"
"2017122238","03","7","526 CITY COUNTY BLDG","","PITTSBURGH","PA","15219","PITTSBURGH ENVIROMENTA SERVICES","4122558636","","","","","","N","","","","","","N","","","","","","","","1","","04"
"2017119192","03","2","4001 LEADENHALL RD.","","MT. LAUREL","NJ","08054","BLUELINE RENTAL, LLC","9082038008","058000","","","","","N","","","","","","N","","","","","","","","2","00703033","04"
"2017066166","03","8","2235 BEAVER AVENUE","","PITTSBURGH","PA","15233","PORT AUTHORITY OF ALLEGHENY COUN","4124422000","","","","","","N","","","","","","N","","A-00976060","","","","","","1","","11"
"2017066983","05","1","2740 N MAYFAIR","","SPRINGFIELD","MO","65803","NEW PRIME INC","8008667009","080000","","","","","N","","","","","","N","","","","","","","","1","00003706","08"
"2017017169","03","4","2930 DUSS AVENUE","","AMBRIDGE","PA","15003","H G VENTURES INC","7242665266","073280","","","","","N","","","","","","N","","A-8913415","","","","","","2","02127975","04"
"2017127719","02","0","600 GRANT ST.","","PITTSBURGH","PA","15219","UPMC","4128600775","","","","","","N","","","","","","N","","A-00999999","","","","","","2","","00"
"2017024870","02","1","1500 TRUMBULL AVENUE","","GIRARD","OH","44420","AIM LEASING CO","4123200101","026000","","","","","N","","","","","","N","","","","","","","","2","00435939","00"
"2017025296","04","8","2235 BEAVER AVENUE","","PITTSBURGH","PA","15233","PORT AUTHORITY OF ALLEGHENY COUN","4125565500","","","","","","N","","","","","","N","","A-00976060","","","","","","2","","11"
"2017028739","03","1","12225 STEPHENS ROAD","","WARREN","MI","48089","GLS LEASCO INC","5869397000","055000","","","","","N","","","","","","N","","","","","","","","2","00661173","08"
"2017099620","05","2","ONE EAST LIVINGSTON AVENUE","","COLUMBUS","OH","43215","MID OHIO VALLEYBULK TRANSPORT","7247309243","080000","","","","","N","","","","","","N","","A-00003985","","","","","","2","00130576","09"
"2017017580","05","1","118 RIVENBARK FARM LN","","MAGNOLIA","NC","28453","AMERICA EAGLE TRANSPORT INC","8135984097","080000","","","","","N","","","","","","N","","","","","","","","1","02548094","08"
"2017093877","02","99","717 SOUTH 5600 WEST","","SALT LAKE CITY","UT","84104","BARCO","7247471551","026000","","","","","N","","","","","","N","","","","","","","","1","02370277","09"
"2017093877","99","99","320 DELANO DR","","PITTSBURGH","PA","15236","PENNDOT","4128186701","038000","","","","","N","","","","","","N","","","","","","","","2","00999999","09"
"2017067592","05","1","615 JB HUNT DRIVE","","LOWELL","AR","72745","JB HUNT","4798200000","080000","","","","","N","","","","","","N","","","","","","","","1","00080806","06"
"2017108743","02","1","117 ROSECREST DR","","PITTSBURGH","PA","15229","DERBY LANDSCAPING INC.","4122929707","012000","","","","","N","","","","","","N","","","","","","","","1","02086541","03"
"2017108743","02","4","117 ROSECREST DR","","PITTSBURGH","PA","15229","DERBY LANDSCAPING INC.","4122929707","017500","","","","","N","","","","","","N","","","","","","","","2","02086541","03"
"2017064247","03","3","2458 RODCHESTER RD","","SEWICKLEY","PA","15143","DRAGON'S LANDSCAPE","4126358441","073280","","","","","N","","","","","","N","","","","","","","","1","02136628","04"
"2017049488","03","3","400 KECK ST.","PO BOX 430","SEWARD","PA","15954","M & C TRUCKING COMPANY","9999999999","800000","","","","","N","","","","","","N","","","","","","","","1","00163516","06"
"2017106843","02","1","904 LYNDA LANE","","NORTH VERSAILLES","PA","151371605","LOCAL ROOTS LANDSCAPING","4126134051","014500","","","","","N","","","","","","N","","","","","","","","1","02868389","03"
"2017087645","02","8","2235 BEAVER AVENUE","","PITTSBURGH","PA","15233","PORT AUTHORITY OF ALLEGHENY COUN","4125665500","026001","","","","","N","","","","","","N","","A-00976060","","","","","","1","","11"
"2017047857","03","0","1119 STRONG AVE","","ELKHART","IN","46514","RAYMOND E BUJACK","5749037200","080000","","","","","N","","","","","","N","","","","","","","","3","00600382","04"
"2017099757","02","3","2 PENN CTR W","STE 328","PITTSBURGH","PA","15276","STEAKHOUSE DIRECT LLC","9999999999","014000","","","","","N","","","","","","N","","","","","","","","2","99999999","03"
"2017073393","03","1","5200 STICKNEY AVE","","TOLEDO","OH","43612","ECO INDUSTRIES LLC","6623166507","","","","","","N","","","","","","N","","","","","","","","2","00317494","06"
"2017073314","02","3","1011 FOGGY HOLLOW RD","","GIBSONIA","PA","15044","MMC LAND MANAGEMENT","7244443033","016500","","","","","N","","","","","","N","","","","","","","","1","02202512","00"
"2017021036","01","8","2235 BEAVER AVE","","PITTSBURGH","PA","15233","PORT AUTHORITY","4124422000","018500","","","","","N","","","","","","N","","A-00976060","","","","","","2","","11"
"2017069348","02","1","2588  ELM RD","","WARREN","OH","44483","AVI FOOD SYSTEM","0000000000","026000","","","","","N","","","","","","N","","","","","","","","1","00320805","03"
"2017069348","02","1","15303  S.R 322","","CLARION","PA","16214","M & B SERVICES","0000000000","027000","","","","","N","","","","","","","","","","","","","","2","","03"
"2017115714","05","1","7301 WILLOW SPRINGS RD","","COUNTRYSIDE","IL","60525","EMKO INC","9546097732","080000","","","","","N","","","","","","N","","","","","","","","2","02539469","08"
"2017053418","03","7","750 WEST 5TH AVE.","","MCKEESPORT","PA","15132","CASTURO IRON &METAL","4126721407","","","","","","N","","","","","","N","","","","","","","","2","00562386","04"
"2017004158","02","3","927 ROUTE 910","SUITE 200","CHESWICK","PA","15024","CPS CONSTRUCTION GROUP","4128242900","010000","","","","","N","","","","","","N","","","","","","","","1","00000001","99"
"2017108325","02","3","601 TALLMADGE RD","","KENT","OH","44240","CARTER LUMBER TRANSPORT","7242221150","025950","","","","","N","","","","","","N","","","","","","","","2","02546417","09"
"2017063165","03","3","109 DARK HOLLOW RD","","OAKMONT","PA","15139","TDF SERVICES INC","0000000000","080000","","","","","N","","","","","","N","","A-00945123","","","","","","2","00094512","06"
"2017006021","05","1","28 W. FERN CT UNIT#2","","PALATINE","IL","60067","LUCKY EXPRESS","2246225075","080000","","","","","N","","","","","","N","","","","","","","","2","02441676","09"
"2017012227","01","0","14212 LINCOLN WAY","","N HUNTINGTON","PA","15642","PRO PINE PIPELINE INC","4128079003","","","","","","N","","","","","","N","","A-00899619","","","","","","2","02168575","02"
"2017119332","03","7","234 LANDFILL RD","","SCOTTDALE","PA","15683","GREENRIDGE WASTE SERVICES LLC","7248879400","073280","","","","","N","","","","","","N","","","","","","","","3","00960505","04"
"2017103753","05","1","1 RICH HILL ROAD","","CHESWICK","PA","15024","ECM TRANSPORT LLC","7243398800","080000","","","","","N","","","","","","N","","","","","","","","2","00317494","08"
"2017033162","01","8","512 NORTH BRADDOCK AVENUE","","PITTSBURGH","PA","15208","SD TRANSIT INC","4122421998","","","","","","N","","","","","","N","","","","","","","","1","02284192","11"
"2017004874","02","1","2212 RIDGE ROAD","","PITTSBURGH","PA","15332","KWIATKOWSKI PLUMBING","4122215404","009200","","","","","N","","","","","","N","","","","","","","","1","02727093","03"
"2017042071","02","8","2235 BEAVER AVE.","","PITTSBURGH","PA","15233","PORT AUTHORITY ALLEGHENY COUNTY","4124422000","","","","","","N","","","","","","N","","A-00976060","","","","","","1","","11"
"2017061092","02","8","2235 BEAVER AVENUE","","PITTSBURGH","PA","15233","PORT AUTHORITY OF ALLEGHENY COUN","4125665500","","","","","","N","","","","","","N","","A-00976060","","","","","","1","","11"
"2017061847","05","1","60 EAST MAIN STREET","","LEOLA","PA","17540","DTX INC","8005453278","060000","","","","","N","","","","","","N","","A-00108837","","","","","","2","00217295","03"
"2017096136","02","3","1 MELE PLACE","","BRADDOCK","PA","15104","MELE MELE AND SONS INC","9999999999","011400","","","","","N","","","","","","N","","","","","","","","2","99999999","03"
"2017032507","05","99","1543 HAINING ROAD","","VICKSBURG","MS","39183","FLCO TRUCKING COMPANY","6016360932","080000","","","","","N","","","","","","N","","","","","","","","1","01147353","06"
"2017104565","02","8","200 KINNEY ST","","CARNEGIE","PA","151061510","STA OF PENNSYLVANIA INC.","4122498370","","","","","","N","","","","","","N","","","","","","","","1","","11"
"2017068269","02","1","1728 US 30","","CLINTON","PA","15026","DIAMOND CARGO EXPRESS","4124436829","","","","","","N","","","","","","N","","","","","","","","1","01325605","03"
"2017022838","02","1","350 POPLAR ST","","PITTSBURGH","PA","15223","DISTRIBUTION LOGISTICS MGT","4124551011","025999","","","","","N","","","","","","N","","","","","","","","2","00694719","09"
"2017024938","02","3","184 SANDY CREEK RD","","VERONA","PA","15147","NADINE CORPORATION","4127955100","025500","","","","","N","","","","","","N","","","","","","","","1","01239371","03"
"2017022237","03","3","110 BEENO RD","","DARRAGH","PA","15625","FLEET EQUIPMENT INC","7244463378","060000","","","","","N","","","","","","N","","","","","","","","2","00505581","08"
"2017056415","02","1","UNKNOWN","UNKOWN","UNKNOWN","PA","15236","UNKNOWN","9999999999","099999","","","","","N","","","","","","U","","A-99999999","","","","","","1","99999999","03"
"2017066800","02","1","1600 WEST CARSON STREET","","PITTSBURGH","PA","15219","IRON MOUNTAIN INFORMATION SERVIC","8008994766","025950","","","","","N","","","","","","N","","","","","","","","1","00338113","03"
"2017100591","03","1","1243 THOMPSON AVE","","MCKEES ROCKS","PA","15136","YRC FREIGHT","4123313203","080000","","","","","N","","","","","","N","","","","","","","","2","00016130","08"
"2017081110","03","4","121 BRICKYARD RD","","MARS","PA","16046","VOGEL DISPOSAL SERVICES","7246251511","073280","","","","","N","","","","","","N","","","","","","","","2","72050085","05"
"2017090093","02","1","465 NEWGARDEN AVENUE","","SALEM","OH","44460","RK CAMPF CORP","2345751006","080000","","","","","N","","","","","","N","","A-99999999","","","","","","2","00604435","06"
"2017084109","03","99","12225 STEPHENS ROAD","","WARREN","MI","48089","GLS LEASCO INC","4056728750","055000","","","","","N","","","","","","N","","","","","","","","3","00661173","08"
"2017071377","02","1","1821 BEAVER AVE","","PITTSBURGH","PA","15233","UNITED PARCEL SERVICES","4126719209","","","","","","N","","","","","","N","","","","","","","","2","00021800","03"
"2017118047","02","1","173 THORNHILL RD","","WARRENDALE","PA","15086","PARAGON WHOLESALE FOODS","4124311087","","","","","","N","","","","","","N","","","","","","","","2","00435939","03"
"2017108508","02","1","3000 CORPORATE  GROVE D","","HUDSONVILLE","MI","49426","ALTL INC","2312456754","080000","","","","","N","","","","","","N","","","","","","","","1","00169025","08"
"2017111950","04","8","345 SIXTH AVE","","PITTSBURGH","PA","15222","PORT AUTHORITY OF ALLEGHENTY COU","4124422000","","","","","","N","","","","","","N","","A-00976060","","","","","","2","","11"
"2017096980","05","3","5625 OLD PORTER RD","","PORTAGE","IN","46368","FREIGHT MANAGEMENT LOGISTICS","2197624700","080000","","","","","N","","","","","","N","","","","","","","","1","01867458","06"
"2017090379","02","1","453 DUSS AVE","","AMBRIDGE","PA","15003","J&W SPECIALIST INC","4124957426","025999","","","","","N","","","","","","U","","","","","","","","1","02353637","03"
"2017112498","06","2","PO BOX 909","","ROYERSFORD","PA","19468","VENEZIA","6104955200","080000","","","","","N","","","","","","N","","","","","","","","3","01079966","09"
"2017051739","02","3","2227 DENLIN ST.","","PITTSBURGH","PA","15216","DAVE MCCAULEY","4125122757","","","","","","N","","","","","","N","","","","","","","","3","24597625","03"
"2017046880","02","8","200 HAHN RD.","","PITTSBURGH","PA","15209","FIRST STUDENT INC.","2129947100","012300","","","","","N","","","","","","N","","","","","","","","2","00354406","10"
"2017057660","02","8","2235 BEAVER AVE","","PITTSBURGH","PA","15233","PORT AUTHORTY OF ALLEGHENY CO","4125665214","","","","","","N","","","","","","N","","A-00976060","","","","","","1","","11"
"2017105829","02","1","5000 ANDREWS DR","","PITTSBURGH","PA","15221","CLISTA ELECTRIC","4122432430","014500","","","","","N","","","","","","N","","","","","","","","2","99999999","03"
"2017038474","05","99","1249 HAMMONDVILLE","","POMPANO BEACH","FL","33069","CATSKILL EXPRESS","9547845151","080000","","","","","N","","","","","","N","","","","","","","","1","01025663","06"
"2017098812","02","7","4859 PA-51","","BELLE VERNON","PA","15012","BIG'S SANITATION","4125194501","073280","","","","","N","","","","","","N","","","","","","","","1","02099338","03"
"2017047737","01","1","5677 PENNSYLVANIA AVE","","APALACHIN","NY","13732","GLOBAL SERVICES","4126890583","","","","","","N","","","","","","N","","000","","","","","","5","00000000","09"
"2017125558","99","1","UNKNOWN","","UNKNOWN","ZZ","99999","UNKNOWN","9999999999","","","","","","","","","","","","","","","","","","","","1","","03"
"2017026418","03","4","51 FOX CHAPEL ROAD","","PITTSBURGH","PA","15238","PA DEPARTMENT OF TRANSPORTATION","4123220500","058400","","","","","N","","","","","","N","","","","","","","","1","","04"
"2017016836","02","8","345 6TH AVENUE","","PITTSBURGH","PA","15122","PORT AUTHORITY OF ALLEGHENY COUN","4124422000","","","","","","N","","","","","","N","","A-00976060","","","","","","1","","11"
"2017018886","03","1","400 MAIN STREET","","BELLE VERNON","PA","15012","PITTSBURGH - MON-FAYETTE EXPRESS","7249292220","000000","","","","","N","","","","","","N","","A-00100948","","","","","","2","00008836","06"
"2017063975","05","1","1256 HIGHLAND AVE","","SUNBURY","PA","17801","SHAWN ARTHUR WERTMAN","5708986236","080000","","","","","N","","","","","","U","","A-8910204","","","","","","1","01866535","08"
"2017098857","03","5","409 SAXONBURG BLVD","","SAXONBURG","PA","16056","THROWER TRUCKING","7243529421","073280","","","","","N","","","","","","N","","A-00095865","","","","","","2","02185759","04"
"2017084760","04","0","87 FOX RUN RD.","","YORK","PA","17403","CURT RESSER","7176541547","","","","","","N","","","","","","N","","A-99999999","","","","","","1","","00"
"2017026238","02","0","714 EKASTOWN ROAD","","SARVER","PA","160551605","ABC TRANSIT","1111111111","","","","","","N","","","","","","N","","A-6416227","","","","","","1","","00"
"2017032577","03","8","200","HAHN RD","PITTSBURGH","PA","15209","FIRST STUDENT","4126589522","360000","","","","","N","","","","","","N","","","","","","","","2","","11"
"2017030513","02","1","530 MELWOOD","","PITTSBURGH","PA","15213","UNIVERSITY OF PITTSBURGH","8145320200","011500","","","","","N","","","","","","N","","A-9999999","","","","","","2","00000001","03"
"2017072288","02","1","121 TRI COUNTY DRIVE BLDG. #5","","FREEDOM","PA","150420000","GEORGE MOVING & STORAGE","7243713100","045000","","","","","N","","","","","","N","","","","","","","","2","00880213","03"
"2017051478","02","8","2235 BEAVER AVE","","PITTSBURGH","PA","15233","PORT AUTHORITY OF ALLEGHENY CNTY","4124222000","","","","","","N","","","","","","N","","A-00976060","","","","","","2","","11"
"2017092975","03","99","1212 TIMBER GLEN CT","","LILBURN","GA","30047-3226","FALCON EXPRESS LLC","4045105765","","","","","","N","","","","","","N","","","","","","","","2","02727127","08"
"2017131697","02","7","100 GLOBAL VIEW DR #100","","WARRENDALE","PA","15086","LONGVIEW / PENN WASTE SYSTEMS","4127711000","999999","","","","","N","","","","","","N","","","","","","","","5","01469297","09"
"2017024955","05","1","PO BOX 65","","CIRCLEVILLE","WV","26804","HINKLE TRUCKING INC","3048515082","080000","","","","","N","","","","","","N","","","","","","","","2","00085216","08"
"2017108095","03","1","3495 SANGAMON AVE","","SPRINFIELD","IL","62707","COCA-COLA REFRESHMENTS USA","2175448144","054000","","","","","N","","","","","","N","","","","","","","","5","03000937","04"
"2017116268","99","0","61 LINTEL DRIVE","","CANONSBURG","PA","15317","DBA STEEL CITY POURED WALLS","4129161621","014800","","","","","N","","","","","","N","","","","","","","","1","00999999","09"
"2017116268","04","99","1164 N WHEELER DRIVE","","PITTSBURGH","PA","15208","BRETT J KANE","4127155686","021000","","","","","N","","","","","","N","","","","","","","","2","00999999","98"
"2017129393","02","1","E PITTSBURGH MCKEESPORT BLVD","","NORTH VERSAILLES","PA","15137","SHRED-IT USA LLC","4127127930","026000","","","","","","","","","","","N","","","","","","","","2","01153892","03"
"2017095832","02","2","17TH ARSENAL BLVD","","HARRISBURG","PA","17120","PENNDOT EQUIP","4122929318","055000","","","","","N","","","","","","N","","","","","","","","2","","03"
"2017017809","05","3","4428 EAST SD HIGHWAY 50","","VERMILLION","SD","57069","RON SCHOELLERMAN TRUCKING INC","6056702324","018136","","","","","N","","","","","","N","","","","","","","","2","00273791","06"
"2017031676","02","0","5001 US HWY 30 WEST","","FORT WAYNE","IN","46818","CRST","3309795324","026000","","","","","N","","","","","","N","","","","","","","","2","00098137","07"
"2017043141","05","3","838 PONDEROSA DRIVE","","IMPERIAL","PA","15126","PDL TRANSPORTATION LLC","7244221216","073280","","","","","N","","","","","","N","","","","","","","","2","","08"
"2017035980","01","8","200 HAHN ROAD","","PITTSBURGH","PA","15209","FIRST STUDENT INC","4124318747","000000","","","","","N","","","","","","N","","","","","","","","1","00354406","10"
"2017085384","02","0","9099 17TH STREET","","HARRISBURG","PA","17120","PENNDOT","9999999999","","","","","","N","","","","","","N","","A-99999999","","","","","","5","99999999","09"
"2017116667","02","1","400 NW 56TH STREET","","LOINCOLN","NE","68528","CRETE CARRIER CORP/SHAFFER TRUCK","8009989007","080000","","","","","N","","","","","","N","","","","","","","","1","00073705","06"
"2017051870","03","4","300 BILMAR DRIVE SUITE","","PITTSBURGH","PA","15205","LANE CONSTRUCTION","4128753370","073280","","","","","N","","","","","","N","","","","","","","","2","00027913","00"
"2017024084","03","1","219 HWY  45 WEST","","HUMNOLDT","TN","38343","MAX TRANS LLC","8005397193","080000","","","","","N","","","","","","N","","","","","","","","1","","08"
"2017023213","99","99","UNKNOWN","","UNKNOWN","PA","55555","UNKNOWN","8005551212","","","","","","","","","","","","N","","","","","","","","2","","99"
"2017073385","02","3","8750 W. BRYN MAWR","SUITE#400","CHICAGO","IL","60630","ROADSAFE TRAFFIC SYSTEM INC","7737243321","012500","","","","","N","","","","","","N","","","","","","","","1","00717663","03"
"2017064313","03","3","168 SAINT IVES WAY","","ZELIENOPLE","PA","16063","ATLAS SIGN AND LIGHTING LLC","7249352171","043660","","","","","N","","","","","","N","","","","","","","","1","02177164","04"
"2017004798","05","1","HWY 271","","POTEAU","OK","74935","WALMART","8888546645","080000","","","","","N","","","","","","N","","","","","","","","2","00264184","08"
"2017039662","03","1","1200 ARCH STREET","","CARNEGIE","PA","15106","WALKER SUPPLY INC","8007925537","048000","","","","","N","","","","","","N","","","","","","","","2","02595901","04"
"2017133582","05","1","3272 CREEK RUN DRIVE","","COLUMBUS","OH","43231","ONE CALL CARRIER LLC","6144462656","080000","","","","","N","","","","","","N","","","","","","","","1","02588146","08"
"2017133582","05","1","11124 EAST MARSHALL","","TULSA","OK","74116","FL TRANSPORTATION INC","9723347000","080000","","","","","N","","","","","","N","","","","","","","","2","01421875","08"
"2017024809","05","3","UNKNOWN","","UNKNOWN","ZZ","99999","UNKOWN","9999999999","080000","","","","","N","","","","","","N","","","","","","","","1","99999999","08"
"2017095258","04","1","625 S. 5TH AVE.","","LEBANON","PA","17042","NEW PENN MOTOR EXPRESS LLC","8002855000","073280","","","","","N","","","","","","N","","","","","","","","2","00010670","06"
"2017084677","99","1","UNKNOWN","","UNKNOWN","ZZ","99999","UNKNOWN","9999999999","999999","","","","","N","","","","","","N","","","","","","","","1","99999999","06"
"2017107448","99","99","UNKNOWN","","UNKNOWN","ZZ","99999","UNKNOWN","9999999999","","","","","","","","","","","","","","999999","","","","","","2","00099999","99"
"2017102112","02","4","1190 MARGARET ST","","MCKEES ROCKS","PA","15136","SCHNEIDER TRUCKS INC","4127712288","058400","","","","","N","","","","","","N","","","","","","","","3","02084946","09"
"2017112509","05","1","765 E. 140TH ST.","","CLEVELAND","OH","44110","AMX","2162683005","070000","","","","","N","","","","","","N","","","","","","","","1","01598342","06"
"2017078632","99","99","UNKNOWN","","UNKNOWN","ZZ","99999","BRIAN HARPER","9999999999","999999","","","","","N","","","","","","N","","","","","","","","1","","99"
"2017018785","03","1","4000 CLINE AVENUE","","EAST CHICAGO","IN","46312","PENSKE TRUCK LEASING CO L P","9999999999","080000","","","","","N","","","","","","N","","","","","","","","3","00317494","08"
"2017069889","03","8","2235 BEAVER AVENUE","","PITTSBURGH","PA","15233","PORT AUTHORITY OF ALLEGHENY COUN","4125565500","025000","","","","","N","","","","","","N","","A-00976060","","","","","","1","","11"
"2017064028","02","1","140 WEST 4TH AVE","","TARENTUM","PA","15084","WELESKI TRANSFER INC","7242243330","025000","","","","","N","","","","","","N","","","","","","","","2","09999999","08"
"2017094286","02","1","4485 CAMPBELLS RUN RD","","PITTSBURGH","PA","15205","ENTERPRISE","4122490063","025999","","","","","N","","","","","","N","","","","","","","","1","02818250","03"
"2017045727","02","0","17 NEWETT ST","","PITTSBURGH","PA","15210","TIMOTHY STEVEN SINGER","4122923019","","","","","","N","","","","","","N","","","","","","","","1","99999999","09"
"2017065977","02","3","3230 OLD STATE RD","","VENUS","PA","16364","JOSEPH","8143198591","","","","","","N","","","","","","N","","","","","","","","3","99999999","03"
"2017027855","02","1","523 BINGHAM ST","","PITTSBURGH","PA","15203","APPLIANCE WAREHOUSE","4123818800","999999","","","","","N","","","","","","N","","A-00116468","","","","","","1","00588938","03"
"2017117125","04","2","975 POTTS RD","","HOME","PA","15747","PENN MECHANICAL GROUP INC","7243979066","073280","","","","","N","","","","","","N","","A-8911538","","","","","","2","01951154","04"
"2017136991","06","3","12755 EAST NINE MILE ROAD","","WARREN","MI","48089","UNIVERSAL TRUCKLOAD INC","5869200100","080000","","","","","N","","","","","","","","","","","","","","1","00041208","06"
"2017040957","03","2","3100 EAST CARSON ST","","PGH","PA","15203","FUHRER WHOLE SALE","7249615103","","","","","","N","","","","","","N","","","","","","","","6","00000000","08"
"2017092554","02","1","2036 E. WILLIAMS ROAD","","COLUMBUS","OH","43207","US CARGO & COURIER SERVICES LLC","4124580071","","","","","","N","","","","","","N","","A-11135000","","","","","","1","02198987","03"
"2017013110","02","8","1000 CHURCHILL ROAD","","VENETIA","PA","15367","FIRST STUDENT","4128313113","000000","","","","","N","","","","","","N","","","","","","","","3","00354406","10"
"2017112004","04","8","345 SIXTH AVE","","PITTSBURGH","PA","15222","ALLEGHENY COUNTY PORT AUTHORITY","4124422000","","","","","","N","","","","","","N","","A-00976060","","","","","","1","","11"
"2017045313","02","4","UNKNOWN","","UNKNOWN","ZZ","99999","UNKNOWN","9999999999","","","","","","N","","","","","","N","","","","","","","","2","99999999","05"
"2017084103","04","99","129 MARTEN STREET","","MONDOVI","WI","54755","MARTEN TRANSPORT LTD","7172186976","018000","","","","","N","","","","","","N","","","","","","","","1","00074432","08"
"2017093451","02","1","140 BROWNSVILLE RD","","PITTSBURGH","PA","15210","UNITED STATES POSTAL SERVICE","8002758777","","","","","","N","","","","","","N","","","","","","","","2","99999999","03"
"2018006720","04","0","RT 837","P.O. BOX 505","W. ELIZABETH","PA","15088","ALL CRANE RENTAL OF PITTSBURGH","4123824200","036000","","","","","N","","","","","","N","","","","","","","","2","00797466","98"
"2017034475","02","8","2235 BEAVER AVE","","PITTSBURGH","PA","15233","PORT AUTHORITY OF ALLEGHENY CO","4124422000","","","","","","N","","","","","","N","","A-00976060","","","","","","2","","11"
"2017044864","05","1","1207 PARKWIEW DRIVE","","ROBINSON","PA","15949","RELAY EXPRESS","5138602555","080000","","","","","N","","","","","","N","","","","","","","","1","00282155","08"
"2017021997","08","99","CURRIE RD","","PORTERSVILLE","PA","16051","MCCLYMONDS","7243688040","080000","","","","","N","","","","","","N","","","","","","","","1","00269478","08"
"2017087878","99","2","12475 RT 119 HWY NORTH","","ROCHESTER MLS","PA","15771","SATTERLEE TRUCKING","7243972400","073280","","","","","N","","","","","","N","","","","","","","","2","00393091","98"
"2017095519","02","1","5604 BAUM BLVD","","PITTSBURGH","PA","15206","AHRCO","4126876200","009999","","","","","N","","","","","","N","","","","","","","","2","00009999","99"
"2017032058","03","99","7135 CENTENNIAL PL","","NASHVILLE","TN","37209","WESTERN EXPRESS INC","9999999999","","","","","","N","","","","","","N","","","","","","","","2","00511412","08"
"2017057538","03","3","1421 COVENTRY CT.","","JOHNSTOWN","PA","15905","JOHN P. MUCHESKO","7246765086","080000","","","","","N","","","","","","N","","","","","","","","4","00163516","04"
"2017072049","03","1","1436 WARD TRUCKING DRIVE","","ALTOONA","PA","16602","WARD TRUCKING LLC","8004583625","073280","","","","","N","","","","","","N","","A-00068795","","","","","","2","00084850","06"
"2017100956","02","3","1801 MORNINGSIDE AV","","PITTSBURGH","PA","15206","MORNINGSIDE AUTOMOTIVE","4122926004","025950","","","","","N","","","","","","N","","","","","","","","2","22622071","03"
"2017093959","02","4","100 SKY LANE, PO BOX 66,","","RUSSELLTON","PA","15076","JOESPH B FAY CO","7242654600","025950","","","","","N","","","","","","N","","","","","","","","1","00085062","03"
"2017057192","03","1","650 FRANKLIN AVE","","ALIQUIPPA","PA","15001","TRI STATE LOUDSPEAKER LLC.","4122152410","026000","","","","","N","","","","","","N","","","","","","","","1","01644419","04"
"2017016974","02","3","400 POPLAR STREET","","PGH","PA","15223","OVERHEAD DOOR CO OF GRTR PGH","4127814000","010000","","","","","N","","","","","","N","","","","","","","","3","01821477","03"
"2017038448","02","8","2235 BEAVER AVE","","PITTSBURGH","PA","15233","PORT AUTHORITY","4124422000","","","","","","N","","","","","","N","","A-00976060","","","","","","3","","11"
"2017125190","02","3","1440 RIDGE AVENUE","","BRADDOCK","PA","15104","K AND K ROADSIDE SERVICE LLC","4127210065","019500","","","","","N","","","","","","N","","","","","","","","2","02608521","03"
"2017136784","05","1","1133 RANKIN ST STE 100","","ST. PAUL","MN","55116","FIRST FLEET MSTR TITLING","4126388759","080000","","","","","N","","","","","","N","","","","","","","","1","00692947","03"
"2017012421","03","3","PO BOX 16050","","MISSOULA","MT","59808","SAMMONS TRANSPORTATION INC","8005489276","080000","","","","","N","","","","","","N","","","","","","","","2","00030161","08"
"2017027629","02","1","301 BRUSHTON AVE","","PITTSBURGH","PA","15221","M. MALLINGER CO","4122424555","019500","","","","","N","","","","","","N","","A-00222333","","","","","","2","02772193","03"
"2017132242","05","3","5757 CLAY AVE","","GRAND RAPIDS","MI","49548","MAGIC TRANSPORTATION","6162950858","080000","","","","","N","","","","","","N","","","","","","","","1","00318455","08"
"2017053569","02","8","200 KINNEY ST","","CARNEGIE","PA","15106","STA OF PENNSYLVANIA","4122498370","","","","","","N","","","","","","N","","","","","","","","1","","11"
"2017009472","02","8","2233 BEAVER AVE","","PITTSBURGH","PA","15233","PORT AUTHORITY","4122551385","","","","","","N","","","","","","N","","A-00976060","","","","","","2","","11"
"2017125299","05","0","2611 NORTH LINCOLN AVE","","URBANA","IL","61801","SUPERVALUE TRANSPORTATION INC","7249256600","080000","","","","","N","","","","","","N","","","","","","","","2","00467296","08"
"2017088582","02","1","119 JOHNSTON AVENUE","","PITTSBURGH","PA","15207","CONSTANTINI TRUCKING INC","4123044840","026000","","","","","N","","","","","","N","","","","","","","","1","02898095","03"
"2017088582","05","2","3711 LEHARPS ROAD","","YOUNGSTOWN","OH","44515","LYDEN OIL CO","3307921100","080000","","","","","N","","","","","","N","","","","","","","","4","00825464","08"
"2017005696","05","2","PO BOX 17880","","N LITTLE ROCK","AR","72117","OAKLEY TRUCKING, INC","8006620875","080000","","","","","N","","","","","","N","","","","","","","","2","00003259","08"
"2017121328","03","4","152 MCCARRELL ROAD","","HICKORY","PA","15340","ALEXANDER TRUCK SERVICE LLC","4127286114","","","","","","N","","","","","","N","","","","","","","","2","02098267","04"
"2017078257","03","7","107 SILVIA ST","","EWING","NJ","08628","WASTE MANAGEMENT OF PA","7242662604","","","","","","N","","","","","","N","","","","","","","","2","00344050","04"
"2017024943","99","1","38046 MEDVILLE DR.,","","STERLING HEIGHTS","ME","48312","RJGS LLC","5862001511","080000","","","","","N","","","","","","N","","","","","","","","1","02464105","08"
"2017083276","02","3","1030 MANGUM RD","","LIVINGSTON","TX","77351","EPPOLITO, PETER","9313379154","080000","","","","","N","","","","","","N","","","","","","","","2","00537925","08"
"2018013905","02","8","200 KENDALL STREET","","CORAOPOLIS","PA","15108","STA","4122699970","","","","","","N","","","","","","N","","","","","","","","1","","11"
"2017097011","02","1","PO BOX 21508","","PHOENIX","AZ","21502","U-HAUL CO OF ARIZONA","9999999999","999999","","","","","N","","","","","","N","","","","","","","","1","00428517","03"
"2017014856","01","0","1825 LIVERPOOL ST.","","PITTSBURGH","PA","15233","YELLOW CAB","4123218100","999999","","","","","N","","","","","","N","","","","","","","","3","99999999","01"
"2017099155","02","7","CITY OF PITTSBURGH","","PITTSBURGH","PA","15219","CITY OF PITTSBURGH","4122553479","","","","","","N","","","","","","U","","","","","","","","1","","98"
"2017055091","02","8","2235 BEAVER AVE","","PITTSBURGH","PA","15233","PORT AUTHORITY OF ALLEGHENY COUN","4122551385","026000","","","","","N","","","","","","N","","A-00976060","","","","","","1","","11"
"2017104948","02","8","2235 BEAVER AVE","","PITTSBURGH","PA","15233","PORT AUTHORITY OF ALLEGHENY","4125665214","","","","","","N","","","","","","N","","A-00976060","","","","","","1","","11"
"2017078611","02","0","PO BOX 3049","","LEXINGTON","OH","44904","MID OHIO PIPELINE SERVICES","4198843772","022000","","","","","N","","","","","","U","","","","","","","","1","00484948","09"
"2017105677","02","1","48-85 MASPETH AVE","","MASPETH","NY","11378","MAYA OVERSEAS FOODS INC","6468042569","","","","","","N","","","","","","N","","","","","","","","2","00427332","03"
"2017069239","04","99","5239 ASHLAND CITY HWY","","NASHVILLE","TN","372180000","STAR EXPRESS","6158127644","080000","","","","","N","","","","","","N","","","","","","","","1","02934019","08"
"2017087235","03","8","2235 BEAVER AVENUE","","PITTSBURGH","PA","15233","PORT AUTHORITY OF ALLEGHENY CO","4124422000","040000","","","","","N","","","","","","N","","A-00976060","","","","","","1","","11"
"2017092579","02","3","3447 EAST CARSON STREET","","PITTSBURGH","PA","15203","MATCON DIAMOND INC","4124810280","010100","","","","","N","","","","","","N","","","","","","","","1","01924791","00"
"2017040886","03","8","125 LENZNER CT","","SEWICKLEY","PA","15143","LENZNER BUS SERVICES","9999999999","059000","","","","","N","","","","","","N","","A-99999999","","","","","","1","00009999","11"
"2017072666","02","3","299 RIDGE RD","","VALENCIA","PA","16059","TECHNOLOGY 4 U DBA BIG JOE'S TOW","7243163338","019500","","","","","N","","","","","","N","","","","","","","","2","02182247","03"
"2017007591","02","1","1150 2ND AVE","","NEW  KENSINGTON","PA","15068","UNIFIRST CORP","7244484352","","","","","","N","","","","","","N","","","","","","","","2","00063904","03"
"2017066875","02","4","1019 FOGGY HOLLOW RD","","GIBSONIA","PA","15044","BLUE FOX LANDSCAPING","7244445700","","","","","","N","","","","","","N","","","","","","","","1","02481880","03"
"2017078611","02","4","971 BRIARSDALE RD #648","","HARRISBURG","PA","17109","MOTOR CARRIER RESPONSIBLE FOR SA","0000000000","054000","","","","","N","","","","","","U","","","","","","","","2","99999999","04"
"2017036202","06","1","4555 HOLLINS FERRY RD","","BALTIMORE","MD","21227","COWAN SYSTEMS","8008826926","080000","","","","","N","","","","","","N","","","","","","","","2","00054880","08"
"2017008388","02","6","11670 STATE ROUTE 85","","KITTANNING","PA","16201","AIRE RIDE","7245488536","002000","","","","","N","","","","","","N","","A-00109425","","","","","","2","","00"
"2017085751","02","1","140 FERRY S.","","LEETSDALE","PA","15056","BIMBO BAKERIES","4124433499","019500","","","","","N","","","","","","N","","","","","","","","2","00665969","03"
"2017034968","02","99","2590 ELM ROAD","","WARREN","OH","44483","AVI FOOD SYSTEM","7249252920","","","","","","N","","","","","","N","","A-99999999","","","","","","2","00999999","05"
"2017058903","02","99","221 CURRY HOLLOW RD","","PITTSBURGH","PA","15236","HADDADS INC","4126552222","019500","","","","","N","","","","","","N","","","","","","","","2","00369163","05"
"2017106198","03","2","520 PERKINS JONES RD NE","","WARREN","OH","44483","PROP LOGISTICS LLC","2342234335","","3","","","","Y","1","","","","","N","","","","","","","","2","02250918","08"
"2017001653","01","8","13413 STATE ROUTE 422","","KITTANING","PA","16201","PATCO TRANSIT","4125253610","","","","","","N","","","","","","N","","","","","","","","2","00281003","11"
"2017035089","02","8","415 REBECCA ST","","MCKEESPORT","PA","15132","PENNSYLVANIA COACH LINES INC","4126724020","","","","","","N","","","","","","N","","","","","","","","2","","11"
"2017128839","05","3","PO BOX 387","","WEST POINT","MS","39773","ROYAL TRUCKING","8003211293","080000","","","","","N","","","","","","N","","","","","","","","2","00063669","09"
"2017047218","02","8","2235 BEAVER AVE","","PITTSBURGH","PA","15233","PORT AUTHORITY ALLEGHENY COUNTY","4124422000","066780","","","","","N","","","","","","N","","A-00976060","","","","","","2","","11"
"2017027274","05","1","300 BRUSH CREEK ROAD","","WARRENDALE","PA","15086","UNITED STATES POSTAL SERVICE","7247766217","999999","","","","","N","","","","","","N","","","","","","","","2","00999999","06"
"2017138263","03","7","121 BRICKYARD RD","","MARS","PA","16046","VOGAL DISPOSALS","7246251511","064000","","","","","N","","","","","","N","","","","","","","","1","00290052","09"
"2017066851","02","1","1150 2ND AVE","","NEW KENSINGTON","PA","15068","UNIFIRST CORP","7243391889","","","","","","N","","","","","","N","","","","","","","","1","00063904","03"
"2017008590","02","4","313 MARSHALL DR","","PENN HILLS","PA","15235","TOM PIROLLO LANDSCAPING","9999999999","19,500","","","","","N","","","","","","U","","9999999","","","","","","1","09999999","99"
"2017028123","03","8","2235 BEAVER AVE","","PITTSBURGH","PA","15233","PORT AUTHORITY OF ALLEGHENY CNTY","4124222000","026000","","","","","N","","","","","","N","","A-00976060","","","","","","2","","11"
"2017102282","06","6","438 E 2ND STREET","","ELDON","MO","65026","SBS AUTO TRANSPORT","5733921001","073000","","","","","N","","","","","","N","","","","","","","","1","02568902","08"
"2017012643","04","0","6255 HICKORY RIDGE","","YPSILANTI","MI","481979489","STALLION LOGISTICS","3134180871","080000","","","","","N","","","","","","N","","","","","","","","1","02367945","06"
"2017072966","02","4","3392 WEBSTER AVENUE","","PITTSBURGH","PA","15219","GARDEN ART OF PITTSBURGH","4126897841","024500","","","","","N","","","","","","N","","","","","","","","1","00099999","99"
"2017033963","02","8","600 VINE ST, STE 1400","","CINCINNATI","OH","45202","FIRST STUDENT","4127939600","","","","","","N","","","","","","N","","","","","","","","2","00354406","10"
"2017029344","02","8","714 EKASTWON ROAD","","SARVER","PA","16055","ABC TRANSIT","7248167068","","","","","","N","","","","","","N","","","","","","","","1","00000000","11"
"2017112776","03","99","316 GRANT AVENUE","","DUQUESNE","PA","15110","KCA DEMOLITION INC","4124668866","054000","","","","","N","","","","","","N","","","","","","","","2","02726119","09"
"2017062235","03","99","20886 ROUTE 19","","CRANBERRY TOWNSHIP","PA","16066","D & M EXPRESS INC","7244528631","080000","","","","","N","","","","","","N","","","","","","","","1","00085156","08"
"2017069412","02","1","1018 WOODBINE ST","","PITTSBURGH","PA","15201","ERIC LOVELACE","4124820429","","","","","","N","","","","","","N","","","","","","","","1","","03"
"2017119987","02","8","200 HAHN RD","","PITTSBURGH","PA","15209","FIRST STUDENT","4128210300","","","","","","N","","","","","","N","","","","","","","","2","","11"
"2017121104","74","8","345 SIXTH AVE","","PITTSBURGH","PA","15222","ALLEGHENY COUNTY PORT AUTHORITY","4124422000","","","","","","N","","","","","","N","","A-00976060","","","","","","2","","11"
"2017012106","06","1","370 DAVIDS DR","","WILMINGTON","OH","45177","SEWELL MOTOR EXPRESS","9373823847","080000","","","","","N","","","","","","N","","","","","","","","1","00258149","08"
"2017030087","02","0","8541 PETERS RD","","CRANBERRY","PA","16066","CRANBERRY TAXI","4124818387","","","","","","N","","","","","","N","","A-00119935","","","","","","1","","00"
"2017015876","99","99","043 ARENTZEN BLVD SPEER","","CHARLEROI","PA","15022","CONTRACT FREIGHT MGMT LLC","4126531323","028000","","","","","N","","","","","","N","","","","","","","","1","01800704","06"
"2017108802","02","1","300 CENTRE POINTE DRIVE","","VIRGINIA BEACH","VA","23462","SUNTRUST EQUIPMENT FINANCE","4122493071","008600","","","","","N","","","","","","N","","","","","","","","2","01092543","03"
"2017103934","06","1","4366 MT. PLEASANT ST.","","N CANTON","OH","44720","ADVANTAGE TANK LINES","4122870042","080000","3","","","","Y","1","","","","","Y","","","","","","","","1","00469756","08"
"2017080848","99","0","210 COMMERCE PARK DR","","CRANBERRY","PA","16066","RED BULL DISTRIBUTION COMPANY","9999999999","000000","","","","","N","","","","","","U","","","","","","","","1","","00"
"2017089123","05","1","908 BROADWAY ST EXT.","","MASURY","OH","44438","P I AND I MOTOR EXPRESS INC.","8003212733","080000","","","","","N","","","","","","N","","","","","","","","2","00122443","06"
"2017008961","04","2","1001 CALIFORNIA AVE","","PITTSBURGH","ZG","15290","USPS","4124883239","","","","","","N","","","","","","N","","","","","","","","2","","08"
"2017095064","05","99","14507 FRONTIER RD.","","OMAHA","NE","68138","WERNER ENTERPRISES INC","8002282240","","","","","","N","","","","","","N","","","","","","","","1","00053467","99"
"2017114739","02","99","6779 CARLISLE PIKE","","MECHANICSBURG","PA","17050","GROFF TRACTOR & EQUIPMENT INC.","7177667671","019000","","","","","N","","","","","","N","","","","","","","","1","01334714","98"
"2017034430","02","1","7101 E SLAUSON AVE","","LOS ANGELES","CA","90040","JFC INTERNATIONAL INC","4438032405","","","","","","N","","","","","","N","","","","","","","","2","00370617","05"
"2017076509","02","4","4001 LEADENHILL RD.","","MT. LAUREL","NJ","08054","UNITED RENTALS","9999999999","999999","","","","","N","","","","","","N","","","","","","","","1","00899748","00"
"2017071331","02","1","3984 RT 711 N","","LIGONIER","PA","15601","NICELY TRUCKING INC","7242179267","033000","","","","","N","","","","","","N","","A-99999999","","","","","","2","02437269","03"
"2017074187","03","99","400 GRAHAM ST","","PITTSBURGH","PA","15136","PEPSI COMPANY","4123316675","008000","","","","","N","","","","","","N","","","","","","","","1","00692947","06"
"2017132819","02","3","4424 CRAIGHEAD ROAD","","ALLISON PARK","PA","15101","GREEN LANDSCAPING INC","2025211493","014000","","","","","","","","","","","N","","","","","","","","1","02564365","03"
"2017088204","02","8","1112 1ST AVE","","CLAIRTON","PA","15025","MATTHEWS BUS COMPANY","4123848810","","","","","","N","","","","","","N","","","","","","","","2","00099999","10"
"2017022711","02","1","44 SOUTH 9TH STREET","","PITTSBURGH","PA","15203","SALVATION ARMY","4124817902","","","","","","N","","","","","","N","","","","","","","","1","01534938","03"
"2017120225","03","8","2235 BEAVER AVE","","PITTSBURGH","PA","15233","PORT AUTHORITY OF ALLEGHENY CO.","4124422000","","","","","","N","","","","","","N","","A-00976060","","","","","","2","","11"
"2017066214","02","1","5000 ANDREWS","","PITTSBURGH","PA","15221","CLISTA ELECTRIC","4122432430","014500","","","","","N","","","","","","N","","","","","","","","2","99999999","03"
"2017096157","05","1","PO BOX 649","50 SOUTH MAIN STREET","BOUND BROOK","NJ","08805","HANDLE WITH CARE","7325630533","080000","","","","","N","","","","","","N","","","","","","","","1","00523508","08"
"2017034338","03","8","2235 BEAVER AVENUE","","PITTSBURGH","PA","15233","PORT AUTHORITY OF ALLEGHENY COUN","4125565500","","","","","","N","","","","","","N","","A-00976060","","","","","","2","","11"
"2017125535","02","1","798 EKASTOWN RD","","SARVER","PA","16055","WL ROENIGK","7244435355","009000","","","","","N","","","","","","N","","","","","","","","1","","98"
"2017064794","05","1","310 N ZARFOSS DRIVE","","YORK","PA","17404","A AND S SERVICE GROUP LLC","7177923632","080000","","","","","N","","","","","","N","","","","","","","","1","01880751","08"
"2017076812","04","8","345 SIXTH AVE","","PITTSBURGH","PA","15222","ALLEGHENY COUNTY PORT AUTHORITY","4124422000","","","","","","N","","","","","","N","","A-00976060","","","","","","2","","11"
"2017013712","02","3","170 FREEPORT RD #1","","PITTSBURGH","PA","15238","HI-TECH AUTO CARE","4126288617","018500","","","","","N","","","","","","N","","","","","","","","1","02450058","03"
"2017032810","99","1","611 E PITTSBURGH MCKEES","","NORTH VERSAILLES","PA","15137","SHRED IT","8006974733","","","","","","N","","","","","","N","","","","","","","","1","01153892","03"
"2017054952","02","1","971 BRIARSDALE RD","","HARRISBURG","PA","17109","RYDER TRUCK RENTAL","4122235928","033000","","","","","N","","","","","","N","","","","","","","","1","00042736","03"
"2017117173","02","99","2954 NEVILLE RD","","PITTSBURGH","PA","15225","CHOKA CORPORATION","4123223000","033000","","","","","N","","","","","","N","","","","","","","","1","00005373","05"
"2017102073","05","1","770 N CHURCH ROAD","SUITE 1F","ELMHURST","IL","60126","SMITH TRANSPORT INC.","8008771173","080000","","","","","N","","","","","","N","","A-00107830","","","","","","1","00246204","08"
"2017117609","02","8","345 SIXTH AVENUE FLOOR 3","","PITTSBURGH","PA","15222","PORT AUTHORITY OF ALLEGHENY COUN","4125665500","050000","","","","","N","","","","","","N","","A-00976060","","","","","","1","","11"
"2017089709","02","1","MORGANTOWN ROAD","","READING","PA","19607","PENSKE LEASING CO LP","4125362027","014500","","","","","N","","","","","","N","","","","","","","","1","00006577","03"
"2017003869","05","1","PAINTERSVILLE ROAD","","NEW STANTON","PA","15672","SUPERVALU TRANSPORTATION CORP","7249256600","080000","","","","","N","","","","","","N","","","","","","","","2","00467296","08"
"2017068980","04","4","2516 ST RT 18","","WAMPUM","PA","16157","YPI TRUCKING","7245353395","","","","","","N","","","","","","N","","A-8915697","","","","","","1","02395606","04"
"2017029762","02","8","2235 BEAVER AVE.","","PITTSBURGH","PA","15233","PORT AUTHORITY OF ALLEGHENY COUN","4124422000","","","","","","N","","","","","","N","","A-00976060","","","","","","2","","11"
"2017091622","02","4","4846 STREETS RUN ROAD","","PITTSBURGH","PA","15236","CHAPONS GREENHOUSES SUPPLY","4128811520","016500","","","","","N","","","","","","N","","","","","","","","1","99999999","99"
"2017124206","02","4","3401 FELICITY AVE","","ALLISON PARK","PA","15101","ALLISON PARK CONTRACTOR","7244097045","080000","","","","","N","","","","","","N","","","","","","","","2","01586241","03"
"2017023297","01","4","215 MCKEAN ST","","PITTSBURGH","PA","15219","ALLEGHENY COUNTY","4128494633","038000","","","","","N","","","","","","N","","A-99999999","","","","","","2","99999999","05"
"2017092138","03","3","11912CRYSTAL FALLS DRIV","","SMITHSBURG","MD","21783","HAROLD HESSONG","3019882431","080000","","","","","N","","","","","","N","","","","","","","","1","01503982","08"
"2017108254","02","7","149 NICHOL AVENUE","","MCKEES ROCKS","PA","15136","PENN WASTE SYSTEMS INC.","4125144945","073280","","","","","N","","","","","","N","","","","","","","","2","01469297","03"
"2018000165","02","1","5 ACORN DRIVE","","OAKWOOD VILLAGE","OH","44146","CW DELIVERY","3306871740","026000","","","","","N","","","","","","N","","133280-P","","","","","","2","00858753","05"
"2018000165","06","3","PO BOX 78189","","NASHVILLE","TN","37207","ALABAMA CARRIER","5013749300","080000","","","","","N","","","","","","N","","","","","","","","3","00733138","08"
"2017075659","03","99","14002 EAST 21ST ST","","TULSA","OK","74134","EAN HOLDINGS LLC","9184016000","","","","","","N","","","","","","N","","","","","","","","2","00000000","05"
"2017019490","03","3","1838 GINA DR","","WEST MIFFLIN","PA","15122","GARY STOJAKOVICH","4124148593","","","","","","N","","","","","","N","","A-00120019","","","","","","1","01148672","08"
"2017056935","03","4","208 TYLER DRIVE","","CRANBERRY","PA","16066","CERCONE TRUCKING","7247700471","080000","","","","","N","","","","","","N","","A-00999999","","","","","","2","01052970","04"
"2017059026","02","1","301 S CAMERON ST","","HARRISBURG","PA","17101","HERSHEY CREAMERY CO","7244708833","025950","","","","","N","","","","","","N","","","","","","","","1","00005810","03"
"2017022932","02","1","6929 N LAKEWOOD AVENUE","","TULSA","OK","74117","EAN HOLDINGS LLC","7242493422","","","","","","N","","","","","","N","","","","","","","","1","","03"
"2017035062","02","1","11690 NW 105 ST","","MIAMI","FL","331781103","RYDER TRUCK RENTAL","4129283250","026000","","","","","N","","","","","","N","","","","","","","","2","00149350","03"
"2017066032","02","8","2235 BEAVER AVENUE","","PITTSBURGH","PA","15233","PORT AUTHORITY OF ALLEGHENY COUN","4124222000","","","","","","","","","","","","N","","A-00976060","","","","","","1","","11"
"2017023094","04","7","310 LEGER RD","","NORTH HUNTINGDON","PA","15642","WASTE MANAGEMENT, INC.","7248646476","073280","","","","","N","","","","","","N","","","","","","","","1","00344050","04"
"2017101697","02","1","20 S SCOTLAND LANE","","NEW CASTLE","PA","16101","M D LANDSCAPING & LEONARD M DO","9999999999","011000","","","","","N","","","","","","N","","","","","","","","3","99999999","03"
"2017050049","02","3","4693 PEOPLES ROAD","","PITTSBURGH","PA","15237","MATT MERTZ PLUMBING","4123670815","000000","","","","","N","","","","","","","","","","","","","","2","02538237","05"
"2017104367","05","99","212 COUNTRY LANE","","WEST NEWTON","PA","15089","JA TRUCKING INC.","7245622034","080000","","","","","N","","","","","","N","","","","","","","","1","00267253","08"
"2017062762","05","99","2675 MORGANTOWN RD","","READING","PA","19607","PENSKE","2403134961","080000","","","","","N","","","","","","N","","","","","","","","2","02398483","08"
"2017128926","02","1","55 GLENLAKE PKY NE","","ATLANTA","GA","303283474","UPS","4048283676","016000","","","","","N","","","","","","N","","","","","","","","1","00021800","03"
"2017064147","04","8","345 SIXTH AVE","","PITTSBURGH","PA","15222","ALLEGHENY COUNTY PORT AUTHORITY","4124422000","","","","","","N","","","","","","N","","A-00976060","","","","","","2","","11"
"2017121552","05","1","6341B HIGHWAY 15","","BLUE MOUNTAIN","MS","38610","BIG M TRANSPORTATION","5635875566","080000","","","","","N","","","","","","N","","","","","","","","2","00911405","06"
"2017122234","02","7","73 WEST NOBLESTOWN ROAD","","CARNEGIE","PA","15106","REPUBLIC WASTE SERVICES","4124292600","","","","","","N","","","","","","U","","","","","","","","1","99999999","05"
"2017046022","02","0","100 BURSCA DR. SUITE 201","","BRIDGEVILLE","PA","15017","TERMINX","7249145650","","","","","","N","","","","","","N","","","","","","","","2","00110841","02"
"2017049299","02","1","4000 CLINE AVE","","CHIGAGO","IN","46312","PENSKE","4122645708","003300","","","","","N","","","","","","N","","","","","","","","2","00534817","09"
"2017018482","02","8","4780 LIBRARY ROAD","","BETHEL PARK","PA","15102","FIRST TRANSIT","4128334240","000000","","","","","N","","","","","","N","","","","","","","","2","01002211","10"
"2017093010","03","8","2235 BEAVER AVE.","","PITTSBURGH","PA","15233","PORT AUTHORITY OF ALLEGHENY CO","4124222000","","","","","","N","","","","","","N","","A-09976060","","","","","","2","","11"
"2018039031","99","99","2811 FOREST CLUB DR","","PLANT CITY","FL","33566","PLANT CITY TRANSPORTATION LLC","9999999999","999999","","","","","N","","","","","","N","","","","","","","","2","","08"
"2017119763","04","8","2235 BEAVER AVENUE","","PITTSBURGH","PA","15203","PORT AUTHORITY OF ALLEGHENY COUN","4125565500","040000","","","","","N","","","","","","N","","A-00976060","","","","","","2","","11"
"2017075261","03","3","PO BOX 62","","ROCHESTER","PA","15074","BEAVER CONCRETE AND SUPPLY INC","7247745100","080000","","","","","N","","","","","","N","","A-00069588","","","","","","2","02639994","08"
"2017073718","02","4","3000 WASHINGTON PIKE","","BRIDGEVILLE","PA","15017","GILLECE PLUMBING","4128880010","025950","","","","","N","","","","","","N","","","","","","","","2","01925729","09"
"2017018943","02","8","110 LENZNER CT","","SEWICKLEY","PA","15143","LENZNER COACH","4127617000","","","","","","N","","","","","","N","","A-00112590","","","","","","1","00583785","11"
"2017073826","02","3","1242 GROVE RD","","PITTSBURGH","PA","15234","BUTLER LANDSCAPING","4128841801","016500","","","","","N","","","","","","N","","","","","","","","2","01155584","03"
"2017101760","02","1","11 VINE STREET","","PITTSBURGH","PA","15223","GARY KLAVON","9999999999","016500","","","","","N","","","","","","N","","","","","","","","2","99999999","03"
"2017014775","02","8","5020 THOMAS RUN ROAD","","OAKDALE","PA","15071","TRANSPORT U LLC","4122818350","","","","","","N","","","","","","N","","A-00123251","","","","","","2","01594477","11"
"2017098145","03","8","1551 FERNDALE AVE","","JOHNSTOWN","PA","15905","MCILWAIN TOURS","8142882287","","","","","","N","","","","","","N","","","","","","","","1","00251223","11"
"2017098145","02","8","7130 E. STATE ST.","","HERMITAGE","PA","16148","WATSON'S INC","7243466514","","","","","","N","","","","","","N","","A0010099","","","","","","2","00033126","11"
"2017006682","04","99","1717 EAST 12TH ST","","ERIE","PA","16511","CURTZE TRANSPORTATION INC","4129515327","080000","","","","","N","","","","","","N","","A-00122499","","","","","","3","01480997","09"
"2017113871","02","8","798 EKASTOWN ROAD","","SARVER","PA","16055","W.L. ROENICK INC","7248533420","033000","","","","","N","","","","","","N","","","","","","","","2","","11"
"2017051165","01","1","341 S. BELLEFEFIELD AVE","","PITTSBURGH","PA","15213","SCHOOL DISTRICT OF PITTSBURGH","4122872549","026000","","","","","N","","","","","","U","","A-00999999","","","","","","1","","09"
"2018000523","03","99","2710 DIXIE FLYER ROAD","","EVANSVILLE","IN","4712","CSX TRANSPORTATION INC","8002320144","054600","","","","","N","","","","","","N","","","","","","","","2","00029619","04"
"2017032375","05","1","70 JEWETT CITY RD","","TAFTVILLE","CT","06380","BOBS DISCOUNT FURNITURE","8007232627","080000","","","","","N","","","","","","N","","","","","","","","1","01326635","08"
"2017126765","02","1","1821 BEAVER AVE","","PITTSBURGH","PA","15233","UNITED PARCEL SERVICE INC.","4129215228","017000","","","","","N","","","","","","N","","","","","","","","2","","03"
"2017062662","03","4","130 MEADOW ST.","","SOMERSET","PA","15501","JAMES D MCCLINTOCK","8144830531","073280","","","","","N","","","","","","U","","","","","","","","1","01717632","04"
"2017050081","02","8","2235 BEAVER AVENUE","","PITTSBURGH","PA","15233","PORT AUTHORITY ALLEGHENY COUNTY","4124422000","","","","","","N","","","","","","N","","A-00976060","","","","","","2","","11"
"2017087541","02","1","3020 UNIONVILLE ROAD SU","","CRANBERRY TWP","PA","16066","MCARLS SERVICES","7247720510","","","","","","N","","","","","","N","","","","","","","","2","02609058","02"
"2017102561","02","3","813 UNIVERSITY BLVD","","STEUBENVILLE","OH","43952","ASAP TOWING AND RECOVERY LLC","7403144414","","","","","","N","","","","","","N","","A-0602781","","","","","","2","02830320","03"
"2017125974","04","4","2930 DUSS AVE","","AMBRIDGE","PA","15003","DIAMOND HEAD TRUCKING","7242665266","073280","","","","","N","","","","","","U","","","","","","","","1","00212797","04"
"2017025128","04","1","4201 GRAND AVE","","PITTSBURGH","PA","15225","SOVEREIGN SERVICES INC","7249202845","068000","","","","","N","","","","","","N","","","","","","","","1","00018766","06"
"2017125178","05","99","400 NW 56TH ST","","LINCOLN","NE","68528","CRETE CARRIER CORPORATION","8009989100","004600","","","","","N","","","","","","N","","","","","","","","2","00073705","06"
"2017002479","02","1","971 BRIARSDALE ROAD","","HARRISBURG","PA","17109","RYDER TRUCK RENTAL LT","7175617022","026000","","","","","N","","","","","","N","","","","","","","","1","00291621","03"
"2017063542","02","3","45 KARAGO AVE.","","YOUNGSTOWN","OH","44512","MODERN BUILDERS SUPPLY INC.","4123224100","","","","","","N","","","","","","N","","","","","","","","2","00300149","03"
"2017054484","99","1","1046 BROWNSVILLE RD","","BROWNSVILLE","PA","15417","METALICO NEVILLE INC","7247856000","078760","","","","","N","","","","","","N","","","","","","","","2","01350725","08"
"2017043078","05","2","54354 WALNUT ROAD","","NEW CARLISLE","IN","45441","AIRGAS MERCHANT LLC","3304541330","080000","2","","","","Y","1","","","","","N","","","","","","","","2","01615827","06"
"2017040747","02","8","200 HAHN RD","","PITTSBURGH","PA","15063","FIRST STUDENT","4128313112","","","","","","N","","","","","","N","","","","","","","","2","","10"
"2017074623","02","3","1220 MCKEE ST","","MC KEES ROCKS","PA","15136","HOLDEN CORP","4127716330","023500","","","","","N","","","","","","N","","","","","","","","2","00364088","03"
"2017126717","99","99","UNKNOWN","","UNKNOWN","ZZ","99999","UNKNOWN","9999999999","000000","","","","","N","","","","","","U","","","","","","","","2","","99"
"2017100732","02","8","1146 BENETIA ROAD","","EIGHTY FOUR","PA","15330","DURHAM SCHOOL SERVICES LP","4123418288","","","","","","N","","","","","","N","","A-00121306","","","","","","1","01245654","11"
"2017118989","03","7","4830 GRAND AVE","","PITTSBURGH","PA","15225","ROYAL OAK RECYCLING","4122793001","","","","","","","","","","","","N","","","","","","","","1","01884571","04"
"2017016434","02","1","191 COMMERCE DR","","NEW HOLLAND","PA","17557","GARDEN SPOT FOODS","7173544936","026000","","","","","","","","","","","N","","","","","","","","4","02953047","03"
"2017051183","02","99","234 OAK WAY","","GLASSPORT","PA","15045","MPE PAVING LLC","4128960034","018750","","","","","N","","","","","","N","","","","","","","","1","00000000","98"
"2017040228","02","0","9101 NE. BIRMINGHAM RD","","KANSAS CITY","MO","64161","MODULAR SPACE CORP.","4125230595","013033","","","","","N","","","","","","N","","","","","","","","1","00603021","09"
"2017059552","99","1","430 REGENCY CENTRE","","COLLINSVILLE","IL","62234","MERCEMERCER TRANSPORTATION CO. I","5025842301","080000","","","","","N","","","","","","U","","","","","","","","1","00154712","08"
"2017013795","03","1","432 TODHUNTER AVENUE","","WEST SACRAMENTO","CA","95605","PACIFIC TRANSPORT","9163750850","080000","","","","","N","","","","","","N","","","","","","","","1","01829082","08"
"2017004893","02","1","3 ALPHA DRIVE","","PITTSBURGH","PA","15238","CUMMINGS BRIDGEWAY LLC","4128208300","016500","","","","","N","","","","","","N","","","","","","","","1","00416570","03"
"2017037785","05","1","2305 S. 900 W","","SALT LAKE CITY","UT","84119","ESTENSON LOGISTICS LLC","4122661400","080000","","","","","N","","","","","","N","","","","","","","","2","00801828","08"
"2018044509","05","1","3100 INDUSTRIAL PARKWAY","","JEFFERSONVILLE","IN","47130","RYDER","8889979337","080000","","","","","N","","","","","","N","","","","","","","","2","00016130","08"
"2017057247","02","1","PO BOX 21508","","PHOENIX","AZ","85036","UHAUL CO OF ARIZONA","4126557030","","","","","","N","","","","","","N","","","","","","","","2","","06"
"2017082704","02","8","2569 DARLINGTON RD","","BEAVER FALLS","PA","15010","MCCARTER TRANSIT INC","7248470530","","","","","","N","","","","","","N","","","","","","","","2","00000000","11"
"2017123296","05","99","1200 LEBANON RD","#101","WEST  MIFFLIN","PA","15122","ALL STATE CAREER SCHOOL","4128231818","","","","","","N","","","","","","N","","","","","","","","1","00402805","06"
"2017022870","02","1","673 CORRINE DRIVE NW","","NEW CASTLE","PA","44718","SSD DISTRIBUTION SYSTEM","7246983399","012000","","","","","N","","","","","","N","","A-1114019","","","","","","2","00104028","09"
"2017042921","02","8","415 REBECCA ST","","MCKEESPORT","PA","15132","PENNSYLVANIA COACH LINES INC","4126640911","029800","","","","","N","","","","","","N","","A-00110344","","","","","","2","00465361","11"
"2017022001","02","0","4821 BUTTERMILK HOLLOW RD","","WEST MIFFLIN","PA","15122","R AND B CONSTRUCTION","4124691706","002000","","","","","","","","","","","N","","","","","","","","1","02081801","02"
"2017068400","02","1","1821 BEVER AVENUE","","PITTSBURGH","PA","15233","UPS","8007425877","019550","","","","","N","","","","","","N","","","","","","","","2","00021800","03"
"2017063847","03","99","400 KECK ST","","SEWARD","PA","15954","M&C TRUCKING CO","8005222372","000000","","","","","N","","","","","","N","","","","","","","","1","00016351","08"
"2017008548","02","8","345 6TH AVENUE","","PITTSBURGH","PA","15222","PORT AUTHORITY OF ALLEGHENY COU","4124422000","","","","","","N","","","","","","N","","A-00976060","","","","","","1","","11"
"2017054600","03","2","ONE GLADE PARK EAST","","KITTANNING","PA","16201","MARK ANN INDUSTRIES","7242973685","070000","","","","","N","","","","","","N","","","","","","","","2","00224742","08"
"2017043623","04","99","151 SELLERS RD","","WORTHINGTON","PA","16262","MARK ANN INDUSTRIES INC","7242973685","080000","","","","","N","","","","","","N","","A-00101481","","","","","","1","00224742","08"
"2017117606","03","1","130 CIDER LANE","","BUTLER","PA","16002","CARL R. SMITH","4128121412","080000","","","","","N","","","","","","N","","","","","","","","2","00034504","08"
"2017072866","04","2","1855 SALCO RD","","BERLIN","PA","15530","DURST RANSPORT LLC","8142673435","030000","","","","","N","","","","","","N","","","","","","","","1","01735794","09"
"2017027837","04","7","310 LEGER RD","","NORTH HUNTINGDON","PA","15642","WASTE MANAGEMENT OF PA","7248609170","073280","","","","","N","","","","","","N","","","","","","","","1","00344050","04"
"2017043444","03","1","15 27TH ST.","15 27TH ST.","PITTSBURGH","PA","15222","PIT OHIO EXPRESS","4122323015","026000","","","","","N","","","","","","N","","","","","","","","1","00190180","04"
"2017128257","03","7","2097 DUSS AVE","","AMBRIDGE","PA","15003","WASTE MANAGEMENT OF PENNSYLVANIA","8008664460","073280","","","","","N","","","","","","N","","","","","","","","1","00344050","04"
"2017102284","04","4","264 BELLVIEW RD","","CONNELLSVILLE","PA","15425","PANZELLA TRUCKING","7243235365","073280","","","","","N","","","","","","N","","","","","","","","2","00211650","04"
"2017003431","04","7","11 BOGGS AVE","","IMPERIAL","PA","15126","REPUBLIC SERVICES","4124292600","073280","","","","","N","","","","","","N","","A-00000000","","","","","","1","00068561","09"
"2017099042","02","1","PO BOX 21508","","PHOENIX","AZ","85036","U-HAUL OF ARIZONA","4024640736","014050","","","","","N","","","","","","N","","E00042909","","","","","","2","","03"
"2017075735","06","2","8414 W CLARA DR","","NILES","IL","60714","LOLA TRUCKING","8475180208","080000","","","","","N","","","","","","N","","","","","","","","1","01885952","08"
"2017112367","03","1","920 VISTA PARK DRIVE","","PITTSBURGH","PA","15205","VINCENT LIGHTING SYSTEM","4127885250","020000","","","","","N","","","","","","N","","","","","","","","2","00541750","09"
"2017069205","01","0","200 FLOWERS AVE.","","PGH,","PA","15207","CITY OF PITTSBURGH","4124226529","034540","","","","","N","","","","","","N","","","","","","","","2","","05"
"2017012493","02","8","714 EKASTOWN ROAD","","SARVER","PA","16055","ABC TRANSIT","7248167068","","","","","","N","","","","","","N","","","","","","","","2","","11"
"2017052646","01","1","1000 S MAIN ST","","GREENSBURG","PA","15601","SOUTH MAIN TRUCKING","7248360186","","","","","","N","","","","","","N","","","","","","","","3","09999999","05"
"2017045868","02","8","2235 BEAVER AVENUE","","PITTSBURGH","PA","15233","PORT AUTHORITY OF ALLEGHENY","4125565500","040000","","","","","N","","","","","","N","","A-00976060","","","","","","2","","11"
"2017114379","02","4","1989 MCKEES ROCKS RD","","MCKEES ROCKS","PA","15136","AL GEISLER & SONS","4127286135","020428","","","","","N","","","","","","N","","","","","","","","1","00494001","05"
"2017074501","05","1","3210 CENTERPOINT DR","","GROVE CITY","OH","43123","PALMER DONAVIN MANUFACUTRING","6143170100","035000","","","","","N","","","","","","N","","","","","","","","2","00653194","04"
"2017123688","05","1","400 BIRMINGHAM HIGHWAY","","CHATANOOGA","TN","37422","COVENANT TRANSPORT INC","8882596206","080000","","","","","N","","","","","","N","","","","","","","","1","00273818","08"
"2017121806","02","8","2235 BEAVER AVENUE","","PITTSBURGH","PA","15233","PORT AUTHORITY ALLEGHENY COUNTY","4124422000","999999","","","","","N","","","","","","N","","A-00976060","","","","","","2","","11"
"2017082672","05","2","2797 FREELAND ROAD","","HERMITAGE","PA","16148","ALPONT RANSPORTATION LLC","7249813771","080000","8","","","","Y","1","","","","","N","","","","","","","","2","00081961","08"
"2017124214","02","8","2235 BEAVER AVE","","PITTSBURGH","PA","15233","PORT AUTHORITY OF ALLEGHENY COUN","4122377000","","","","","","N","","","","","","N","","","","","","","","2","99999999","11"
"2017139071","02","1","3700 PARK 42 DRIVE","","CINCINNATI","OH","45241","EAN HOLDINGS INC","3142745614","025999","","","","","N","","","","","","N","","","","","","","","2","01704957","05"
"2017119594","05","3","PO BOX 429","","CLEARWATER","MN","55320","D AND E TRANSPORT LLC","7204344814","","","","","","N","","","","","","N","","","","","","","","2","00600140","08"
"2017095052","02","1","174 ONEIDA VALLEY RD","","BUTLER","PA","16001","HUNTER LEASE LLC","7217120713","025900","","","","","N","","","","","","N","","","","","","","","1","00184394","03"
"2017108706","02","1","611 E PITTSBURGH RD","","N VERSAILLES","PA","15137","SHRED IT USA LLC","4124521641","033000","","","","","N","","","","","","N","","","","","","","","1","00000010","03"
"2017071092","02","1","304 JUMONVILLE ST","","P{ITTSBURGH","PA","15219","CHARUS LINEN","4122810770","002599","","","","","N","","","","","","N","","","","","","","","3","01335390","03"
"2017085059","02","8","2235 BEAVER AVE","","PITTSBURGH","PA","15233","PORT AUTHORITY OF ALLEGHENY COUN","4124222000","","","","","","","","","","","","N","","","","","","","","1","","11"
"2017051228","02","8","600 VINE ST SUITE 1400","","CINCINNATI","OH","45202","FIRST STUDENT INC","5132412200","016000","","","","","N","","","","","","N","","","","","","","","2","00354406","11"
"2017110369","04","1","740 BEAVERDALE RD","","CAMBRIDGE","ON","N3C2V3","CLIENT TRANSPORT","8003878544","080000","","","","","N","","","","","","N","","","","","","","","1","00355171","09"
"2017076818","05","1","113 LE VALLEY ROAD","","DERRY","PA","156279615","DICKSON BULK SERVICES INC","7245398840","080000","","","","","N","","","","","","N","","","","","","","","1","00511520","08"
"2017085212","05","2","19289 WESTWOOD DRIVE","","STRONGSVILLE","OH","44134","AZI TRUCKING LLC","4079694588","080000","","","","","N","","","","","","N","","","","","","","","1","01934560","06"
"2017015576","02","1","1500 TRUMBULL AVE.","","GIRARD","OH","44420","AIM LEASING CO.","8003219038","026000","","","","","N","","","","","","N","","","","","","","","1","00209939","03"
"2017015576","02","1","335 NORTH MAPLE DR. STE #353","","BEVERLY HILLS","CA","90210","EM ACHE PRODUCTIONS LLC","8185391278","026000","","","","","N","","","","","","N","","","","","","","","2","02861983","03"
"2017031011","02","99","60 IRVING STREET","","PITTSBURGH","PA","15207","TRAVIS TOWING","4129043311","","","","","","N","","","","","","N","","","","","","","","1","00000000","99"
"2017030722","03","1","1028 BURNS AVE","","ALTOONA","PA","16601","BOLBER BROTHERS INC","8009444059","026000","","","","","N","","","","","","N","","","","","","","","2","00465883","03"
"2017031373","02","4","4000 CRESTVIEW CIRLCE","","GIBSONIA","PA","15044","ADMIRAL TREE SERVICE","7249350999","025950","","","","","N","","","","","","N","","0","","","","","","2","02271999","03"
"2017093183","02","3","1440 RIDGE AVE","","BRADDOCK","PA","15104","K&K ROADSIDE","4127210065","019500","","","","","N","","","","","","N","","","","","","","","1","02608521","03"
"2017093183","04","1","6500 W INDUSTRIAL HWY","","GARY","IN","46406","SWIFT TRANSPORTATION","4127085146","","","","","","N","","","","","","N","","","","","","","","2","00054283","08"
"2017101112","02","8","2235 BEAVER AVE","","PITTSBURGH","PA","15233","PORT AUTHORITY OF ALLEGHENY COUN","4124422000","","","","","","N","","","","","","N","","","","","","","","2","99999999","11"
"2017130500","03","4","100 PHOENIX DRIVE","","FINLEYVILLE","PA","15332","DIAMOND HEAD TRUCKING","7242665266","073200","","","","","N","","","","","","N","","A-8913415","","","","","","2","02127975","04"
"2017091886","02","8","1325 SCOTLAND AVENUE EXTENSION","","PUNXSUTAWNEY","PA","15767","KRISE TRANSPORTATION INC","8149386200","013517","","","","","N","","","","","","N","","","","","","","","1","00550782","11"
"2017028703","03","3","1101 N WARSON","BUILDING B","SAINT LOUIS","MO","63132","NEUSE LEASING LLC","8668316277","080000","","","","","N","","","","","","N","","","","","","","","1","01229351","08"
"2017052592","02","0","400 BUTLER STREET","SUITE 173","PITTSBURGH","PA","15223","RED HOOK TOWING","4126526707","","","","","","N","","","","","","N","","","","","","","","1","00000000","00"
"2017051981","03","3","436 CASEMENT AVE.","","PAINESVILLE","OH","44077","R W SIDLEY INC","4402241638","080000","","","","","N","","","","","","N","","","","","","","","2","00053065","08"
"2017068829","06","3","1321C MCLAUGHLIN RUN ROAD","","BETHEL PARK","PA","15241","TA ROBINSON ASPHALT PAVING INC","4122216008","080000","","","","","N","","","","","","N","","","","","","","","1","01721275","08"
"2017075334","99","99","UNKNOWN","","UNKNOWN","ZZ","99999","UNKNOWN","9999999999","","","","","","","","","","","","","","","","","","","","1","","99"
"2017076942","02","8","415 REBECCA STREET","","MCKEESPORT","PA","15132","PENNSYLVANIA COACH LINES","4126724020","","","","","","N","","","","","","N","","","","","","","","2","00465361","11"
"2017100075","03","4","5201 BLUE MOUND RD","","FORT WORTH","TX","76106","NEW BERN TRANSPORT CORP.","4125551212","080000","","","","","N","","","","","","N","","","","","","","","2","00692947","04"
"2017059798","02","8","345 6TH AVENUE","","PITTSBURGH","PA","15222","PORT  AUTHORITY OF ALLEGHENY COU","4124422000","","","","","","N","","","","","","N","","A-00976060","","","","","","2","","11"
"2017112901","02","1","2797 ROBINSON BLVD","","PITTSBURGH","PA","15235","THAD STEVENS FIRE COMPANY","4127952000","042000","","","","","N","","","","","","N","","","","","","","","1","99999999","03"
"2017076825","02","4","9122 MARSHALL RD","","CRANBERRY","PA","16060","FIVE STAR CONST INC","7247766077","026001","","","","","N","","","","","","N","","","","","","","","1","02982069","03"
"2017002237","04","8","512 N.BRADDOCK AVE","","PITTSBURGH","PA","15208","S&D TRANSIT","4122421998","","","","","","N","","","","","","N","","","","","","","","3","","11"
"2017064456","04","1","5831 CROSS CREEK BLVD.","","FORT WAYNE","IN","46818","GFS TRANSPORT LLC","2604908609","080000","","","","","N","","","","","","N","","","","","","","","1","00175852","06"
"2017131967","02","8","2235 BEAVER AVENUE","","PITTSBURGH","PA","15233","PORT AUTHORITY","4124422000","","","","","","N","","","","","","N","","A-00976060","","","","","","1","","11"
"2017031723","04","5","100 RIVER ROAD","","PITTSBURGH","PA","15136","BRYAN MATERIALS GROUP","4123811170","060000","","","","","N","","","","","","N","","","","","","","","2","01672873","99"
"2017065683","02","4","4316 CAMPBELLS RUN RD","","PITTSBURGH","PA","15205","ROBERT SCHWARTZMILLER GROUND MAI","4124299944","017950","","","","","N","","","","","","N","","","","","","","","1","02159077","03"
"2017059289","03","1","444 E BROAD AVE","","ROCKINGHAM","NC","28379","GARCIA FOREST SERVICE LLC","9109975011","080000","","","","","N","","","","","","N","","","","","","","","1","01073779","08"
"2017087629","02","1","1 DELALLO AVE","","MOUNT PLEASANT","PA","15666","GEROGE DELALLO COMPANY INC","7243967582","","","","","","N","","","","","","N","","","","","","","","2","00356706","03"
"2017090862","02","3","2 DORRINGTON RD","","CARNEGIE","PA","15106","WEAVERTOWN TRANSPORT LEASING INC","7277464850","019000","","","","","N","","","","","","N","","","","","","","","2","00207532","03"
"2017065517","99","2","UNKNOWN","","UNKNOWN","ZZ","99999","UNKNOWN","9999999999","","","","","","N","","","","","","U","","","","","","","","2","99999999","06"
"2017005646","05","1","7101 W 17TH AVE","","GARY","IN","46406","SCHNEIDER NATIONAL CARRIERS INC","8005586767","080000","","","","","N","","","","","","N","","","","","","","","1","00063585","08"
"2017138860","02","8","2235 BEAVER AVENUE","","PITTSBURGH","PA","15025","PORT AUTHORITY","4124422000","","","","","","N","","","","","","N","","A-00976060","","","","","","1","","11"
"2017044934","02","8","2235 BEAVER AVENUE","","PITTSBURGH","PA","15233","PORT AUTHORITY OF ALLEGHENY COUN","4125665500","050000","","","","","N","","","","","","N","","A-00976060","","","","","","1","","11"
"2017013798","03","7","73 W. NOBLESTOWN ROAD","","CARNEGIE","PA","15106","BFI WASTE SERVICES","4124292600","073280","","","","","N","","","","","","N","","","","","","","","2","00962087","04"
"2017058002","05","99","1321C MCLAUGHLIN RUN RD","","PITTSBURGH","PA","15241","T A ROBINSON ASPHALT PAVING","4122216008","080000","","","","","N","","","","","","N","","A-00116571","","","","","","2","01721275","06"
"2017137863","02","1","5875 N ROGERS AVE","","CHICAGO","IL","60646","NEW WORLD VAN LINES INC","6146688739","","","","","","N","","","","","","N","","","","","","","","2","99999999","03"
"2017006738","02","8","400 HILLVUE LANE","","PITTSBURGH","PA","15237","NORTH ALLEGHENY SCHOOL DISTRIC","4123695500","036200","","","","","N","","","","","","N","","","","","","","","1","01126131","11"
"2017099626","03","7","234 LANDFILL ROAD","","SCOTTSDALE","PA","156831568","GREEN RIDGE WASTE SERVICES","7248879400","000099","","","","","N","","","","","","N","","","","","","","","1","00000000","04"
"2017119587","03","3","10 INDUSTRIAL PARK ROAD","","MONACA","PA","15061","BEAVER CONCRETE AND SUPPLY INC","4127609898","080000","","","","","N","","","","","","N","","A-9999999","","","","","","2","02639994","06"
"2017083929","02","8","2235 BEAVER AVE","","PITTSBURGH","PA","15233","PORT AUTHORITY OF ALLEGHENY CO","4124422000","","","","","","N","","","","","","N","","A-00976060","","","","","","1","","11"
"2017095065","02","3","100 OLD POND RD","","BRIDGEVILLE","PA","15017","BBL FLEET COMPANY","4122212044","010000","","","","","N","","","","","","N","","","","","","","","2","99999999","03"
"2017046739","05","3","4200 INDUSTRIAL BLVD.","","ALIQUIPPA","PA","15001","PGT TRUCKING INC","8559695958","080000","","","","","N","","","","","","N","","","","","","","","1","00192897","08"
"2023037593","05","1","352 BALDWIN RD","","PITTSBURGH","PA","15207","PETER J CARUSO AND SONS INC","9999999999","080000","","","","","N","","","","","","","","","","","","","","2","","08"
"2017019519","02","8","798 EKASTOWN RD","","PITTSBURGH","PA","16055","WL ROEGNIK","4123313974","014973","","","","","","","","","","","N","","","","","","","","2","","11"
"2017107396","03","4","1420 FRANKLIN AVENUE","","PITTSBURGH","PA","15221","PITTSBURGH PULLERS LLC","4122416355","073280","","","","","N","","","","","","N","","A-00000000","","","","","","2","02329409","99"
"2017137682","03","99","160 VELTRI DRIVE","","WASHINGTON","PA","15301","VELTRI TRUCKING INCV MAILING","7243500987","080000","","","","","N","","","","","","N","","","","","","","","2","01077151","08"
"2017077819","05","1","119 JOHNSTON AVE","","PITTSBURGH","PA","15207","CHRISTIAN GABIEL CONSTANTINI","4126570926","080000","","","","","N","","","","","","N","","","","","","","","2","02898095","08"
"2017126685","02","8","345 6TH AVENUE 3RD FLOOR","","PITTSBURGH","PA","15222","PORT AUTHORITY OF ALLEGHENY COUN","4124222000","039600","","","","","N","","","","","","N","","A-00976060","","","","","","2","","11"
"2017019779","02","1","7176 STATERT. 88","","RABVENNA","OA","44266","RYDER TRUCK RENTAL SIRNA AND SON","3302972214","026000","","","","","N","","","","","","N","","","","","","","","1","00016130","03"
"2017125919","02","3","69 S 20TH ST.","","PITTSBURGH","PA","15203","BM KRAMER AND COMPANY","4124431837","","","","","","N","","","","","","N","","","","","","","","2","00460757","03"
"2017050236","03","2","S. WATER ST.","PO BOX 995","KITTANING","PA","162010595","PAUL BRADIGAN","7245487654","080000","","","","","N","","","","","","N","","A-00111673","","","","","","1","00266946","08"
"2017079594","02","1","971 BRIARSDALE RD","","HARRISBURG","PA","171095941","RYDER TRUCK RENTAL LT","7175616022","","","","","","N","","","","","","U","","A-00121989","","","","","","1","01325605","03"
"2017137259","02","8","2235 BEAVER AVE","","PITTSBURGH","PA","15233","PORT AUTHORITY OF ALLEGHENY CNTY","4124222000","","","","","","N","","","","","","N","","A-00976060","","","","","","2","","11"
"2017118039","03","3","8300 PERRY HWY","","PITTABURGH","PA","15237","TOWING DENNIS J I","4129156224","026000","","","","","N","","","","","","N","","","","","","","","1","00983506","04"
"2017054950","03","4","3000 GRAND AVE","","PITTSBURGH","PA","15225","JED SERVICES","4127715555","073280","","","","","N","","","","","","N","","A-00999999","","","","","","1","00674081","04"
"2017071266","02","3","4301 IRVINE ST","","PITTSBURGH","PA","15207","ALLEGHENY FENCE CONSTRUCTION","4124216005","026000","","","","","N","","","","","","N","","","","","","","","2","00867844","03"
"2017057212","01","0","16363 SAINT CLAIRE AVE","","EAST LIVERPOOL AVE","OH","43920","PIPELINE INC","7245443969","","","","","","N","","","","","","N","","","","","","","","1","11111111","00"
"2017032616","03","1","1111","","UNKNOWN","PA","1111","UNKNOWN","1111111111","","","","","","N","","","","","","U","","","","","","","","1","00001111","06"
"2017057259","02","1","3275 RTE 151 W","","ALIQUIPPA","PA","15001","ALDOS FROZEN FOOD","7243787335","026000","","","","","N","","","","","","N","","","","","","","","2","01031772","03"
"2017010942","03","1","2827 WEST STATE ROAD 66","","ROCKPORT","IN","47635","RIVERSIDE TRANSPORTATION INC","8126499240","080000","","","","","N","","","","","","N","","","","","","","","2","01955762","08"
"2017106507","05","1","14507 FRONTIER RD","","OMAHA","NE","68138","WERNER ENTERPRISES","9199488664","","","","","","N","","","","","","N","","","","","","","","1","00053467","08"
"2017013054","02","8","2235 BEAVER AVE.","","PITTSBURGH","PA","15233","PORT AUTHORITY OF ALLEGHENY CO.","4125665214","026000","","","","","N","","","","","","N","","A-00976060","","","","","","2","","11"
"2017097019","02","99","2200 FORWARD DR.","","HARRISON","AZ","72601","FEDEX FREIGHT INC.","4125518279","080000","","","","","N","","","","","","N","","A-99999999","","","","","","2","00239039","06"
"2017066505","05","1","P.O. BOX 25612","","RICHMOND","VA","23260","ESTES EXPRESS LINES","8043531900","080000","","","","","N","","","","","","N","","","","","","","","1","00121018","08"
"2017002256","05","2","400 ROUTE 34 SUITE A","","MATAWAN","NJ","07747","TRANSPORT RESOURCES INC.","7322903200","","","","","","N","","","","","","N","","","","","","","","2","00290790","08"
"2017100303","02","1","601 THORN ST","","SEWICKLEY","PA","15143","BOROUGH OF SEWICKLEY","9999999999","","","","","","N","","","","","","N","","","","","","","","1","99999999","03"
"2017100303","02","1","5374 WILLIAM FLYNN HIGHWAY","","GIBSONIA","PA","150449650","MONARK STUDENT TRANSPORTATION CO","7248983563","","","","","","N","","","","","","N","","","","","","","","2","00856887","03"
"2017040883","02","8","2235 BEAVER AVE","","PITTSBURGH","PA","15233","PORT AUTHORITY","4124422000","","","","","","N","","","","","","N","","A-00976060","","","","","","5","","11"
"2017117647","02","8","5374 WM FLYNN HWY","","GIBSONIA","PA","15044","MONARCH STUDENT TRANSPORTATION","7244447766","","","","","","N","","","","","","N","","A-00116335","","","","","","1","00856887","10"
"2017108232","02","3","6081 STEUBENVILLE PIKE","","MCKEES ROCKS","PA","15136","DIEHL TOWING","4127221808","018000","","","","","N","","","","","","U","","","","","","","","2","02503416","03"
"2017112073","02","8","2235 BEAVER AVE","","PITTSBURGH","PA","15233","PORT AUTHORITY OF ALLEGHENY CNTY","4122442000","","","","","","N","","","","","","N","","A-00976060","","","","","","2","","11"
"2017056061","02","8","2235 BEAVER AVE.","","PITTSBURGH","PA","15233","PORT AUTHORITY OF ALLEGHENY CO.","4125665214","026000","","","","","N","","","","","","N","","A-00976060","","","","","","2","","11"
"2017042047","02","8","798 EKASTOWN ROAD","","SARVER","PA","16055","W L ROENIGK LEASING, INC","7244435355","010000","","","","","N","","","","","","N","","","","","","","","1","00026182","11"
"2017049461","04","99","4000 CLINE AVENUE","","EAST CHICAGO","IN","46312","PENSKE TRUCK LEASING","6154407666","","","","","","N","","","","","","U","","","","","","","","2","02934619","06"
"2017012028","02","1","7100 TERMINAL DRIVE","","TULSA","OK","74117","EAN HOLDINGS","4128536715","026000","","","","","N","","","","","","N","","A-2477713","","","","","","2","02477137","09"
"2017114815","05","1","6490 LAGUNA CRT","","NIAGRA FALLS,","ON","L2H2W","THUNDER EXPRESS INC","2892710838","080000","","","","","N","","","","","","N","","","","","","","","2","02543539","06"
"2017100281","04","5","2876 RT.286 P.O. BOX 80","","SALTSBURG","PA","15681","CABLE ENTERPRISES INC.","7247277285","073280","","","","","N","","","","","","N","","","","","","","","1","01696456","04"
"2017127057","99","99","4000 CLINE AVE","","EAST CHICAGO","IN","46312","UNKNOWN","9999999999","999999","","","","","N","","","","","","U","","","","","","","","2","","99"
"2017132977","05","3","36555 AMHREIN RD","","LIVONIA","MI","48150","CONTRACTORS STEEL COMPANY","3303410340","130000","","","","","N","","","","","","N","","","","","","","","2","00277886","06"
"2017064297","03","4","5421","BROAD STREET","PITTSBURGH","PA","15206","ROSS DISTRIBUTION","4129082161","073280","","","","","N","","","","","","N","","A-8916013","","","","","","3","02434158","04"
"2017118023","03","8","2235 BEAVER AVE","","PITTSBURGH","PA","15233","PORT AUTHORITY OF ALLEGHENY COUN","4124422000","039600","","","","","N","","","","","","N","","A-00976060","","","","","","2","","11"
"2017053721","04","8","2235 BEAVER AVENUE","","PITTSBURGH","PA","15233","PORT AUTHORITY","4124422000","","","","","","N","","","","","","N","","A-00976060","","","","","","1","","11"
"2017049874","05","99","PO BOX 518","","GRAGER","IA","50109","BAR NUNN TRANSPORTATION INC","5159992525","080000","","","","","N","","","","","","N","","","","","","","","2","00261978","08"
"2017054234","02","8","2235 BEAVER AVE.","","PITTSBURGH","PA","15233","PORT AUTHORITY OF ALLEGHENY COUN","4124422000","","","","","","N","","","","","","N","","A-00976060","","","","","","2","","11"
"2017124963","03","1","5831 CROSS CREEK BLVD","","FT WAYNE","IN","46818","GFS TRANSPORT","8009687500","080000","","","","","N","","","","","","N","","","","","","","","1","00175852","08"
"2017038659","04","99","5331 MCANULTY RD.","","BETHEL PARK","PA","15102","MICHAEL  BROTHER'S","4128356428","080000","","","","","N","","","","","","N","","A-8915729","","","","","","1","00101426","04"
"2017081994","02","1","934 RT.910","","CHESWICK","PA","15024","LARGENT'S RECYCLING","4123779021","025999","","","","","N","","","","","","N","","","","","","","","2","02130431","05"
"2017006890","05","99","232 E LANCASTER RD","","HARMONY","PA","16037","IPC ENERGY SERVICES LLC","9107288536","073280","","","","","N","","","","","","N","","","","","","","","2","02182676","04"
"2017006131","03","8","350 N ST. PAUL ST.","","DALLAX","TX","75201","GREYHOUND LINES INC.","2147203740","050000","","","","","N","","","","","","N","","","","","","","","2","00044110","11"
"2017002269","02","8","345 6TH AVENUE","","PITTSBURGH","PA","15222","PORT AUTHORITY ALLEGHENY COUNTY","4124422000","","","","","","N","","","","","","N","","A-00976060","","","","","","1","","11"
"2017062719","03","5","109 DARK HOLLOW RD","","OAKMONT","PA","151391123","FOLINO","4128202800","","","","","","N","","","","","","N","","A-9999999","","","","","","2","01234655","04"
"2017107390","02","8","345 SIXTH AVE","","PITTSBURGH","PA","15212","PORT AUTHORITY OF ALLEGHENY COUN","4124422000","","","","","","N","","","","","","N","","A-00976060","","","","","","2","","11"
"2017032819","02","8","2235 BEAVER AVE","","PITTSBURGH","PA","15233","PORT AUTHORITY OF ALLEGHENY CNTY","4122551385","026000","","","","","N","","","","","","N","","A-00976060","","","","","","2","","11"
"2017051369","03","8","2235 BEAVER AVENUE","","PITTSBURGH","PA","15233","PORT AUTHORITY OF ALLEGHENY COUN","4124422000","","","","","","N","","","","","","N","","A-00976060","","","","","","1","","11"
"2017024038","02","99","5437 S ASHLAND AVE","","COUNTRYSIDE","IL","60525","LOGISTICS INC","2177851800","080000","","","","","N","","","","","","N","","","","","","","","1","02020961","08"
"2017000683","04","8","345 SIXTH AVE","","PITTSBURGH","PA","15222","ALLEGHENY COUNTY PORT AUTHORITY","4124422000","","","","","","N","","","","","","N","","A-00976060","","","","","","2","","11"
"2017080868","06","0","16726 S MILES RD","","CLEVELAND","OH","44128","MOTOR FREIGHT EXPRESS LLC","2162762771","","","","","","N","","","","","","N","","","","","","","","1","02637297","08"
"2017089248","02","1","1046 GARDEN STREET","","GREENSBURG","PA","15601","TRANS PORTE INC DBA US FOODS INC","7248376580","","","","","","","","","","","","N","","","","","","","","3","00745614","06"
"2017021735","02","8","110 LENZNER CT","","SEWICKLEY","PA","15143","TRANSPORTATION MANAGMEN SVCS INC","4127617000","000000","","","","","N","","","","","","N","","A-00112590","","","","","","1","00583785","11"
"2017135268","02","4","6031 LINWOOD DRIVE","","VALENCIA","PA","16059","KUTCHKO NURSERY, INC","7244439750","","","","","","N","","","","","","N","","","","","","","","2","00887633","03"
"2017020659","03","1","176 N. VALLEY ST","","DERRY","PA","15627","SHUMAR TRUCKING INC","7246402333","080000","","","","","N","","","","","","N","","","","","","","","4","02074567","08"
"2017074488","05","1","688 LEGACY BLVD","","GREENWOOD","IN","46143","EAGLE EYE","3178206790","080000","","","","","N","","","","","","N","","","","","","","","1","02012451","08"
"2017077160","99","1","262 FISHER LANE","","NEW GALILEE","PA","16141","INDUSTRIAL TIMBER & PULP INC","7246577532","080000","","","","","N","","","","","","N","","","","","","","","2","00901101","08"
"2017101330","05","3","8834 US HIGHWAY 281","","BROWNSVILLE","TX","78520","LA JOYA TRUCKING, LLC","9564563759","080000","","","","","N","","","","","","N","","","","","","","","1","01675050","08"
"2017110534","02","8","2235 BEAVER AVENUE","","PITTSBURGH","PA","15233","PORT AUTHORITY ALLEGHENY COUNTY","4124422000","","","","","","N","","","","","","N","","A-00976060","","","","","","1","","11"
"2017076985","03","1","1101 N WARSON ROAD","","SAINT LOUIS","MO","63132","NEUSE LEASING LLC","7249999999","","","","","","N","","","","","","N","","","","","","","","2","02432062","06"
"2017115350","03","3","1535 WEBSTER STREET","","GARY","IN","46406","UNIVERSAL TRUCKLOAD INC","9999999999","080000","","","","","N","","","","","","N","","","","","","","","1","00999999","08"
"2017043365","03","3","820 VENETIA RD","","VENETIA","PA","15367","HUNTER CONTRACTING","7248096846","080000","","","","","N","","","","","","N","","","","","","","","1","02384729","09"
"2017118092","02","0","5597 OLD PORTER RD STE D","","PORTAGE","IN","46368","BADGER DAYLIGHTING CORPORATION","2197629177","","","","","","N","","","","","","N","","A-00000598","","","","","","1","","05"
"2017133850","02","4","SAME AS OWNER","","PITTSBURGH","PA","15210","ROTH MASONARY","9999999999","013000","","","","","N","","","","","","N","","99999","","","","","","2","00099999","98"
"2017058037","04","4","2255 PA 217","","BLAIRSVILLE","PA","15717","TAYLOR SERVICES","7244598901","073280","","","","","N","","","","","","N","","A-00125799","","","","","","2","00120871","04"
"2017099617","05","2","1967 SAXONBURG BLVD","","CURTISVILLE","PA","15032","GLASSMERE FUEL SERVICE","7242654646","080000","","","","","N","","","","","","N","","A-00114860","","","","","","3","00276273","06"
"2017050114","03","99","2936 DUSS AVE.","","AMBRIDGE","PA","15003","MODANY FALCONE INC.","4128124567","058400","","","","","N","","","","","","N","","","","","","","","2","00602666","99"
"2017009688","06","3","2311 S. NAPPANEE ST","","ELKHART","IN","46517","INTRANSPORTATION","5742933642","","","","","","N","","","","","","U","","","","","","","","2","02290481","08"
"2017071938","03","3","3690 ROUTE 30","","LATROBE","PA","15650","FOX & JAMES, INC","8007766087","","","","","","N","","","","","","N","","","","","","","","1","00051938","08"
"2017098911","03","1","715 W 172ND STREET","","SOUTH HOLLAND","IL","60473","EAGLE EXPRESS LINES","7083338400","073002","","","","","N","","","","","","N","","A-00000000","","","","","","2","00649914","04"
"2017013626","03","4","1315 PLEASANT HILLS RD","","WEXFORD","PA","15090","CREA EXCAVATING","7245026120","073280","","","","","N","","","","","","U","","A-00113596","","","","","","1","00893342","04"
"2017075928","02","99","84 MEMORIAL PARK ROAD","","BUCKHANNON","WV","26201","HIGHWAY TO HEAVEN LLC","3044393035","","","","","","N","","","","","","U","","","","","","","","3","02869932","06"
"2017075928","02","99","84 MEMORIAL PARK ROAD","","BUCKHANNON","WV","26201","HIGHWAY TO HEAVEN LLC","3044393035","","","","","","N","","","","","","U","","","","","","","","4","02869932","04"
"2017018392","99","99","15836 CENTENNIAL DR","","ORLAND PARK","IL","60462","SPIDER LOGISTICS","6186692549","","","","","","N","","","","","","N","","","","","","","","2","01337564","06"
"2017099043","03","1","1245 ALUM CREEK DR","","COLUMBUS","OH","432092721","PITTSBURGH GLASS WORKS LLC","9999999999","009300","","","","","N","","","","","","N","","","","","","","","1","99999999","04"
"2017010996","03","8","2235 BEAVER AVENUE","","PITTSBURGH","PA","15233","PORT AUTHORITY OF ALLEGHENY COUN","4125665500","072380","","","","","N","","","","","","N","","A-00976060","","","","","","1","","11"
"2017073145","03","7","1500 HAYDEN BLVD","","ELIZABETH","PA","15037","WASTE MANAGEMENT","8008664460","076140","","","","","N","","","","","","N","","","","","","","","2","","04"
"2017106194","02","1","2675 MORGANTOWN RD","","READING","PA","19607","PENSKE TRUCK LEASING","6107756000","","","","","","N","","","","","","N","","","","","","","","2","00327574","03"
"2017011675","03","3","4570 SEQUOIA RD","","MEMPHIS","TN","38117","COOPER TRUCK LINE INC 2016","6622525505","","","","","","N","","","","","","N","","","","","","","","2","00257357","08"
"2017080078","02","3","700 HANGROVE ST","","PITTSBURGH","PA","15226","MCGANN AND CHESTER","4123819400","","","","","","N","","","","","","N","","","","","","","","1","00000000","05"
"2017094718","02","3","51 QSI LANE","","ALLISON PARK","PA","15101","WIRELESS SERVICES INC","7244440050","013500","","","","","N","","","","","","N","","","","","","","","1","01460640","03"
"2017073736","03","4","3682 CHARTIERS AVE","","PITTSBURGH","PA","15204","CORNELIUS JOHNSON","9999999999","073280","","","","","N","","","","","","N","","","","","","","","1","99999999","04"
"2017045346","02","3","630 5TH AVENUE","","E MCKEESPORT","PA","15035","REDZ TRANSPORT","4122298659","","","","","","N","","","","","","N","","","","","","","","1","02783524","03"
"2017071681","03","6","2401 VETERANS MEMORIAL PKWY E","","LAFAYETTE","IN","47903","CASSENS TRANSPORT COM","5854098667","080000","","","","","N","","","","","","N","","","","","","","","1","00124358","06"
"2017092929","04","1","22B TYLER CT","","STREAMWOOD","IL","60107","RALPH RANIERI","6302481287","080000","","","","","N","","","","","","N","","","","","","","","1","00077949","08"
"2017072079","03","4","5331 MCANULTY ROAD","","PITTSBURGH","PA","15236","MICHAEL BROTHERS TRANSPORTATION","4128356428","056000","","","","","N","","","","","","U","","","","","","","","1","00240839","04"
"2017049476","99","4","191 ADRIAN SHERRETT ROAD","","ADRIAN","PA","16210","UNKNOWN","9999999999","","","","","","","","","","","","U","","","","","","","","1","","99"
"2017134823","04","5","3251 BATH PIKE","","NAZARETH","PA","18064","HANSON READY MIX INC","5406653286","073280","","","","","N","","","","","","N","","","","","","","","1","01977251","09"
"2017106363","04","4","2255 PA-217","","BLAIRSVILLE","PA","15717","TAYLOR SERVICES","7244598901","073280","","","","","N","","","","","","N","","","","","","","","2","00120871","04"
"2017121091","03","3","2197 DUSS AVE","","AMBRIDGE","PA","15003","WASTE MANAGEMENT OF PENNSYLVANIA","7242662604","","","","","","N","","","","","","N","","","","","","","","1","","99"
"2017108934","02","4","7710 SCROGGS RD","","LISBON","OH","44432","KINNEY LANDSCAPING","7244808670","040000","","","","","N","","","","","","N","","","","","","","","1","99999999","03"
"2017108934","02","99","7306 N BAKER RD","","FREMONT","IN","46737","FEDEX FREIGHT","8004046297","072000","","","","","N","","","","","","N","","","","","","","","3","13765302","06"
"2017089234","03","4","415 UNITY CENTER RD","PO BOX 14004","PITTSBURGH","PA","15239","TAR WARS TRUCKING INC","7244684640","","","","","","N","","","","","","N","","","","","","","","2","02118643","04"
"2017052703","03","1","10 CHURCH STREET","","WHEATLAND","PA","16161","AIM NATIONLEASE","8002188183","025999","","","","","N","","","","","","N","","","","","","","","1","00597681","00"
"2017023666","02","8","2235 BEAVER AVENUE","","PITTSBURGH","PA","15233","PORT AUTHORITY OF ALLEGHENY COUN","4125665500","","","","","","N","","","","","","N","","A-00976060","","","","","","1","","11"
"2017104762","02","8","2235 BEAVE AVENUE","","PITTSBURGH","PA","15233","PORT AUTHORITY ALLEGHENY COUNTY","4124422000","","","","","","N","","","","","","N","","A-00976060","","","","","","2","","11"
"2017017304","01","99","19-29 SHINGISS STREET","","MCKEES ROCKS","PA","15136","TONY SAVATT INC","4123311222","","","","","","","","","","","","","","","","","","","","2","0ZCS7395","99"
"2017075470","04","1","3495 SANGAMON AVE.","","SPRINGFIELD","IL","62702","COCA-COLA INC.","7247437123","080000","","","","","N","","","","","","N","","","","","","","","3","00291145","08"
"2017130809","05","0","625 S 5TH AVE","","LEBANON","PA","17042","NEW PENN MOTOR EXPRESS LLC","7172742521","080000","","","","","N","","","","","","N","","","","","","","","2","00010670","08"
"2017064080","04","99","313 CAMP HORNE RD","","PITTSBURGH","PA","15202","BRS ROLL OFF SERVICES LLC","4127660834","073280","","","","","N","","","","","","N","","","","","","","","1","00887274","04"
"2017125009","99","1","UNKNOWN","","UNKNOWN","ZZ","99999","UNKNOWN","9999999999","","","","","","N","","","","","","","","","","","","","","1","","03"
"2017135491","02","1","102 ROBERTS LN","","BADEN","PA","15005","RONALD TRAUPMAN","7245063864","026000","","","","","N","","","","","","N","","","","","","","","2","01738977","03"
"2017095145","03","8","2235 BEAVER AVE","","PITTSBURGH","PA","15233","PORT AUTHORITY OF ALLEGHENY COUN","4122551385","026000","","","","","N","","","","","","N","","A-00976060","","","","","","2","","11"
"2017015690","99","6","10701 MIDDLEBELT ROAD","","ROMULUS","MI","48174","RBS ASSET FINANCE INC","8103382543","080000","","","","","N","","","","","","Y","","","","","","","","1","","08"
"2017137857","05","3","12810 CORAL CIR","","PITTSBURGH","PA","15235","PAUL J MCMILLIAN","4127211295","","","","","","N","","","","","","N","","","","","","","","2","00122443","08"
"2017123282","03","4","2930 DUSS AVE.","","AMBRIGE","PA","15003","DIAMOND HEAD TRUCKING","7242665266","073280","","","","","N","","","","","","N","","A-8913415","","","","","","2","02127975","04"
"2017051650","99","99","12861 STATE ROUTE 30","","IRWIN","PA","15642","LASPINA LAWN GARDEN & TURF EQU","9999999999","","","","","","","","","","","","U","","","","","","","","2","","99"
"2017005930","04","8","345 SIXTH AVE","","PITTSBURGH","PA","15222","ALLEGHENY COUNTY PORT AUTHORITY","4124422000","","","","","","N","","","","","","N","","A-00976060","","","","","","1","","11"
"2017121140","02","3","2833 NEW BEAVER AVE","","PITTSBURGH","PA","15233","DUQUESNE LIGHT COMPANY","4123936032","018750","","","","","N","","","","","","N","","","","","","","","1","00413803","03"
"2017074522","02","3","3930 CENTER AVE","","HOMESTEAD","PA","15120","DEMATTEO SEAL COATING INC","4125809849","015000","","","","","N","","","","","","N","","","","","","","","1","02296082","06"
"2017073749","05","3","6640 MELTON ROAD","","PORTAGE","IN","46368","CHROME DEPOSIT CORP","2197631571","080000","","","","","N","","","","","","N","","","","","","","","1","00240135","06"
"2017054275","03","99","PO BOX 10048","","FORT SMITH","AR","729170048","ABF SYSTEMS, INC","8007556486","014500","","","","","N","","","","","","N","","","","","","","","2","00082866","06"
"2017025732","02","1","1800 PREEBLE AVE.","","PITTSBURGH","PA","15233","EXPERT SHIPPING & LOGISTICS LLC","7043455376","","","","","","N","","","","","","N","","","","","","","","1","02521966","03"
"2017123468","03","1","629 WEST MAIN STREET","PO BOX 269","GROVE CITY","PA","16127","GEORGE  J HOWE CO INC","7244584804","054900","","","","","N","","","","","","N","","","","","","","","2","00051704","04"
"2017043668","05","1","553 SOUTH JOLIET ROAD","","BOLINGBROOK","IL","60440","FTC TRANSPORT INC","6307839200","080000","","","","","N","","","","","","N","","","","","","","","1","01052218","08"
"2017067026","05","1","7066 STATE ROUTE 83","","HOLMESVILLE","OH","44633","WEAVER TRUCKING","3307631919","080000","","","","","N","","","","","","N","","","","","","","","2","02171351","06"
"2017101730","02","4","3427 CLOVER LN","","NEW CASTLE","PA","16105","OHIO VALLEY SEALCOATING","7246148054","","","","","","N","","","","","","N","","","","","","","","1","99999999","06"
"2017101117","03","4","522 CORAL ST.  PO BOX 5788","","PITTSBURGH","PA","15208","BRETT KANE","4127155686","073280","","","","","N","","","","","","U","","","","","","","","2","02828481","99"
"2017116833","99","1","44 AMSLER AVE","","SHIPPENVILLE","PA","16254","CLARION BATHWART","8145160514","","","","","","N","","","","","","N","","","","","","","","1","01131525","06"
"2017103029","99","1","UNKNOWN","","UNKNOWN","ZZ","99999","UNKNOWN","9999999999","","","","","","","","","","","","U","","","","","","","","1","00999999","09"
"2017111118","05","1","1728 ROUTE 30","","CLINTON","PA","15026","DIAMOND CARGO EXPRESS","4127220760","080000","","","","","N","","","","","","N","","A-00121989","","","","","","1","01325605","08"
"2017135248","99","99","15 MULBERRY WAY,PO BOX","","MUSE","PA","15350","COLON","9999999999","011200","","","","","N","","","","","","N","","","","","","","","1","","05"
"2017029153","05","1","1111 GRINNELL PLACE","","BRONX","NY","10459","ARBOR LITE LOGISTICS","9143847893","080000","","","","","N","","","","","","N","","","","","","","","2","02418415","06"
"2017126340","03","1","217 E VIEW DR","","MT PLEASANT","PA","15666","FED EX","7246963652","007690","","","","","N","","","","","","N","","","","","","","","1","00239039","08"
"2017050088","05","99","4365 STATE ROUTE 819","","AVONMORE","PA","15618","PAUL E BOWMAN","7278895367","080000","","","","","N","","","","","","N","","A-00108395","","","","","","1","00120871","08"
"2017044258","02","3","2104 W. EPLER AVENUE","","INDIANAPOLIS","IN","46217","MOBILE MINI INC","9999999999","054999","","","","","N","","","","","","N","","","","","","","","2","00344465","08"
"2017006461","05","3","PO BOX 17880","","N LITTLE ROCK","AR","72117","OAKLEY TRUCKING INC","3182296334","080000","","","","","N","","","","","","N","","","","","","","","2","00003259","08"
"2017119413","99","99","100 GLOBAL VIEW DRIVE S","","WARRENDALE","PA","15086","MR FLUSH LLC","8008041408","018000","","","","","N","","","","","","N","","","","","","","","1","","98"
"2017061038","03","3","570 N THIRD ST","","JESUP","GA","31545","SEER FARMS","4786764154","080000","","","","","N","","","","","","Y","","","","","","","","1","02003831","08"
"2017014553","03","99","3156 BLACK GAP RD","","CHAMBERSBURG","PA","17202","HARRY MUMMA","9999999999","","","","","","N","","","","","","N","","A-00999999","","","","","","2","","04"
"2017083413","02","3","109 MCCLURE STREET","","DRAVOSBURG","PA","15034","C&D TOWING","4127511323","","","","","","N","","","","","","N","","A-00123372","","","","","","2","00536207","99"
"2017115663","03","1","1600 SE 66TH ST","","OKLAHOMA","OK","731495236","JB HUNT TRANSPORT INC","8004524868","065000","","","","","N","","","","","","N","","","","","","","","1","00080806","08"
"2017100496","02","8","2235 BEAVER AVENUE","","PITTSBURGH","PA","15233","PORT AUTHORITY","4124422000","","","","","","N","","","","","","N","","A-00976060","","","","","","2","","11"
"2018015819","99","1","632 HUT VLY CIR","","NEW KENSINGTON","PA","15068","SWANK CONSTRUCTION CO LLC","7243356000","025500","","","","","N","","","","","","N","","","","","","","","1","02145870","02"
"2017062354","02","6","3208 MARY ST","","ARDARA","PA","15615","PHILIP NACE","7243316491","030500","","","","","N","","","","","","N","","A-8919870","","","","","","2","02411317","06"
"2017026687","02","1","1021 BROAD STREET","","NORTH VERSAILLES","PA","15137","FIRE DEPARTMENT OF NORTH VERSAIL","4128239666","053800","","","","","N","","","","","","N","","","","","","","","2","99999999","03"
"2017060424","04","6","15134 KALLASTE DR","","PHILADELPHIA","PA","19116","GLOBAL XPRESS LLC","2679784276","025950","","","","","N","","","","","","N","","","","","","","","1","02569190","08"
"2017133855","05","1","400 NW 56TH STREET","","LINCOLN","NE","68528","CRETE CARRIER","4124759521","080000","","","","","N","","","","","","N","","","","","","","","1","00073705","06"
"2017016073","02","8","1110 MIDDLESEX ST","","GIBSONIA","PA","15044","STUDENT TRANSPORTATION OF AMERIC","7244447766","330000","","","","","N","","","","","","N","","","","","","","","2","","11"
"2017104079","03","4","1000 AIRPORT BLVD","","MOON TWP","PA","15108","WELLINGTON POWER CORPORATION","7247794000","044000","","","","","N","","","","","","N","","","","","","","","2","00654734","00"
"2017132181","05","3","40 FM 1960 W #388","","HOUSTON","TX","77090","NTREST LOGISTICS","7135166000","080000","","","","","N","","","","","","N","","","","","","","","1","01997784","08"
"2017072398","02","1","2875 W LIBERTY AVENUE","","PITTSBURGH","PA","15216","DORMONT APPLIANCE CENTER INC","4125319700","017995","","","","","N","","","","","","N","","","","","","","","2","02099772","03"
"2017081605","02","0","8541 PETERS ROAD UNIT 2","","CRANBERRY TOWNSHIP","PA","16066","AIR STAR TRANSPORTION","4125126520","","","","","","N","","","","","","N","","","","","","","","1","01819728","99"
"2017122142","02","8","345 6TH AVE","","PITTSBURGH","PA","15222","PORT AUTHORITY ALLEGHRNY COUNTY","4124422000","034900","","","","","N","","","","","","N","","A-00976060","","","","","","1","","11"
"2017090947","02","3","148 WARWICK DR","","PITTSBURGH","PA","15241","DAVID G CHERUP","9999999999","011400","","","","","N","","","","","","N","","","","","","","","1","99999999","03"
"2017002240","02","8","4859 STATE ROUTE 51","","BELL VERON","PA","15203","FIRST STUDENT","4124318747","033000","","","","","N","","","","","","N","","","","","","","","2","02099338","11"
"2017045288","02","4","102 DEMPE STREET","","MCDONALD","PA","15057","DOUG BITTNER  T/A BITTNER CONCRE","4123523591","","","","","","N","","","","","","N","","","","","","","","1","02957297","03"
"2017007404","03","1","600 FRANKLIN DRIVE","","HOUSTON","MS","38851","FRANKLIN LOGISTICS CO., LLC","6624565776","018958","","","","","N","","","","","","N","","A-00176119","","","","","","1","00165537","08"
"2017064320","02","1","3483 PITTSBURGH RD.","","PERRYOPOLIS","PA","15473","HERRS FOODS","7247364483","010000","","","","","N","","","","","","N","","A-00999999","","","","","","1","99999999","03"
"2017043349","02","1","971 BBRIARSDALE RD","","HARRISBURG","PA","17109","RYDER TRUCK RENTAL LT","4123241065","030000","","","","","N","","","","","","N","","","","","","","","2","00575242","09"
"2017000831","02","8","1850 GILL HALL ROAD","","FINLEYVILLE","PA","15332","MATHEWS BUS CO.","4123418288","015703","","","","","N","","","","","","N","","A-00121306","","","","","","1","01245654","11"
"2017103093","02","1","1821 BEAVER AVE","","PITTSBURGH","PA","15233","UNITED PARCEL SERVICE","8007425877","016000","","","","","N","","","","","","N","","","","","","","","1","00021800","03"
"2017089594","04","1","1825 W 450 S","","COLUMBUS","IN","47201","CALADON TRUCKING SERVICES","3362134017","","","","","","N","","","","","","N","","","","","","","","2","41133414","08"
"2017102274","02","8","9 CRESCENT ST","","PITTSBURGH","PA","15223","AKS INC","4123398547","099999","","","","","N","","","","","","N","","","","","","","","1","99999999","11"
"2017068604","02","8","2235 BEAVER AVE","","PITTSBURGH","PA","15233","PORT AUTHORITY OF ALLEGHENY COUN","4122377000","","","","","","N","","","","","","N","","A-00976060","","","","","","2","","11"
"2017029243","02","8","2250 OLD OAKDALE RD.","","MCDONALD","PA","15057","SOUTH FAYETTE TWP. SCHOOL DIST.","4122214452","031000","","","","","N","","","","","","N","","","","","","","","3","","11"
"2017114960","03","8","2235 BEAVER AVENUE","","PITTSBURGH","PA","15233","PORT AUTHORITY OF ALLEGHENY","4125565500","040000","","","","","N","","","","","","N","","A-00976060","","","","","","1","","11"
"2017012644","02","8","13413 STATE ROUTE 422","","KITTANNING","PA","16201","AJ MEYES&SONS","7245485881","","","","","","N","","","","","","N","","A-00106393","","","","","","1","00281003","11"
"2017020734","02","3","108 LENOX DR","P O BOX 572","IMPERIAL","PA","15126","ROLAND TRUCKING INC","7246938986","","","","","","N","","","","","","N","","","","","","","","2","00670458","03"
"2017037893","03","99","1200 PEACHTREE ST NE BOX 131","","ATLANTA","GA","30309","NORFOLK SOUTHERN RAILWAY COMPANY","4045826204","053220","","","","","N","","","","","","N","","","","","","","","1","00322521","04"
"2017090041","02","8","200 HAHN RD","PITTSBURGH","PITTSBURGH","PA","15209","FIRST STUDENT","4128210300","","","","","","N","","","","","","N","","","","","","","","1","","11"
"2017087403","03","0","11670 NW 105TH ST.","","MIAMI","FL","33178","RYDER TRUCK RENTAL","4129284150","","","","","","N","","","","","","N","","","","","","","","3","00016130","07"
"2017124545","99","99","BOX 65","","CIRCLEVILLE","WV","26804","HINKLE TRUCKING","9999999999","999999","","","","","N","","","","","","U","","","","","","","","1","","08"
"2017069782","02","8","2235 BEAVER AVE","","PITTSBURGH","PA","15233","ALLEGHENY COUNTY PORT AUTHORITY","4124422000","","","","","","N","","","","","","N","","","","","","","","2","99999999","11"
"2017022774","02","99","110 LENZNER COURT","","SEWICKLEY","PA","15143","LENZNER TOURS","4127617000","","","","","","N","","","","","","N","","","","","","","","1","00583785","98"
"2017044599","02","8","2235 BEAVER AVE.","","PITTSBURGH","PA","15233","PORT AUTHORITY TRANSIT-ALLEGHENY","4125665214","026000","","","","","N","","","","","","N","","A-00976060","","","","","","3","","11"
"2017099172","04","5","606 NCCIRNUCJ AVE","","CONNELLSVILLE","PA","15425","STONE AND COMPANY INC","8002662738","073280","","","","","N","","","","","","N","","A-00115059","","","","","","1","00896842","04"
"2017015888","03","3","106 W PEEPLES PO BOX 12","","SUMMERFIELD","IL","62289","MIKE SCHULTE TRUCK SERVICE INC","6188080095","080000","","","","","N","","","","","","N","","","","","","","","1","00641207","08"
"2017013284","02","1","971 BRIARDALE ROAD","","HARRISBURG","PA","17109","RYDER TRUCK RENTAL","8889979337","033000","","","","","N","","","","","","N","","A-00000000","","","","","","2","00427365","03"
"2017098841","05","0","500 OLD DOMINION WAY","","THOMASVILLE","NC","27360","OLD DOMINION FREIGHT LINE INC","7247473775","023617","","","","","N","","","","","","N","","","","","","","","2","00090849","06"
"2017044696","02","1","70 33RD ST","","PITTSBURGH","PA","15201","ATLANTIC INC","8554642732","026000","","","","","N","","","","","","N","","","","","","","","1","00006731","02"
"2017061499","02","8","2235 BEAVER AVENUE","","PITTSBURGH","PA","15233","PORT AUTHORITY OF ALLEGHENY COUN","4124422000","028667","","","","","N","","","","","","N","","A-00976060","","","","","","2","","11"
"2017004398","05","99","908 BROADWAY AVE","","MASURY","OH","44438","PI&I","3304484035","088000","","","","","N","","","","","","N","","","","","","","","1","00002222","08"
"2017050203","02","8","2235 BEAVER AVE","","PITTSBURGH","PA","15233","PORT AUTHORITY OF ALLEGHENY COUN","4126305703","039600","","","","","N","","","","","","N","","","","","","","","2","","11"
"2017079137","02","3","5807 STATE RD","","GIBSONIA","PA","15044","MALONE CONSTRUCTION COMPANY INC","7244436662","015000","","","","","N","","","","","","N","","","","","","","","2","00231732","03"
"2017138975","02","8","345 6TH AVE 3RD FLOOR","","PITTSBURGH","PA","15222","PORT AUTHORITY OF ALLEGHENY CNTY","4125565500","999999","","","","","N","","","","","","N","","A-00976060","","","","","","2","","11"
"2017139229","99","99","801 S 29TH ST","","HARRISBURG","PA","17111","VERIZON","9999999999","012000","","","","","N","","","","","","N","","","","","","","","1","","05"
"2017013358","04","8","345 SIXTH AVE","","PITTSBURGH","PA","15222","ALLEGHENY COUNTY PORT AUTHORITY","4124422000","","","","","","N","","","","","","N","","A-00976060","","","","","","2","","11"
"2017109494","03","4","93 LAFFERTY AVE","","PITTSBURGH","PA","15210","ARK TRANSPORT LLC","4129564979","073280","","","","","N","","","","","","N","","","","","","","","2","02942896","04"
"2017125531","02","8","1820 MCLAUGHLIN RUN RD","","PITTSBURGH","PA","15241","UPPER ST CLAIR SCHOOL DISTRICT","4128331600","030000","","","","","N","","","","","","N","","","","","","","","2","00952939","11"
"2017101950","02","8","415 REBECCA STREET","","MCKEESPORT","PA","15132","PENNSYLVANIA COACH LINES INC;","4126785113","","","","","","N","","","","","","N","","","","","","","","1","00465361","11"
"2017099431","04","8","2235 BEAVER AVENUE","","PITTSBURGH","PA","15233","PORT AUTHORITY OF ALLEGHENY CO","4122551385","","","","","","N","","","","","","N","","","","","","","","1","","11"
"2017125013","02","8","415 REBECCA ST","","MCKEESPORT","PA","15132","PA COACH LINES","4126640911","029800","","","","","N","","","","","","N","","","","","","","","3","00465361","11"
"2017083461","05","3","310 DIAMOND RD","","GROVE CITY","PA","16127","THOMAS CONSTRUCTION INC","7244501314","050000","","","","","N","","","","","","N","","","","","","","","2","00881247","08"
"2017046715","05","3","6232 VINE RD","","SESSER RD","IL","62884","PRI TRANSPORTATION","6186253417","080000","","","","","N","","","","","","N","","","","","","","","1","01057440","08"
"2017019506","99","99","UNKNOWN","","UNKNOWN","ZZ","99999","UNKNOWN","9999999999","999999","","","","","N","","","","","","U","","","","","","","","1","99999999","99"
"2017022837","04","8","345 SIXTH AVE 3RD FLOOR","","PITTSBURGH","PA","15222","PORT AUTHORITY OF ALLEGHENY CO","4124422000","","","","","","N","","","","","","N","","A-00976060","","","","","","1","","11"
"2017021893","02","4","978 ROUTE 910","","PITTSBURGH","PA","15238","JML LANDSCAPE MANAGEMENT INC","4127226718","016000","","","","","N","","","","","","N","","","","","","","","2","23976269","09"
"2017051428","02","1","101 OLD FRANKSTOWN ROAD","","PITTSBURGH","PA","15239","FIRST TRANSIT","4127936200","","","","","","N","","","","","","N","","","","","","","","1","01002211","98"
"2017056065","04","7","400 NORTH BRANCH ROAD","","OAKDALE","PA","15071","NORTH FAYETTE TOWNSHIP","4127884888","073280","","","","","N","","","","","","N","","","","","","","","1","","04"
"2017078015","02","8","2235 BEAVER AVE","","PITTSBURGH","PA","15233","PORT AUTHORITY OF ALLEGHENY CO","4124422000","","","","","","N","","","","","","N","","A-00976060","","","","","","2","","11"
"2017021833","02","4","2340 RIDGE RD","","FINLEYVILLE","PA","15332","RT 51 LANDSCAPE AND SUPPLY CO","4128125114","019500","","","","","N","","","","","","N","","","","","","","","1","02342973","03"
"2017105673","05","2","1861 TERRY DRIVE","","JOILET","IL","60436","QUALITY CARRIERS INC.","8005458265","080000","","","","","N","","","","","","N","","","","","","","","1","00076600","08"
"2017104481","02","1","1500 TRUMBULL AVE.","","GIRARD","OH","44420","AIM LEASING CO.","7245431418","026000","","","","","N","","","","","","N","","","","","","","","1","00597681","03"
"2017104481","02","1","318 CENTRAL CITY PLZ","","NEW KENSINGTON","PA","15068","RENT A CENTER","7243399774","010000","","","","","N","","","","","","N","","","","","","","","2","","03"
"2017057213","02","8","2235 BEAVER AVENUE","","PITTSBURGH","PA","15233","PORT AUTHORITY OF ALLEGHENY COUN","4124422000","","","","","","N","","","","","","N","","A-00976060","","","","","","2","","11"
"2017000528","05","2","750 CR 15ELKHART INDIANA","","ELKHART","IN","46516","OLD DOMINION TRUCK LEASING","9999999999","080000","","","","","N","","","","","","N","","A-00999999","","","","","","1","99999999","08"
"2017061415","03","1","531 MEADOW RD","","LEHIGH ACRES","FL","33973","LOUIS TRANSPORT LLC","2394625440","080000","","","","","N","","","","","","N","","","","","","","","2","02006141","08"
"2017082913","02","8","2235 BEAVER AVE","","PITTSBURGH","PA","15233","PORT AUTHORITY OF ALLEGHENY CO","4124422000","","","","","","N","","","","","","N","","A-00976060","","","","","","2","","11"
"2018008066","99","99","1623 MIDDLE RD EXT","","GIBSONIA","PA","15044","ROADSAFE","7244437767","","","","","","N","","","","","","N","","","","","","","","2","00717663","09"
"2017090571","02","8","345 6TH AVENUE 3RD FLOOR","","PITTSBURGH","PA","15222","PORT AUTHORITY OF ALLEGHENY COUN","4124422000","039600","","","","","N","","","","","","N","","A-00976060","","","","","","2","","11"
"2017105396","03","3","265 AIRPORT RD","","MT. PLEASANT","PA","15666","KEEFER TRUCKING LLC","7249722601","","","","","","N","","","","","","N","","","","","","","","2","00250522","08"
"2017129128","05","2","601 6TH AVE","","ST ALBANS","WV","25177","KENTUCKY NATURAL RESOURCES","3047298001","080000","","","","","N","","","","","","N","","","","","","","","2","02207743","09"
"2017054732","05","1","10900 BELMONT AVE SUITE","","FRANKLIN PARK","IL","60131","MG LOGISTICS INC.","8472092211","080000","","","","","N","","","","","","N","","","","","","","","1","01346846","08"
"2017137173","03","6","400 MILEY ROAD","","NORTH LIMA","OH","44452","B AND T EXPRESS INC","4126537861","","","","","","N","","","","","","U","","","","","","","","1","00285442","08"
"2017112893","04","4","5153 DELFORD STREET","","PITTSBURGH","PA","15207","STEEL CITY TRUCKING LLC","4127575475","027500","","","","","N","","","","","","N","","A-8920194","","","","","","2","02933066","04"
"2017012260","05","3","4200 INDUSTRIAL BLVD","","ALIQUIPPA","PA","15001","PGT TRUCKING INC","8008376514","","","","","","N","","","","","","N","","","","","","","","2","00192897","06"
"2017109054","03","5","236 WINFIELD ROAD","","SARVER","PA","16055","WAYNE W SELL CORP","7245843860","080000","","","","","N","","","","","","N","","","","","","","","2","00098033","04"
"2017116616","04","4","1525 BROADHEAD ST.","","PITTSBURGH","PA","15206","LEVITT TRUCKING INC.","4129192690","073280","","","","","N","","","","","","N","","","","","","","","2","02814992","04"
"2017134687","02","8","P O BOX 180","","CINCINNATI","OH","45201","FIFTH THIRD EQUIPMENT COMPANY","5135795203","","","","","","N","","","","","","N","","","","","","","","3","99999999","10"
"2017128957","02","4","ROOM 526, CITY COUNTY BUILDING","","PITTSBURGH","PA","15219","CITY OF PITTSBURGH LEASING AUTHO","4122552640","058000","","","","","","","","","","","","","","","","","","","1","","03"
"2017063184","05","99","1814 HOLLINS ROAD","","ROANOKE","VA","24012","HIGHWAY MORORS IDEALEASE","5402870679","052000","","","","","N","","","","","","N","","","","","","","","1","00758312","06"
"2017010422","99","3","UNKNOWN","","UNKNOWN","ZZ","99999-9999","UNKNOWN","9999999999","999999","","","","","N","","","","","","N","","","","","","","","1","99999999","99"
"2017079202","02","99","1200 PENN AVENUE","","PITTSBURGH","PA","15222","PITTSBURGH WATER AND SEWER AUTHO","4122552423","005000","","","","","N","","","","","","N","","","","","","","","2","","99"
"2017009473","03","1","3503 UNION STREET,","","MINERAL RIDGE","OH","44440","ROOD TRUCKING","3306523519","","","","","","N","","","","","","N","","","","","","","","1","00014480","08"
"2017044259","04","2","113 LEE VALLEY RD","","DERRY","PA","15627","DICKSON BULK SERVICES INC","7245398840","080000","","","","","N","","","","","","N","","A-00119707","","","","","","1","00511520","06"
"2017083207","03","7","291/2 ST.","AVRR ST.","PITTSBURGH","PA","15201","CITY OF PGH.","4122558636","058400","","","","","N","","","","","","N","","A-9999999","","","","","","2","99999999","04"
"2017025431","03","1","6500 W INDUSTRIAL HWY","","GARY","IN","46406","SWIFT TRANSPORTATION","7178657070","017500","","","","","N","","","","","","N","","A-00165859","","","","","","2","00054283","08"
"2017110138","04","4","1251 RUSSELLTON RD PO B","","CHESWICK","PA","15024","TESONE TRANSPORT INC","7248599365","073280","","","","","N","","","","","","N","","","","","","","","1","00507931","04"
"2017040257","05","1","57 INDUSTRIAL PARK DR","","HILLSVILLE","VA","24343","ANDCO LOGISTICS","2762663421","080000","","","","","N","","","","","","N","","","","","","","","1","02540309","08"
"2017030244","02","8","200 KENDALL ST","","CORAOPOLIS","PA","15108","STUDENT TRANSPORTATION OF AMERIC","4122699970","009999","","","","","N","","","","","","N","","","","","","","","2","","11"
"2017068585","04","4","3000 GRAND AVE","125 E TAMARACK ST","PITTSBURGH","PA","15225","JED TRUCKING","4127715555","073280","","","","","N","","","","","","N","","A-00113874","","","","","","1","00674081","04"
"2017068585","05","1","550 TRANSPORTATION DR","","HAZLETON","PA","18201","PERCHAK TRUCKING INC","5704548899","080000","","","","","N","","","","","","N","","A-0093544","","","","","","2","00038214","08"
"2017118387","05","2","200 SPEERS RD","","BELLE VERNON","PA","15012","SOURCE ONE TRANSPORTATION","8773702119","","3","","","","Y","1","","","","","N","","A-00117576","","","","","","2","00930620","08"
"2017069178","05","1","101 KAPPA DR","","PITTSBURGH","PA","15238","TALON LOGISTICS INC","4129193330","080000","","","","","N","","","","","","N","","","","","","","","2","00030237","08"
"2017023563","04","8","345 6TH AVENUE","","PITTSBURGH","PA","15222","ALLEGHENY COUNTY PORT AUTHORITY","4124422000","","","","","","N","","","","","","N","","A-00976060","","","","","","1","","11"
"2017080458","03","3","3379 STAFFORD ST","","PITTSBURGH","PA","15204-1441","BEITLER TRUCKING INC","4127714204","080000","","","","","N","","","","","","N","","","","","","","","2","00335946","08"
"2017046137","02","8","2235 BEAVER AVENUE","","PITTSBURGH","PA","15233","PAAC","4124422000","039000","","","","","N","","","","","","N","","A-00976060","","","","","","2","","11"
"2017069241","05","1","1065 BLOOMFIELD RD","","BOARDSTOWN","KS","40009","TRADE WINDS TRANSIT","5023482640","","","","","","N","","","","","","N","","","","","","","","2","00193777","06"
"2017045183","05","1","324 HAYES RD","VINCENT","VINCENT","OH","45784","JADE TRANSPORTATION","7403361361","","","","","","N","","","","","","N","","","","","","","","2","02591723","08"
"2017076794","05","3","13410 SUTTON PARK DR SO","","JACKSONVILLE","FL","32224","LANDSTAR INWAY INC","8008729400","","","","","","","","","","","","N","","","","","","","","2","00216939","08"
"2017090090","05","3","908 BROADWAY ST EXT","","MASBURY","PA","44438","PI&I MOTOR EXPRESS","3304484035","080000","","","","","N","","","","","","N","","","","","","","","1","00122443","08"
"2017020221","02","99","908 S FRONT STREET","","HAMILTON","OH","45011","SILVESTRE HOUSEKEEPING","4125922621","","","","","","N","","","","","","N","","","","","","","","1","25118100","98"
"2017044055","05","1","2601 ROCHESTER RD","","BUTLER","PA","16066","WARREN C SAUERS CO INC","8002451944","068000","","","","","N","","","","","","N","","A-0101575","","","","","","2","00098027","06"
"2017033990","05","1","217 GRAND AVE","","SUPERIOR","WI","54880","HALVOR LINES INC","7157033877","080000","","","","","N","","","","","","N","","","","","","","","1","00075250","08"
"2017004093","05","2","236 WINFIELD RD","","SAVER","PA","16055","WAYNE SELL CORP","7243529441","080000","","","","","N","","","","","","N","","A-00093415","","","","","","1","00098033","08"
"2017037262","05","1","6675 LOW STREET","","BLOOMSBURG","PA","17815","METROPOLITAN TRUCKING INC","8009672338","045500","","","","","N","","","","","","N","","","","","","","","1","00039717","08"
"2017096363","05","3","1145 STATE RT 31","","MT. PLEASANT","PA","15666","GULISEK CONSTRUCTION","7246963341","","","","","","N","","","","","","N","","","","","","","","3","00705015","08"
"2017098877","02","1","8520 NORTH GEORGETOWN ROAD","","INDIANAPOLIS","IN","46268","PENSKE","5598178316","026000","","","","","N","","","","","","U","","","","","","","","2","00327574","03"
"2017039301","03","7","5331 MCANULTY ROAD","","PITTSBURGH","PA","15236","MICHAEL BROTHERS TRANSPORTATION","9999999999","056000","","","","","N","","","","","","N","","","","","","","","2","02408389","04"
"2017114428","04","1","1799 PLAINFIELD DR","","DES PLAINES","IL","60018","AN ENTERPRISE INC","9174360538","","","","","","N","","","","","","N","","","","","","","","2","01750906","08"
"2017028701","02","8","2235 BEAVER AVE","","PITTSBURGH","PA","15222","PORT AUTHORITY OF ALLEGHENY COUN","4124422000","","","","","","N","","","","","","N","","A-00976060","","","","","","2","","11"
"2017028755","06","2","234 DEANVILLE ROAD","","NEW BETHLEHEM","PA","16242","T & D SHUMAKER TRUCKING INC","8142277956","","","","","","N","","","","","","U","","","","","","","","1","04296375","06"
"2017099176","02","8","2235 BEAVER AVENUE","","PITTSBURGH","PA","15233","PORT AUTHORITY OF ALLEGHENY COUN","4125665500","050000","","","","","N","","","","","","N","","A-00976060","","","","","","1","","11"
"2017090586","99","99","44 RHODES AVE","","PITTSBURGH","PA","15220","PORT AUTHORITY","4124918158","","","","","","N","","","","","","N","","","","","","","","1","99999999","99"
