"CRN","AXLE_CNT","CARGO_BD_TYPE","CARRIER_ADDR_1","CARRIER_ADDR_2","CARRIER_ADDR_CITY","CARRIER_ADDR_STATE","CARRIER_ADDR_ZIP","CARRIER_NM","CARRIER_TEL","GVWR","HAZMAT_CD1","HAZMAT_CD2","HAZMAT_CD3","HAZMAT_CD4","HAZMAT_IND","HAZMAT_REL_IND1","HAZMAT_REL_IND2","HAZMAT_REL_IND3","HAZMAT_REL_IND4","ICC_NUM","OSIZE_LOAD_IND","PERMITTED","PUC_NUM","SPECIAL_SIZING1","SPECIAL_SIZING2","SPECIAL_SIZING3","SPECIAL_SIZING4","TYPE_OF_CARRIER","UNIT_NUM","USDOT_NUM","VEH_CONFIG_CD"
"2019080393","03","0","1216 2ND STREET","","PITTSBURGH","PA","15444","MARK MILLER","7245505978","999999","","","","","N","","","","","","N","","","","","","","","3","","08"
"2019056940","03","0","200 RANGOS LANE","","WASHINGTON","PA","15301","WASTE MAMAGEMENT OF PENNSYLVANIA","8442792503","999999","","","","","N","","","","","","N","","","","","","","","1","00344050","04"
"2019076395","03","0","501 SEMINOLE ST","","LESTER","PA","19029","ALLSTATE CAREER","8556367847","080000","","","","","","","","","","","N","","","","","","","","1","00402805","07"
"2019075204","02","8","2500 CLYDE AVE","","NORTH VERSAILLES","PA","15137","S&S TRANSIT INC","4128297627","999999","","","","","N","","","","","","N","","","","","","","","1","","11"
"2019072552","02","8","1370 WASHINGTON PIKE","","BRIDGEVILLE","PA","15017","STATE OF PENNYSLVANIA","9999999999","999999","","","","","N","","","","","","N","","","","","","","","1","","11"
"2019012605","05","1","1923 WORTHINGTON DRIVE","","FORT WAYNE","IN","468445800","LAROCHE CARRIER LLC","3177027818","080000","","","","","N","","","","","","U","","","","","","","","1","02167883","08"
"2019114373","03","3","3801 OLD GREENWOOD RD","","FORT SMITH","AR","72903","ABF FREIGHT SYSTEM","4129288270","080000","","","","","N","","","","","","N","","","","","","","","2","00082866","08"
"2019053054","03","7","4985 BAKERSTOWN CULMERVILLE RD","","TARENTUM","PA","15084","MORROW REFUSE","7242652491","058400","","","","","N","","","","","","N","","","","","","","","2","00400538","04"
"2019101889","03","1","7135 CENTENNIAL PL","","NASHVILLE","TN","37209","WESTERN EXPRESS","8003167160","080000","","","","","N","","","","","","N","","","","","","","","1","00511412","08"
"2019034127","03","1","226 MOUNT MORRIS RD","","MT MORRIS","PA","15349","JACKS AUTO","7248633420","080000","","","","","N","","","","","","N","","","","","","","","3","00440131","08"
"2019107883","02","1","73A NOBLESTOWN RD","","CARNEGIE","PA","15106","BFI WASTE SERVICES OF PENNSYLVAN","4124292600","025999","","","","","N","","","","","","N","","","","","","","","1","00962087","03"
"2019017781","04","3","1306 MAIN ST","","CRESCENT","PA","15046","IRON CITY EXPRESS","7244572727","073280","","","","","N","","","","","","N","","26271","","","","","","1","00304898","04"
"2019023617","02","8","201 HAHN RD","","PITTSBURGH","PA","15223","ABC TRANSIT","4126510238","999999","","","","","N","","","","","","N","","348","","","","","","3","02420569","10"
"2019054796","02","1","2675 MORGANTOWN ROAD","","READING","PA","19607","PENSKE","2035962949","999999","","","","","N","","","","","","N","","","","","","","","2","","03"
"2019120244","04","1","182 STEVENSON RD","","RENFREW","PA","16053","CRIDER TRUCK LEASING INC","7244863466","080000","","","","","N","","","","","","N","","","","","","","","1","00435289","08"
"2019115821","03","4","75809 OLD 21 ROAD","","KIMBOLTON","OH","43743","M D BELL TRUCKING","3304079550","999999","","","","","N","","","","","","N","","483476","","","","","","1","01224018","08"
"2019004569","02","99","5325 PERRY HWY","","PITTSBURGH","PA","15229","ROSS WEST VIEW EMS","4129318200","045000","","","","","N","","","","","","N","","","","","","","","2","99999999","03"
"2019012060","02","0","3229 BABCOCK BLVD","","PITTSBURGH","PA","15237","BURNHAM INDUSTRIAL CONTRACTORS","4123666622","026000","","","","","N","","","","","","N","","","","","","","","2","74241647","00"
"2019069973","02","0","4890 GRAND AVE.","","PGH","PA","15225","PENSKE TRUCK RENTAL","4122622552","080000","","","","","N","","","","","","N","","","","","","","","1","00345157","07"
"2019019110","05","2","4320 DARK SHADE DR","","WINDBER","PA","15963","DIESEL TRANS","8144678105","080000","3","","","","Y","9","","","","","N","","","","","","","","2","01063926","08"
"2019095466","04","4","3370 STATE ROUTE 18","","HOOKSTOWN","PA","150501608","RAYMOND BROWN TRUCKING","7249475200","073280","","","","","N","","","","","","N","","","","","","","","1","00155165","04"
"2019058093","05","3","3400 W 4TH AVE","","GARY","IN","46406","PGT TRUCKING","7247283500","080000","","","","","N","","","","","","N","","","","","","","","2","00192897","08"
"2019048502","05","3","PO BOX  920","","WEEDSPORT","NY","13166","PAGE TRANSPORTATION INC","7246149196","073280","","","","","N","","","","","","N","","","","","","","","1","00211745","08"
"2019048502","03","1","1 JOHN ST","","MCKEES ROCKS","PA","15136","RED DIAMOND TOWING","4125233043","026000","","","","","N","","","","","","N","","","","","","","","2","01738977","04"
"2019103841","02","8","714 EKASTOWN RD","","SARVER","PA","16055","ABC TRANSIT INC","4127824110","999999","","","","","N","","","","","","N","","A6416227","","","","","","2","02420569","11"
"2019059368","02","3","1037 WINFIELD RD","","CABOT","PA","16023","RONALD GROSS INC","7249238194","080000","","","","","N","","","","","","N","","","","","","","","1","00042987","08"
"2019042416","02","1","2127 REISER AVE SE","","NEW PHILADELPHIA","OH","44663","THE FREEPORT PRESS INC","3303083300","025999","","","","","N","","","","","","N","","","","","","","","1","01561265","03"
"2019127648","02","8","2235 BEAVER AVE","","PITTSBURGH","PA","15233","PORT AUTHORITY OF ALLEGHENY CO","4124422000","999999","","","","","N","","","","","","N","","A00976060","","","","","","1","","13"
"2019039266","02","8","415 REBECCA ST","","MCKEESPORT","PA","15134","PENNSYLVANIA COACH LINES","4122778778","999999","","","","","N","","","","","","N","","","","","","","","2","","11"
"2019033301","03","1","P O BOX 35707","","BILLINGS","MT","59107","GE CF TRUST","9999999999","080000","","","","","N","","","","","","N","","","","","","","","1","01131525","08"
"2019097023","03","4","1807 SHENANGO RD","","NEW GALILEE","PA","16141","P N M TRUCKING LLC","7249445965","080000","","","","","N","","","","","","N","","","","","","","","1","00418111","05"
"2019054412","02","1","UNKNOWN","","UNKNOWN","ZZ","15203","UNKNOWN","9999999999","999999","","","","","N","","","","","","N","","","","","","","","1","","05"
"2019066192","05","99","627 WEATHERSPOON LN","","SMITHFIELD","NC","27577-9641","LS TRUCKING","9193009627","","","","","","N","","","","","","N","","","","","","","","2","02134709","08"
"2019102839","03","4","1807 SHENANGO RD","","NEW GALILEE","PA","16141","PNM TRUCKING","7243361400","080000","","","","","N","","","","","","N","","","","","","","","1","01489817","09"
"2019051877","99","3","123 UNKNOWN DR","","UNKNOWN","OH","99999","UNKNOWN","9999999999","999999","","","","","N","","","","","","N","","","","","","","","1","","08"
"2019043988","05","1","31 SPRING RUN ROAD EXT","","CORAOPOLIS","PA","15108","GRAND SLAM TRUCKING INC","4122641954","080000","","","","","","","","","","","","","","","","","","","2","00969319","08"
"2019042295","04","1","67 HOOVER AVE","PO BOX 1043","DUBOIS","PA","15801","PARIS COMPANIES","8147151761","065000","","","","","N","","","","","","N","","","","","","","","2","01731565","08"
"2019128512","01","99","15376 SUMMIT AVE 1F OAKBROOK","","TERR","IL","60181","STEPHEN ALLEMANG","6143776688","012000","","","","","N","","","","","","N","","","","","","","","1","","05"
"2019057424","03","99","97 HARRIET ST","","BRACCOCK","PA","15104","TRITON HOLDINGS, LLC","7242445922","073280","","","","","N","","","","","","N","","","","","","","","1","02306709","04"
"2019084941","04","8","2235 BEAVER AVNUE","","PITTSBURGH","PA","15233","PORT AUTHORITY OF ALLEGHENY CO","4122551385","","","","","","N","","","","","","N","","","","","","","","1","","11"
"2019095792","02","8","9 CRESCENT ST","PITTSBURGH","PITTSBURGH","PA","15223","ALLEGHENY TRANSPORT SERVICE","4125984626","999999","","","","","N","","","","","","N","","","","","","","","1","","11"
"2019014253","04","0","1000 FRANK RD","","CIOLUMBUS","OH","43223","EXCELL TRUCKING LLC","6148261988","","","","","","N","","","","","","U","","","","","","","","1","02258095","08"
"2019077085","05","3","130 KEENEY LN","","YORK","PA","17406","ALRO STEEL","8888882576","068000","","","","","N","","","","","","N","","A-00165420","","","","","","6","00165420","08"
"2019038920","99","99","510 KITTANNING AVE DAYT","","DAYTON","PA","16222","K.L. MCINTIRE","7244032245","073280","","","","","N","","","","","","N","","A-0117704","","","","","","1","02086065","99"
"2019063438","02","0","521 NEW TEXAS RD","","PITTSBURGH","PA","15239","PHONES PLUS INC","4126091308","","","","","","N","","","","","","","","00000","","","","","","1","00000000","02"
"2019054786","05","2","PO BOX 157","","BETHEL PARK","PA","15102","MICHAEL BROTHERS TRANSPORTATION","4128356428","080000","","","","","N","","","","","","N","","","","","","","","2","02408389","08"
"2019122099","02","8","4900 CURRY RD","","PITTSBURGH","PA","15236","BALDWIN WHITEHALL SCHOOL DISTRIC","4128846300","","","","","","N","","","","","","N","","","","","","","","2","","12"
"2019067669","02","8","345 6TH AVE","","PITTSBURGH","PA","15222","ROBERT DISHONG","7246222966","022000","","","","","N","","","","","","N","","","","","","","","2","","11"
"2019013458","05","1","3100 INDUSTRIAL PARKWAY","","JEFFERSONVILLE","IN","47130","RYDER TRUCK RENTAL INC","6306945050","080000","","","","","N","","","","","","N","","","","","","","","2","00632608","08"
"2019064807","05","1","9503 EAST 33RD STREET","","INDIANAPOLIS","IN","46236","CELADON TRUCKING SERVICES LLC","3179727000","080000","","","","","N","","","","","","N","","","","","","","","1","00261902","08"
"2019123757","02","8","345 SIXTH AVENUE","","PITTSBURGH","PA","15222","PORT AUTHORITY ALLEGHENY COUNTY","4124422000","026000","","","","","N","","","","","","N","","A-00976060","","","","","","2","","13"
"2019128608","05","4","PO BOX 65","","CIRCLEVILLE","WV","26804","HINKLE TRUCKING INC","3045672908","080000","","","","","N","","","","","","N","","","","","","","","1","00085216","08"
"2019027761","04","1","7306 N BAKER ROAD","","FREMONT","IN","46737","FEDEX FREIGHT INC","7244491150","080000","","","","","N","","","","","","N","","","","","","","","2","00239039","08"
"2019097940","02","1","1407 BULLDOG DRIVE","","ALLENTOWN","PA","18104","MACK TRUCK LEASING SYSTEM-LEHIGH","6103956801","025950","","","","","N","","","","","","N","","","","","","","","2","00730341","03"
"2019102686","02","0","13413 STATE ROUTE 422","","KITTANNING","PA","16201","AJ MYERS & SONS INC","4126094186","999999","","","","","N","","","","","","N","","","","","","","","2","00068275","12"
"2019018352","02","1","1325 SCOTLAND AVE EXT.","","PUNXSUTAWNY","PA","15767","KRISE TRANSPORTATION","8149386200","005100","","","","","N","","","","","","N","","","","","","","","2","00550782","02"
"2019006131","05","3","4200 INDUSTRIAL BOULEVA","","ALIQUIPPA","PA","15001","PGT TRUCKING","7249871757","080000","","","","","N","","","","","","N","","","","","","","","1","00192897","06"
"2019016367","99","8","200 HAHN RD","","PITTSBURGH","PA","15209","FIRST STUDENT INC","9999999999","999999","","","","","N","","","","","","N","","","","","","","","2","","11"
"2020009425","03","4","7251 KLIER DR","","FAIRVIEW","PA","16415","STREUBER TRANSPORTATION INC","8148687148","010950","","","","","N","","","","","","N","","","","","","","","2","28122395","09"
"2019058626","03","7","5331 MCANULTY RD","","PITTSBURGH","PA","15236","MICHAELS BROTHERS","4128356428","999999","","","","","N","","","","","","N","","","","","","","","2","02408389","04"
"2019070996","04","1","565 BROADHOLLOW RD","","MELVILLE","NY","11747","VEHIFAX CORP","6314542323","040000","","","","","N","","","","","","N","","","","","","","","1","00078456","08"
"2019126697","03","0","1325 FREY RD","","PENN HILLS","PA","15235","PETRAKIS CONTRACTING","7243253369","","","","","","N","","","","","","N","","","","","","","","2","02338985","04"
"2019086354","03","0","CURRIE RD PO BOX 2","","PORTERSVILLE","PA","16051","M M LEASING INC","8144420572","999999","","","","","N","","","","","","N","","","","","","","","1","","04"
"2019103725","02","7","418 W ARCADIA DR","","PITTSBURGH","PA","15237","MCCANDLESS TOWNSHIP SANITARY AUT","","034500","","","","","N","","","","","","N","","9999999999","","","","","","2","","03"
"2019004401","02","4","3101 BROWNSVILLE RD","","SOUTH PARK","PA","15129","GEORGES SUPPLY INC","4128356123","019500","","","","","N","","","","","","N","","","","","","","","1","02104174","03"
"2019062172","02","1","6045 BRIDGETOWN RD","","CINCINNATI","OH","45248","POLAR ICE TRANSPORT","5408107790","999999","","","","","N","","","","","","N","","","","","","","","2","","03"
"2019042438","04","5","1409 MORAVIA ST","","NEW CASTLE","PA","16101","CASTLE BUILDERS SUPPLY & TRUCKIN","7245060249","073280","","","","","N","","","","","","N","","","","","","","","4","00272363","04"
"2019056786","02","99","1033 KELLY AVENUE","","AKRON","OH","44306","JW DIDADO ELECTRIC LLC","3303740070","054000","","","","","N","","","","","","N","","","","","","","","1","01511271","99"
"2019091863","02","99","801 MCNEILLY RD","","PITTSBURGH","PA","15226","FACCHIONO CONTRACTING","4123445503","011000","","","","","N","","","","","","N","","","","","","","","2","02091728","09"
"2019058845","99","8","9 CRESENT ST","","PITTSBURGH","PA","15223","AKS INC","9999999999","999999","","","","","N","","","","","","N","","","","","","","","1","","11"
"2019052517","99","0","270 ALPHA DR","","PITTSBURGH","PA","15238","MANDI FOOD INC","9999999999","033000","","","","","N","","","","","","N","","","","","","","","1","","09"
"2019106961","03","1","9200 E 146TH STREET","","NOBLESVILLE","IN","46060","J B HUNT TRANSPORT INC","3177730019","080000","","","","","N","","","","","","N","","","","","","","","2","00080806","08"
"2019094273","02","8","110 LENZNER COURT","","SEWICKLEY","PA","15143","TRANSPORTATION MANAGEMENT SERVIC","4127617000","","","","","","N","","","","","","N","","","","","","","","2","71151504","11"
"2019128142","05","99","1263 CHARTIERS AVENUE","","MCKEES ROCKS","PA","15136","BRYAN LOGISTICS","4123811170","080000","","","","","N","","","","","","N","","","","","","","","1","03047372","08"
"2019066511","05","1","6012 S. 233RD PLACE","","KENT","WA","98032","GV TRANSPORTATION","2067120790","080000","","","","","N","","","","","","N","","","","","","","","3","02518047","08"
"2019064890","02","99","2290 BUTLER PIKE","","PLYMOUTH MTG","PA","19462","DANELLA RENTAL SYSTEMS INC.","7243447246","056000","","","","","N","","","","","","N","","?","","","","","","2","00110987","04"
"2019069258","03","4","114 SPADE RD","","ROCHESTER","PA","15074","SCOBE WATER SER & TRUCKING INC","7247747610","073280","","","","","N","","","","","","N","","","","","","","","2","00379559","04"
"2019100590","03","3","232 MILLFORD LANE","","BLOOMINGDALE","IL","60108","NAFTA FREIGHT INC","6308939732","080000","","","","","N","","","","","","N","","","","","","","","2","02170295","08"
"2019110890","03","6","239 GREENWOOD ROAD","","ALTOONA","PA","16602","ALLEGHENY TRUCK INC.","8149443505","033000","","","","","N","","","","","","N","","00118057","","","","","","1","00333667","04"
"2019026166","99","99","3200 INDUSTRIES RD","","RICHMOND","IN","47374","XPO","8447425976","","","","","","N","","","","","","N","","","","","","","","2","00241829","06"
"2019023794","99","0","924 MAIN ST","","HARWICK","PA","15049","JOHN PAUL LESTER DBA LESTER TREE","9999999999","019500","","","","","N","","","","","","N","","","","","","","","1","","02"
"2019022781","05","99","125 WALCOTT DR","","GIBSONIA","PA","15044","DELLER PROFESSIONAL SERVICES INC","4128743907","080000","","","","","N","","","","","","N","","","","","","","","1","02801758","08"
"2019064783","03","1","111 KELSO RD","","MCDONALD","PA","15057","WOODWASTE RECYCLING LLC","9999999999","080000","","","","","N","","","","","","N","","","","","","","","1","00899783","08"
"2019064783","03","99","3690 ROUTE 30","","LATROBE","PA","15650","FOX &JAMES INC DBA FJ LEASING","9999999999","080000","3","","","","Y","1","","","","","N","","","","","","","","2","00811465","08"
"2019008334","03","2","47 BUCKLER RD","","ROULETTE","PA","16746","BUCKLER TRANSPORTATION INC","8145441400","080000","","","","","N","","","","","","N","","","","","","","","2","00474158","04"
"2019015601","99","8","99 BILOTT AVE","","NORTH HUNTINGDON","PA","15642","FIRST STUDENT INC","8552723222","010000","","","","","N","","","","","","N","","","","","","","","2","00354406","10"
"2019039953","02","1","8601 OLD PERRY HIGHWAY","","PITTSBURGH","PA","15237","CENTURY INTERIORS INC","4123667720","011500","","","","","N","","","","","","N","","NONE","","","","","","2","99999999","03"
"2019021702","03","1","390 LONG RUN RD","","AVONMORE","PA","15618","LLS LEASING","7247260500","073280","","","","","N","","","","","","N","","","","","","","","1","02485251","04"
"2019124550","03","99","11815 W BRADLEY RD","","MILWAUKEE","WI","53224","JACOBUS ENERGY LLC","5133109758","","0","","","","Y","2","","","","","N","","1993","","","","","","2","01139404","08"
"2019004518","01","1","1821 BEAVER AVE","","PITTSBURGH","PA","15233-2209","UNITED PARCEL SERVICE INC","7176975721","022100","","","","","N","","","","","","N","","","","","","","","1","00021800","09"
"2019064810","03","6","2250 PILOT KNOB RD","","MENDOTA HEIGHTS","MN","55120","RESTAURANT TECH INC","8779457378","049000","","","","","N","","","","","","N","","","","","","","","2","00868454","00"
"2019088377","02","8","120 EVERGREEN AVE","","PITTSBURGH","PA","15209","ABC TRANSIT","4128213000","999999","","","","","N","","","","","","N","","","","","","","","1","","11"
"2019005000","05","1","11415  CITRA CIR APT 106","","WINDMERE","FL","34786","EAGLE EXPRESS LLC","7866170065","080000","","","","","N","","","","","","N","","","","","","","","1","02511541","08"
"2019094578","05","1","4700 NW 2ND AVE #403","","BOCA RATON","FL","33431-4154","NEW BELGRADE LOISTICS LLC","5617019400","080000","","","","","N","","","","","","N","","","","","","","","1","02468544","08"
"2019049101","04","7","121 BRICKYARD RD","","MARS","PA","16046","VOGEL DISPOSAL SERVICE","7246251511","073280","","","","","N","","","","","","N","","A94955","","","","","","2","00290052","04"
"2019019287","02","8","2235 BEAVER AVE.","","PITTSBURGH","PA","15233","PORT AUTHORITY- ALLEGHENY CO.","4125665214","026000","","","","","N","","","","","","N","","A-00976060","","","","","","1","","11"
"2020110956","03","7","4859 STATE ROUTE 51 N","","ROSTRAVER","PA","15012","BIGS SANITATION INC","7243794331","058400","","","","","N","","","","","","N","","","","","","","","3","02099338","04"
"2019122454","03","0","275 MORGANTOWN RD","","READING","PA","19607","PENSKE TRUCK LEASING CO","7179621715","080000","","","","","N","","","","","","N","","","","","","","","1","00327574","04"
"2019033706","99","1","971 BRIARDALE RD","","HARRISBURG","PA","17109","RYDER TRUCK RENTAL LT","9999999999","014500","","","","","N","","","","","","N","","","","","","","","1","","02"
"2019033058","02","1","971 BRIARSDALE RD","","HARRISBURG","PA","17109","RYDER","9999999999","025999","","","","","N","","","","","","N","","","","","","","","1","","03"
"2019101248","02","1","15034 WARWICK BOULEVARD","","NEWPORT NEWS","VA","23608","BUDGET RENTAL TRUCK LLC.","7578865832","999999","","","","","N","","","","","","N","","","","","","","","1","01092543","03"
"2019038901","05","0","3887 NORTH US HWY 52","","LEBANON","IN","46052","USA TRUCK INC","8006432530","080000","","","","","N","","","","","","N","","","","","","","","1","00213754","08"
"2019097296","05","3","16 SMOOTHROACK TRAIL","","BRAMPTON","ON","L6R0S2","ALL DAYS TRANSPORT LTD","6475000061","","","","","","N","","","","","","N","","905518","","","","","","1","02584539","08"
"2019037051","02","8","2235 BEAVER AVE","","PITTSBURGH","PA","15233","PORT AUTHORITY ALLEGHENY COUNTY","4124422000","035719","","","","","N","","","","","","N","","A-00976060","","","","","","2","","11"
"2019057183","01","8","2235 BEAVER AVE","","PITTSBURGH","PA","15233","PORT AUTHORITY OF ALLEGHENY COUN","4124422000","","","","","","N","","","","","","N","","A-00976060","","","","","","2","","11"
"2019048291","01","8","2235 BEAVER AVE","","PITTSBURGH","PA","15233","PORT AUTHORITY OF ALLEGHENY CNTY","4124222000","999999","","","","","N","","","","","","N","","A-00976060","","","","","","2","","11"
"2019034125","02","8","573 BRODDOCK AVE. KEYSTONE COM","","E PITTSBURGH","PA","15112","PRN TRANSIT","8008608222","999999","","","","","N","","","","","","N","","","","","","","","2","","10"
"2019027543","99","1","299 RIDGE RD","","VALENCIA","PA","16059","TECHNOLOGY 4 U INC DBA BIG JOE","9999999999","019500","","","","","","","","","","","N","","","","","","","","2","","09"
"2019069186","02","8","2235 BEAVER AVE","","PITTSBURGH","PA","15233","PORT AUTHORITY OF ALLEGHENY COUN","4124422000","026000","","","","","N","","","","","","N","","A-00976060","","","","","","2","","11"
"2019123993","05","2","PO BOX 445","","SWEDESBORO","NJ","44004","AMERICAN TANK LEASING","8888849700","080000","","","","","N","","","","","","N","","","","","","","","1","00888666","08"
"2019046693","02","99","1623 MIDDLE ROAD EXT","","GIBSONIA","PA","15044","ROADSAFE TRAFFIC SYSTEMS","4127678830","007000","","","","","N","","","","","","N","","717663","","","","","","1","","02"
"2019123629","03","3","240 GIBRALTAR RD, STE 200","","HORSHAM","PA","19044","PACCAR FINANCIAL CORP","9999999999","080000","","","","","N","","","","","","N","","","","","","","","1","00008515","08"
"2019117522","05","1","25563 PALO CEDRO DR","","MORENO VALLEY","CA","92551","BRICENOS FREIGHT TRANSPORT LLC","9166577971","080000","","","","","N","","","","","","N","","","","","","","","1","02286018","08"
"2019117522","02","99","310 ALPHA DRIVE","","PITTSBURGH","PA","15238","THE A G MAURO COMPANY","4127826600","019500","","","","","N","","","","","","N","","","","","","","","3","00579711","02"
"2019120921","02","1","300 S. MAIN ST","","PITTSBURGH","PA","15215","FMS CONSTRUCTION","4127821170","012300","","","","","N","","","","","","N","","","","","","","","1","00429801","03"
"2019022451","02","4","3344 CHURCHVIEW AVE","","PITTSBURGH","PA","15227","BOROUGH OF BALDWIN","9999999999","999999","","","","","N","","","","","","N","","","","","","","","1","","03"
"2019094525","02","0","110 LENZNER CT","","SEWICKLEY PA","PA","15143","LENZNER COACH LINES","8003422349","","","","","","N","","","","","","N","","A00112590","","","","","","1","00583785","13"
"2019047246","02","8","2235 BEAVER AVE","","PITTSBURGH","PA","15235","PORT AUTHORITY OF ALLEGHENY COUN","4124422000","","","","","","N","","","","","","","","A-00976060","","","","","","2","","11"
"2019010577","03","1","7504 KNOLL ACRES RD.","","HANOVER","MD","21076","G AND C TRUCKING LLC","9175437235","080000","","","","","N","","","","","","N","","","","","","","","1","03112010","04"
"2019010577","02","3","4001 LEADENHALL RD.","","MT. LAUREL","NJ","08054","UNITED RENTALS 1800URRENTS","8778747475","080000","","","","","N","","","","","","N","","","","","","","","2","00899748","03"
"2019036113","03","99","715 WEST 172ND STREET","","SOUTH HOLLAND","IL","60473","EAGLE EXPRESS LINES INC--FIRM","7083338400","999999","","","","","N","","","","","","U","","","","","","","","3","","08"
"2019104154","04","4","6592 RT 119 HWY S","","BLAIRSVILLE","PA","15717","DAVIS TRANSPORT INC","7244799008","073280","","","","","N","","","","","","N","","109007","","","","","","2","01257764","04"
"2019004048","02","1","EQUIP 635-3027","","HARRISBURG","PA","17120","PENNDOT","7174125300","013000","","","","","N","","","","","","N","","","","","","","","2","99999999","03"
"2019076855","03","0","1000 FED EX DR","","MOON TWP","PA","15108","FED EX","4127478482","080000","","","","","N","","","","","","N","","","","","","","","1","02894022","07"
"2019076855","05","99","10 MAIN ST STE 112","","WOODBRIDGE","NJ","07095","AMHERST LOGISTICS","7322046457","080000","","","","","N","","","","","","N","","","","","","","","2","02894022","08"
"2019042789","04","4","384 OLD CURRY HOLLOW RD","","PITTSBURGH","PA","15236","POSTY TRUCKING COMPANY","4128922525","073280","","","","","N","","","","","","N","","A-00100443","","","","","","3","02083481","04"
"2019009956","03","8","345 6TH AVE","","PITTSBURGH","PA","15222","PORT AUTHORITY","4124422000","026000","","","","","N","","","","","","","","A-00976060","","","","","","2","","11"
"2019039887","05","99","4201 GRAND AVE","","PGH","PA","15225","SOVEREIGN SERVICES INC DBA ALL","4123316074","","","","","","","","","","","","","","999999","","","","","","1","00999999","08"
"2019021188","99","8","109 HIDDEN OAK DR","","MARS","PA","16046","GYMAGIC BUS INC","9999999999","999999","","","","","N","","","","","","N","","","","","","","","2","","11"
"2019087371","02","8","2500 CLYDE AVE","","NORTH VERSAILLES","PA","15137","S&S TRANSIT","4128297627","000000","","","","","N","","","","","","N","","N/A","","","","","","2","","10"
"2019033391","02","8","2235 BEAVER AVE.","","PITTSBURGH","PA","15233","PORT AUTHORITY-ALLEGHENY CO.","4125665214","026000","","","","","N","","","","","","N","","A-00976060","","","","","","2","","11"
"2019094063","03","3","1477 S FRANKLIN RD","","INDIANAPOLIS","IN","46239","FBM LOGISTICS","3173528170","040000","","","","","N","","","","","","N","","","","","","","","2","00037617","04"
"2019069612","02","8","2235 BEAVER AV","","PITTSBURGH","PA","15233","PORT AUTHORITY","4124422000","","","","","","N","","","","","","","","A-00976060","","","","","","1","","11"
"2020016439","99","99","3314 3RD ST","","DUNBAR","PA","15431","RE TRUCKING INC","9999999999","065000","","","","","N","","","","","","N","","","","","","","","2","","08"
"2019130513","02","0","830 ROUTE 910","","CHESWICK","PA","15024","ABC TRANSIT INCORPORATED","4128289000","032000","","","","","N","","","","","","N","","6416227","","","","","","3","02420569","12"
"2019064822","03","4","501 INDIAN SPRINGS ROAD","","INDIANA","PA","15701","B B EQUIPTMENT LLC","7243542552","080000","","","","","N","","","","","","N","","A-8917110","","","","","","1","01855990","09"
"2019006977","05","1","55 MATCHETTE ROAD","","CLINTON","PA","15026","AIR GROUND EXPRESS","4125260847","080000","","","","","N","","","","","","N","","","","","","","","2","00259447","08"
"2019114376","03","1","3379 STAFFORD ST","","PITTSBURGH","PA","15204","WJ BEITLER CO","4127714204","016047","","","","","N","","","","","","N","","","","","","","","1","00335946","04"
"2019122004","02","0","1115 E HIGH STREET","","WAYNESBURG","PA","15370","STUCK ENTERPRISES INC.","7246273757","058000","","","","","N","","","","","","Y","","","","","","","","2","00384850","08"
"2019026844","02","8","9 CRESCENT ST","","PITTSBURGH","PA","15223","AKS INCORPORATED","4127818981","999999","","","","","N","","","","","","N","","","","","","","","2","","11"
"2019012314","04","8","345 6TH AVENUE","","PITTSBURGH","PA","15222","PORT AUTHORITY","4124422000","999999","","","","","N","","","","","","N","","A-00976060","","","","","","2","","11"
"2019005809","02","0","P.O. BOX 739","","MEADOW LANDS","PA","153470739","MT LEBANON PLUMBING & HEATING IN","7247459620","","","","","","N","","","","","","N","","UNKNOWN","","","","","","1","","05"
"2019067647","02","2","4687 FAIRVIEW DR","P O BOX 453","MURRAYSVILLE","PA","15668","D PIERCE TRANSPORTATION","7173482222","200341","","","","","N","","","","","","N","","107772","","","","","","1","00034986","08"
"2019033331","05","3","2876 STATE ROUTE 286","","SALTSBURG","PA","15681","COORDINATORS INC","4123897193","080000","","","","","N","","","","","","N","","","","","","","","1","00058886","08"
"2019092813","03","3","522 196TH DRIVE NW","","ELK RIVER","MN","55330","ROOSTER TRAILER RENTAL INC.","6055206949","080000","","","","","N","","","","","","N","","","","","","","","5","01490274","08"
"2019084109","02","8","2235 BEAVER AVE","","PITTSBURGH","PA","15233","PORT AUTHORITY OF ALLEGHENY COUN","4124422000","","","","","","N","","","","","","N","","A-00976060","","","","","","2","","11"
"2019039066","02","1","21260 PERRY HWY","","CRANBERRY TWP","PA","16066","PENN POWER GROUP LLC","7246311234","012500","","","","","N","","","","","","N","","","","","","","","1","00702911","03"
"2019042820","03","4","82 LUKE LN","","DELBARTON","WV","25670","DAVIS CONTRACTING & EXCAVATING","3044758302","036000","","","","","N","","","","","","N","","","","","","","","1","01471953","04"
"2019087497","05","1","4000 ORANGE AVE","","CLEVELAND","OH","44115","ECONOMY PRODUCE","2164312800","","","","","","N","","","","","","N","","","","","","","","1","00482246","08"
"2019035674","03","5","109 DARK HOLLOW ROAD","","OAKMONT","PA","15139","FOLINO CONSTRUCTION","4128208200","073280","","","","","N","","","","","","N","","","","","","","","1","01413297","04"
"2019062227","03","2","300 GALLERIA PKWY SE ST","","ATLANTA","GA","30339","HIGHWAY TRANSPORT","8335495643","080000","","","","","N","","","","","","N","","","","","","","","1","00041216","08"
"2019062227","03","1","50 TATRA CRES","","BRAMPTON","ON","L3T1A1","FREIGHTX","9054535353","080000","","","","","N","","","","","","N","","","","","","","","2","03221753","08"
"2019017522","06","1","537 FRYS VALLEY RD SE","","GNADENHUTTEN","OH","44629","STOCKER TRUCKING CO.","7402544083","","","","","","N","","","","","","N","","138021","","","","","","2","00350147","04"
"2019135237","04","99","7224 S CENTRAL AVE","","BEDFORD PARK","IL","60638","WABASH","7087280832","073000","","","","","N","","","","","","N","","","","","","","","2","00375784","08"
"2019008300","05","3","198 STATES LN","","PORTAGE","PA","15946","REAL TRUCKS","8145053253","","","","","","N","","","","","","N","","","","","","","","1","00063421","06"
"2019080148","03","3","417 BROADWAY","","PITCAIRN","PA","15140-1426","MAGILL CO FREIGHT LINES INC","4123732098","060000","","","","","N","","","","","","N","","","","","","","","1","00705320","09"
"2019094620","03","8","32 NORTH POPLAR DR","","CLINTON","PA","15026","MONARK STUDENT TRANSPORTATION","7246954000","999999","","","","","N","","","","","","","","","","","","","","1","","11"
"2019033999","02","1","6640 FRANKSTOWN AVE","","PIITSBURGH","PA","15206","ARAMARK UNIFORM AND CAREER","4127602149","999999","","","","","N","","","","","","N","","","","","","","","2","","99"
"2019025535","05","1","1101 NATHAN RD SW","","ARAB","AL","35016","ARAB CARTAGE & EXPRESS CO","2565863018","080000","","","","","N","","","","","","N","","","","","","","","2","00188223","08"
"2020005253","99","99","UNKNOWN","","UNKNOWN","IL","99999","AMERICAN FLAG EXPRESS","9999999999","999999","","","","","N","","","","","","N","","","","","","","","2","03022904","99"
"2019054030","99","7","PO BOX 355","","CHESTER","PA","26034","N C SANITION","9999999999","999999","","","","","N","","","","","","N","","","","","","","","1","","09"
"2019119725","03","4","402 SAMPSON ST","NEW CASTLE","NEW CASTLE","PA","16101","CASTLE ASPHALT & CONSTRUCTION LL","7242655182","999999","","","","","N","","","","","","N","","","","","","","","1","02064170","08"
"2019080863","02","1","17TH AND ARSENAL","","HARRISBURGH","PA","17120","PENNDOT","4127813260","013000","","","","","N","","","","","","N","","","","","","","","2","","09"
"2019093552","04","8","345 SIXTH AVE","","PITTSBURGH","PA","15222","ALLEGHENY COUNTY PORT AUTHORITY","4124422000","999999","","","","","N","","","","","","N","","A-00976060","","","","","","2","","11"
"2019125409","03","0","8400 49TH ST. #1206","","PINELLAS PARK","FL","33781","DRAZEN TRANSPORTATION","9045865080","080000","","","","","N","","","","","","N","","0281380441","","","","","","2","02573210","08"
"2019107928","02","4","3812 WILLIAM FLYNN HWY BLDG 14","","ALLISON PARK","PA","15101","COLLEGE H.U.N.K.S. MOVING","7243556778","014500","","","","","N","","","","","","N","","","","","","","","1","","03"
"2019067423","05","1","420 CONSTITUTION BLVD","","NEW BRIGHTON","PA","15065","TRANSPORT INC J P GRAHAM","7248465900","080000","","","","","N","","","","","","N","","085178IX","","","","","","1","00504403","08"
"2019064811","03","1","484 BRIDGE PORT AVE","","SHELTON","CT","06484","M&M TRANSPORT LLC","2075497541","080000","","","","","N","","","","","","N","","","","","","","","2","02627415","08"
"2019029996","04","4","100 SIMMONS ROAD","","MCMURRAY","PA","153173627","CASILLI CORPORATION","4127372561","073280","","","","","N","","","","","","N","","","","","","","","1","02407531","04"
"2019046249","02","1","4000 CLINE AVE","","EAST CHICAGO","IN","46312","PENSKE RENTALS","8448479517","013750","","","","","N","","","","","","N","","","","","","","","1","00327574","03"
"2019012459","05","1","3910 OXFORD ROAD","","GETTYSBURG","PA","17325","HILLENDALE GETTYSBURG LP","9999999999","080000","","","","","N","","","","","","N","","","","","","","","2","00260558","08"
"2019053719","02","1","141 AMSTERDAM RD","","GROVE CITY","PA","16127","SEIVERS CONCESSIONS","7247484788","019500","","","","","N","","","","","","N","","","","","","","","1","01941715","03"
"2019060921","03","0","RUE DE L'HORIZON","","ROUGEMONT","QC","J0L1M0","ROBERT TRANSPORT","5145211011","058000","","","","","N","","","","","","N","","","","","","","","2","00148817","08"
"2019048855","02","0","161 PLAIN GROVE RD","","SLIPPERY ROCK","PA","16057","SHIELDS ASPHALT PAVING","7244433294","010000","","","","","N","","","","","","N","","","","","","","","2","01895370","06"
"2019112863","01","1","1821 BEAVER AVENUE","","PITTSBURGH","PA","15233","UNITED PARCEL SERVICE","8007425877","016000","","","","","N","","","","","","N","","99999","","","","","","2","00021800","05"
"2019054795","03","8","200 HAHN RD","","PITTSBURGH","PA","15209","FIRST STUDENT INC","4128210300","","","","","","N","","","","","","N","","","","","","","","1","00354406","11"
"2019125576","04","6","322 MALL BLVD","STE 230","MONROEVILLE","PA","15146","XPERT TRANSPORT LLC","4127575187","013025","","","","","N","","","","","","N","","","","","","","","1","03150227","09"
"2019038402","05","0","4200 INDUSTRIAL BLVD","","ALIQUIPPA","PA","15001","PGT TRUCKING INC","7247283500","080000","","","","","N","","","","","","N","","","","","","","","1","00192897","08"
"2019120153","03","1","1 DORRINGTON RD","","CARNEGIE","PA","15106","DISTRIBUTOR SERVICE INC","8007451778","052000","","","","","N","","","","","","N","","","","","","","","1","00085016","04"
"2019069525","03","99","20886 ROUTE 19","","CRANBERRY TWP","PA","16066","DAVES TRI-STATE TRUCK SERVICE","7244528631","014000","","","","","N","","","","","","N","","","","","","","","2","01797326","04"
"2019125921","03","2","1807 SHENANGO ROAD","","NEW GALILEE","PA","16141","LINDY PAVING","7246836650","033000","","","","","N","","","","","","N","","","","","","","","1","","04"
"2019055159","02","8","UNKNOWN","","PITTSBURGH","PA","99999","UNKNOWN","9999999999","999999","","","","","N","","","","","","","","","","","","","","1","","11"
"2019031239","05","3","PO BOX 641","","LANSING","IA","52151","MATTHEW RETHWISCH","5638804730","999999","","","","","N","","","","","","N","","MC703181","","","","","","2","01720682","08"
"2019015561","99","1","20634 INDIAN MERIDIAN R","","PAULS VALLEY","OK","73075-9598","WAL MART TRANSPORTATION LLC","7173486246","","","","","","N","","","","","","N","","","","","","","","2","00063585","08"
"2019101154","05","1","1 DAILY WAY","","VERONA","PA","15147","AMERCAN BEVERAGE CORP","4123316775","080000","","","","","N","","","","","","N","","A-161","","","","","","1","00213559","08"
"2020018371","99","99","UNKNOWN","","UNKNOWN","ZZ","99999","UNKNOWN","9999999999","999999","","","","","N","","","","","","N","","","","","","","","2","","08"
"2019021977","05","99","7135 CENTENNIAL PLACE","","NASHVILLE","TN","372091033","WESTERN EXPRESS","1615969185","080000","","","","","N","","","","","","N","","","","","","","","1","00511412","08"
"2019086633","02","8","600 GRANT ST.","","PITTSBURGH","PA","15219","UPMC","4126471439","023500","","","","","N","","","","","","N","","NONE","","","","","","1","02210798","11"
"2019104493","02","3","1000 GREGG ST","","CARNEGIE","PA","15106","ADVANTAGE TOWING","4122765909","019500","","","","","N","","","","","","N","","","","","","","","2","","09"
"2019026164","05","1","755 BEECHNUT DR","","PITTSBURGH","PA","15205","TALON LOGISTICS","4123041866","080000","","","","","N","","","","","","N","","","","","","","","2","00030237","08"
"2019108390","99","1","1643 ALLEGHENY BLVD","","RENO","PA","16343-0422","KTC TRUCKING","8146761512","070000","","","","","N","","","","","","N","","","","","","","","2","00088323","06"
"2019087485","03","4","45 MILLER RUN RD","","TRANFER","PA","16154","GREENAWALT EXCAVATING","7249624450","080000","","","","","N","","","","","","N","","","","","","","","1","02148329","09"
"2019130556","99","2","1821 BEAVER AVE","","PITTSBURGH","PA","15233","UNITED PARCEL SERVICES","9999999999","023500","","","","","N","","","","","","N","","","","","","","","1","","05"
"2019013579","04","4","457 DAVIDSON RD","","PITTSBURGH","PA","15239","CALIBER LOGISTICS LLC","4126065818","073280","","","","","N","","","","","","N","","","","","","","","1","02274928","04"
"2019115774","05","0","5484 WOLFE DR","","PGH","PA","15236","JOHN R. EDWARDS","4125371822","080000","","","","","N","","","","","","N","","","","","","","","2","00114867","04"
"2019100138","04","2","12475 ROUTE 119 HIGHWAY N","","ROCHESTER MILLS","PA","15771","SATTERLEE LEASING LLC","8009442214","073280","2","","","","Y","1","","","","","N","","","","","","","","2","00233273","04"
"2019135152","99","1","6921 WALNUT FARM DR","","LOUISVILLE","KY","40229","SERGIO IRIBAR SANCHEZ","5022929787","999999","","","","","N","","","","","","N","","","","","","","","2","02278627","00"
"2019101855","05","1","888 DOREMUS AVENUE","","NEWARK","NJ","07114","SALSON LOGISTICS INC","9739860200","080000","","","","","N","","","","","","N","","","","","","","","2","00707789","08"
"2019071000","02","1","10156 READING ROAD","","CINCINNATI","OH","45241","SAFETY SHOE DISTRIBUTOR","5135634220","","","","","","N","","","","","","N","","","","","","","","2","00478348","03"
"2019009721","05","3","50415 HERBERT STREET","","GRANGER","IN","46530","UFP TRANSPORTATION INC.","7243990204","032000","","","","","N","","","","","","N","","050542653","","","","","","2","01079241","06"
"2019090527","04","8","345 SIXTH AVE","","PITTSBURGH","PA","15222","ALLEGHENY COUNTY PORT AUTHORITY","4124422000","999999","","","","","N","","","","","","N","","A-00976060","","","","","","2","","11"
"2019094105","03","3","280 LEETSDALE INDUSTRIA","","LEETSDALE","PA","15056","PODS","8007767637","080000","","","","","N","","","","","","N","","","","","","","","1","01397252","04"
"2019103170","99","99","923 WEIMER LN","","SALTSBURG","PA","15681","VISIONARY EQUIPMENT CORP","9999999999","999999","","","","","","","","","","","N","","","","","","","","1","","99"
"2019135402","02","8","714 EKASTOWN RD","","SARVER","PA","16055","ABC TRANSIT","4128213002","999999","","","","","N","","","","","","N","","","","","","","","2","","12"
"2019076876","02","8","5785 BAPTIST ROAD","","BETHEL PARK","PA","15102","PARAMOUNT SENIOR LIVING","4128333500","999999","","","","","N","","","","","","N","","","","","","","","2","","10"
"2019115823","02","0","119 WALL AVENUE","","WALL BOURGH","PA","15148","FIRST STUDENT INC","4129275334","023500","","","","","N","","","","","","N","","","","","","","","2","","12"
"2019051835","03","8","2500 CLYDE AVE","","PITTSBURGH","PA","15137","ANNUAL BUS","4849284000","000000","","","","","N","","","","","","N","","9999999999","","","","","","1","99999999","10"
"2019122920","02","8","2235 BEAVER AVENUE","","PITTSBURGH","PA","15223","PORT AUTHORITY","4124422000","999999","","","","","N","","","","","","N","","A-00976060","","","","","","1","","13"
"2019009844","02","1","350 SECO RD","","MONROEVILLE","PA","15146","PITTSBURGH SEAFOOD COMPANY","4123720900","025999","","","","","N","","","","","","N","","","","","","","","1","02409721","03"
"2019059187","02","4","554 BOCKTOWN CORK RD","","CLITON","PA","15026","SOFIS COMPANY INC","7243782670","026000","","","","","N","","","","","","N","","","","","","","","1","00646220","03"
"2019003485","02","3","179 PERRY HWY","","HARMONY","PA","16037","MURPHY TRACTOR &EQUIPMENT CO INC","7247763636","014000","","","","","N","","","","","","N","","","","","","","","1","00315975","09"
"2019075158","02","8","2235 BEAVER AVE","","PITTSBURGH","PA","15233","PORT AUTHORITY OF ALLEGHENY COUN","4124432000","999999","","","","","N","","","","","","N","","A-00976060","","","","","","2","","11"
"2019059625","06","3","W3682 US2 & 41","","SPALDING","MI","49886","D GRAHAM TRANSPORT INC","9064975295","052000","","","","","N","","","","","","N","","","","","","","","1","00946016","08"
"2019035082","05","3","101 W DILLMAN RD","","BLOOMINGTON","IN","47403","STONEBELT FREIGHT LINES INC.","8128246741","080000","","","","","N","","","","","","N","","","","","","","","1","00012341","08"
"2019126296","02","1","12301 CUMBERLAND RD","","FISHERS","IN","46038","TRANS FORTE INC","8004426414","999999","","","","","N","","","","","","N","","","","","","","","1","00745614","03"
"2019095848","02","0","4944 BELMONT AVE","","YOUNGSTOWN","OH","44505","AIM LEASING CO","4126140008","999999","","","","","N","","","","","","N","","522968","","","","","","2","00346473","05"
"2019038559","04","8","345 SIXTH AVE","","PITTSBURGH","PA","15222","ALLEGHENY COUNTY PORT AUTHORITY","4124422000","","","","","","N","","","","","","N","","A-00976060","","","","","","2","","11"
"2019088917","05","3","1155 STOOPS FERRY RD.","","CORAOPOLIS","PA","15108","ARL TRANSPORT","4127595096","026000","","","","","N","","","","","","N","","A-8910964","","","","","","1","00018637","08"
"2019088917","02","8","2235 BEAVER AVE.","","PITTSBURGH","PA","15233","PORT AUTHORITY- ALLEGHENY COUNTY","4125665214","026000","","","","","N","","","","","","N","","A-00976060","","","","","","2","","11"
"2019050028","05","1","235 LAKE WALK CIRCLE","","RIEDSVILLE","NC","27320","BMC TRUCKING","3366133931","080000","","","","","N","","","","","","N","","0003133180","","","","","","1","01190291","08"
"2019050299","03","2","4025 HIGHWAY 35 N","","COLUMBIA","MS","39429","DEEPWELL ENERG SERVICES","4846207104","","","","","","N","","","","","","N","","","","","","","","1","00115518","09"
"2019081006","02","0","985 JOLLY ROAD","","BLUE BELL","PA","19422","HENKLES AND MCCOY","8145929870","060000","","","","","N","","","","","","N","","UNK","","","","","","2","00010515","99"
"2019074484","02","8","2235 BEAVER AVE","","PITTSBURGH","PA","15212","PORT AUTHORITY OF ALLEGHENY","4124422000","000000","","","","","N","","","","","","N","","NO","","","","","","2","","11"
"2019084984","99","0","1557 WAYNESBURG DRIVE S","","CANTON","OH","44707","PGT TRUCKING INC","9999999999","999999","","","","","N","","","","","","","","","","","","","","1","99999999","08"
"2019130861","99","1","1 MELE PL","","BRADDOCK","PA","15104","MELE & MELE & SONS INC","4123511234","014500","","","","","N","","","","","","N","","","","","","","","2","","05"
"2019068697","04","0","240 E LAKE ST","SUITE 307","ADDISON","IL","60101","MD GLOBAL LOGISTICS","7692414345","999999","","","","","N","","","","","","N","","","","","","","","2","80016423","08"
"2019091940","99","99","123 UNKNOWN","","UNKNOWN","ZZ","99999","UNKNOWN","9999999999","999999","","","","","N","","","","","","N","","","","","","","","2","","99"
"2019043507","02","8","2235 BEAVER AVE.","","PITTSBURGH","PA","15233","PORT AUTHORITY OF ALLEGHENY CO.","4125665214","026000","","","","","N","","","","","","N","","PA0022D00","","","","","","1","","11"
"2019033518","06","1","942 S SHADY GROVE RD","","MEMPHIS","TN","38120","FEDEX CORPORATION","8004633339","044000","","","","","N","","","","","","N","","","","","","","","1","00265752","08"
"2019014732","99","99","INDIAN HOLLOW RD","","WICHESTER","VA","22603","VALLEY PROTEINS INC","9999999999","999999","","","","","N","","","","","","N","","","","","","","","2","","99"
"2019008577","04","99","1654 BUTLER PLANK RD","","GLENSHAW","PA","15116","FITZSIMMONS METAL CO","4124868587","073280","","","","","N","","","","","","N","","","","","","","","1","00384047","06"
"2019110785","03","0","2200 SPRING GARDEN AVE","","PITTSBURGH","PA","15212","THOMPSON ELECTRICAL CONSTRUCTI","4128604921","060000","","","","","N","","","","","","N","","","","","","","","1","02379135","04"
"2019110785","03","99","6038 S VALLEY PIKE","","MOUNT CRAWFORD","VA","22841","NEW WAVE LOGISTICS LLC","5402463879","080000","","","","","N","","","","","","N","","","","","","","","4","02946105","08"
"2019004343","02","8","500 BROWN AVE","","TURTLE CREEK","PA","15145","AJ MEYERS AND SONS","4126462320","","","","","","N","","","","","","N","","","","","","","","1","00281003","11"
"2019067420","03","99","13410 SUTTON PARK DRIVE","","JACKSONVILLE","FL","32224","LANDSTAR RANGER INC","8004354010","080000","","","","","N","","","","","","N","","","","","","","","3","00241572","08"
"2019067420","03","99","13410 SUTTON PARK DRIVE","","JACKSONVILLE","FL","32224","LANDSTAR RANGER INC","8004354010","080000","","","","","N","","","","","","N","","","","","","","","4","00241572","08"
"2019058926","02","1","4816 DEARBORN STREET","","PITTSBURGH","PA","15224","YOCUM HEATING & COOLING TOM","4126701146","008600","","","","","N","","","","","","","","1234","","","","","","1","","98"
"2019126000","02","1","2638 BRANDT SCHOOL ROAD","","WEXFORD","PA","15090","FEDEX NORTH PITT","7249354440","","","","","","N","","","","","","","","419281","","","","","","1","00265752","99"
"2019099290","05","2","2445 E. SOUTHLAKE BLVD.","","SOUTHLAKE","TX","76092","ANDREWS LOGISTICS","7243022365","080000","3","","","","Y","1","","","","","N","","","","","","","","2","00736714","06"
"2019007489","05","3","PO BOX 685","","SHARON","PA","16146","PI & I MOTOR EXPRESS INC","8003212733","080000","","","","","N","","","","","","N","","","","","","","","1","00122443","06"
"2019130915","03","7","4985 BAKERSTOWN CULMERVILLE RD","","TARENTUM","PA","15084","MORROW REFUSE","7242652491","061400","","","","","N","","","","","","N","","","","","","","","1","00400538","04"
"2019119497","02","1","2508 WESTERN AVE","","SOUTH BEND","IN","46619","BRINKS","9999999999","","","","","","","","","","","","N","","","","","","","","1","99999999","03"
"2019047054","03","3","2158 HENDERSON AVE","","WASHINGTON","PA","15301","GODUIN'S NURSERY","7242286238","054000","","","","","N","","","","","","N","","","","","","","","1","00541480","03"
"2019010406","03","7","2197 DUSS AVENUE","","AMBRIDGE","PA","15003","WASTE MANAGEMENT","8442792503","","","","","","N","","","","","","N","","","","","","","","2","02552725","04"
"2019100645","04","0","205 PENNBRIAR ST","","ERIE","PA","16509","US BULK TRANSPORT","4402472708","080000","","","","","N","","","","","","N","","","","","","","","1","00046196","08"
"2019086539","02","4","814 CECIL ST","","SHARPSBURGH","PA","15215","GI HAUL","4128088770","012350","","","","","N","","","","","","N","","","","","","","","2","00960635","03"
"2019091940","02","1","1407 BULLDOG DR","","ALLENTOWN","PA","18104","GRAND SLAM TRUCKING","8103954581","","","","","","N","","","","","","N","","","","","","","","3","","00"
"2019044720","02","8","2335 BEAVER AVENUE","","PITTSBURGH","PA","15233","PORT AUTHORITY OF ALLEGHENY COUN","4124422000","999999","","","","","N","","","","","","N","","A-00976060","","","","","","1","","11"
"2019045614","05","3","400 KECK ST","","SEWARD","PA","15954","M & C TRUCKING","8144464441","044096","","","","","N","","","","","","N","","A-00100693","","","","","","4","00163516","08"
"2019128560","03","0","132 MILES RD PO BOX 795","","VANDERBILT","PA","15486","JOHN ASKEY","7246207124","080000","","","","","N","","","","","","N","","","","","","","","2","03218194","08"
"2019111869","03","99","286 BONNIEBROOK RD","","BUTLER","PA","16002","CONCRETE CORING","7242839030","080000","","","","","N","","","","","","N","","","","","","","","2","01240710","09"
"2019093560","02","1","2 RUTGERS ROAD BUILDING B","","PITTSBURGH","PA","15205","MONTEVERDE'S INC","4129229200","025950","","","","","N","","","","","","N","","","","","","","","1","00364385","03"
"2019109189","99","99","99999","","9999","ZZ","99999","POPOJAS","9999999999","012300","","","","","N","","","","","","N","","","","","","","","3","","99"
"2019027370","05","1","3316 REFUGEE ROAD","","COLUMBUS","OH","43232","RB TRANSPORTATION","6144465120","080000","","","","","N","","","","","","N","","","","","","","","1","02503721","06"
"2019094338","02","3","5900 BAUM BLVD","","PITTSBURGH","PA","15206","AAA EAST CENTRAL","9999999999","019500","","","","","N","","","","","","","","","","","","","","1","","00"
"2019104669","02","3","300 NOBLESTOWN RD","","CARNEGIE","PA","15106","A EUROPEAN AUTO SPECIALIST","4124899350","","","","","","N","","","","","","N","","","","","","","","2","99999999","03"
"2019024201","02","3","4540 NEW TEXAS ROAD","","PLUM","PA","15239","STOCKMAN LAWNSCAPE INC.","4127937100","011001","","","","","N","","","","","","N","","","","","","","","1","02380385","09"
"2019074689","04","99","310 LEGER ROAD","","N. HUNTINGTON","PA","15642","WASTEMANAGEMENT OF PA","7243213447","073280","","","","","N","","","","","","N","","","","","","","","2","00344050","98"
"2019022177","01","8","2235 BEAVER AVE","","PITTSBURGH","PA","15233","PORT AUTHORITY ALLEGHENY COUNTY","4124422000","360000","","","","","N","","","","","","N","","A-00976060","","","","","","2","","11"
"2019051325","02","8","200 HAUN ROAD","","PGH","PA","15209","FIRST STUDENT","4124318747","019800","","","","","N","","","","","","N","","A-00109523","","","","","","2","00354406","11"
"2020002827","02","1","908 BROADWAY ST EXT","","MASURY","OH","44438","P I AND I MOTOR EXPRESS INC","7245043529","080000","","","","","N","","","","","","N","","","","","","","","3","00015458","08"
"2019004933","03","8","110 LENZNER COURT","","SEWICKLEY, PA  15143","PA","151439510","TRANSPORTATION MANAGEMENT SERVIC","4127617000","","","","","","N","","","","","","","","","","","","","","1","00583785","11"
"2019041232","03","2","631 LONGHORN STREET NW","","CARROLLTON","OH","44615","ELITE GASFIELD SERVICES LLC","7247282219","999999","","","","","N","","","","","","N","","A8914056","","","","","","2","02206378","04"
"2019105490","02","8","2235 BEAVER AVE","","PITTSBURGH","PA","15233","PORT AUTHORITY OF ALLEGHENY CO.","4124422000","999999","","","","","N","","","","","","N","","A-00976060","","","","","","1","","11"
"2019082684","02","3","1027 WILLIAM FLYNN HWY","","GLENSHAW","PA","15116","U HAUL CO","4125670720","031000","","","","","N","","","","","","N","","","","","","","","1","00428384","03"
"2019086217","03","4","1613 DUTCH RD","","LORETTO","PA","15940","HITE TRUCKING","8143448504","999999","","","","","N","","","","","","N","","","","","","","","1","02107340","04"
"2019009542","02","8","2335 BEAVER AVENUE","","PITTSBURGH","PA","15233","PORT AUTHORITY  ALLEGHENY COUNTY","4124422000","","","","","","N","","","","","","","","A-00976060","","","","","","2","","11"
"2019015566","99","3","125 SHAFFER RD","","APPOLLO","PA","15613","M Z TRANSPORT LLC","7247179483","","","","","","N","","","","","","N","","","","","","","","1","00877981","99"
"2019002192","02","8","2235 BEAVER AVENUE","","PITTSBURGH","PA","15233","PORT AUTHORITY OF ALLEGHENY COUN","4125665500","050000","","","","","N","","","","","","N","","A-00976060","","","","","","2","","11"
"2019023732","05","2","3501 W OLD LINCOLN WAY","","WOOSTER","OH","44691","WOOSTER MOTORWAYS","3302647690","","","","","","N","","","","","","N","","9999999","","","","","","2","","08"
"2019031856","03","7","121 BRICKYARD RD.","","MARS","PA","16046","VOGEL DISPOSAL SERVICES","7246251511","","","","","","N","","","","","","N","","","","","","","","1","00290052","04"
"2019035409","05","99","110 NICHOL AVE","","MCKEES ROCKS","PA","15136","BUTLER GAS","4127717660","080000","","","","","N","","","","","","N","","","","","","","","2","00147351","08"
"2019110227","04","1","225 SOLAR DRIVE","","IMPERIAL","PA","15126","GORDON FOOD SERVICE INC","7248995300","080000","","","","","N","","","","","","N","","","","","","","","1","00175852","08"
"2019099434","03","7","310 LEGER RD","","IRWIN","PA","15642","WASTE MANAGEMENT","8558641221","073280","","","","","N","","","","","","N","","","","","","","","1","00344050","04"
"2019085885","04","1","85 HEART LAKE ROAD S","","BRAMPTON","ON","L6W3K1","ROAD TRAIN EXPRESS INC","9054530050","080000","","","","","N","","","","","","N","","","","","","","","1","00296555","08"
"2019090445","02","3","2833 NEW BEAVER AVE","","PITTSBURGH","PA","15233","DUQUESNE LIGHT","9999999999","019000","","","","","N","","","","","","N","","","","","","","","2","","02"
"2019115405","02","99","3634 GRENADA STREET","","PITTSBURGH","PA","15212","JAY'S TOWING","4128613395","999999","","","","","N","","","","","","N","","","","","","","","1","","02"
"2019030207","05","3","225 SANDY CREEK ROAD","","VERONA","PA","15147","PVO EXPRESS INC","4127937347","080000","","","","","N","","","","","","N","","","","","","","","2","01148672","08"
"2019050018","02","0","512 N. BRADDOCK AVE.","","PITTSBURGH","PA","15221","S & D TRANSIT INC","4122421998","","","","","","N","","","","","","N","","999999","","","","","","2","99999999","00"
"2019041109","02","8","2235 BEAVER AVE","","PITTSBURGH","PA","15233","PORT AUTHORITY OF ALLEGHENY CO","4124422000","999999","","","","","N","","","","","","N","","A00976060","","","","","","2","","11"
"2019097889","02","8","2235 BEAVERS AVENUE","","PITTSBURGH","PA","15233","PORT AUTHORITY OF ALLEGHENY CO.","4122551385","999999","","","","","N","","","","","","N","","","","","","","","1","","11"
"2019074401","02","1","701 SAN MARCO BLVD","","JACKSONVILLE","FL","32207","INTERLINE BRANDS","9044211400","025999","","","","","N","","","","","","N","","","","","","","","2","00298424","03"
"2019021459","99","7","10 29 1/2 &AVRR","","PITTSBURGH","PA","15201","CITY OF PITTSBURGH","4122558636","","","","","","N","","","","","","N","","","","","","","","1","","09"
"2019101936","02","0","438 DIVISION ST","","SEWICKLEY","PA","15143","MR FLUSH LLC","8008041408","019500","","","","","N","","","","","","N","","","","","","","","1","02505332","02"
"2019042465","03","4","1089 BROWNSTOWN ROAD","","LARIMER","PA","15647","CASTLE TRUCKING AND SNOW REMOVAL","4128120115","073280","","","","","N","","","","","","N","","","","","","","","2","01080978","04"
"2019084291","02","4","108 SUNRIDGE DRIVE","","MCMURRAY","PA","15317","G. PASQUALE AND SONS CONSTRUCTIO","7249416776","025500","","","","","N","","","","","","N","","","","","","","","1","02334845","09"
"2019101999","03","4","636 STATE PARK RD","","NEW ALEXANDRIA","PA","15670","WALNUT GROVE TRANSPORT","7247879107","999999","","","","","N","","","","","","N","","A-891027","","","","","","2","02559346","04"
"2019067769","02","8","87 ARLENE DRIVE","N VERSAILLES","PA","PA","15137","AMORE LIMOUSINE SERVICE","4126783524","026000","","","","","N","","","","","","N","","A-00118075","","","","","","1","01833375","11"
"2019031562","05","1","3303 HERESFORD DRIVE","","PARMA","OH","44134","HRW WINCHESTER LOGICTICS","7602212463","080000","","","","","N","","","","","","N","","605268","","","","","","1","00284314","08"
"2019044894","05","2","23639 STACEY DRIVE","","BROWNSTOWN","MI","48183","MICHAEL J. LEMMONS","6027052887","080000","","","","","N","","","","","","N","","","","","","","","1","01313056","08"
"2019135195","05","3","PO BOX 430","","BRIDGEPORT","WV","26330","ENERGY TRANSPORT LLC","3048414163","080000","","","","","N","","","","","","N","","","","","","","","1","00240059","08"
"2019094427","03","1","2620 RIDGEWOOD RD","","AKRON","OH","44313","FAMOUS TRUCKING LLC","3307629621","025000","","","","","N","","","","","","N","","510163","","","","","","1","02279731","04"
"2019002465","02","8","2235 BEAVER AVE","","PITTSBURGH","PA","15233","PORT AUTHORITY ALLEGHENY COUNTY","4124422000","033500","","","","","N","","","","","","N","","A-00976060","","","","","","2","","11"
"2019049122","05","2","200 SPEERS RD.","","BELLEVERNON","PA","15012","SORCE ONE TRANSPORTATION","4123315350","080000","3","","","","Y","1","","","","","N","","00117576","","","","","","3","00930620","08"
"2020001023","02","1","2221 FOSTER ST","","HARRISBURG","PA","17103","PA DEPT GENERAL SVC","4126656700","020000","","","","","N","","","","","","N","","UNKNOWN","","","","","","2","","03"
"2019085890","05","1","174 ONEIDA VALLEY ROAD","","BUTLER","PA","16001","HUNTER LEASING LLC","7243073372","080000","","","","","N","","","","","","N","","","","","","","","1","00111111","08"
"2019085890","02","1","1000 S MAIN STREET","","GREENSBURG","PA","15601","SOUTH MAIN TRUCKING CO","8885507233","025500","","","","","N","","","","","","N","","","","","","","","2","00696383","03"
"2019091386","02","8","200 KENDALL ST","","CORAOPOLIS","PA","15108","STUDENT TRANSPORTATION OF AMERIC","4122699970","999999","","","","","N","","","","","","N","","","","","","","","2","","12"
"2019010881","02","1","400 HIGHLAND AVE","","PITTSBURGH","PA","15206","PENSKE","4123712007","026000","","","","","N","","","","","","N","","649291","","","","","","3","00327574","05"
"2019026620","03","4","17TH AND ARSENAL BLVD","","HARRISBURG","PA","17120","PENN DOT","4127813260","058400","","","","","N","","","","","","N","","","","","","","","1","03698077","04"
"2019084334","02","8","2235 BEAVER AVE.","","PITTSBURGH","PA","15233","PORT AUTHORITY OF ALLEGHENY CO.","4124422000","","","","","","N","","","","","","N","","A-00976060","","","","","","1","","11"
"2019057446","03","7","414 GRANT ST","","PITTSBURGH","PA","15219","CITY OF PITTSBURGH","4124638901","056540","","","","","N","","","","","","N","","3006432","","","","","","2","","04"
"2019094120","03","6","666 S NELSON RD","","COLUMBUS","OH","43205","CAM INC TOWING & CAMPUS","6144882006","002500","","","","","N","","","","","","N","","","","","","","","2","00419221","06"
"2019125620","02","2","2700 APPELT DR","","HOUSTON","TX","77015","QUEST LINER","2814522882","080000","","","","","N","","","","","","N","","N/A","","","","","","1","00046257","08"
"2019113505","02","1","100 OLD POND RD","","BRIDGEVILLE","PA","15017","BBL FLEET CO","4129999999","012500","","","","","N","","","","","","N","","","","","","","","2","00589986","03"
"2019088144","02","8","5374 WILLIAM FLYNN HIGHWAY","","GIBSONIA","PA","15044","MONARCH STUDENT TRANSPORTATION","4124124124","999999","","","","","N","","","","","","N","","","","","","","","2","","10"
"2019003486","02","99","4366 MT. PLEASANT STREE","","NORTH CANTON","OH","44720","KAG MERCHANT GAS GROUP","3303304910","080000","3","","","","Y","1","","","","","N","","A-00107242","","","","","","2","00469756","06"
"2019129723","03","8","1300 MCKEAN AVENUE","","CHARLEROI","PA","15022","MID MON VALLEY TRANSIT AUTHORITY","8008310294","","","","","","N","","","","","","N","","025002","","","","","","2","","10"
"2019084887","02","99","PO BNOX 7287","","HIGH POINT","NC","27264","SHELBA D JOHNSON TRUCKING INC","3364762000","080000","","","","","N","","","","","","N","","","","","","","","2","00273416","08"
"2019036420","02","8","2235 BEAVER AVENUE","","PITTSBURGH","PA","15233","PORT AUTHORITY OF ALLEGHENY COUN","4124422000","","","","","","N","","","","","","N","","A-00976060","","","","","","2","","11"
"2019113168","04","3","300 E NAGHTEN ST","","COLUMBUS","OH","43215","FLEETMASTER LEASING CORP","6142247201","073280","","","","","N","","","","","","N","","507749","","","","","","2","02160321","04"
"2019041163","02","8","2235 BEAVER AVE","","PITTSBURGH","PA","15233","PORT AUTHORITY OF ALLEGHENY COUN","4124222000","999999","","","","","N","","","","","","N","","A-00976060","","","","","","1","","11"
"2019077535","02","1","4000 CLINE AVE","","EAST CHICAGO","IN","46312","PENSKE TRUCK LEASING CO L P","4123722007","026000","","","","","N","","","","","","N","","","","","","","","1","00327574","03"
"2019124535","99","1","1861 FALLOWFIELD AVE","","PITTSBURGH","PA","15216","GEORGE UNGER REMODELING","4128895873","011400","","","","","N","","","","","","N","","","","","","","","1","","05"
"2019070795","03","7","901 HORNING RD","","PITTSBURGH","PA","15236","MICHAEL BROTHERS HAULING","4128356428","058000","","","","","N","","","","","","N","","","","","","","","2","02408389","09"
"2019014678","02","99","1807 SHENANGO RD.","","NEW GALILEE","PA","16141","LINDY PAVING","7243361400","025977","","","","","N","","","","","","N","","A-00000000","","","","","","1","00418111","99"
"2019006643","04","99","132 JACOBS RD","","MCDONALD","PA","15057","ALL PHASE CONTRACTING SOLUTIONS","7249264458","073280","","","","","N","","","","","","N","","","","","","","","2","02302339","04"
"2019097482","05","1","UNKNONW","","UNKNOWN","ZZ","11111","UNKNOWN","9999999999","999999","","","","","N","","","","","","N","","","","","","","","2","","08"
"2019039333","02","8","2235 BEAVER AVENUE","","PITTSBURGH","PA","15233","PORT AUTHORITY","4124422000","","","","","","N","","","","","","N","","A-00976060","","","","","","1","","11"
"2019050201","04","4","18500 N. ALLIED WAY","","PHOENIX","AZ","85054","BFI WASTE SERVICES OF PENNSYLVAN","4129061897","073000","","","","","N","","","","","","N","","A-00152457","","","","","","2","00962087","04"
"2019130314","05","3","2851 EASTBROOK VOLANT RD.","","NEW CASTLE","PA","16105","JB MILL & FABRICATING","7246580202","080000","","","","","N","","","","","","N","","3711963","","","","","","2","00586619","08"
"2019073973","03","3","929 DONOHOE RD.","","LATROBE","PA","15650","LATROBE M&M TRUCKING INC","4802203886","033000","","","","","N","","","","","","N","","A-00111343","","","","","","2","00690157","04"
"2019077173","02","4","2400 SAW MILL RUN BLVD","","PITTSBURGH","PA","15234","DR DRY INC","4125025286","","","","","","N","","","","","","U","","","","","","","","1","","99"
"2019030169","04","3","30 SCOTTDALE AVENUE","","SCOTTDALE","PA","15683","PENN LINE SERVICE","8147653510","080000","","","","","N","","","","","","N","","","","","","","","1","00093930","08"
"2019104692","06","3","225 N SHORE DR","","PITTSBURGH","PA","15212","TRUMBULL","4128072000","026000","","","","","N","","","","","","N","","999999","","","","","","1","00088311","08"
"2019069263","03","4","3004 BABCOCK BOULEVARD","","PITTSBURGH","PA","15237","DAROCO","4122981708","073280","","","","","N","","","","","","N","","64072006","","","","","","1","01649908","04"
"2019069434","03","3","148 PENNSYLVANIA AVE PO","","SCOTTDALE","PA","15683","GREEN ACRES CONTRACTING CO INC","7248878096","060000","","","","","N","","","","","","N","","","","","","","","1","00157810","08"
"2019064806","03","8","44 VENTAGE WAY","","NASHVILLE","TN","37242","ON THE ROAD COACH LLC","6154032072","067000","","","","","N","","","","","","N","","","","","","","","4","","11"
"2019063077","01","1","1825 LIVERPOOL","","PITTSBURGH","PA","15233","PITTSBURGH TRANS GROUP","4124444444","","","","","","N","","","","","","","","468282","","","","","","1","01164759","02"
"2019003537","02","99","29 GRIMM ROAD","","TARENTUM","PA","15084","ROSS WELDING SUPPLIES","7242269300","033000","2","","","","Y","1","","","","","N","","","","","","","","1","00400509","09"
"2019016492","03","0","11670 NW 105TH STREET","","MIAMI","FL","33178-0000","RYDER TRUCKING RENTAL INC","3056337497","080000","","","","","N","","","","","","N","","","","","","","","3","00312005","04"
"2019088053","05","1","799 N CALDWELL AVE","","NILES","IL","60714","ATLANTIC PACIFIC TRANSPORT LLC","8479814013","999999","","","","","N","","","","","","N","","","","","","","","1","02864136","08"
"2019068384","04","8","345 SIXTH AVE","","PITTSBURGH","PA","15222","ALLEGHENY COUNTY PORT AUTHORITY","4124422000","","","","","","N","","","","","","N","","A-00976060","","","","","","2","","11"
"2019133495","03","99","21270 ROUTE 19","","CRANBERRY TOWNSHIP","PA","160665808","WD KERR & SONS INC","7244525300","999999","","","","","N","","","","","","N","","","","","","","","1","00235777","08"
"2019106704","03","1","209 COLUMBIA AVENUE APT 1","","IRVINGTON","NJ","07111","DAID & KALED TRAN, SPORT LLC","6468240938","999999","","","","","N","","","","","","U","","","","","","","","1","","08"
"2019072697","04","1","365 MUNROE FALLS RD","","TALLMADGE","OH","44278","KANDEL INC","3308012500","050000","","","","","N","","","","","","N","","","","","","","","1","00431102","08"
"2019034550","99","7","200 RANGOS LN","","WASHINGTON","PA","15301","WASTE MANAGEMENT","8669094458","073280","","","","","N","","","","","","N","","","","","","","","2","00344050","09"
"2019064844","04","99","335 KRIESS RD","","RENFREW","PA","16053","NO FEAR TRUCKING INC","7244824152","073280","","","","","N","","","","","","N","","","","","","","","1","00849095","04"
"2019081485","03","2","4366 MT PLEASANT ST N.W.","","CANTON","OH","44720","KENAN ADVANTAGE GROUP","7865196282","070000","3","","","","Y","9","","","","","N","","","","","","","","1","00090831","08"
"2019070454","05","3","PO BOX 157","","BETHEL PARK","PA","15102","MICHEAL BROTHERS TRANSPORTATIO","4128356428","080000","","","","","N","","","","","","N","","","","","","","","2","02408389","08"
"2019111895","99","1","3800 LAKE BAYSHORE DR A","","BRADENTON","FL","34205","BATISTA BARRIOS","9415361847","999999","","","","","N","","","","","","N","","","","","","","","3","02942479","05"
"2019091415","02","1","835 HERRON AVENUE","","PITTSBURGH","PA","15219","MASTRO ICE INC","4126814423","025999","","","","","N","","","","","","N","","","","","","","","1","01453438","03"
"2019134751","06","1","392 GLASGOW DR","","NEWARK","DE","19702","PASTOR ORTIZ","3025100607","","","","","","N","","","","","","N","","","","","","","","1","00014982","06"
"2019040611","03","2","206-2421 BRISTOL CIRCLE","","OTTOWA","ZO","2062","TRANSCOURT INCORPORATED","6478615243","031828","","","","","N","","","","","","N","","","","","","","","2","02269250","04"
"2019054426","99","0","337 HART DR","","CRESENT","PA","15046","TODD C CRESENT","9999999999","013200","","","","","N","","","","","","N","","","","","","","","1","","02"
"2019008391","99","99","811 BREEZEWOOD DR","","GLENSHAW","PA","15116","MICHAEL WALTERS LANDSCAPING INC","9999999999","018750","","","","","N","","","","","","N","","","","","","","","1","","02"
"2019074537","04","3","5688 VINING RD","","GREENVILLE","MI","48838","EJW INVESTMENTS","6162405179","999999","","","","","N","","","","","","N","","","","","","","","3","01128178","09"
"2019069521","02","8","2235 BEAVER AVE","","PITTSBURGH","PA","15233","PORT AUTHORITY OF ALLEGHENY COUN","4124422000","026000","","","","","N","","","","","","N","","A-00976060","","","","","","2","","11"
"2019085756","05","1","26137 S RIDGELAND AVE","","MONEE","IL","60449","SAFETY KLEEN","4124620644","080000","","","","","N","","","","","","N","","","","","","","","1","00180743","08"
"2019031729","02","8","105 S. 24TH STREET","","PITTSBURGH","PA","15212","FIRST STUDENT","4124314737","999999","","","","","N","","","","","","N","","CA1921809","","","","","","1","00354406","10"
"2019030578","02","99","3311 PENN AVENUE","","PITTSBURGH","PA","15201","AAA SCRAP IRON + METAL","4126213405","018259","","","","","N","","","","","","N","","","","","","","","1","02272577","99"
"2019080561","03","4","3527 SMALLMAN STREET","","PITTSBURGH","PA","15201","NEUMEYER ENVIRONMENTAL SERVICES","4127366040","081320","","","","","N","","","","","","N","","","","","","","","1","01344839","04"
"2019064570","01","8","2235 BEAVER AVE","","PITTSBURGH","PA","15233","PORT AUTHORITY","4124422000","","","","","","N","","","","","","N","","A-00976060","","","","","","3","","11"
"2019008335","05","3","400 MILEY RD","","NORTH LIMA","OH","44452","B AND T EXPRESS INC","8007984080","080000","","","","","N","","","","","","N","","","","","","","","1","00285442","08"
"2019038968","02","8","2235 BEAVER AVENUE","","PITTSBURGH","PA","15233","PORT AUTHORITY ALLEGHENY COUNTY","4122251385","040000","","","","","N","","","","","","N","","A-00976060","","","","","","2","","11"
"2019012312","05","1","9200 E 146TH STREET","","NOBLESVILLE","IN","46060","JB HUNT TRANSPORT INC","8004524868","080000","","","","","N","","","","","","N","","","","","","","","1","00080806","08"
"2019059932","03","3","13253 MARRYWOOD CT","","ALPHARETTA","GA","30004","HENRY'S CARRIER INC","4043961932","080000","","","","","N","","","","","","N","","","","","","","","2","00173685","08"
"2019086936","03","4","1307 BIGLER AVE P O BOX 140","","N CAMBRIA","PA","15714","WHITEFORD & SON INC","8149488300","073280","","","","","N","","","","","","N","","A00114114","","","","","","1","02111049","04"
"2019040755","05","3","PO BOX 68","","HOUSTON","PA","15342","HUNTER CONTRACTING","7248097643","080000","","","","","N","","","","","","N","","","","","","","","1","02384729","08"
"2019099619","02","8","415 REBECCA ST","","MCKEESPORT","PA","15132","PENNSYLVANIA COACH LINES","4126640911","","","","","","N","","","","","","N","","","","","","","","1","00465361","15"
"2019090646","04","7","197 SWAMP CREEK ROAD","","GILBERTSVILLE","PA","19525","WASTE MANAGEMENT","7248827081","","","","","","N","","","","","","","","","","","","","","1","00034405","05"
"2019102109","02","99","200 ALPHA DR","","PITTSBURGH","PA","15238","G4 LOGISTICS LLC","7247454725","","","","","","N","","","","","","N","","","","","","","","1","03000937","09"
"2019108974","05","0","4337 FISHERMANS TER","","LYONS","IL","60534-1509","MAGNUM FREIGHT","8729034289","080000","","","","","N","","","","","","N","","","","","","","","1","02976623","08"
"2019078243","99","99","17620 ROBARTS RD","","SPRING HILL","FL","34610-8843","PIPO EXPRESS LLC","2016284702","080000","","","","","N","","","","","","N","","","","","","","","1","01752290","08"
"2019072152","05","1","3801 WILLIAM PENN HWY","","MURRYSVILLE","PA","15668","UNIVERSAL TRUCKLOAD","8009552292","067200","","","","","N","","","","","","N","","","","","","","","1","01162977","08"
"2019051646","02","1","1401 PARKWAY VIEW DR","","PITTSBURGH","PA","15205","ARAMARK","4127888351","999999","","","","","N","","","","","","N","","","","","","","","3","00221707","03"
"2019067178","02","1","28161 N KEITH DR","","LAKE FOREST","IL","60045","SHRED-IT USA LLC","3035915364","026000","","","","","N","","","","","","N","","","","","","","","1","01153892","03"
"2019036733","04","8","345 SIXTH AVE","","PITTSBURGH","PA","15222","ALLEGHENY COUNTY PORT AUTHORITY","4124422000","999999","","","","","N","","","","","","N","","A-00976060","","","","","","3","","11"
"2019120664","02","99","2235 BEAVER AVE","","PITTSBURGH","PA","15233","PORT AUTHORITY OF ALLGHENY","4124422000","","","","","","N","","","","","","U","","A-00976060","","","","","","2","","13"
"2019024297","02","8","714 EKASTOWN RD","","SARVER","PA","16055","ABC TRANSIT","4128213000","033000","","","","","N","","","","","","N","","","","","","","","3","02420569","11"
"2019031627","05","1","2550 WESTBELT DRIVE","","COLUMBUS","OH","43228","HOGAN TRUCK LEASING INC","7408688362","080000","","","","","N","","","","","","N","","","","","","","","3","01137660","04"
"2019079792","03","6","85 SPECTRUM CV PT 88","","ALBASTER","AL","35007","ENVIRONMENT SPECTRUM","2058490000","072300","","","","","N","","","","","","N","","","","","","","","1","00734047","08"
"2019036652","02","8","2235 BEAVER AVENUE","","PITTSBURGH","PA","15233","PORT AUTHORITY ALLEGHENY COUNTY","4122551385","039600","","","","","N","","","","","","N","","A-00976060","","","","","","2","","11"
"2019046773","03","0","10364 BENNETT PARKWAY","","ZIONSVILLE","IN","46077","MARTEN TRANSPORT LTD","4125351304","080000","","","","","N","","","","","","N","","LJ354260","","","","","","2","00074432","04"
"2019065717","02","1","6 RIVER ROAD","","MCKEES ROCKS","PA","15136","AMERICAN TRANSPORTATION MANAGEME","4127782550","025999","","","","","N","","","","","","N","","","","","","","","1","","03"
"2019134364","02","8","2235 BEAVER AVE","","PITTSBURGH","PA","15233","PORT AUTHORITY OF ALLEGHENY CO","4124422000","999999","","","","","N","","","","","","N","","A-00976060","","","","","","2","","13"
"2019076267","04","4","518 FRANKLIN STREET","","EAST PITTSBURGH","PA","15112","NXT GENERATION TRUCKING LLC","4124143346","999999","","","","","","","","","","","N","","","","","","","","2","02843059","04"
"2019111829","02","3","319 S. NAPERVILLE RD.","","WHEATON","IL","60187","HAUL FOR HIRE","6306745243","080000","","","","","N","","","","","","N","","2499827","","","","","","2","","00"
"2019056888","02","8","5380","36TH ST. SE","KENTWOOD","MI","49512","DMR TRANSPORTATION","6166086441","999999","","","","","N","","","","","","","","579038","","","","","","3","02042265","11"
"2019093181","02","1","1000 ROSS MUNICIPAL RD","","PITTSBURGH","PA","15237","ROSS TOWNSHIP","4129317055","","","","","","","","","","","","N","","","","","","","","2","","03"
"2019026370","04","99","69 ALLEN DRIVE","","PITTSBURGH","PA","15214","ROBERT KILLMEYER INC","4123372995","080000","","","","","N","","","","","","N","","","","","","","","1","00126693","08"
"2019090408","02","1","4780 LIBRARY RD","","BETHEL PARK","PA","15102","FIRST TRANSIT INC","4128333300","","","","","","N","","","","","","N","","","","","","","","1","99999999","12"
"2019090552","04","8","345 SIXTH AVE","","PITTSBURGH","PA","15222","ALLEGHNY COUNTY PORT AUTHORITY","4124422000","999999","","","","","N","","","","","","N","","A-00976060","","","","","","1","","11"
"2019085147","04","2","1373 WASHINGTON PIKE","STE 100","BRIDGEVILLE","PA","15017","RES WATER","4122212034","073280","","","","","N","","","","","","N","","8916162","","","","","","1","02454094","08"
"2019113104","05","1","POBOX 429","","CLEARWATER","MN","55320","D&E TRANSPORT LLC","7628782880","080000","","","","","N","","","","","","N","","","","","","","","1","00600140","08"
"2019117053","02","1","10-29 1/2 & A V R R","","PITTSBURGH","PA","15201","CITY OF PITTSBURGH LEASING","9999999999","025950","","","","","N","","","","","","N","","9999999999","","","","","","3","99999999","03"
"2019022104","02","8","345 SIXTH AVENUE","","PITTSBURGH","PA","15222","PORT AUTHORITY OF ALLEGHENY COUN","4124422000","999999","","","","","N","","","","","","N","","A-00976060","","","","","","2","","11"
"2019022232","03","4","2018 AUSTIN COURT","","IRWIN","PA","15642","FOSTER TRUCKING LLC","9999999999","073280","","","","","N","","","","","","N","","","","","","","","1","99999999","09"
"2019037162","03","3","5899 STEUBENVILLE PIKE","","MCKEES ROCKS","PA","15136","S &M LOGISTICS LLC","9999999999","080000","","","","","N","","","","","","N","","","","","","","","1","02936783","08"
"2019086599","03","99","370 WAMPANOAG TRAIL","","RIVERSIDE","IN","02915","JLINE TRANSPORTATION","4014311180","","","","","","N","","","","","","N","","N/A","","","","","","1","","08"
"2019079823","03","8","2235 BEAVER AVENUE","","PITTSBURGH","PA","15233","PORT AUTHORITY ALLEGHENY COUNTY","4124222000","040000","","","","","N","","","","","","","","A-00976060","","","","","","2","","11"
"2019068401","02","1","10 CHURCH STREET","PO BOX 307","WHEATLAND","PA","16161","AIM NATIONAL LEASE","7249830623","999999","","","","","N","","","","","","N","","","","","","","","1","","03"
"2019123456","03","99","3137 VIRGINA AVE.","","JASPER","IN","47546","NANCY BAER TRUCKING INC","4403090408","080000","","","","","N","","","","","","","","","","","","","","3","","99"
"2019033980","02","0","801 MCNEILLY","","PITTSBURGH","PA","15226","MICHAEL FACCHIANO CONTRACTING IN","4123445503","","","","","","","","","","","","N","","104","","","","","","2","","09"
"2019008797","","1","971 BRIARSDALE RD","","HARRISBURG","PA","17109","RYDER TRUCK RENTAL","4126065239","025999","","","","","N","","","","","","N","","","","","","","","1","00352178","05"
"2019095144","02","8","714 EKASTOWN RD","","SARVER","PA","16055","ABC TRANSIT INC","4128213000","029800","","","","","N","","","","","","N","","6416227","","","","","","2","02420569","11"
"2019069402","02","8","2235 BEAVER AVE.","","PITTSBURGH","PA","15233","PORT AUTHORITY OF ALLEGHENY CO","4124422000","999999","","","","","N","","","","","","N","","A00976060","","","","","","2","","11"
"2019112834","02","1","798 EKASTOWN ROAD","","SARVER","PA","160559724","W.L. ROENIGK","4124130063","999999","","","","","N","","","","","","N","","","","","","","","1","","00"
"2019127734","99","1","1000 S MAIN STREET","","GREENSBURG","PA","15601","SCOTT ELECTRIC COMPANY","4126875000","322639","","","","","N","","","","","","N","","A-00114078","","","","","","2","00696383","05"
"2019028599","99","0","121 BRICKYARD RD","","MARS","PA","16046","TRI COUNTY INDUSTRIES INC DBA","9999999999","073280","","","","","","","","","","","N","","","","","","","","2","","00"
"2019028599","99","0","1305 STRANMORE ST","","PITTSBURGH","PA","15212","DEB WISNICK","9999999999","014000","","","","","N","","","","","","N","","","","","","","","3","","02"
"2019054755","08","99","38 CHRISTY ROAD","","DELMONT","PA","15626","CLB TRUCKING LLC","4124809260","080000","","","","","N","","","","","","N","","","","","","","","2","02337848","08"
"2019113635","02","1","760 COMMONWELTH DRIVE","","WARRENDALE","PA","15086","PAPER PRODUCTS CO","7247419700","033000","","","","","N","","","","","","N","","","","","","","","1","00332295","03"
"2019046702","02","8","101 OLD FRANKSTOWN RD","","PITTSBURGH","PA","15239","FIRST STUDENT INC","4127939600","","","","","","N","","","","","","N","","","","","","","","1","00354406","11"
"2019008797","99","0","19825 LINDAY RD","","THOMPSONVILLE","MI","49683","OCTANE TRUCKING LLC","3046925019","080000","","","","","N","","","","","","N","","","","","","","","2","01786905","04"
"2019070388","02","8","2235 BEAVE AVE","","PITTSBURGH","PA","15233","PORT AUTHORITY OF ALLEGHENY COUN","4124422000","","","","","","N","","","","","","N","","A-00976060","","","","","","1","","11"
"2019070388","02","8","2235 BEAVER AVE","","PITTSBURGH","PA","15233","PORT AUTHORITY OF ALLEGHENY COUN","4124422000","","","","","","N","","","","","","N","","A-00976060","","","","","","2","","11"
"2019081234","05","1","254 MUFFLEY HOLLOW RD","","SALTSBURG","PA","15681","MCGUIRE TRUCKING INC","7245166891","080000","","","","","N","","","","","","N","","","","","","","","1","00391851","08"
"2019005428","02","1","PO BOX 791 162669","","READING","PA","19603","PENSKE LEASING AND RENTAL CO.","9999999999","","","","","","N","","","","","","","","","","","","","","1","99999999","03"
"2019005428","02","1","11670 NW 105TH ST","","MIAMI","FL","33178","RYDER TRUCK RENTAL INC","9999999999","","","","","","N","","","","","","N","","","","","","","","2","99999999","03"
"2019105755","04","4","163 FOX STOP RD","","CHARLEROI","PA","15022","FLEMING AND SONS TRUCKING","7246780827","073280","","","","","N","","","","","","N","","","","","","","","2","01406992","04"
"2019027366","04","3","776 SPRINGS RD PO BOX 6","","GRANTSVILLE","MD","21536","GRANTSVILLE TRUCK AND TRAILER","3018955356","080000","","","","","N","","","","","","N","","","","","","","","1","00948277","08"
"2019037667","05","3","517 W NORTH ST.","","PASS CHRISTIAN","MS","39571","UNLIMITED DELIVERIES LLC","8503659775","080000","","","","","N","","","","","","N","","","","","","","","1","02855991","08"
"2019127537","02","0","345 SIXTH AVENUE","","PITTSBURGH","PA","15222","PORT AUTHORITY ALLEGHENY CO","4124422000","026000","","","","","N","","","","","","N","","A-00976060","","","","","","2","","13"
"2019134823","02","99","345 MAIN ST","","NEW KENSINGTON","PA","15068","MAR MAC TIRE CO INC","7243359801","006900","","","","","N","","","","","","N","","0","","","","","","1","00000000","02"
"2019053454","04","99","676 SHAFFER ROAD","","HOOKSTOWN","PA","15050","JR HALL EXCAVATION INC.","7245731133","020000","","","","","N","","","","","","N","","","","","","","","2","00963679","06"
"2019127469","99","8","101 CASTLEVIEW RD","","PITTSBURGH","PA","15234","CARRIER MANAGEMENT CORP","4123418288","999999","","","","","N","","","","","","N","","","","","","","","1","","11"
"2019056847","03","3","1031 NEW CASTLE ROAD","","BUTLER","PA","16052","EISLER LANDSCAPING","8004208733","020000","","","","","N","","","","","","N","","","","","","","","1","02125684","04"
"2019118857","05","99","2559 STATE ROUTE 88","","FINLEYVILLE","PA","15332","W.G. TOMKO INCO","4127707872","080000","","","","","N","","","","","","N","","","","","","","","1","00760908","08"
"2019098765","02","99","2559 STATE ROUTE 88","","FINLEYVILLE","PA","15332","WG TOMKO INC","7243482000","006100","","","","","N","","","","","","N","","UNKNOWN","","","","","","1","","02"
"2019073247","05","1","4001 LEADENHALL ROAD","","MT LAUREL","NJ","08054-0000","FEDERAL EXPRESS CORP","4126275422","074000","","","","","N","","","","","","N","","","","","","","","2","00086876","08"
"2019040660","02","4","PO  BOX 31","","PORTERSVILLE","PA","16051","DON MARK TRUCKING","7243680502","073280","","","","","N","","","","","","N","","A23456","","","","","","2","07575099","03"
"2019096788","05","3","908 BROADWAY ST.","","MASURY","OH","44438","P.I. & I.","9999999999","080000","","","","","N","","","","","","N","","","","","","","","1","00122443","08"
"2019045215","05","3","P.O. BOX 798","","WEST FARGO","ND","58078","E.W WYLIE CORP.","7013613062","080000","","","","","N","","","","","","N","","","","","","","","1","00827622","08"
"2019111140","02","1","1001 CALIFORNIA AVE","","PITTSBURGH","PA","15212","USPS","4124786372","010000","","","","","N","","","","","","N","","PUC 004","","","","","","2","00043400","03"
"2019028435","05","1","1876 33 STREET NW","","EDMONTON","AB","T6T0L5","AUTOMAN MOTOR FREIGHT","7802390733","","","","","","N","","","","","","","","","","","","","","2","03077193","06"
"2019027825","05","3","102 APPLE HILL RD","","WAYNESBURG","PA","15370","NEW WAY EXCAVATING","7243290386","080000","","","","","N","","","","","","N","","","","","","","","2","02110483","08"
"2019035685","04","7","3160 CONWAY WALLROSE RD","","BADEN","PA","15005","BFI SERVICES OF PENNSLVANIA LLC","4124272878","018660","","","","","N","","","","","","N","","","","","","","","2","00962087","09"
"2019020308","03","7","7700 WALL ST","","VALLEY VIEW","OH","44125","PREMIER TRUCK SALES AND RENTAL I","8008251255","","","","","","N","","","","","","N","","","","","","","","2","00364259","04"
"2019025511","02","3","1011 FOGGY HOLLOW ROAD","","GIBSONIA","PA","15044","MMC LAND MANANGEMENT INC","7244443033","014000","","","","","N","","","","","","N","","","","","","","","2","02202512","03"
"2019030742","99","99","UNKNOWN","","UNKNOWN","ZZ","99999","UNKNOWN","9999999999","999999","","","","","N","","","","","","U","","","","","","","","2","","08"
"2019027706","02","6","304 CLARKS PIKE RD","","TARENTUM","PA","15084","HLOZNIKS AUTO SALVAGE","7248827078","999999","","","","","N","","","","","","U","","","","","","","","1","02274514","09"
"2019130608","02","1","1728 US-30","","CLINTON","PA","15026","DIAMOND CARGO EXPRESS","7242270500","026000","","","","","N","","","","","","N","","00121989","","","","","","2","01325605","03"
"2019063831","02","8","2235 BEAVER AVE.","","PITTSBURGH","PA","15233","PORT AUTHORITY-ALLEGHENY CO.","4125665214","026000","","","","","N","","","","","","N","","A-00976060","","","","","","1","","11"
"2019118866","05","4","364 MITCHELL AVE","","CLAIRTON","PA","15025","CLIFFORD BROTHERS TRUCKING LLC","4124148687","070000","","","","","N","","","","","","","","","","","","","","2","02789601","00"
"2019009493","02","3","855 SHERWOOD ROAD","","PITTSBURGH","PA","15221","412 TOWING","4123377078","025000","","","","","N","","","","","","N","","A8915363","","","","","","2","01820153","03"
"2019115903","02","1","4000 CLINE AVE","","EAST CHICAGO","IN","46312-0534","PENSKE TRUCK LEAING CO","4127360789","065000","","","","","N","","","","","","N","","","","","","","","2","00310582","08"
"2019097152","02","8","3680 OLD OAKDALE RD.","","MCDONALD","PA","15057","SOUTH FAYETTE SCHOOL DISTRICT","4122214542","999999","","","","","N","","","","","","N","","","","","","","","1","","11"
"2019025844","02","1","50 INDUSTRIAL LOOP NORTH","","ORANGE PARK","FL","32073","BRIDGESTONE HOSEPOWER LLC & MAST","9043517456","026000","","","","","N","","","","","","N","","","","","","","","2","01155331","03"
"2019099001","05","1","11840 VALLEYVIEW ROAD","","EDEN PRARIE","MN","55344","SUPERVALU TRANSPORTATION INC","7249256600","080000","","","","","N","","","","","","N","","","","","","","","2","00467296","08"
"2019115602","99","99","UNKNOWN","","UNKNWON","ZF","99999999","UNKNOWN","9999999999","999999","","","","","","","","","","","U","","","","","","","","1","","07"
"2019115602","99","99","3900 BARRETT DR SUITE 300","","RALEIGH","NC","27609","FIRST CLASS TRANSPORTATION AND L","9199611733","080000","","","","","N","","","","","","N","","","","","","","","2","02918157","08"
"2019002397","02","1","P. O. BOX 563","","READING","PA","19603-0563","PENSKE TRUCK LEASING CO LP","6107756000","025999","","","","","N","","","","","","N","","","","","","","","1","00327574","03"
"2019095995","02","0","5945 BUTTERMILK HOLLOW RD","","PITTSBURGH","OR","15207","AUTO GALLERY","4126063944","999999","","","","","N","","","","","","N","","","","","","","","2","","98"
"2019025488","04","1","15 SHORT CUT ROAD","","EIGHTY FOUR","PA","15330","GRANT KEMMERER","7242395511","016000","","","","","N","","","","","","N","","","","","","","","2","01287463","02"
"2019059676","05","0","801 W 1ST STREET","","URICHSVILLE","OH","44683","VISION EXPRESS INC","3304077776","999999","","","","","N","","","","","","N","","","","","","","","1","00928593","08"
"2019050294","03","8","110 LENZNER COURT","","SEWICKLEY","PA","15143","COACH USA","4127494188","999999","","","","","N","","","","","","N","","","","","","","","1","00583785","11"
"2019086619","06","0","18 S. 19TH STREET","","STROUDSBURG","PA","18360","MAIN TRUCKING INC","6314862097","080000","","","","","N","","","","","","N","","MC968161","","","","","","2","02883992","08"
"2019106316","05","1","202 HERITAGE PARK DR","","MURFREESBORO","TN","37129","FIRST FLEET INC","8144832617","080000","","","","","N","","","","","","N","","","","","","","","2","00313891","08"
"2019104424","02","8","1300 MCKEAN AVENUE","","CHARLEROI","PA","15022","MID MON VALLEY TRANSIT AUTHORITY","7244890880","999999","","","","","N","","","","","","","","","","","","","","2","","13"
"2019008844","04","7","975 ROBISON RD EAST","","ERIE","PA","16509","WASTE MANAGEMENT OF PA","7246373532","073280","","","","","N","","","","","","N","","000000","","","","","","1","00344050","04"
"2019113936","02","1","1 JOHN ST","","MCKEES ROCKS","PA","15136","RED DIAMOND INC","4127788877","025500","","","","","N","","","","","","N","","","","","","","","2","01738977","03"
"2019046795","05","0","6058 NEWBERRY RD","","WINNSBORO","SC","291806185","OWEN'S TRANSPORTATION LLC","8036332000","999999","","","","","N","","","","","","U","","","","","","","","1","","08"
"2019012148","02","8","2235 BEAVER AVE","","PITTSBURGH","PA","15233","PORT AUTHORITY OF ALLEGHENY CNTY","4124222000","","","","","","N","","","","","","N","","A-00976060","","","","","","2","","11"
"2019086265","02","8","2235 BEAVER AVE.","","PITTSBURGH","PA","15233","PORT AUTHORITY-ALLEGHENY CO.","4125665214","026000","","","","","N","","","","","","N","","A-00976060","","","","","","1","","11"
"2019006283","99","0","6402 CENTRE AVE","","PITTSBURGH","PA","15206","MICHAEL ARTHUR JONES","9999999999","999999","","","","","N","","","","","","N","","","","","","","","2","","08"
"2019031234","02","1","726 FRANK ST","","PITTSBURGH","PA","15207","SCHNEIDER'S DAIRY","4128740088","008500","","","","","N","","","","","","N","","A00111579","","","","","","2","00937962","03"
"2019078723","05","0","650 E 107TH SUITE 170","","BOLINGBROOK","IL","60480","DMV TRANSPORTATION INC","6304914700","080000","","","","","N","","","","","","N","","","","","","","","1","01337798","08"
"2019078723","03","4","420 BURNS LNE","","RUFFSDALE","PA","15679","T R TRUCKING & EXCAVATING INC","7247224434","073280","","","","","N","","","","","","N","","","","","","","","2","01122214","04"
"2019045753","05","1","2704 ATRIUM DRIVE","","GRAND PRAIRIE","TX","75052","KG LOGISTICS INC","4695864226","080000","","","","","N","","","","","","N","","","","","","","","1","02279497","08"
"2019045753","02","1","4675 VERONA RD","","VERONA","PA","15147","MOLYNEAUX TILE CONTRATING INC","4127936100","009000","","","","","N","","","","","","N","","","","","","","","2","00000985","02"
"2019102119","02","4","1020 LEBANON RD","","WEST MIFFLIN","PA","15122","BOROUGH OF WEST MIFFLIN","4124668170","036220","","","","","N","","","","","","N","","","","","","","","1","","03"
"2019095043","99","4","4135 OLD WILLIAM PENN H","","MONROEVILLE","PA","15146","STONE BUILDER'S SUPPLY","4123736235","","","","","","N","","","","","","N","","A-00115059","","","","","","2","00896842","09"
"2019098955","02","1","ROUTE 10 GREEN HILLS","","READING","PA","196030563","PENSKE TRUCK LEASING CO LP","6107756000","","","","","","N","","","","","","","","","","","","","","1","00327574","03"
"2019108429","99","99","7266 NOBLESTOWN RD","","OAKDALE","PA","15071","DAVID SINGER","9999999999","033000","","","","","N","","","","","","N","","","","","","","","1","","05"
"2019094564","05","1","11225 JOILET ROAD","","LEMONT","IL","60439","FAB EXPRESS INC","5708465201","080000","","","","","N","","","","","","N","","","","","","","","1","00292372","08"
"2019120718","99","0","526 CITY COUNTY BLDG","","PITTSBURGH","PA","99999","CITY OF PITTSBURGH EQUIPMENT","9999999999","999999","","","","","","","","","","","N","","","","","","","","2","","99"
"2019133112","02","8","2235 BEAVER AVENUE","","PITTSBURGH","PA","15233","PORT AUTHORITY","4124422000","026000","","","","","","","","","","","N","","A-00976060","","","","","","2","","13"
"2020004389","99","99","UNKNOWN","","UNKNOWN","ZZ","99999","UNKNOWN","9999999999","999999","","","","","","","","","","","U","","","","","","","","3","99999999","08"
"2019111914","99","1","920 SIMON DRIVE","","FARLEY","IA","52046","SIMONS TRUCKING","3048304766","","","","","","N","","","","","","N","","","","","","","","2","00164492","05"
"2019033288","02","7","111 OVERLOOK AVE","","BELLEVILLE","NJ","07109","AZCONA","8622977336","025950","","","","","N","","","","","","N","","","","","","","","2","03139033","03"
"2019015693","02","1","1559 BOYD ROAD","","COLLIER","WV","26035","KLD TRANSPORTATION LLC","4127155197","026000","","","","","N","","","","","","N","","","","","","","","1","02988914","03"
"2019122426","02","7","526 CITY COUNTY BUILDING","","PITTSBURGH","PA","15219","CITY OF PITTSBURGH","4122552640","058400","","","","","N","","","","","","N","","9999999999","","","","","","2","","03"
"2019059392","02","3","109 MCCLURE ST","","DRAVOSBURG","PA","15034","C&D TOWING & RECOVERY","4124699380","026000","","","","","N","","","","","","N","","","","","","","","1","00536207","03"
"2019108282","02","8","2235 BEAVER AVE.","","PITTSBURGH","PA","15233","PORT AUTHORITY OF ALLEGHENY CO","4124422000","017963","","","","","N","","","","","","N","","A-00976060","","","","","","1","","11"
"2019062580","04","3","7135 CENTENNIAL PLACE","","NASHVILLE","TN","37209","WESTERN EXPRESS INC","6152599920","052000","","","","","N","","","","","","N","","","","","","","","1","00511412","08"
"2019033229","02","3","104 FIRESIDE DRIVE","","CANONSBURG","PA","15317","MAGIC MY WAY","4124275719","026000","","","","","N","","","","","","N","","","","","","","","2","02171690","03"
"2019087094","05","3","1214 FORSYTHIA ST EAST","","DEMOTTE","IN","46310","GYPSUM EXPRESS LTD","8006217901","052000","","","","","N","","","","","","N","","","","","","","","2","00623098","08"
"2019042794","03","1","316 GRANT AVE","","DUQUESNE","PA","151101009","LUNA TRANSPORTATION INC","4123983876","080000","","","","","N","","","","","","N","","","","","","","","1","00251758","08"
"2019073075","03","99","611 JEFFERSON RD","","SOMMERSET","PA","15501","BOB BARRON","8142336745","999999","","","","","N","","","","","","N","","","","","","","","2","02091819","08"
"2019096004","02","8","2235 BEAVER AVENUE","","PITTSBURGH","PA","15233","PORT AUTHORITY","4124222000","","","","","","N","","","","","","N","","A-00976060","","","","","","2","","11"
"2019093575","02","4","457 DAVIDSON RD","","PITTSBURGH","PA","15123","CALIBER LOGISTICS LLC","8002421546","073280","","","","","N","","","","","","N","","4544175890","","","","","","2","00135106","03"
"2019055853","03","4","3526 MCCLURE AVE","","PITTSBURGH","PA","15212","JAMES WEST TRUCKING LLC","4122980686","073280","","","","","N","","","","","","N","","8916508","","","","","","1","00249334","04"
"2019067500","03","4","110 S. FRONT STREET","","HARRISBURG","PA","17103","PENNDOT","7174125300","058400","","","","","N","","","","","","N","","","","","","","","1","","09"
"2019128915","05","1","151 INDUSTRIAL PARKWAY","","VERSAILLES","OH","45380","CLASSIC CARRIERS INC","5707135901","080000","","","","","N","","","","","","N","","","","","","","","1","00300799","08"
"2019019438","05","3","2314 N RIVER RD","","RIVER GROVE","IL","60171","NOVA LINES","5617672566","080000","","","","","N","","","","","","N","","","","","","","","1","02559423","08"
"2019066256","02","1","2300 WINDY RIDGE PARKWAY","SUITE 500N","ATLANTA","GA","30339","DS SERVICES OF AMERICA, INC.","7245445081","003300","","","","","N","","","","","","N","","","","","","","","1","00155682","05"
"2019072496","05","1","1512 EVELYN AVE","","ALBANY","GA","31705","O'NEAL TRUCKING","7242512038","060600","","","","","N","","","","","","N","","","","","","","","1","00055787","08"
"2019093441","02","1","1500 TRUMBULL ROAD","","GIRARD","OH","444203453","AIM LEASING COMPANY","3307594327","999999","","","","","","","","","","","N","","","","","","","","1","00332295","03"
"2019069215","05","3","P.O. BOX 80","","SALTSBURG","PA","15681","JEFFRIES TRANSPORT COORDINATORS","7246399043","052000","","","","","N","","","","","","N","","","","","","","","1","00058886","08"
"2019035041","05","2","6017 EAST CALLA RD","","NEW MIDDLETOWN","OH","44442","VENEZIA TRANPORT SERVICE","8005235572","080000","","","","","N","","","","","","N","","A105332","","","","","","1","01079966","08"
"2019120285","04","1","3501 W. OLD LINCOLN WAY","","WOOSTER","OH","44691","WOOSTER MOTOR WAYS","8006830564","080000","","","","","N","","","","","","N","","","","","","","","2","00157262","08"
"2019087389","02","4","3000 MARYLAND AVENUE","","NORTH VERSAILLES","PA","15137","BANKS GAS SERVICES","4128295000","025999","","","","","N","","","","","","N","","","","","","","","2","02035601","03"
"2019051183","03","1","434 DEER DR","","LANGHORNE","OA","19047","INNOVATIVE TRUCK SERVICE","8563336285","080000","","","","","N","","","","","","N","","","","","","","","2","02443986","08"
"2019120852","03","6","110 LENZER COURT","","SEWICKLEY","PA","15143","LENZER COACH LINES","8003422349","999999","","","","","N","","","","","","N","","A-00112590","","","","","","2","00583785","13"
"2019046761","02","8","2235 BEAVER AVE.","","PITTSBURGH","PA","15233","PORT AUTHORITY OF ALLEGHENY CO","4124422000","999999","","","","","N","","","","","","N","","A-00976060","","","","","","1","","11"
"2020009106","03","1","4080 JENKINS RD","","CHATTANOOGA","TN","37421","US XPRESS","8666465886","080000","","","","","N","","","","","","N","","","","","","","","1","00303024","08"
"2019129151","02","8","345 6TH AVENUE","","PITTSBURGH","PA","15222","VERIZON","4122551385","999999","","","","","N","","","","","","N","","A-00976060","","","","","","1","","13"
"2019124061","02","3","1029 MCCARTNEY ST","","PITTSBURGH","PA","15220","HPKD INC","4129227600","018750","","","","","N","","","","","","N","","","","","","","","1","02320915","08"
"2019081020","99","99","240 BILMAR DR","","PITTSBURGH","PA","15205","TRUEGREEN LIMITED PARTNERSHIP","4129301810","","","","","","N","","","","","","N","","","","","","","","2","00342305","98"
"2019081020","03","4","6332 DEAN ST","","PITTSBURGH","PA","15206","R&R TRUCKING","4125097439","","","","","","N","","","","","","N","","","","","","","","3","02050137","04"
"2019082337","05","6","555 US HIGHWAY 1 S #120","","ISELIN","NJ","08830","TRIBECA AUTOMOTIVE INC","7323520899","080000","","","","","N","","","","","","N","","","","","","","","2","02102687","08"
"2019089886","02","1","55 MATCHETT ROAD PO 438","","CLINTON","PA","15026","AIR GROUND XPRESS INC","7246951110","014500","","","","","N","","","","","","N","","","","","","","","2","00259447","03"
"2019089886","05","3","4200 INDUSTRIAL BLVD","","ALIQUIPPA","PA","15001","PGT TRUCKING INC","7247283500","080000","","","","","N","","","","","","N","","","","","","","","3","00192897","08"
"2019092338","03","4","3037 BROWNSVILLE RD EXT","","SOUTH PARK","PA","15129","JACK DUNCAN","4128336059","073280","","","","","N","","","","","","N","","","","","","","","1","01083528","99"
"2019009382","02","3","970 W EADS PARKWAY","","LAWRENCEBURG","PA","47025","LOWES HOME CENTERS LLC","8004456937","028001","","","","","N","","","","","","N","","","","","","","","1","00097235","03"
"2019127328","05","3","1500 COMMERCIAL AVE","","MINGO JUNCTION","OH","43938","JSW STEEL USA OHIO INC","3305490000","080000","","","","","N","","","","","","N","","","","","","","","1","00285442","06"
"2019002455","05","1","1001 CALIFORNIA AVE","","PITTSBURGH","PA","15290","US POST OFFICE","4123597848","080000","","","","","N","","","","","","N","","99999999","","","","","","1","09999999","06"
"2019042582","03","7","121 BRICKYARD RD.","","MARS","PA","16046","VOGEL DISPOSAL SERVICE","7246251511","733280","","","","","N","","","","","","N","","","","","","","","2","00290052","04"
"2019109908","99","99","UNK","","UNK","ZZ","999999999","UNK","9999999999","999999","","","","","","","","","","","N","","","","","","","","1","","08"
"2019088133","02","8","2235 BEAVER AVENUE","","PITTSBURGH","PA","15233","PORT AUTHORITY OF ALLEGHENY CO","4122551385","999999","","","","","N","","","","","","N","","","","","","","","3","","11"
"2019035913","99","0","412 HEIGHTS DR","","PITTSBURGH","PA","15209","ANTONIO GENTILE","9999999999","016500","","","","","N","","","","","","N","","","","","","","","1","","02"
"2019118475","05","3","4010 COLUMBUS AVE","","SANDUSKY","OH","44870","SOUTHSHORE TRANSPORTATION CO INC","4196267079","080000","","","","","N","","","","","","N","","","","","","","","2","00247350","00"
"2019108938","05","3","20677 WILDWOOD LANE","","STRONGSVILLE","OH","44149","WORLDWAY EXPEDITE LINE INC - MAR","4405527744","080000","","","","","N","","","","","","N","","","","","","","","1","02426610","08"
"2019102044","02","3","281 US-30","","IMPERIAL","PA","15126","PENNSYLVANIA DRILLING COMPANY","7246952400","053220","","","","","N","","","","","","N","","","","","","","","2","00088417","03"
"2019112481","02","8","2235 BEAVER AVENUE","","PITTSBURGH","PA","12533","PORT AUTHORITY","4124422000","999999","","","","","N","","","","","","N","","A-00976060","","","","","","2","","11"
"2019013960","02","8","1325 SCOTLAND AVENUE","","PUNXSUTAWNEY","PA","15767","KRISE TRANSPORTATION","8149386200","013000","","","","","N","","","","","","N","","","","","","","","2","00550782","10"
"2019013960","02","8","700 N. BELL AVENUE","","CARNEGIE","PA","15106","THE SALVATION ARMY","4124461500","012300","","","","","N","","","","","","N","","","","","","","","4","99999999","10"
"2019067901","05","1","2580 CLYDE AVE","","STATE COLLEGE","PA","16801","HOY TRANSFER INC","8002571110","080000","","","","","N","","","","","","N","","A85095","","","","","","2","00887648","08"
"2019026259","02","8","4236 WILLIAM FLINN HWY","","ALLISON PARK","PA","15101","S S SALES","4124875452","","","","","","","","","","","","N","","","","","","","","2","99999999","10"
"2019134760","02","1","160 VELTRI DRIVE","","WASHINGTON","PA","15301","JAMES R VELTRI TRUCKING INC","7406718224","058400","","","","","N","","","","","","N","","","","","","","","2","01085746","06"
"2019063421","05","1","1912 REILLY ROAD","","PHILADELPHIA","PA","19115","AD EXPRESS TRUCKING LLC","2672569793","080000","","","","","N","","","","","","N","","","","","","","","1","03066495","08"
"2019023713","02","3","4715 WM FLYN HWY","","ALLISON PARK","PA","15101","ANSO INC","4124862211","006000","","","","","N","","","","","","N","","","","","","","","1","00908315","03"
"2019070504","03","8","2235 BEAVER AVE","","PITTSBURGH","PA","15233","PORT AUTHORITY OF ALLEGHENY COUN","4125665500","999999","","","","","N","","","","","","Y","","A-00976060","","","","","","2","","11"
"2019130736","03","0","700 WASHINGTON AVE","","BRIDGEVILLE","PA","15017","US POST OFFICE","4123597596","999999","","","","","N","","","","","","N","","","","","","","","2","08728032","08"
"2019086849","03","4","PO BOX 383","","MURRYSVILLE","PA","15664","CRYSTAL CLEAN WINDOWS","4129658342","061000","","","","","N","","","","","","N","","","","","","","","2","","04"
"2019115958","02","1","1530 CHARTIERS AVENUE","","PITTSBURGH","PA","15220","COMCAST CABLE","4128751334","999999","","","","","N","","","","","","N","","","","","","","","1","","00"
"2019042816","05","3","7135 CENTENNIAL PLACE","","NASHVILLE","TN","37209","WESTERN EXPRESS INC.","8003167160","080000","","","","","N","","","","","","N","","","","","","","","1","00511412","08"
"2019094795","02","6","2235 BEAVER AVENUE","","PITTSBURGH","PA","15233","PORT AUTHORITY OF ALLEGHENY CO.","4122551385","","","","","","N","","","","","","","","","","","","","","1","","13"
"2019133744","02","1","524 PARKWAY VIEW DR","","PITTSBURGH","PA","15205","MEDCARE EQUIPMENT COMPANY LLC","4128381416","012500","","","","","N","","","","","","N","","","","","","","","1","02360892","03"
"2019133744","02","1","600 VISTA PARK DR","","PITTSUBRGH","PA","15205","FEDEX","8004633339","009050","","","","","N","","","","","","N","","","","","","","","2","00086876","02"
"2019051923","02","8","1234 MARKET STREET","","PHILADELPHIA","PA","19107","SOUTHEASTERN PENNSYLVANIA TRANSP","4122553185","040000","","","","","N","","","","","","N","","A-00976060","","","","","","2","","11"
"2019134760","02","1","199 OAK LEAF OVAL","","OAKWOOD VILLAGE","OH","44146","MAINES PAPER AND FOOD SERVICE","2165072521","080000","","","","","N","","","","","","N","","","","","","","","3","00897204","08"
"2019083808","02","1","1610 PARKWAY VIEW DRIVE","","PITTSBURGH","PA","15205","LOOMIS ARMORED US LLC","4122331700","","","","","","N","","","","","","N","","","","","","","","2","00252201","03"
"2019115918","05","2","234 DEVONVILLE ROAD","","NEW BETHLAHEM","PA","16242","T & D SHUMAKER TRUCKING INC","8035879379","080000","","","","","N","","","","","","N","","","","","","","","2","00073415","08"
"2019002871","02","8","345 6TH AVE 3RD FLOOR","","PITTSBURGH","PA","152222527","PORT AUTHORITY OF ALLEGHENY COUN","4124422000","","","","","","N","","","","","","N","","A-00976060","","","","","","1","","11"
"2019103418","02","0","4001 LEADENHALL RD","","MOUNT LAUREL","NJ","08054","BRIGHTVIEW LANDSCAPE","4127414210","010000","","","","","N","","","","","","N","","","","","","","","1","00464076","08"
"2019108571","03","4","630 JAMES A REED RD","","KANSAS CITY","KS","66012","INFRASOURCE CONSTRUCTION","9893309785","","","","","","N","","","","","","U","","","","","","","","1","01027042","05"
"2019126316","02","3","130 MARTSOLF AVE","","PITTSBURGH","PA","152292024","LONNY MOORE","4128189866","026000","","","","","N","","","","","","N","","","","","","","","1","02926819","03"
"2019104827","03","7","200 RANGOS LN","","WASHINGTON","PA","15301","WASTE MANAGEMENT OF PENNSYLVANIA","8442792503","073280","","","","","N","","","","","","","","","","","","","","2","00344050","04"
"2019087916","03","99","101 KAPPA DR","","PITTSBURGH","PA","152382809","TALON LOGISTICS COMPANY","9999999999","080000","","","","","N","","","","","","N","","","","","","","","1","","08"
"2019118511","02","4","286 BLASCO RD.","","NEW ALEXANDRIA","PA","15670","L&D EXCAVATING & LANDSCAPING INC","7243883596","999999","","","","","N","","","","","","N","","","","","","","","2","","03"
"2019096871","04","3","2313 PA -18","","WAMPUM","PA","16157","DOREN INC","7245354397","073280","","","","","N","","","","","","N","","","","","","","","1","01456045","04"
"2019085373","02","3","417 BROADWAY BLVD","","MONROEVILLE","PA","15140","MAGILLS AUTO SERVICE","4123738155","999999","","","","","N","","","","","","N","","A00109422","","","","","","2","00513657","03"
"2019071031","02","4","2638 BROWN ROAD","","SEWICKLEY","PA","15143","GRAFF EXCAVATING","4125856918","033000","","","","","N","","","","","","N","","","","","","","","1","02132624","03"
"2019094326","02","1","209 E. VIEW DRIVE","","PITTSBURGH","PA","15666","PENSKE","4124994921","037000","","","","","N","","","","","","U","","","","","","","","1","00327574","03"
"2019094326","02","99","978 ROUTE 910","","PITTSBURGH","PA","15238","ISUZU","4127674994","014500","","","","","N","","","","","","N","","10500","","","","","","5","","02"
"2019066606","03","3","225 N SHORE DR","","PITTSBURGH","PA","15212","TRUMBULL CORPORATION","4128072000","025999","","","","","N","","","","","","N","","","","","","","","1","00088311","09"
"2019094076","03","1","2675 MORGANTOWN RD","","READING","PA","19607","IMLER'S POULTRY","8149435563","033000","","","","","N","","","","","","N","","","","","","","","1","00274282","04"
"2019094076","05","2","606 MCCORMICK AVE PO BO","","CONNELLSVILLE","PA","15425","STONE AND COMPANY INC","7243210587","026500","","","","","N","","","","","","N","","","","","","","","2","00896842","08"
"2019064277","04","1","300 LIONVILLE STATION R","","CHESTER SPRINGS","PA","19425","PENN TANIK LINES","4124199312","065000","","","","","N","","","","","","N","","","","","","","","2","00264473","08"
"2019122030","01","0","1825 LIVERPOOL ST","","PITTSBURGH","PA","15233","Z TRIP","4123218100","999999","","","","","N","","","","","","N","","A49926","","","","","","2","","98"
"2019100670","02","1","923 BIDWELL ST","","PITTSBURGH","PA","15233","ACCESS INFORMATION MANAGEMENT","9999999999","","","","","","N","","","","","","N","","","","","","","","1","99999999","03"
"2019017695","04","1","1805 WESTBROOKE VILLAGE","","COLUMBUS","OH","43228","RM ENTERPRISE","6146000818","080000","","","","","N","","","","","","N","","","","","","","","2","02965429","06"
"2019072042","99","4","PO BOX 296","","CURRIE RD","PA","16051","MCCLYMOND SUPPLY AND TRANSIT","7243680508","","","","","","N","","","","","","N","","","","","","","","1","20000974","04"
"2019045472","02","8","1720 W NORTH AVE","","PITTSBURGH","PA","15212","FIRST STUDENT TRANSPORTATION","4123224449","999999","","","","","N","","","","","","N","","","","","","","","2","","11"
"2019059694","02","1","14002 E 21ST ST","","TULSA","OK","74134","FEDEX","4127607619","010050","","","","","N","","","","","","N","","","","","","","","1","00265752","09"
"2019106496","05","3","1733 LINCOLNWAY EAST","","MISHAWAKA","IN","46544","PATTI TRANSPORT LLC","5745328005","999999","","","","","N","","","","","","N","","","","","","","","2","02280503","08"
"2019072031","03","7","1107 THOMPSON AVE","","MCKEES ROCKS","PA","15136","BOYDS ROLL OFF SERVICES","4123316830","073280","","","","","N","","","","","","N","","","","","","","","1","00807021","09"
"2020000621","05","1","3505 UNION ST","","MINERAL RIDGE","OH","44440","ROOD TRUCKING CO., INC.","3306523519","999999","","","","","N","","","","","","N","","","","","","","","2","00014480","08"
"2019092445","04","4","825 BAYRIDGE AVE","","PITTSBURGH","PA","15226","DARYL HOUSTON TRUCKING","4124755985","073280","","","","","","","","","","","N","","A-00122456","","","","","","3","02102596","04"
"2019034296","02","8","201 ROCHELLE STREET","","PITTSBURGH","PA","15210","COUNCIL OF THREE RIVERS AMERICA","4124882750","999999","","","","","N","","","","","","N","","","","","","","","1","","11"
"2019031295","02","8","2235 BEAVER AVE","","PITTSBURGH","PA","15233","PORT AUTHORITY OF ALLEGHENY COUN","4124422000","999999","","","","","N","","","","","","N","","A-00976060","","","","","","2","","11"
"2019119976","03","1","148 PENNSYLVANIA AVENUE","","SCOTTDALE","PA","15683","GREEN ACRES CONTRACTING COMPANY","7248878096","052000","","","","","N","","","","","","N","","","","","","","","1","00157810","04"
"2019047962","08","3","500 SOUTH LOMBARD RD","","ADDISON","IL","60101","IG TRANSPORTATION","2245788744","080000","","","","","N","","","","","","N","","","","","","","","1","01928967","08"
"2019002887","03","4","4611 31ST AVE .","","NEW BRIGHTON","PA","15066","M.O'HERRON COMPANY","7246832067","","","","","","N","","","","","","N","","0908303","","","","","","1","02110229","04"
"2019054177","02","8","415 REBECCA STREET","","MCKEESPORT","PA","15132","PENNSYLVANIA COACH LINES, INC","7248633420","999999","","","","","N","","","","","","N","","","","","","","","2","","11"
"2019034592","02","8","345 6TH AVE","","PITTSBURGH","PA","15222","PORT AUTHORITY ALLEGHENY COUNTY","4124422000","037963","","","","","N","","","","","","N","","A-00976060","","","","","","1","","11"
"2019082445","05","99","1300 GEZON PARKWAY","","WYOMING","MI","49509","GFS TRANSPORT LLC","6155307000","072000","","","","","N","","","","","","N","","00175852","","","","","","2","00175852","08"
"2019056228","02","1","225 NORTH SHORE DRIVE","","PITTSBURGH","PA","15212","TRUMBULL CORPORATION","4128072000","033000","","","","","N","","","","","","N","","","","","","","","1","00088311","03"
"2019056228","05","1","4 RUE DU TRANSPORT","","COTEAU-DU-LAC","QC","J0P1B0","C.A.T. INC","8003635313","080000","","","","","N","","","","","","N","","","","","","","","3","00247969","08"
"2019090056","04","4","P.O. BOX 72","","GIBSONIA","PA","15044","DELLER PROFESSIONAL SERVICE","4128743907","073280","","","","","N","","","","","","N","","","","","","","","1","","04"
"2019091590","05","2","4366 MT. PLEASENT ST  NW","","NORTH CANTON","OH","44720","NORTH CANTON TRANSFER LLC","3304910474","080000","","","","","N","","","","","","N","","1110013","","","","","","1","00265978","08"
"2019065398","02","4","3435 WEBSTER","","PITTSBURGH","PA","15219","KEVIN GUY","4122666674","029938","","","","","N","","","","","","N","","","","","","","","1","","09"
"2019062590","99","0","825 BEHAN ST","","PITTSBURGH","PA","15233","AUTUMN BROOKE TRANSPORTATION","9999999999","073280","","","","","","","","","","","N","","","","","","","","4","","00"
"2019071338","02","1","6045 BRIDGETOWN RD.","","CINCINNATI","OH","45248","H C TRANSPORTATION INC.","4126135228","034000","","","","","N","","","","","","N","","123662-P","","","","","","1","00726852","04"
"2019133182","02","8","2235 BEAVER AVENUE","","PITTSBURGH","PA","15233","PORT AUTHORITY OF ALLEGHENY CO","4124422000","028000","","","","","N","","","","","","N","","A-00976060","","","","","","1","","13"
"2019127185","05","3","390 N LONG RUN RD","","AVONMORE","PA","15618","M&A TRANSPORT INC","7247198684","999999","","","","","N","","","","","","N","","","","","","","","1","00871981","08"
"2019047475","99","99","201 KITTANNING ST","","BUTLER","PA","16002","GRECO GAS INC","9999999999","033000","","","","","N","","","","","","N","","","","","","","","1","","99"
"2019013413","05","1","12210 EATON COMMERCE PA","","COLUMBIA STATION","OH","44028","STS DELIVERY","4407486601","080000","","","","","N","","","","","","N","","","","","","","","1","01227912","08"
"2019101123","04","4","CURRIE  ROAD","PO BOX 296","PORTERSVILLE","PA","16051","M M LEASING INC","4125851350","999999","","","","","N","","","","","","N","","","","","","","","7","","04"
"2019008200","03","8","200 SCHOOL RD.","","PITTSBURGH","PA","15239","PLUM BOROUGH SCHOOL DISTRICT","4127983600","010000","","","","","N","","","","","","N","","","","","","","","2","01125289","11"
"2019117117","02","2","814 PITTSBURGH MCKEESPORT BLVD","","WEST MIFFLIN","PA","15122","DEPARTMENT OF ENERGY","4124767265","999999","","","","","N","","","","","","N","","","","","","","","1","","03"
"2019117117","02","99","201 LYSLE BLVD","","MCKEESPORT","PA","15132","CITY OF MCKEESPORT","4126755021","999999","","","","","N","","","","","","N","","","","","","","","2","","09"
"2019131816","02","99","13413 STATE ROUTE 422","","KITTANNING","PA","16201","MYERS BROTHERS LLC","4128553729","","","","","","N","","","","","","N","","0000","","","","","","2","00000000","12"
"2019031604","03","4","17TH & A","","HARRISBURG","PA","17120","PENN DOT","8007366368","058400","","","","","N","","","","","","N","","","","","","","","1","","04"
"2019113592","02","1","1801 LINCOLN HIGHWAY","","NORTH VERSAILLES","PA","15137","MAROADI TRANSFER & STOAGE","4122434343","025999","","","","","N","","","","","","N","","A97588","","","","","","1","00137748","03"
"2019115155","06","1","1625 S BROADWAY","","DE PERE","WI","54115","OVEL","9203390110","031003","","","","","N","","","","","","N","","","","","","","","1","00166046","08"
"2019078101","03","1","9804 EAST AVE S12","","LITTLE ROCK","CA","93543","LITTLE ROCK SHIPPING INC.","9166577971","080000","","","","","N","","","","","","N","","","","","","","","1","03011829","09"
"2019133322","02","8","2235 BEAVER AVE.","","PITTSBURGH","PA","15233","PORT AUTHORITY-ALLEGHRNY COUNTY","4125665214","026000","","","","","N","","","","","","N","","A-00976060","","","","","","2","","13"
"2019020300","02","1","11000 N MOPAC EXPRESSWAY SUITE","","AUSTIN","TX","78759","TANKNOLOGY INC","5124516334","013000","","","","","N","","","","","","N","","","","","","","","1","00478701","02"
"2019109077","02","1","5 COMMERCE DR","","PLUM","PA","15239","FEDERAL EXPRESS CORPORATION","8004633339","999999","","","","","N","","","","","","N","","","","","","","","2","","02"
"2019070056","02","7","121 BRICKYARD ROAD","","MARS","PA","16046","VOGEL DISPOSAL SERVICE INC","7246251511","","","","","","N","","","","","","U","","","","","","","","2","00290052","03"
"2019094097","99","1","229 AIRPORT ROAD","","CLINTON","NC","28328","G&M CARR TRUCKING","9103918803","999999","","","","","N","","","","","","N","","","","","","","","2","02360513","05"
"2019101720","05","99","14507 FRONTIER RD.","","OMAHA","NE","68138","C.L. WERNER INC.","7246974463","999999","","","","","N","","","","","","N","","7575-1","","","","","","2","00053467","08"
"2019089247","99","8","9 CRESENT ST","","ETNA","PA","15223","ALLEGHENY TRANSPORTATION SERVICE","9999999999","999999","","","","","N","","","","","","N","","","","","","","","3","","11"
"2019101056","02","8","200 HAHN RD","","PITTSBURGH","PA","15209","FIRST STUDENT INC","4128210300","999999","","","","","N","","","","","","N","","","","","","","","2","","12"
"2019042342","03","8","20 IRVINE ST","","TRENTON","NJ","08638","STOUTS CARRIER SERVICE","2158203526","999999","","","","","N","","","","","","N","","","","","","","","1","","11"
"2019064861","05","0","UNKNOWN","","UNKNOWN","ZZ","99999","UNKNOWN","9999999999","080000","","","","","","","","","","","N","","","","","","","","2","","08"
"2019054587","05","3","2747 LEGIONVILLE ROAD","","AMBRIDGE","PA","15003","BEE MAC","8002828781","999999","","","","","N","","","","","","","","","","","","","","1","00388467","08"
"2019054587","04","7","121 BRICKYARD ROAD","","MARS","PA","16046","VOGEL DISPOSAL SERVICE","7246251511","999999","","","","","N","","","","","","N","","","","","","","","2","00290052","04"
"2019023979","08","1","6717 BANNER LAKE CIR","","ORLANDO","DU","32821","SUV TRANSPORT CORP","3477222535","026000","","","","","N","","","","","","N","","","","","","","","2","03048488","08"
"2019096749","02","3","1315 PLEASANT HILL RD","","WEXFORD","PA","15090","CREA EXCAVATING INC","7249352959","030000","","","","","N","","","","","","N","","","","","","","","3","00893342","03"
"2019059711","02","8","CLEVER ROAD","","MCKEES ROCKS","PA","15136","MONTOUR SCHOOL DISTRICL","4127882879","999999","","","","","N","","","","","","N","","","","","","","","1","","11"
"2019063363","01","4","3000 WASHINGTON PIKE","","BRIDGEVILLE","PA","15017","GILLECE","8003876223","025950","","","","","N","","","","","","N","","","","","","","","1","01925729","03"
"2019095830","02","99","N/A","N/A","N/A","PA","15206","VERIZON","4129999999","033000","","","","","N","","","","","","N","","","","","","","","2","00033234","99"
"2019007528","03","1","521 ANDERSON ROAD","","ENON VALLEY","PA","16120","DAVID HAFFEY","7246511826","","","","","","N","","","","","","N","","","","","","","","1","00034808","04"
"2019007528","03","3","601 MARO ROAD","","APOLLO","PA","15613","PAUL RIGGLE & SONS LEASING INC","7247273477","","","","","","N","","","","","","N","","","","","","","","2","00022641","04"
"2019031282","04","8","2235 BEAVER AVE","","PITTSBURGH","PA","15233","PORT AUTHORITY OF ALLEGHENY CO","4125665214","050000","","","","","N","","","","","","N","","A-00976060","","","","","","2","","11"
"2019125299","04","99","345 6TH AVENUE 3RD FLOOR","","PITTSBURGH","PA","15222","PORT AUTHORITY OF ALLEGHENY CO","4125665500","999999","","","","","N","","","","","","N","","A-00976060","","","","","","2","","13"
"2019108407","05","3","3400 W 4TH AVE","","GARY","IN","46406","PGT TRUCKING INC","4196569562","080000","","","","","N","","","","","","N","","","","","","","","2","00192897","08"
"2019063709","99","0","785 ARCH  ST","","CARNEGIE","PA","15106","FIELDCREST STEEL CORP","9999999999","025500","","","","","","","","","","","N","","","","","","","","2","","00"
"2019033998","04","8","7273 STATE ROAD","","NEENAH","WI","54956","MATHEWS BUS COMPANY","7245310203","999999","","","","","N","","","","","","N","","SC60830","","","","","","1","","11"
"2021027407","02","99","2235 BEAVER AVE","","PGH","PA","15233","PORT AUTHORITY","4122551350","","","","","","N","","","","","","N","","A-00976060","","","","","","2","","13"
"2019065200","99","0","141 STEUBEN ST","","PITTSBURGH","PA","15220","P2 CONTRACTING LLC","9999999999","013200","","","","","N","","","","","","N","","","","","","","","1","","02"
"2019065200","02","8","2235 BEAVER AVENUE","","PITTSBURGH","PA","15233","PORT AUTHORITY ALLEGHENY COUNTY","4124422000","040000","","","","","N","","","","","","","","A-00976060","","","","","","2","","11"
"2019117228","01","1","445 SOUTH MAIN STREET","","PITTSBURGH","PA","15220","F5 CONSTRUCTION SERVICES LLC","4129537563","010050","","","","","N","","","","","","N","","UNKNOWN","","","","","","2","","02"
"2019057044","03","4","RD 1 BOX 717","","SCOTTSDALE","PA","15683","REPUBLIC SERVICES","7248879400","023000","","","","","N","","","","","","N","","999999","","","","","","1","09999999","04"
"2019026358","02","3","18 DRYSPRING LANE","","FARMINGTON","WV","26571","HARMAN TRUCKING LLC","3042821394","017241","","","","","N","","","","","","N","","","","","","","","2","03007077","08"
"2019021833","05","1","1155 STOOPS FERRY ROAD","","MOON TWP","PA","15108","ARL TRANSPORT","4129061324","084500","","","","","N","","","","","","N","","","","","","","","1","00186375","08"
"2019118560","02","7","1220 MCKEE STREET","","MCKEES ROCKS","PA","15136","THE HOLDEN CORPORATION","8006423791","019500","","","","","N","","","","","","N","","","","","","","","1","00364088","00"
"2019009766","02","0","2335 SAXONBURG BLVD","","CHESWICK","PA","15024","LANE'S CONSTRUCTION","7248259176","011000","","","","","N","","","","","","N","","","","","","","","1","00027813","02"
"2019047471","02","1","1025 MOUNTAIN VIEW DRIVE","","WEST MIFFLIN","PA","15122","LOWES HOME CENTERS LLC","4127143015","026000","","","","","N","","","","","","N","","","","","","","","1","00097235","09"
