"CRN","AXLE_CNT","CARGO_BD_TYPE","CARRIER_ADDR_1","CARRIER_ADDR_2","CARRIER_ADDR_CITY","CARRIER_ADDR_STATE","CARRIER_ADDR_ZIP","CARRIER_NM","CARRIER_TEL","GVWR","HAZMAT_CD1","HAZMAT_CD2","HAZMAT_CD3","HAZMAT_CD4","HAZMAT_IND","HAZMAT_REL_IND1","HAZMAT_REL_IND2","HAZMAT_REL_IND3","HAZMAT_REL_IND4","ICC_NUM","OSIZE_LOAD_IND","PERMITTED","PUC_NUM","SPECIAL_SIZING1","SPECIAL_SIZING2","SPECIAL_SIZING3","SPECIAL_SIZING4","TYPE_OF_CARRIER","UNIT_NUM","USDOT_NUM","VEH_CONFIG_CD"
"2010127971","02","8","345 6TH AVE","","PGH","PA","15222","PORT AUTHORITY OF ALLEGH CTY","4125665500","","","","","","N","","","","","","N","","A-00976060","","","","","","1","","11"
"2010108739","01","3","233 BODA RD","","VERONA","PA","15147","GEO ENVIRONMRNTAL DRILLING INC","4127121035","","","","","","N","","","","","","N","","","","","","","","1","","09"
"2010048554","02","99","6 INDUSTRIAL PARK DR","","WHEELING","WV","26003","HARTONG ENTERPRISES LLC","3042322200","259990","","","","","N","","","","","","N","","A-00000614","","","","","","1","00046155","03"
"2010048554","06","3","670 PENNSYLVANIA AVE","PO BOX 651","ROCHESTER","PA","15074","VALLEY STEEL SERVICE INC","7247288228","800000","","","","","N","","","","","","N","","A-00006354","","","","","","2","00387236","04"
"2010017397","05","99","6340 S 3000 E 600","","SALT LAKE CITY","UT","84121","SAVAGE SERVICES CORP.","9999999999","072000","","","","","N","","","","","000001872","N","","A-00110021","","","","","","1","00004015","08"
"2010024905","05","1","PO BOX 7102","","NO BRUNSWICK","NJ","08902","HERMANN LEASING CO","8772562810","080000","","","","","N","","","","","","N","","","","","","","","1","01215073","08"
"2010091705","03","1","1332 EDGEWOOD DRIVE","","CEDAR RAPIDS","IA","52404","CRST VAN EXPIDITED","7606937683","","","","","","N","","","","","","N","","","","","","","","1","00053773","04"
"2010021668","99","99","3350 NORTH OXFORD STREE","","CLAREMONT","NC","28610","CATAWBA RENTAL CO","9999999999","999999","","","","","N","","","","","","N","","","","","","","","2","","98"
"2010051551","02","8","345 SIXTH AVE.","","PITTSBURGH","PA","15222","PORT AUTHORITY","4124222000","","","","","","N","","","","","","N","","A-00976060","","","","","","1","","11"
"2010051446","02","8","200 HAHN RD","","PITTSBURGH","PA","15209","LAIDLAW TRANSIT INC","9999999999","999999","","","","","N","","","","","","N","","","","","","","","1","","11"
"2010090146","02","1","200 HAHN ROAD","","PITTSBURGH","PA","15209","LAIDLAW TRANSIT INC.","4128219353","","","","","","N","","","","","","N","","","","","","","","1","00354406","02"
"2010104148","01","8","2235 BEAVER AVENUE","","PITTSBURGH","PA","15233","PORT AUTHORITY","4124422000","","","","","","N","","","","","","N","","A-00976060","","","","","","1","","11"
"2010082014","02","8","415 REBECCA ST.","","MCKEESPORT","PA","15132","PENNSYLVANIA COACH LINES INC","4126640911","026000","","","","","N","","","","","","N","","","","","","","","2","","11"
"2010056997","02","8","345 6TH AVE 3RD FLR","","PITTSBURGH","PA","15202","PORT AUTHORITY OF ALLEGHENY COUN","4125665500","","","","","","","","","","","","N","","A-00976060","","","","","","1","","11"
"2010030316","99","99","2833 NEW BEAVER AVE","","PITTSBURGH","PA","15233","DUQUESNE LIGHT CO","9999999999","999999","","","","","N","","","","","","N","","","","","","","","2","","98"
"2010018702","02","8","798 EKASTOWN RD","","SAVER","PA","16055","WL RENIGK LEASING INC.","4127817906","026000","","","","","N","","","","","0MC142709","N","","","","","","","","1","00110238","11"
"2010041595","02","8","1850 GILL HALL ROAD","","FINLEYVILLE","PA","15332","MATTHEW BUS CO INC","4123848810","","","","","","N","","","","","","N","","","","","","","","1","","10"
"2010084442","02","8","234 6TH AVE","","PITTSBURGH","PA","15222","PORT AUTHORITY","4125665500","000000","","","","","N","","","","","","N","","A-00976060","","","","","","2","","11"
"2010108837","02","8","2235 BEAVER AVENUE","","PITTSBURGH","PA","15233","PORT AUTHORITY OF ALLEGHENY COUN","4125665500","","","","","","","","","","","","N","","A-00976066","","","","","","1","","11"
"2010029127","02","8","1061 MAIN ST","","NORTH HUNTINGDON","PA","15642","LAIDLAW TRANSIT INC","9999999999","999999","","","","","N","","","","","","N","","","","","","","","2","","11"
"2010013135","02","8","2235 BEAVER AVENUE","","PITTSBURGH","PA","15233","PORT AUTHORITY OF ALLEGHENY CO","4122377000","999999","","","","","N","","","","","","N","","","","","","","","1","","11"
"2010111188","03","4","632 HUNT VALLEY ROAD","","NEW KENSINGTON","PA","15068","SAWNK ASSOCIATED COMPANIES","7243356000","","","","","","N","","","","","","N","","","","","","","","2","00304915","04"
"2010116180","03","7","200 RANGOS LANE","","WASHINGTON","PA","15301","WASTE MANAGEMENT OF PENNSYLVANIA","8008664460","000000","","","","","N","","","","","","N","","","","","","","","1","00344050","04"
"2010057753","02","8","101 OLD FRANKS","","PITTSBURGH","PA","15239","FIRST TRANSIT INC.","4128338200","999999","","","","","N","","","","","","N","","","","","","","","1","","98"
"2010121203","02","8","345 SIXTH AVENUE","3RD FLOOR","PITTSBURGH","PA","15222","PORT AUTHORITY OF ALLEGHENY CO","4126655500","","","","","","N","","","","","","N","","A-00976060","","","","","","1","","11"
"2010073067","01","8","910 SHERATON DRIVE","","MARS","PA","16046","AIR STAR TRANSPORTATION","7247760044","","","","","","","","","","","","N","","","","","","","","2","00999999","11"
"2010062371","03","4","407 W. 8TH. AVE.","","HOMESTEAD","PA","15120","R&B CONTRACTING & EXCAVATION","4124641408","072380","","","","","N","","","","","","N","","","","","","","","2","","04"
"2010053711","02","8","BOX 25","","MIDDLEBOURNE","WV","26149","TYLER COUNTY SCHOOLS","3047582145","031000","","","","","N","","","","","","N","","","","","","","","2","","11"
"2010072723","05","1","1275 PENNSYLVANIA AVE","","E LIVERPOOL","OH","43920","PGD LLC","5635875000","080000","","","","","N","","","","","","N","","","","","","","","2","00192897","08"
"2010004495","02","8","345 SIXTH AVE","","PITTSBURGH","PA","15222","PORT AUTHORITY","4124422000","999999","","","","","N","","","","","","N","","A-00976060","","","","","","1","","10"
"2010082627","05","3","221 ALLEGHENY AVE","","OAKMONT","PA","15139","TDF SERVICES","4127207445","080000","","","","","N","","","","","","N","","","","","","","","1","00945123","08"
"2010018711","99","99","787 5TH ST OAKMONT PA","","OAKMONT","PA","15139","BOROUGH OF OAKMONT","9999999999","999999","","","","","N","","","","","","N","","","","","","","","1","","98"
"2011000974","02","8","345 6TH AVE","","PITTSBURGH","PA","152222727","PORT AUTHORITY OF ALLEGHENY CO","4125665500","","","","","","N","","","","","","N","","A-00976060","","","","","","1","","11"
"2010053195","02","8","798 EKASTOWN RD","","SARVER","PA","16055","W.L. ROENIGK INC.","4123313974","","","","","","N","","","","","","N","","","","","","","","3","","11"
"2010089025","04","8","345 SIXTH AVE","","PITTSBURGH","PA","15222","PORT AUTHORITY OF ALLEGHENY COUN","4124422000","","","","","","N","","","","","","N","","A-00976060","","","","","","1","","11"
"2010063954","02","8","345 6TH AVENUE","","PITTSBURGH","PA","152222527","PORT AUTHORITY","4125665500","","","","","","N","","","","","","N","","A-00976060","","","","","","1","","11"
"2010087807","02","8","345 SIXTH AVE.","","PITTSBURGH","PA","152222527","PORT AUTHORITY","4124422000","039000","","","","","N","","","","","","N","","","","","","","","1","","11"
"2010105949","02","0","1825 LIVERPOOL ST","","PPITTSBURGH","PA","15233","YELLOW CAB CO OF PITTSBURGH","4123211800","","","","","","N","","","","","","N","","A-00049926","","","","","","1","","00"
"2010129080","03","8","2235 BEAVER AVE","","PITTSBURGH","PA","15233","PORT AUTHORITY OF ALLEGHENY COUN","4125665500","","","","","","N","","","","","","N","","A-00976060","","","","","","1","","11"
"2010112277","02","99","3333 HESPUR ROAD","","BILLINGS","PA","59107","GETF","9999999999","999999","","","","","N","","","","","","N","","","","","","","","1","","98"
"2010019989","02","1","7205 MONTEYIDEO RD","","JESSUP","PA","20794","TROJAN HORSE LTD","4107991063","054000","","","","","N","","","","","","N","","","","","","","","1","00260855","06"
"2010078302","02","1","115 JOYCE AVE","","WEST NEWTON","PA","15089","T & T TRANSPORTATION INC","7249617551","100000","","","","","N","","","","","","N","","","","","","","","2","","03"
"2010059287","03","1","1500 TRUMBULL RD","","GIRARD","OH","44420","AIM LEASING INC","3307590438","","","","","","N","","","","","0MC297936","N","","","","","","","","2","00332295","06"
"2010059971","06","1","3023 EAST KEMPER RD.","","SHARONVILLE","OH","45241","AC LEASING CO.","5135449308","026000","","","","","N","","","","","A-0099999","N","","A-00999999","","","","","","1","","08"
"2010037383","02","8","345 SIXTH AVE 3RD FL","","PITTSBURGH","PA","152222527","PORT AUTHORITY OF ALLEGHENY CO","4125665500","","","","","","N","","","","","","N","","A-00976060","","","","","","1","","11"
"2010053690","01","3","2 DORRINGTON RD","","CARNEGIE","PA","15106","WEAVERTON TRANSPORT","8007464850","","","","","","N","","","","","0MC160150","N","","A-00103917","","","","","","2","00207532","03"
"2010004314","03","1","14507 FRONTIER ROAD","","OMAHA","NE","68138","WERNER ENTERPRISES INC.","8004937637","","","","","","N","","","","","000138328","N","","","","","","","","1","00053467","08"
"2010111152","02","1","595 MEADOWLANDS BLVD","","WASHINGTON","PA","15301","CENTRAL VAN AND STORAGE","7242257510","033000","","","","","N","","","","","","N","","A-00121979","","","","","","1","01243887","03"
"2010111152","02","1","6848 MOUNT HERMAN RD","","MORRISVILLE","NC","275609260","ESTES EXPRESS LINES","8003364258","026000","","","","","N","","","","","","N","","A-00110475","","","","","","2","00121018","03"
"2010044343","99","99","4489 CAMPBELLS RUN RD","","PITTSBURGH","PA","15205","ENTERPRISE TRUCK RENTAL","9999999999","999999","","","","","N","","","","","","N","","","","","","","","1","99999999","98"
"2010092927","02","3","911 BERRY STREET","","PITTSBURGH","PA","15219","UNKNOWN","4124781331","026000","","","","","N","","","","","","N","","","","","","","","1","01617914","03"
"2010047197","03","8","120 CHARLES ST","","BLAWNOX","PA","15238","COUNCIL OF THREE RIVERS AMERICAN","4124810670","","","","","","N","","","","","","U","","","","","","","","2","","11"
"2010127286","02","8","2235 BEAVER AVENUE","","PITTSBURGH","PA","15233","PORT AUTHORITY, ALLEGHENY COUNTY","4124422000","","","","","","N","","","","","","N","","A-00976060","","","","","","2","","11"
"2010056620","05","1","765 EAST 140TH ST","","CLEVELAND","OH","44110","AMERICAN MARINE EXPRESS INC","2162683005","080000","","","","","N","","","","","","N","","","","","","","","1","01598342","08"
"2010092319","02","8","345 6TH AVENUE","","PITTSBURGH","PA","15222","PORT AUTHORITY","4125665000","","","","","","N","","","","","","N","","A-00976060","","","","","","2","","11"
"2010007305","05","1","901 MOSSIDE BLV","","WALL","PA","15148","AGX INTERMODAL","4128253324","999999","","","","","N","","","","","","N","","A-00899523","","","","","","2","","08"
"2010009170","99","99","436 GRANT ST","","PITTSBURGH","PA","15219","COUNTY OF ALLEGHENY","9999999999","999999","","","","","N","","","","","","N","","","","","","","","2","","98"
"2010017624","03","2","113 STRATFORD","","FREDERICKSBURGH","VA","22408","F & E TRUCKING","5408917736","026000","","","","","N","","","","","","N","","","","","","","","2","00693504","08"
"2010014982","02","8","345 6TH AVE","","PITTSBURGH","PA","15222","PORT AUTH OF ALLEG. CO","4124422000","","","","","","N","","","","","","N","","A-00976060","","","","","","2","","11"
"2010066216","05","1","1832 COUNTY ROAD","","LOWPOINT","IL","61545","SHERWOOD FARMS","3092083836","","","","","","N","","","","","","N","","","","","","","","1","00914917","08"
"2010014408","02","8","345 6TH AVE 3RD FLOOR","","PITTSBURGH","PA","152222527","PORT AUTHORITY ALLEGHENY COUNTY","4124422000","","","","","","N","","","","","","N","","A-00976060","","","","","","1","","11"
"2010047666","03","1","2742 WAYNE HAVEN ST","","FORT WAYNE","IN","46803","FEDEX GROUND PACKAGE SYSTEM INC","2604470194","800000","","","","","N","","","","","","N","","","","","","","","2","00265752","08"
"2010082827","02","8","1380 PITTSBURGH ROAD","","VALENCIA","PA","16059","MONARK STUDENT TRANSPORTATION","7246954000","034000","","","","","N","","","","","","N","","","","","","","","1","","11"
"2010097759","05","1","1072 WASHINGTON CHURCH","","HOME","PA","15747","EDWARD A BAKER","7243975537","080000","","","","","N","","","","","0MC421667","N","","","","","","","","1","00346472","08"
"2010127842","05","1","1600 N. 14TH ST","","ST. LOUIS","MO","63106","HOGAN MOTOR LEASING","9999999999","080000","","","","","N","","","","","","N","","","","","","","","2","01137660","08"
"2010023732","03","99","333 N. BLINES","","GARY","IL","46406","MAVERICK LEASING","9314461051","080000","","","","","N","","","","","","N","","","","","","","","2","00178538","06"
"2010064013","99","99","14470 YORK RD","","ROYALTON","OH","44133","STEVENS PAINTON CORPORATION","9999999999","999999","","","","","N","","","","","","N","","","","","","","","2","","98"
"2010027669","02","8","345 6TH AVE","","PITTSBURGH","PA","15222","PORT AUTHORITY OF ALLEG","4124422000","","","","","","N","","","","","","N","","A-00976060","","","","","","1","","11"
"2010060228","02","1","PO BOX 36","","MONROEVILLE","PA","15146","HALL TRANSPORTATION","4124015373","025999","","","","","N","","","","","","N","","","","","","","","2","00913077","03"
"2010045957","04","3","740 GREENSBURG RD","","NEW KENSINGTON","PA","15068","JV RIGGING INC","7243398900","073280","","","","","N","","","","","0MC180257","N","","A-00113908","","","","","","1","00267100","06"
"2010004045","05","1","6300 SOUTH 45 WEST","","IDAHO FALLS","ID","83402","DOUG ANDRUS DISTRIBUTING LLC","2085336745","080000","","","","","N","","","","","000123310","N","","","","","","","","1","00000234","08"
"2010092735","01","8","5374 WILLIAM FLYNN HWY","","GIBSONIA","PA","15044","MONARK STUDENT TRANSPORTATION","7248983563","080000","","","","","N","","","","","","N","","","","","","","","2","","11"
"2010116526","05","1","8600 ESCARPMENT WAY","","MILTON","ON","L9T0M1","T.P.T. SYSTEMS INC","8885435555","080000","","","","","N","","","","","","N","","","","","","","","1","00567829","08"
"2010042262","01","1","4525 CAMPBELLS RUN RD","","PITTSBURGH","PA","15205","TEAM INDUSTRIALS SVC","4127603442","009200","","","","","N","","","","","","N","","","","","","","","1","00619384","98"
"2010119127","99","99","80 UNION AVE","","BELLEVUE","PA","15202","SOTA CONSTRUCTION","9999999999","999999","","","","","N","","","","","","N","","","","","","","","4","","98"
"2010090011","02","1","338 S BOUQUET ST","","PGH","PA","15213","SALEMS HALAL MEATS & GROCERIES","4124012655","","","","","","N","","","","","","","","","","","","","","2","","03"
"2010128026","06","1","12 84 DR","","EIGHTY FOUR","PA","15330","PERSONALIZED DISTRIBUTION SYSTEM","9999999999","080000","","","","","N","","","","","","N","","","","","","","","1","00348089","08"
"2010011919","05","3","33 MUSSER RD.","","WESTON","WY","82701","KING, ROBERT & AMP; JUDY","3076290595","080000","","","","","N","","","","","","N","","","","","","","","1","00951474","08"
"2010036213","05","1","PO BOX 296","CURRIE RD & 422","PORTERSVILLE","PA","16051","MCCLYMONDS SUPPLY & TRANSIT","7243688040","073280","","","","","N","","","","","0MC182636","N","","","","","","","","1","00269478","04"
"2010059433","02","8","345 6TH AVE 3RD FL","","PGH","PA","15222","PORT AUTHORITY OF ALLEGHENY CNTY","4122377000","","","","","","N","","","","","","N","","A-00976060","","","","","","1","","11"
"2010022675","02","8","2235 BEAVER AVENUE","","PITTSBURGH","PA","15233","PORT AUTHORITY ALLEGHENY COUNTY","4124422000","","","","","","N","","","","","","N","","A-00976060","","","","","","2","","11"
"2010026555","02","1","15 INGRAM AVENUE, UNIT","","PITTSBURGH","PA","15205","RYDER TRUCK RENTAL","4129284162","026000","","","","","N","","","","","","N","","","","","","","","1","01005713","03"
"2010071284","04","5","600 RAILROAD STREET","","ROCHESTER","PA","15074","BEAVER CONCRETE + GRAVEL","7247745100","073280","","","","","N","","","","","","N","","","","","","","","2","","04"
"2010119177","01","99","1828 THORNWOOD LANE","","MOUNT PROSPECT","IL","600564411","G HUB TRANSPORT CORPORATION","8479566088","","","","","","N","","","","","000138221","N","","","","","","","","1","01302900","05"
"2010093575","05","99","UNKNOWN","","UNKNOWN","ZZ","00000","UNKNOWN","9999999999","080000","","","","","N","","","","","","N","","","","","","","","1","09999999","08"
"2010093575","05","2","RR1 BOX 587","","CLAYSBURG","PA","16625","CLI TRANSPORT","7175589133","080000","","","","","N","","","","","","N","","","","","","","","3","00811465","08"
"2010032259","02","8","415 REBECCA STREET","","MCKEESPORT","PA","15132","PENNSYLVANIA COACH LINES","4126724020","","","","","","N","","","","","","N","","","","","","","","2","","11"
"2010078366","01","1","2727 N CENTRAL AVE.","","PHOENIX","AZ","85004","U HAUL CO. OF ARIZONA","9999999999","014500","","","","","N","","","","","","N","","","","","","","","1","","00"
"2010123804","03","1","1243 THOMPSON","","MCKEES ROCKS","PA","15136","GRIMM MOTORS","4123315554","099999","","","","","","","","","","000096899","N","","A-00111048","","","","","","1","","09"
"2012008356","02","8","121 WALL AVENUE","","UNKNOWN","PA","15148","BACCO TRANSIT LINES INC","9999999999","999999","","","","","N","","","","","","N","","","","","","","","1","","11"
"2010005051","03","3","P.O. BOX 34325","","SEATTLE","OR","981243782","UNIVAR USA, INC.","4258893782","075000","","","","","N","","","","","","N","","","","","","","","1","00028633","04"
"2010126757","03","1","P.O. BOX 152","","LADYSMITH","WI","54848","RANDS TRUCKING INC.","8002683933","080000","","","","","N","","","","","000167498","N","","A-00001471","","","","","","1","00230791","08"
"2010009183","03","1","1275 PENNSYLVANIA AVE","","E LIVERPOOL","OH","43920","PGT TRUCKING","8643578287","080000","","","","","N","","","","","","N","","","","","","","","2","00192897","08"
"2010005220","05","99","23821 ROYALTON RD.","","COLUMBIA STATION","OH","44028","MARK DENNIS DBA M & J EXPIDITORS","4406676701","","","","","","N","","","","","","N","","","","","","","","2","00293022","08"
"2010047007","03","8","2235 BEAVER AVENUE","","PITTSBURGH","PA","15233","PORT AUTHORITY OF ALLEGNENY COUN","4124422000","","","","","","N","","","","","","N","","A-00976060","","","","","","1","","11"
"2010098621","02","8","345 SIXTH AVENE","3RD FLOOR","PITTSBURGH","PA","15222","PORT AUTHOIRTY OF ALLEGHENY CO","4124422000","","","","","","N","","","","","","N","","A-00976060","","","","","","2","","11"
"2010007228","99","7","4857 STATE RT 51","","BELLE VERNON","PA","15012","BIGS SANITATION INC","9999999999","999999","","","","","N","","","","","","N","","","","","","","","2","","98"
"2010024784","04","4","2930 RUSS AVE","","AMBRIDGE","PA","15003","MYG ENTERPRISES INC.","7242665266","073280","","","","","N","","","","","","N","","A-00123396","","","","","","1","01587911","04"
"2010129435","03","1","1500 TRUMBULL AVE","","GIRARD","OH","44420","AIM LEASING CO","4122810360","","","","","","N","","","","","000311785","N","","","","","","","","1","00332295","08"
"2010070454","99","1","UNKNOWN","","UNKNOWN","ZZ","99999","UNKNOWN","9999999999","080000","","","","","N","","","","","","U","","","","","","","","1","99999999","06"
"2010008227","99","99","UNKNOWN","","UNKNOWN","ZZ","999999999","UNKNOWN","9999999999","999999","","","","","N","","","","","","U","","A-00999999","","","","","","2","","99"
"2010093559","03","4","1263 CHARTIERS AVE","","MCKEES ROCKS","PA","15136","FRANK BRYAN INC","4124312700","027900","","","","","N","","","","","","N","","","","","","","","2","02066094","04"
"2010082161","04","1","4000 CLINE AVENUE","","EAST CHICAGO","IN","46312","PENSKE TRUCK LEASING","4125376812","009999","","","","","N","","","","","","U","","","","","","","","1","00009999","06"
"2010029968","02","1","1526 PENNSYLVANIA AVE","","MONACA","PA","15061","FED EX","8004591100","","","","","","N","","","","","0A0099999","N","","A-00999999","","","","","","1","99999999","03"
"2010046850","02","4","13285 HILLVIEW LANE","","LITTLE FALLS","MN","56345","LEE CARLIN LIEBEL","6128194345","999999","","","","","N","","","","","","N","","","","","","","","1","","03"
"2010004731","05","1","3390 HIGH PRAIRIE RD","","GRAND PRAIRIE","TX","75050","BANCROFT AND SONS TRANSPORTATION","9727903777","080000","","","","","N","","","","","","N","","","","","","","","1","00225397","06"
"2010053702","02","3","473 FREEPORT RD","","CREIGHTON","PA","15030","SAM AND SONS TOWING AND REPAIR","7243357267","015000","","","","","N","","","","","","N","","","","","","","","2","","03"
"2010077012","03","4","384 OLD CURRY HOLLOW RD","","PITTSBURGH","PA","15236","POSTY TRUCKING CO INC","4128922525","","","","","","N","","","","","","U","","","","","","","","1","00000000","04"
"2010044148","03","8","600 VINE ST","SUITE 1400","CINCINNATI","OH","452022400","FIRST STUDENT INC","5134193258","","","","","","N","","","","","","N","","","","","","","","1","00354406","11"
"2010081096","05","3","2399 E 15TH AVE GARY IN","","GARY","IN","46402","FALCON TRANSPORT","8009350481","078000","","","","","N","","","","","","N","","","","","","","","2","00260165","06"
"2010039350","02","8","1380 PITTSBURGH RD","","VALENCIA","PA","15059","MONARK STUDENT TRANSPORTATION","9999999999","","","","","","N","","","","","","N","","","","","","","","1","","11"
"2010082207","99","3","UNKNOWN","","UNKNOWN","ZF","99999","UNKNOWN","9999999999","","","","","","N","","","","","","U","","","","","","","","1","09999999","08"
"2010095399","02","7","345 SIXTH AVE.","","PITTSBURGH","PA","152222527","PORT AUTHORITY","4124422000","039000","","","","","N","","","","","","N","","","","","","","","1","","11"
"2010073778","02","8","798 EKASTOWN RD","","SARVER","PA","16055","WL ROENIGK INC","4123313974","","","","","","N","","","","","","N","","","","","","","","1","","11"
"2010012930","05","2","1575 SMITH TWP,STATE RD","ROUTE 18","ATLASBURG","PA","15004","ALEX E PARIS EQUIPMENT & SALES","7249472235","080000","","","","","N","","","","","","N","","","","","","","","2","00876278","08"
"2010045522","05","3","145 HEAVEN LANE","","VALENCIA","PA","15059","SHIELDS ASPHALT PAVING INC.","7242906782","","","","","","N","","","","","","U","","","","","","","","1","01895370","06"
"2011006293","99","99","UNKNOWN","","UNKNOWN","ZZ","99999","UNKNOWN","9999999999","","","","","","N","","","","","","U","","","","","","","","1","00099999","99"
"2010019833","03","4","104 WEST 8TH AVE","","HOMESTEAD","PA","15201","R AND B CONSTRUCTION","4124641408","","","","","","N","","","","","","","","","","","","","","2","","04"
"2010109439","03","4","200 SUNNYHILL DR","","PITTSBURGH","PA","15237","JOE PALMIERI","4127349168","005600","","","","","N","","","","","","N","","","","","","","","1","02092712","03"
"2010012260","05","3","407 W 8TH AVENUE","","W HOMESTEAD","PA","15120","ALLSTATE DEVELOPMENT CO","4124641408","073280","","","","","N","","","","","","N","","A-00999999","","","","","","2","","08"
"2010110907","02","7","4857 STATE ROUTE 51N","","BELLE VERNON","PA","15012","BIGS SANITATION INC","7243794331","047350","","","","","N","","","","","","N","","","","","","","","1","02099338","03"
"2010107048","05","99","195 HEART LAKE RD SOUTH","","BRAMPTON","ON","L6W3N","TRAVELERS TRANSPORTATON SERVICES","9054578789","080000","","","","","N","","","","","000201596","N","","","","","","","","1","00325925","08"
"2010087472","03","4","601 MARCO RD","","APOLLO","PA","15613","PAUL RIGGLE AND SONS INC","7246911762","073280","","","","","N","","","","","","N","","","","","","","","3","00226415","04"
"2010017709","05","1","1-71 NORTH AVENUE EAST","","ELIZABETH","NJ","07201","NEW ENGLAND MOTOR FREIGHT INC.","9089650100","080000","","","","","N","","","","","","N","","A-00107258","","","","","","1","00031120","06"
"2011000233","03","99","908 BROADWAY ST","","MASURY","OH","44438","PHI MOTOR EXPRESS INC","3193662723","080000","","","","","N","","","","","","N","","","","","","","","2","00122443","08"
"2010062180","99","1","2601 SOUTH INDIAN MERID","","PAULS VALLEY","OK","73075","WAL MART TRANSPORTATION LLC","8146232655","080000","","","","","N","","","","","","N","","A-00108481","","","","","","2","00264184","08"
"2010016008","02","8","301 W STATION SUARE DR","","PITTSBURGH","PA","15219","NETWORK PARKING CO LTD","9999999999","999999","","","","","N","","","","","","N","","","","","","","","1","","11"
"2010092533","04","7","234 LANDFILL RD.","","SCOTTSDALE","PA","15683","ALLIED WASTE SERVICES","7248879400","065000","","","","","N","","","","","","N","","","","","","","","1","00960505","04"
"2010128935","03","4","420 BURNS LN","","RUFFSDALE","PA","15679","TR TRUCKING & EXCAVATING INC","7244674445","073280","","","","","N","","","","","0MC452907","N","","A-00117548","","","","","","1","01122214","04"
"2010070171","03","0","61429 265TH ST","","BROWNSDALE","MN","55918","COUNTRY WIDE CARRIER","5075672377","080000","","","","","N","","","","","","N","","","","","","","","3","00669524","00"
"2010093173","05","2","6017 EAST CALLA RD","","NEW MIDDLETON","OH","44442","VENEZIA","8006352083","078000","","","","","N","","","","","","N","","","","","","","","1","01079966","06"
"2010015908","02","8","345 6TH AVE","3RD FLR","PITTSBURGH","PA","152222527","PORT AUTHORITY OF ALLEGHENY CO","4125665500","","","","","","N","","","","","","N","","A-00970606","","","","","","1","","11"
"2010114797","05","1","11231 PHILIPS IND.BLVD.","","JACKSONVILLE","FL","32256","PACE CARTAGE","2162628615","080000","","","","","N","","","","","","N","","","","","","","","1","00050242","08"
"2010065626","03","1","1001 ENTERPRISE AVE","SUITE 14A","OKLAHOMA CITY","OK","73128","J.B. HUNT INC","8006433622","080000","","","","","N","","","","","","N","","","","","","","","2","00080806","08"
"2010062819","02","0","3630 HACKS CROS","","MEMPHIS","TN","38125","FEDERAL EXPRESS","0000000000","000000","","","","","N","","","","","","N","","A-00112261","","","","","","1","00086876","07"
"2010099998","02","8","345 6TH AVENUE 3RD FLOO","","PITTSBURGH","PA","15222","PORT AUTHORITY ALLEGHENY CO","4125665500","","","","","","N","","","","","","N","","A-00976060","","","","","","1","","11"
"2010101191","02","4","100 BOROUGH PARK DRIVE","","PITTSBURGH","PA","15236","WHITEHALL BOROUGH","4128840505","002599","","","","","N","","","","","","N","","","","","","","","2","","03"
"2010024901","03","1","9399 WEST HIGGINS RD. S","","ROSEMONT","IL","60018","US FOODSERVICE","4103127100","048000","","","","","N","","","","","","N","","","","","","","","2","00745614","04"
"2010045966","02","8","345 6TH AVE","","PITTSBURGH","PA","152222526","PORT AUTH OF ALLEG. CO","4124422000","","","","","","N","","","","","","N","","A-00976060","","","","","","2","","11"
"2010128191","02","3","550 WEST 36TH ST","","JASPER","IN","47546","RUDD EQUIPMENT RENTAL","4127411731","033000","","","","","N","","","","","","N","","","","","","","","2","00311904","03"
"2010125545","04","1","971 BRIARSDALE RD","","HARRISBURG","PA","17109","RYDER TRUCK RENTAL LT UNIT 51072","8007777273","052000","","","","","N","","","","","","N","","","","","","","","2","01765150","06"
"2010046511","02","8","2235 BEAVER AVENUE","","PITTSBURGH","PA","15233","PORT AUTHORITY OF ALLEGHENY CO","4122377000","999999","","","","","N","","","","","","N","","","","","","","","1","","11"
"2010090840","05","1","9612 MEECH AVE","","CLEVELAND","OH","44105","NATIONAL CONTAINER GROUP LLC","2162715700","080000","","","","","N","","","","","","N","","","","","","","","1","00551168","08"
"2010090840","05","99","9240 HIGHWAY 1 SOUTH","","LANGDON","ND","58249","DAHL TRUCKING LLC","8006248680","080000","","","","","N","","","","","","N","","","","","","","","2","00168173","08"
"2010060872","03","2","PO BOX 511","","KINGSPORT","TN","37662","EASTMAN CHEMICAL CO","4238571311","080000","","","","","N","","","","","","N","","","","","","","","1","00115179","08"
"2010060872","04","4","PO BOX 296 CURRIE RD","","PORTERSVILLE","PA","16051","MCCLYMONDS SUPPLY AND TRANSPORT","7243688040","073280","","","","","N","","","","","","N","","","","","","","","2","00269478","04"
"2010043114","02","8","345 SIXTH AVE","","PGH","PA","15222","PORT AUTHORITY POLICE","4124422000","","","","","","N","","","","","","N","","A-00976060","","","","","","1","","11"
"2010012266","01","1","190 BILMAR DRIVE","SUITE 150","PITTSBURGH","PA","15205","DAN TAYLOR'S INTERIORS","4129223999","025500","","","","","N","","","","","","N","","","","","","","","2","","00"
"2010121535","02","8","200 HAHN RD.","","PITTSBURGH","PA","15209","FIRST STUDENT INCE","4127939600","","","","","","N","","","","","","N","","","","","","","","2","","11"
"2010125553","06","2","1 GLADE PARK E  PO BOX","","KITTANNING","PA","16201","MARK ANN INDUSTRIES INC","7242973685","075940","","","","","N","","","","","","N","","","","","","","","2","00224742","08"
"2010096374","02","1","1801 LINCOLN HWY.","","NORTH VERSAILLES","PA","15137","MAROADI TRANSFER AND STORAGE INC","4128244420","025950","","","","","N","","","","","","N","","","","","","","","2","00137748","03"
"2010033378","05","7","1200 RAILROAD PLACE","","MCKEES ROCKS","PA","15136","BOYD ROLL OFF SERVICES","4123316830","080000","","","","","N","","","","","","N","","","","","","","","1","00807021","08"
"2010033378","05","1","12803 COL CANFIELD ROAD","","COLUMBIANA","OH","44408","D AND V TRUCKING","3307270315","080000","","","","","N","","","","","","N","","","","","","","","2","00444234","08"
"2010019712","05","3","1110 FM 1339","","KINGSBURY","TX","78638","DART TRANSPORT INC","3302770038","080000","","","","","N","","","","","","N","","","","","","","","3","00324791","08"
"2010029815","03","1","1027 S.SPRINGINSUTH RD","","SCHAUMBURG","IL","60193","EDWARD CONSTANTINE","7734168066","080000","","","","","N","","","","","000681335","N","","A-00168344","","","","","","1","01893127","08"
"2010015793","02","3","586 NORTHGATE CIRCLE","","NEW CASTLE","PA","16105","LINDY PAVING INC","7242814339","025900","","","","","N","","","","","","N","","","","","","","","2","00418111","03"
"2010029993","03","99","1300 CRAFTON BLVD","","PITTSBURGH","PA","15205","EABORN TRUCK SERVICE INC.","4129221998","080000","","","","","N","","","","","","N","","","","","","","","1","00085172","09"
"2010121762","04","2","4366 MT PLEASANT STREET","NW","NORTH CANTON","OH","44720","KAG LEASING INC","7249474802","","3","","","","Y","1","","","","","U","","","","","","","","1","00000406","06"
"2010095658","04","3","7920 E 15 N","","ANGOLA","IL","46703","KEEP ON TRUCKING CO","2604954300","","","","","","N","","","","","000000000","U","","","","","","","","2","","06"
"2010089880","05","1","P.O. BOX 730","","CHESTERFIELD","VA","23832","DOMINION TRUCK LEASING","5404202660","080000","","","","","N","","","","","","N","","","","","","","","2","00643008","08"
"2010059382","03","99","564 VIRGINIA DR.","","BELLE VERNON","PA","15012","SZCZERBA EXCAVATING INC.","7246402069","073280","","","","","N","","","","","","N","","","","","","","","1","","04"
"2010035894","05","1","1821 WENDELL ST","","DALTON","GA","30721","VFS LEASING CO","7062261003","","","","","","N","","","","","","N","","","","","","","","1","00275259","04"
"2010102972","03","4","PO BOX 1034","","LEANDER","TX","78646","WILLIAM A COOPER","7249964934","540000","","","","","N","","","","","","N","","","","","","","","1","01875843","06"
"2010013565","99","99","201 NOBLESTOWN ROAD","","CARNEGIE","PA","15106","WALT & ALS AUTO SERVICE","9999999999","","","","","","","","","","","","U","","","","","","","","1","","05"
"2010017525","05","1","1 SILVER LINE DR","","NORTH BRUNSWICK","NJ","08902","SILVER LINE WINDOWS","8662575560","080000","","","","","N","","","","","","N","","","","","","","","2","00267841","06"
"2010009640","02","1","1500 TRUMBULL AVE.","","GIRARD","OH","44420","AIM LEASING CO.","7246951330","025699","","","","","N","","","","","","N","","","","","","","","2","00332295","03"
"2010039637","03","3","305 PINEHURST STREET","","LAFAYETTE","LA","70508","GREENE'S ENERGY GROUP","4796466447","054000","","","","","N","","","","","","N","","","","","","","","1","01306705","04"
"2010048165","03","99","3314 3RD STREET","","DUNBAR","PA","15431","R E TRUCKING","4126770249","080000","","","","","N","","","","","000853476","N","","A-00899722","","","","","","2","00853476","08"
"2010049510","02","4","15 SHANGRI- LA CIR.","","PITTSBURGH","PA","15239","COLE AND COLE TRUCCKING","4126725913","073280","","","","","N","","","","","000000000","N","","A-00123833","","","","","","2","00000000","03"
"2010109761","02","8","301 CHURCH RD","","BETHEL PARK","PA","15102","BETHEL PARK SCHOOL DISTRICT","4128548608","029500","","","","","N","","","","","","N","","N-00999999","","","","","","1","","11"
"2010039369","02","8","345 6TH AVE 3RD FLR","","PITTSBURGH","PA","152222527","PORT AUTHORITY OF ALLEGHENY CO","4125665500","026000","","","","","N","","","","","","N","","A-00976060","","","","","","1","","11"
"2010006660","05","3","6115 SW LELAND AVE","","DES MOINES","IA","50321","TMC TRANSPORTATION INC","8002472460","080000","","","","","N","","","","","","N","","","","","","","","1","00087409","06"
"2010077593","03","7","200 RANGOS LN","","WASHINGTON","PA","15301","WASTE MANAGEMENT OF PENNSYLVAN","0000000000","073280","","","","","N","","","","","","N","","","","","","","","2","","98"
"2010111492","02","8","345 6TH AVE 3RD FL","","PITTSBURGH","PA","152222527","PORTAUTHORITY OF ALLEGHENY CO","4122242000","","","","","","N","","","","","","N","","A-00976060","","","","","","1","","11"
"2010128365","02","8","345 SIXTH AVENUE","","PITTSBURGH","PA","15222","PORT AUTHORITY OF ALLEGHENY CO","4124422000","","","","","","N","","","","","","N","","A-00976060","","","","","","2","","11"
"2010087248","02","8","5374 WILLIAM FLYNN HWY","","GIBSONIA","PA","15044","MONARK STUDENT TRANSPORTATION","4127812424","027800","","","","","N","","","","","","N","","","","","","","","1","","11"
"2010036684","03","4","4002 LORIGAN ST","","PITTSBURGH","PA","15224","M O'HERRON CO","4126836422","","","","","","N","","","","","","Y","","","","","","","","2","00270994","04"
"2010115107","02","1","2 SOUTH AVE","","SEWICKLEY","PA","15143","PITTSBURGH STAGE CO","9999999999","014500","","","","","N","","","","","","N","","","","","","","","1","01259332","09"
"2010019820","03","1","1003 JEFFERSON HEIGHTS","","PENN HILLS","PA","15235","CATLEY","4124960325","026000","","","","","N","","","","","006571114","N","","A-00999999","","","","","","1","01148672","08"
"2010089882","05","1","1000 NORTH 14TH ST","","SAINT LOUIS","MO","63106","HOGAN MOTOR LEASING","9999999999","080000","","","","","N","","","","","","N","","","","","","","","1","00999999","08"
"2010033974","03","7","W NOBLESTOWN RD","","CARNEGIE","PA","15106","BFI WASTE SERVICES OF PA LLC","7243252904","060000","","","","","N","","","","","","U","","","","","","","","2","00962087","04"
"2010074956","99","99","3375 LYCOMING CREEK RD","","WILLIAMSPORT","PA","17701","STROEHMAN LINEHAUL LP","9999999999","999999","","","","","N","","","","","","N","","","","","","","","2","","98"
"2010121362","02","1","PO BOX 917","","AUBURN","NY","13021","MACK STUDIO DISPLAYS, INC","3152527542","014050","","","","","N","","","","","","N","","","","","","","","1","00578209","03"
"2010118477","05","3","7565 ROUTE 30","","IRWIN","PA","15642","COORDINATORS","8002456820","073280","","","","","N","","","","","","N","","","","","","","","2","00005886","08"
"2010118477","05","1","15 27TH STREET","","PITTSBURGH","PA","15222","PITT OHIO EXPRESS LLC","4122323015","073280","","","","","N","","","","","","N","","","","","","","","3","00190180","08"
"2011006823","05","3","3710 TULANE RD","","MEMPHIS","TN","381163928","BUILDERS TRANS. INC. LLC","9019361220","080000","","","","","N","","","","","","N","","","","","","","","1","00000531","08"
"2011006823","05","1","618 BROADWAY AVE.","","PITCAIRN","PA","15140","ROSE TRAN. INC.","8004660038","080000","","","","","N","","","","","","N","","","","","","","","3","00236646","08"
"2010025988","05","1","10220 W RENO","","OKLA CITY","OK","73127","US XPRESS","2526731302","080000","","","","","N","","","","","","N","","","","","","","","2","00303024","08"
"2010087269","04","4","105 N 4TH ST","","INDIANA","PA","15701","HMS TRUCKING","7242483474","080000","","","","","N","","","","","","N","","A-00119389","","","","","","2","01074573","04"
"2010127197","04","99","P.O. BOX 6018","","YOUNGSTOWN","OH","44501","SBC TRANSPORTATION INC.","3307832860","050000","","","","","N","","","","","","U","","","","","","","","1","00030266","08"
"2010098842","03","99","1 RAINEY RD BOX 396","","EIGHTYFOUR","PA","15330","ROBINSON PIPE CLEANING CO","4129212100","066000","","","","","N","","","","","","N","","","","","","","","1","00131232","04"
"2010014532","99","99","4555 NEW TEXAS ROAD","","PITTSBURGH","PA","15239","BORO OF PLUM","9999999999","999999","","","","","N","","","","","","N","","","","","","","","1","","98"
"2010126474","03","8","4430 CLEBURNE BOULEVARD","","DUBLIN","VA","24008","SUNSHINE TOURS INC.","5406749517","054000","","","","","N","","","","","000215637","N","","","","","","","","1","03044908","11"
"2010112942","05","3","1299 LAVELLE DR.","","XENIA","OH","45385","HOME RUN INC.","8005439198","080000","","","","","N","","","","","","N","","","","","","","","2","00081391","08"
"2010129777","04","3","4880 S. HURON ROAD","","STANDISH","MI","48658","JAMES GATH TRUCKING","9894180106","","","","","","N","","","","","","N","","","","","","","","1","","08"
"2010026012","02","8","345 SIXTH AVE","","PITTSBURGH","PA","152222527","PORT AUTHORITY OF ALLEGHENY","4125665500","","","","","","N","","","","","","N","","A-00976060","","","","","","1","","11"
"2010085857","02","8","345 6TH AVE 3RD FLR","","PITTSBURGH","PA","152222527","PORT AUTHORITY OF ALLEGHENY COUN","4125665500","026000","","","","","N","","","","","","N","","A-00976060","","","","","","1","","11"
"2010087473","04","4","660 WEST PIKE ST","","MEADOWLANDS","PA","15347","DEL-SIR SUPPLY","7242288911","073280","","","","","N","","","","","","N","","A-00111812","","","","","","1","00632087","04"
"2010087473","04","4","660 WEST PIKE ST","","MEADOWLANDS","PA","15347","DEL-SIR SUPPLY","7242288911","073280","","","","","N","","","","","","N","","A-00111812","","","","","","2","00632087","04"
"2010090442","05","1","PO BOX 3166","","COOKEVILLE","TN","38501","AVERITT EXPRESS INC","8002339944","080000","","","","","N","","","","","","N","","","","","","","","4","00036684","06"
"2010074099","03","1","PO BOX 62","","PENFIELD","NY","14526","IVAN GRYGORIV","5852167959","080000","","","","","N","","","","","000641926","N","","P-00641936","","","","","","2","01754487","06"
"2010115650","99","99","50 VESPUCIUS ST","","PITTSBURGH","PA","15207","PITTSBURGH RECYCLING SERVICE","9999999999","999999","","","","","N","","","","","","N","","","","","","","","2","","98"
"2010099889","03","3","342 SCHUYLER AVE.","","KEARNY","NJ","07032","LOUIS J. KENNEDY","8667864555","080000","","","","","N","","","","","","N","","","","","","","","2","00024370","06"
"2010036709","09","99","4160 WASHINGTON ROAD","SUITE 207","MCMURRAY","PA","15317","W J DILLNER TRANSFER COMPANY","4124626500","080000","","","","","N","","","","","0MC021623","N","","A-00061744","","","","","","2","00553927","06"
"2010046114","02","3","12671 STATE ROUTE 30","","IRWIN","PA","15642","MOSITES MOTORSPORTS LLC","4128551697","029000","","","","","N","","","","","","N","","","","","","","","1","01830795","03"
"2010019473","01","1","174 ONEIDA VALLEY DR","","BUTLER","PA","16001","PETE","4127155593","","","","","","N","","","","","","N","","","","","","","","2","","02"
"2010088173","05","0","PO BOX 29243","","PHOENIX","AZ","85038","SWIFT TRANSPORTATION CO OF AZ.","8008002200","080000","","","","","N","","","","","000136818","N","","","","","","","","1","00054283","08"
"2010061539","03","1","12 84 DRIVE","","EIGHTY FOUR","PA","15330","PERSONALIZED DISTRIBUTIONS SYSTE","7245545523","080000","","","","","N","","","","","","N","","","","","","","","1","00348089","08"
"2010012336","02","8","200 KENDALL ST","","CORAOPOLIS","PA","15108","STATE OF PENNSYLVANIA","9999999999","999999","","","","","N","","","","","","N","","","","","","","","2","","11"
"2010052678","03","4","PO BOX 17611","","PENN HILLS","PA","15235","LOI TU LUU","4127983635","073280","","","","","N","","","","","","N","","","","","","","","1","01868755","04"
"2010089458","05","3","489 ROSEMONT RD.","","NORTH JACKSON","OH","44451","POINT 2 POINT LOGISTICS LLC","4123843900","080000","","","","","N","","","","","","N","","","","","","","","1","01983626","06"
"2010060866","04","1","329 JEFFERSON RD.","","ROCHESTER","NY","14623","RYDER TRUCK RENTAL","7164833813","080000","","","","","N","","","","","","N","","","","","","","","1","01041301","08"
"2010018107","10","2","989DERRYROADESUITE102","","ONTARIO","ON","L5T2J8","AIR PRODUCTS CANADA LTD","5194406916","062500","2","","","","Y","1","","","","","N","","","","","","","","1","00142374","08"
"2010018107","02","3","2 PRESTLEY ROAD","","BRIDGEVILLE","PA","15017","LANE CONSTRUCTION CORPORATION","4122921389","026000","","","","","N","","","","","","N","","","","","","","","2","00027913","03"
"2010004744","02","8","2235 BEAVER AVENUE","","PITTSBURGH","PA","15233","PORT AUTHORITY OF ALLEGHENY CO.","4122377000","999999","","","","","N","","","","","","N","","","","","","","","2","","11"
"2010029451","02","2","174 ONEIDA","","BULTER VALLEY ROAD","PA","16001","HUNTER LEASING INC.","4129221651","025500","","","","","N","","","","","MC-322036","N","","","","","","","","1","00694719","03"
"2010071565","02","8","345 SIXTH AVE.","","PITTSBURGH","PA","152222527","PORT AUTHORITY","4124422000","039000","","","","","N","","","","","","N","","A-00976060","","","","","","3","","11"
"2010072257","04","1","100 COCA COLA DR","","BELLEVILLE","MI","48111","COCA COLA ENTERPRISES","8002039694","028000","","","","","N","","","","","000158630","N","","","","","","","","1","00291145","08"
"2010101847","04","4","1251 RUSSELLTON ROAD P.","","CHESWICK","PA","15024","TESONE TRANSPORT","7242742250","073280","","","","","N","","","","","","N","","A-00109950","","","","","","1","00507931","04"
"2010018569","05","99","1100 OHLTOWN MCDONALD R","","MINERAL RIDGE","OH","44440","BLUE ROSE TRANSPORTATION","3302198950","080000","","","","","N","","","","","","N","","","","","","","","1","01057595","08"
"2010018692","04","4","157 MILL RUN ROAD","","NORMALVILLE","PA","15469","JENNIFER WHIPKEY DBA TRUCKING","7244556369","080000","","","","","N","","","","","","N","","A-00118314","","","","","","2","00981442","04"
"2010020062","03","8","345 6TH AVE","3RD FLOOR","PITTSBURGH","PA","15222","PORT AUTHORITY OF AGH CO","4125665500","","","","","","N","","","","","","N","","A-00976060","","","","","","2","","11"
"2010036529","05","4","ALBANY RD, PO BOX 76,","","BROWNSVILLE","PA","15417","METALIC NEVILLE INC.","4127717000","","","","","","N","","","","","","N","","","","","","","","1","01350725","98"
"2010034067","05","3","142 OWENS RD  PO BOX 88","","WOODLAND","PA","16881","BUTLER TRUCKING CO","4124985326","080000","","","","","N","","","","","","N","","A-00092978","","","","","","2","00120883","08"
"2010070535","02","1","1311 PHILADELPHIA AVE","","NORTHERN CAMBRIA","PA","15714","LJL TRUCKING INC/ MED VAN TRANS","8149486170","","","","","","N","","","","","","N","","A-00112962","","","","","","1","","00"
"2010116628","02","3","2534 BRANDT SCHOOL ROAD","","WEXFORD","PA","15090","TONY'S TOWING","4128555144","","","","","","N","","","","","","N","","","","","","","","2","","05"
"2010065638","03","1","1 WHITNEY DRIVE","PO BOX 1000","HARMONY","PA","16037","SYSCO FOOD SERVICE","7244522100","054900","","","","","N","","","","","","N","","","","","","","","1","00287351","06"
"2010068660","05","1","5290 N. ORANGE BLOSSOM","TRAIL #301","ORLANDO","FL","32810","101 ORLANDO TRANSPORT LLC","7864737594","","","","","","N","","","","","","N","","","","","","","","2","","08"
"2010089643","04","1","901 MOSSIDE BLVD","","WALL","PA","15148","XTRA LEASE INTERNATIONAL","9999999999","080000","","","","","N","","","","","","N","","","","","","","","2","01712031","08"
"2010019085","02","8","1500 ARDMORE BLVD","","PITTSBURGH","PA","15221","MIL TRANSIT INC","4128537934","","","","","","N","","","","","","N","","","","","","","","2","00099999","11"
"2010090426","03","4","5800 W CANAL RD","","VALLEY VIEW","OH","44125","PREMIER TRUCK SALES AND RENTAL","8008251255","062000","","","","","N","","","","","","N","","","","","","","","1","00364259","04"
"2010083377","02","4","6813 STATE RT 30","","JEANNETTE","PA","15644","FLOYD P. CORBIN","7245235899","073280","","","","","N","","","","","","N","","","","","","","","2","00856034","04"
"2010092489","99","99","235 SIEBERT RD","","PITTSBURGH","PA","15237","BERKELEY HILLS FIRE CO","9999999999","999999","","","","","N","","","","","","N","","","","","","","","1","","98"
"2010075323","05","1","920 IRWIN RUN ROAD","","WEST MIFFLIN","PA","15122","LIBERTY USA","4124612700","080000","","","","","N","","","","","","N","","","","","","","","2","00660201","06"
"2010069124","02","1","1800 COLUMBUS AVE","RJ CASEY INDUSTRIAL PAR","PGH","PA","15233","SNACKTIME USA INC","4123231898","012000","","","","","N","","","","","","N","","","","","","","","2","00000000","02"
"2010099047","02","99","910 MAX COURT SUITE A","","CLARKSVILLE","TN","37040","PGD IV LLC","8003901959","","","","","","N","","","","","","U","","","","","","","","2","","99"
"2010090175","02","8","2235 BEAVER AVE.","","PGH.","PA","15233","PORT AUTHORITY-ALLEGHENY COUNTY","4125665500","026000","","","","","N","","","","","","N","","A-00976060","","","","","","2","","11"
"2010119247","05","1","100 PAPERCRAFT PARK","","PITTSBURGH","PA","15238","GENCO COMP","4122311331","080000","","","","","N","","","","","","N","","","","","","","","1","00955549","08"
"2010019987","02","1","55 36TH STREET","","PITTSBURGH","PA","15201","PARAGON MONTEVERDE","4126212626","016000","","","","","N","","","","","","N","","","","","","","","1","00435939","03"
"2010011314","05","1","2611 NORTH LINCOLN AVE","","URBANA","IL","61801","SUPERVALU","7249255263","000099","","","","","N","","","","","","N","","","","","","","","1","","08"
"2010077490","03","1","10 PLUM STREET","","OAKMONT","PA","15139","TRT FREIGHTWAY","4128283660","080000","","","","","N","","","","","000702726","N","","","","","","","","2","01984946","08"
"2010040494","04","4","1251 RUSSELLTON RD PO B","","CHESWICK","PA","15024","TESONE TRANSPORT INC","7242742250","073280","","","","","N","","","","","000247442","N","","","","","","","","3","00507931","04"
"2010026502","99","99","1306 MAIN ST","","GLENWILLAR CRESCENT","PA","15046","IRON CITY EXPRESS INC","9999999999","999999","","","","","N","","","","","","N","","","","","","","","1","","98"
"2010061218","02","8","2235 BEAVER AVE","","PGH","PA","15233","PORT AUTHORITY OF ALLEGHENY CNTY","4122377000","","","","","","N","","","","","","N","","A-00976060","","","","","","1","","11"
"2010120578","99","99","1306 MAIN ST","","CRESCENT","PA","99999","IRON CITY EXPRESS INC","9999999999","999999","","","","","N","","","","","","N","","","","","","","","2","","98"
"2010037416","03","0","1275 PA AVE","","E. LIVERPOOL","OH","43920","PGD IV LLC","8008376514","008000","","","","","N","","","","","","N","","","","","","","","1","00192897","06"
"2010090162","02","1","4900 HARRISON ST","","PITTSBURGH","PA","15201","ADELMAN LUMBER CO.","4122310770","025500","","","","","","","","","","","N","","","","","","","","1","00534304","03"
"2010055323","02","8","345 6TH AVE","","PGH","PA","15222","PORT AUTHORITY OF ALLEGHENY CNTY","4122377000","","","","","","N","","","","","","N","","A-00976060","","","","","","3","","11"
"2010098187","02","8","798 EKASTOWN RD","","SARVER","PA","16055","W. L. ROENIGK LEASING, INC","9999999999","","","","","","","","","","","","N","","","","","","","","2","","00"
"2010032022","05","2","1200 BUTLER ROAD DRAWER","","FREEPORT","PA","162290301","FREEPORT TRANSPORT INDUSTRIES IN","7242952181","080000","8","","","","Y","2","","","","000113666","N","","A-00111553","","","","","","1","00085533","08"
"2010060089","02","4","196 WALL ROAD","","WILMERDING","PA","15148","ROTO ROOTER","4124754295","026000","","","","","N","","","","","","N","","","","","","","","2","00HP3678","03"
"2010055056","03","99","6500 W INDUSTRIAL HWY","","GARY","IN","46406","SWIFT TRANSPORTATION CO INC","9999999999","080000","","","","","N","","","","","","N","","","","","","","","1","00054283","07"
"2010059163","04","4","CURRIE RD PO BOX 296","","PORTERSVILLE","PA","16051","M & M LEASING INC","7243638040","073280","","","","","N","","","","","000182636","N","","A-00105846","","","","","","2","00269478","04"
"2010118588","02","8","2235 BEAVER AVENUE","","PITTSBURGH","PA","15233","PORT AUTHORITY, ALLEGHENY COUNTY","4124422000","","","","","","N","","","","","","N","","A-00976060","","","","","","1","","11"
"2010097645","04","2","196 SUZY LANE","","DAISYTOWN","PA","15427","CASEY'S TRUCKING","7244399838","","","","","","N","","","","","000000000","N","","A-00999999","","","","","","2","00000000","04"
"2010107120","03","5","1 LANE ROAD","","CARNEGIE","PA","15106","DCI","4124298564","073280","","","","","N","","","","","","N","","","","","","","","1","01125731","04"
"2010127296","03","1","PO BOX 289","","MARTINS FERRY","OH","43935","MILK TRANSPORTATION LLC","8009666455","999999","","","","","N","","","","","","N","","","","","","","","2","09999999","04"
"2010112366","05","1","445 WEST NORTH BEND RD","","CINCINNATI","OH","45216","RRR EXPRESS LLC","5137612200","080000","","","","","N","","","","","000185983","U","","O-00427634","","","","","","1","00931616","08"
"2010127056","02","99","2307 DUKE STREET","","INDIANAPOLIS","IN","462052239","BILLBOARD N MOTION INC","8008602673","999999","","","","","N","","","","","","N","","","","","","","","1","80470500","98"
"2010068953","03","1","245 CASTLE HEIGHTS AVE","","LEBANON","TN","37087","PFG TRANSCO INC","6154430077","080000","","","","","","","","","","","N","","","","","","","","3","00035568","08"
"2010024325","02","8","2235 BEAVER AVENUE","","PITTSBURGH","PA","15233","PORT AUTHORITY OF ALLEGHENY COUN","4122377000","999999","","","","","N","","","","","","N","","","","","","","","2","","11"
"2010130028","05","2","404 INNUS STREET","BOX 941","OIL CITY","PA","16301","VENANGO LEASING","8147585450","","","","","","N","","","","","","N","","","","","","","","1","00132334","08"
"2010111029","02","99","1600 W CARSON ST","","PITTSBURGH","PA","15219","GEXPRO","4122017700","025950","","","","","N","","","","","","N","","","","","","","","1","00318320","09"
"2010057253","05","1","901 MOSSIDE BLVD","","WALL","PA","15148","JP INTERMODAL HOLDINGS INC","4128253324","080000","","","","","N","","","","","000335285","N","","","","","","","","2","01712031","08"
"2010085849","02","8","798 EKASTOWN RD","","SARVER","PA","16055","W L ROENIGK","9999999999","","","","","","","","","","","","N","","","","","","","","2","","11"
"2010097168","02","1","55 MACHETTE RD","","CLINTON","PA","15026","AIR GROUND EXPRESS","7246951110","","","","","","N","","","","","","N","","","","","","","","2","","98"
"2010126627","99","99","1155 ALLEGHENY AVENUE","","OAKMONT","PA","15139","THERMO TWIN INDUSTRIES INC","9999999999","999999","","","","","N","","","","","","N","","","","","","","","2","","98"
"2010124869","05","1","PO BOX 449","3108 INDUSTRIAL PARK RD","VAN BUREN","AR","72957","USA TRUCK INC","4794712500","080000","","","","","N","","","","","000161412","N","","","","","","","","1","00213754","06"
"2010047001","05","1","825 OLD ROUTE 119 HWY N","","INDIANA","PA","15701","DEAN TRANSPORTATION INC","7249628670","065000","","","","","N","","","","","000264986","N","","A-00115224","","","","","","1","00714483","06"
"2010090551","02","8","110 LENZNER CT","","SEWICKLEY","PA","15143","LENZNER COACH LINES","4123219822","030000","","","","","N","","","","","000126876","N","","A-00112590","","","","","","2","00583785","11"
"2010019254","02","99","259 GOOSE HILL RD","","JEFFERSON","ME","04348","A & D LEASING","7243312310","080000","","","","","N","","","","","","U","","","","","","","","1","00265292","08"
"2010096616","99","99","11561 ST RT 4 MILFORD C","","UNKNOWN","OH","43045","PHELPS FARMS INC","9999999999","999999","","","","","N","","","","","","N","","","","","","","","2","","98"
"2010016103","02","8","110 LENSNER CT","","SEWICKLEY","PA","15143","TRANSPORTATION MANAGEMENT SERVIC","4127617000","999999","","","","","N","","","","","","N","","","","","","","","2","","10"
"2010002406","02","8","1380 PITTSBURGH RD","","VALENCIA","PA","16059","MONARK STUDENT TRANSPORTATION","7248983563","","","","","","N","","","","","","N","","","","","","","","1","","10"
"2010045362","02","8","5377 WILLIAM FLYNN","","GIBSONIA","PA","15044","MONARK STUDENT TRANSPORTATION","7244437766","","","","","","N","","","","","","N","","A-00999999","","","","","","2","","11"
"2010057322","02","4","5759 KEMERER HOLLOW RD","","EXPORT","PA","15632","JOHN SCHRECK","4129655614","017500","","","","","N","","","","","","N","","A-00999999","","","","","","1","","06"
"2010061732","03","3","3111 GRAND AVE.","","PITTSBURGH","PA","15225","MORETRENCH","4127939303","073280","","","","","N","","","","","","N","","","","","","","","1","00424891","06"
"2010082891","03","1","8500 FRANKSTOWN ROAD","","PITTSBURGH","PA","15235","ROAC INC","4127310304","073280","","","","","N","","","","","","N","","","","","","","","2","","07"
"2010072585","02","8","4780 LIBRARY AVENUE","","BETHEL PARK","PA","15102","FIRST TRANSIT, INC.","4128330990","","","","","","N","","","","","","N","","A-00999999","","","","","","2","","10"
"2010027450","05","1","10901 TANNER ROAD","","HOUSTON","TX","77041","GRAEBLEL HOUSTON MOVERS","8007236683","080000","","","","","N","","","","","","N","","","","","","","","1","","06"
"2010047192","03","99","313 CAMP HORNE ROAD","","PITTSBURGH","PA","15057","BRS ROLLOFF SERVICE","4127660834","073280","","","","","N","","","","","000386664","N","","A-00122763","","","","","","1","00887274","04"
"2010112225","03","1","3903 MAHONING RD","","LAKE MILTON","OH","44429","THOMAS J REDER","3303078931","","","","","","N","","","","","","N","","","","","","","","2","","06"
"2010010913","02","8","345 SIXTH AVE","","PITTSBURGH","PA","152222527","PORT AUTHORITY OF ALLEGHENY CO.","4124422000","039000","","","","","N","","","","","","N","","A-00976060","","","","","","1","","11"
"2010022579","05","1","2850 KRAMER RD","","GIBSONIA","PA","15044","PJAX","7248318493","080000","","","","","N","","","","","","N","","","","","","","","1","00202526","08"
"2010083936","03","4","420 BURNS LN","","RUFFS DALE","PA","15679","TR TRUCKING & EXCAVATING I","0000000000","000000","","","","","N","","","","","","N","","","","","","","","2","","04"
"2010041399","03","4","10831 GUFFEY RILLTON RD","","RILLTON","PA","15678","HORVATH HAULING INC","4128465747","073280","","","","","N","","","","","","N","","A-00113621","","","","","","1","00664627","04"
"2010086629","02","8","345 SIXTH AVE","3RD FLR","PITTSBURGH","PA","15222","PORT AUTHORITY","4124422000","","","","","","N","","","","","","N","","A-00976060","","","","","","2","","11"
"2010066069","02","1","1825 LIVERPOOL STREET","","PITTSBURGH","PA","15214","PITTSBURGH TRANSPORTATION CO.","4124444444","020000","","","","","N","","","","","","N","","","","","","","","2","","03"
"2010121134","04","4","463 MONTGOMERY AVENUE","","BRIDGEVILLE","PA","15017","AL COLUSSI AUTOMOTIVE","4127804278","999999","","","","","N","","","","","","N","","","","","","","","2","02074474","04"
"2010090228","02","8","154 SANDY CREEK RD","","VERONA","PA","15147","A 1 VAN SERVICE","4127932700","","","","","","N","","","","","A-6411461","N","","","","","","","","2","","11"
"2010046551","02","8","345 6TH AVE","","PGH","PA","15222","PORT AUTHORITY OF ALLEGHENY CNTY","4122377000","","","","","","N","","","","","","N","","A-00976060","","","","","","1","","11"
"2010072333","03","3","4565 WILLIAM PENN HWY","","MURRYSVILLE","PA","15668","CLEVELAND BROTHERS","7249841623","054600","","","","","N","","","","","","N","","","","","","","","2","00384960","09"
"2010041014","02","8","345 BEAVER AVE.","","PITTSBURGH","PA","15233","PORT AUTHORITY ALLEGHENY COUNTY","4124422000","","","","","","N","","","","","","N","","A-00976060","","","","","","2","","11"
"2010124661","02","1","102 MCNAB DRIVE","102 MCNAB DRIVE","MOON TOWNSHIP","PA","15108","DIONISIIO,INC.","4127607619","","","","","","N","","","","","","N","","","","","","","","1","00265752","03"
"2010049853","02","8","BEAVER AVE.","","PGH.","PA","15233","PORT AUTHORITY -ALLEGHENY CO.","4125665500","026000","","","","","N","","","","","","N","","A-00976060","","","","","","2","","11"
"2010093268","04","7","200 RANROS LN","","WASHINGTON","PA","15301","WASTE MANAGEMENT OF PA","7243506734","073280","","","","","N","","","","","","N","","","","","","","","2","00344050","04"
"2010051055","02","8","345 SIXTH AVE 3RD FL","","PITTSBURGH","PA","152222527","PORT AUTHORITY OF ALLEGHENY CO","4125665500","","","","","","N","","","","","","N","","A-00976060","","","","","","1","","11"
"2010027204","04","8","345 SIXTH AVE","","PITTSBURGH","PA","15222","PORT AUTHORITY OF ALLEGHENY","4124422000","","","","","","","","","","","","N","","A-00976060","","","","","","1","","11"
"2010075715","05","3","3710 TULANE RD","","MEMPHIS","TN","38116","BUILDERS TRANSPORTATION CO LLC","7802386883","080000","","","","","N","","","","","","N","","A-00115129","","","","","","2","00000531","08"
"2010007304","02","8","1061 MAIN ST.","","N. HUNTINGDON","PA","15642","LAIDLAW TRANSIT INC.","4128313112","011500","","","","","N","","","","","","N","","A-00108982","","","","","","1","00711716","10"
"2010044231","05","3","20586 OLD RTE 66","","STAUNTON","IL","62088","SIEVERS TRUCK SERVICE INC","8007355103","080000","","","","","N","","","","","","N","","","","","","","","2","00251121","08"
"2010103958","02","8","345 SIXTH AVENUE","3RD FLOOR","PITTSBURGH","PA","15222","PORT AUTHORITY OF ALLEGHENY CO","4125665500","","","","","","N","","","","","","N","","A-00976060","","","","","","2","","11"
"2010020086","02","4","17TH & ARSENAL","","HARRISBURG","PA","17120","PENNDOT","4127813260","320000","","","","","N","","","","","","N","","","","","","","","1","","03"
"2010063907","02","8","4900 CURRY RD","","PITTSBURGH","PA","15227","BALDWIN WHITEHALL DISTRICT","4128857595","000000","","","","","N","","","","","","N","","","","","","","","2","","10"
"2010098951","05","99","1140 SOUTH STATE ST., S","","EPHRATA","PA","17522","NEW CREATION TRANSPORT","7177337001","080000","","","","","N","","","","","000596322","N","","A-00123675","","","","","","2","01965383","99"
"2010027574","05","1","RR 5 BOX 13","","MIFFLINTOWN","PA","17059","GARY L. RAMSEY TRUCKING INC.","7173715429","080000","","","","","N","","","","","0MC213426","N","","A-00108324","","","","","","2","00330685","06"
"2010088018","02","1","5250 OLD MAUMEE ROAD","","FORT WAYNE","IN","46803","PENSKE TRUCK LEASING","8882344201","033000","","","","","N","","","","","","N","","","","","","","","1","00327574","03"
"2010053242","02","4","425 E 11TH AVE.","","MUNHALL","PA","15120","SAILOR ASPHALT PAVING COMPANY","4124618611","508900","","","","","N","","","","","","N","","","","","","","","1","01659670","03"
"2010100802","05","99","500 13 TH. STREET","","ALBANY","MN","56307","STEARNS BANK","4122879686","080000","","","","","N","","","","","","N","","","","","","","","1","","08"
"2010103742","05","3","1111 THIRD STREET","","NORTH VERSAILLES","PA","15137","DAVID G CASPER INC","4128248306","080000","","","","","N","","","","","","N","","","","","","","","1","02087122","08"
"2010042879","04","4","8050 ROWAN RD SUITE 600","","CRANBERRY TWP","PA","16066","MULTISERV HARSCO","7242832562","073280","","","","","N","","","","","","N","","A-00112517","","","","","","2","","04"
"2010124814","03","3","28 MCCANDLESS AVE","","PGH","PA","15201","PRAXAIR","4127814750","","","","","","N","","","","","","N","","","","","","","","2","00664776","04"
"2010125167","03","3","10249 CENTER HWY","","IRWIN","PA","15642","IRWIN BUILDERS SUPPLY","7248635200","073280","","","","","N","","","","","","N","","","","","","","","3","00988248","04"
"2010001467","06","3","210 WASHINGTON AVE","","DRAVOSBURG","PA","15034","CENTURY STEEL ERECTORS","4124699315","120000","","","","","N","","","","","0MC524727","N","","A-00001219","","","","","","1","00371470","06"
"2010079527","99","99","2325 CARBON ST","","MUNHALL","PA","15120","CONCRETE CREATIONS LLC","9999999999","999999","","","","","N","","","","","","N","","","","","","","","1","","98"
"2010023556","02","8","345 SIXTH AVE.","","PITTSBURGH","PA","152222527","PORT AUTHORITY ALLEGHENY CO.","4124422000","039000","","","","","N","","","","","","N","","A-00976060","","","","","","1","","11"
"2010086776","03","4","839 ROBINSON HWY","","MCDONALD","PA","15057","NW AGGREGATE & LANDSCAPE SUPPLY","7247961558","073280","","","","","","","","","","","N","","A-00122154","","","","","","1","00374398","04"
"2010108453","02","8","415 REBECCA STREET","","MCKEESPORT","PA","15132","PA COACH LINES","4126640911","","","","","","N","","","","","","N","","","","","","","","2","","10"
"2010129427","05","2","200 SPEERS STREET","","BELLE VERNON","PA","15072","FIFTH THIRD LEASING SOURCE ONE","7245311296","","","","","","N","","","","","","N","","","","","","","","2","00930620","08"
"2010094329","03","99","1154 MOUNT JACKSON ROAD","","NEW CASTLE","PA","16102","GWIN BROS TRANSPORT","7246677806","080000","","","","","N","","","","","000000000","N","","A-00999999","","","","","","2","00373818","06"
"2010040297","05","1","PO BOX 60370","","HARRISBURG","PA","17106","AREA STORAGE AND TRANSFER","7175997655","080000","","","","","N","","","","","","N","","","","","","","","1","00358803","08"
"2010100433","05","6","311 MODERN AVE","#1","CARNEGIE","PA","15106","LONE WOLFE TRANSPORT LLC","4123892767","080000","","","","","N","","","","","","N","","A-00899629","","","","","","2","01690212","08"
"2010127841","05","1","780 W. BIRCHWOOD","","MORTON","IL","61550","YRC INC","4123313203","080000","","","","","N","","","","","","N","","","","","","","","2","00071821","08"
"2010056621","05","1","5175 WEST 2100 SOUTH","","SALY LAKE CITY","UT","84120-1252","CENTRAL REFRIGERATED SERVICES, I","8007779100","080000","","","","","N","","","","","","N","","","","","","","","1","00021331","08"
"2010126180","02","8","8 RIVER RD","","MCKEES ROCKS","PA","15136","COMMUNITY TRANSPORT INC.","4125625353","","","","","","N","","","","","","N","","","","","","","","1","00176801","10"
"2010080632","04","6","3000 W. CHRYSLER DR/PO","","BELVIDERE","IL","61008","FLEET CAR LEASE","3024941859","080000","","","","","N","","","","","","N","","","","","","","","1","00262863","06"
"2010111135","05","99","P.O. BOX 4233","","UTICA","NY","13504","LIGHTNING FAST FREIGHT INC","3158940200","080000","","","","","N","","","","","000475246","N","","","","","","","","1","01190875","08"
"2010025877","03","3","1601 NORTH MAIN STREET","","EAST PEORIA","IL","61611","SUNBELT RENTALS INC","4123648630","056000","","","","","N","","","","","000000000","N","","A-00999999","","","","","","1","00000000","04"
"2010057800","03","99","51 FOX CHAPEL RD","","PITTSBURGH","PA","15238","PENNDOT ER0409060","4127813260","034000","","","","","N","","","","","999999999","N","","","","","","","","2","99999999","04"
"2010084772","05","99","1 WHITNEY DRIVE","","HARMONY","PA","16037","SYSCO FOOD SERVICES","7244522100","999999","","","","","N","","","","","","N","","","","","","","","2","","08"
"2010065880","05","1","101 KAPPA DRIVE RIDC PA","","PITTSBURGH","PA","15238","TALON LOGISTICS INC","3046705747","080000","","","","","N","","","","","","N","","","","","","","","1","00030237","06"
"2010065880","99","99","205 PARKWAY VIEW DR","","PITTSBURGH","PA","15205","AC MOORE INC","9999999999","999999","","","","","N","","","","","","N","","","","","","","","3","","98"
"2010067853","99","99","PO BOX","","COLUMBIA","SC","29201","CAROLINA IDEAL LEASE","9999999999","999999","","","","","N","","","","","","N","","","","","","","","2","","98"
"2010038219","05","1","4518 WEBSTER ST","","DAYTON","OH","45414","JET EXPRESS","8002747350","080000","","","","","N","","","","","","N","","","","","","","","2","00238580","06"
"2010008272","02","8","1615 MT NEBO RD","","SEWICKLEY","PA","15143","FIRST STUDENT","7242655006","000000","","","","","N","","","","","","N","","","","","","","","1","","11"
"2010008272","02","8","1615 MT NEBO","","SEWICKLEY","PA","15143","FIRST STUDENT","7242655006","000000","","","","","N","","","","","","N","","","","","","","","3","","11"
"2010106585","02","8","2235 BEAVER AVENUE","","PITTSBURGH","PA","15233","PORT AUTHORITY, ALLEGHENY COUNTY","4124422000","","","","","","N","","","","","","N","","A-00976060","","","","","","1","","11"
"2010113878","03","1","2905 PIONEER AVE","","RICE LAKE","WI","54868","JLT INC.","7153795640","017000","","","","","N","","","","","N5D873216","U","","","","","","","","1","01973411","08"
"2010120190","03","2","4263 STATE ROUTE 488","","PORTERSVILLE","PA","16051","MCCYLMONDS SUPPLY & TRANSIT CO.","7243688040","080000","","","","","N","","","","","000182636","N","","A-00105846","","","","","","2","00269478","08"
"2010038343","02","8","2235 BEAVER AVENUE","","PITTSBURGH","PA","15233","PORT AUTHORITY, ALLEGHENY COUNTY","4124422000","","","","","","N","","","","","","N","","A-00976060","","","","","","1","","11"
"2010004299","99","99","1650 MAIN STREET","","SHARPSBURG","PA","15215","DUNBAR ARMORED INC","9999999999","999999","","","","","N","","","","","","N","","","","","","","","2","","98"
"2010116508","03","7","121 BRICKYARD RD","","MARS","PA","16046","VOGEL DISPOSAL SERVICES INC","7246251511","073280","","","","","N","","","","","MC-177013","N","","A-00094955","","","","","","2","00290052","04"
"2010090747","03","8","5374 WILLIAM FLYNN HWY","","GIBSONIA","PA","15044","MONARK STUDENT TRANSPORTATION","7248983563","","","","","","N","","","","","","N","","","","","","","","1","","11"
"2010127075","99","99","1820 MCLAUGHLIN RD","","UPPER SAINT CLAIR","PA","15241","UPPER SAINT CLAIR TWP","9999999999","999999","","","","","N","","","","","","N","","","","","","","","1","","98"
"2010022412","03","4","17TH AND ARSENAL","","HARRISBURG","PA","17120","PENNDOT","4127813260","058400","","","","","N","","","","","","N","","","","","","","","1","","04"
"2010099233","02","8","4780 LIBARY RD","","BETHEL PARK","PA","15102","FIRST TRANSIT","4128338200","012000","","","","","N","","","","","","N","","","","","","","","2","","10"
"2010105171","02","8","BEAVER AND ISLAND AVE","","PITTSBURGH","PA","15233","ALLEGHENY PORT AUTH.","4125665500","","","","","","N","","","","","","N","","","","","","","","1","","11"
"2010020024","04","99","345 6TH AVE","","PGH","PA","15222","PORT AUTHORITY OF ALLEGHENY CNTY","4122377000","","","","","","N","","","","","","N","","","","","","","","1","","98"
"2010012296","02","1","2920 BEAVER AVE","","PITTSBURGH","PA","15233","INTERNATIONAL PAPER CO","4128215902","","","","","","N","","","","","000024147","N","","","","","","","","1","00297334","03"
"2010035858","04","99","390 LONG RUN RD","","AVONMORE","PA","15618","STIVASON AND SON TRUCKING","9999999999","","","","","","N","","","","","","N","","","","","","","","1","","08"
"2010066739","05","1","POST OFFICE BOX 129","","HILLIARD","OH","43026","ARCTIC EXPRESS INC.","6148764008","155529","","","","","N","","","","","","N","","","","","","","","1","00193073","06"
"2010046203","05","1","974 PENN GREEN RD  PO B","","AVONDALE","PA","19311","TO JO MUSHROOM TRANSPORTATION LL","6102688082","080000","","","","","N","","","","","","N","","","","","","","","1","01020918","06"
"2010046203","05","99","221 DEWEY ST","","ODEBOLT","IA","51458","MENTZER TRUCKING LLC","7123642365","008000","","","","","N","","","","","","N","","","","","","","","2","01279841","06"
"2010039916","01","8","100 EDGEWOOD DR","","TURTLE CREEK","PA","15145","T/C UNLIMITED INC","8776474826","","","","","","N","","","","","","N","","A-00123482","","","","","","2","01090075","10"
"2010062996","03","3","1710 DOUGLAS DRIVE","","PITTSBURGH","PA","15239","INDUSTRIAL WAREHOUSE SUPPLY INC.","4122449782","038350","","","","","N","","","","","","N","","","","","","","","1","01774658","04"
"2010020163","01","8","5374 WILLIAM FLYNN HGW","","GIBSONIA","PA","15044","MONARK STUDENT TRANSPORTATION","7248983563","","","","","","N","","","","","","N","","","","","","","","1","00856887","11"
"2010083932","02","8","200 HAHN ROAD","","PITTSBURGH","PA","15220","FIRST STUDENT INC","9999999999","999999","","","","","N","","","","","","N","","","","","","","","2","","11"
"2010072773","02","4","149 DORRINGTON","","OAKDALE","PA","15071","LAD CONSTRUCTION","4122873770","","","","","","N","","","","","","N","","","","","","","","1","00282578","03"
"2010072773","03","1","323 CASH MEMORIAL BLVD","","FOREST CITY","GA","30297","JHOC INC","4046751950","080000","","","","","N","","","","","","N","","","","","","","","2","00282577","08"
"2010055849","03","4","701 STEEL ST","","ALIQUIPPA","PA","15001","RALICH TRUCKING INC","7243750859","073280","","","","","N","","","","","MC-288334","N","","A-00111890","","","","","","1","00359690","04"
"2010081818","01","8","1615 MT NEBO RD","","SEWICKLEY","PA","15143","FIRST STUDENT","7242655006","000000","","","","","N","","","","","","N","","","","","","","","2","","11"
"2010057672","02","1","1000 SEMMES AVENUE","","RICHMOND","VA","232242246","UPS GROUND FRIGHT","7245427140","065000","","","","","N","","","","","","N","","","","","","","","2","00121058","03"
"2010101004","03","3","11315 WATKINS CALIF. RD","","MARYSVILLE","OH","43040","CUSTOM FARM SERVICES","6148738069","080000","","","","","N","","","","","","N","","","","","","","","1","00892922","08"
"2010118592","01","8","260 ASTER ST","","PITTSBURGH","PA","15235","PENN HILLS SCHOOL DISTRICT","4127937000","","","","","","N","","","","","","N","","","","","","","","2","","11"
"2010059121","01","8","1920 FORBES AVE","","PITTSBURGH","PA","15219","TRANSPORTATION SOLUTIONS","4126974826","016001","","","","","N","","","","","","N","","A-00123482","","","","","","1","01090075","10"
"2010049862","02","3","1788 SAXONBURG BLVD","","TARENTUM","PA","15084","SMULLIN ASPHALT","7249688071","025000","","","","","N","","","","","","N","","","","","","","","2","","03"
"2010018821","05","1","715 W. 172ND ST.","","SOUTH HOLLAND","IL","60473","EAGLE EXPRESS LINES","8123500290","080000","","","","","N","","","","","","N","","","","","","","","2","00327574","08"
"2010105957","03","7","1121 MCPHERSON AVE","","CLAIRTON","PA","15025","NICKOLAGE TOWING&SALVAGE, INC","4122338610","062000","","","","","N","","","","","","N","","","","","","","","2","","04"
"2010095651","01","0","1825 LIVERPOOL STREET","","PITTSBURGH","PA","15212","YELLOW CAB","4123128100","001500","","","","","","","","","","999999999","N","","A-00049926","","","","","","2","99999999","00"
"2010060044","04","4","CURRIE RD","PO BOX 296","PORTERSVILLE","PA","16051","MCCLYMONDS SUPPLY AND TRANSIT","7243688040","073500","","","","","N","","","","","000182636","N","","A-00105846","","","","","","2","00269478","04"
"2010020479","02","8","2235 BEAVER","","PITTSBURGH","PA","15233","PORT AUTHORITY","4124222000","","","","","","N","","","","","","N","","A-00976060","","","","","","1","","11"
"2010021973","05","99","9495 HARVARD AVE","","YOUNGSTOWN","OH","44514","THE ACME COMPANY","3307582313","080000","","","","","N","","","","","","N","","","","","","","","2","00189103","06"
"2010043970","02","4","17 & ARSENAL BLVD","","HARRISBURG","PA","17120","PENNDOT","8003497623","038000","","","","","N","","","","","","N","","","","","","","","1","","03"
"2010077365","05","2","210 EAST ESSEX AVENUE","","AVENEL","NJ","07001","DANA TRANSPORT INC","8007333262","080000","8","","","","Y","2","","","","","N","","","","","","","","1","00149776","08"
"2010008167","03","1","159 PAINTER RD","","SMITHTON","PA","15479","SALSON LOGISTICS","8006867701","080000","","","","","N","","","","","","N","","","","","","","","1","00707789","08"
"2010014022","02","99","2235 BEAVER AVENUE","","PITTSBURGH","PA","15233","PORT AUTHORITY ALLEGHENY COUNTY","4124422000","","","","","","N","","","","","","N","","A-00976060","","","","","","2","","98"
"2010015794","02","8","2235 BEAVER AVE","","PITTSBURGH","PA","15233","PORT AUTHORITY OF ALLEGHENY COUN","4126652664","","","","","","N","","","","","","N","","","","","","","","1","00999999","11"
"2010015794","02","4","17TH & ARSENAL BLVD","","HARRISBURG","PA","17120","PENN DOT","4127813260","041000","","","","","N","","","","","","N","","","","","","","","2","00099999","03"
"2010100423","05","2","200 SPEARS STREET","","BELLE VERNON","PA","15012","SOURCE  ONE TRANSPORTATION LLC","8002453242","080000","3","","","","Y","1","","","","","N","","","","","","","","2","00930620","08"
"2010030827","02","1","44 BRIDGE ST.","","WASHINGTON","PA","15301","ZAPPI OIL & GAS CO.","7242229188","033000","","","","","N","","","","","","N","","","","","","","","1","00205349","03"
"2010126010","02","4","159 TCI PARK DRIVE","","GROVE CITY","PA","16127","TRI-COUNTY INDUSTRIES INC","7247484705","073280","","","","","N","","","","","","N","","","","","","","","2","00208600","08"
"2010094749","05","3","5656 CRATER LAKE AVE","","CENTRAL POINT","OR","97502","COMBINED TRANSPORT INC","8002005623","080000","","","","","N","","","","","000194615","N","","","","","","","","2","00194077","08"
"2010098952","05","1","924 S MORGAN RD","","OKLAHOMA CITY","OK","73128","CRST VAN EXPEDITEDINC","8003668418","080000","","","","","N","","","","","","N","","","","","","","","1","00053773","08"
"2010090145","03","1","1460 GREENSBURG RD","","NEW KENSINGTON","PA","15068","ECM TRANSPORT INC","8003667488","","","","","","N","","","","","000209638","N","","","","","","","","3","00317494","08"
"2010104229","02","7","73A W NOBLESTOWN RD","","CARNEGIE","PA","15106","BFI WASTE SYS OF PA INC","4122492600","009999","","","","","N","","","","","A09999999","N","","A-00999999","","","","","","2","00962087","03"
"2010069293","02","8","798 EKASTOWN ROAD","","SARVER","PA","16055","W.L. ROENIGK LEASING INC.","7243531515","","","","","","N","","","","","","N","","","","","","","","1","00153855","11"
"2010046376","03","8","2235 BEAVER AVE","","PITTSBURGH","PA","15233","PORT AUTHORUTY OF ALLEGHENY CO","4124422000","","","","","","N","","","","","","N","","A-00976060","","","","","","3","","11"
"2010054285","99","0","UNKNOWN","","UNKNOWN","ZZ","99999","UNKNOWN","9999999999","","","","","","","","","","","","U","","","","","","","","1","","99"
"2010108270","02","8","345 SIXTH AVENUE","3RD FLR","PITTSBURGH","PA","15222","PORT AUTHORITY OF ALLEGHENY CO","4125665500","","","","","","N","","","","","","N","","A-00976060","","","","","","1","","11"
"2010022055","02","1","526 CITY COUNTY BLDG","","PGH","PA","15222","PITTSBURGH PUBLIC WORKS","4122552779","066000","","","","","N","","","","","","N","","","","","","","","1","","03"
"2010123096","02","1","301 FITZ HENRY RD","","SMITHTON","PA","15479","LEVIN FURNITURE","7248728022","025500","","","","","N","","","","","099999999","N","","O-00999999","","","","","","2","00999999","03"
"2010107135","02","3","523 BINGHAM ST","","PITTSBURGH","PA","15203","APPLIANCE WAREHOUSE","4123818800","017950","","","","","N","","","","","","N","","A-00116468","","","","","","1","00588938","03"
"2010026197","05","1","307 DIAMOND AVE","","BROWNSVILLE","PA","15417","RITSKO","7247855838","073280","","","","","N","","","","","000501757","N","","A-00517177","","","","","","1","01290624","08"
"2010127995","02","7","4857 STATE RT 51","","BELLE VERNON","PA","15012","BIGS TRUCKING INC","4123794331","","","","","","N","","","","","","N","","","","","","","","2","00000099","03"
"2010041334","04","1","51ST BUTLER","","PGH","PA","15210","HILL ROM","4122877008","026000","","","","","N","","","","","","N","","","","","","","","1","00093340","04"
"2010012286","03","1","2338 MOORE HAVEN DR W","","CLEARWATER","FL","33763","SARA TRANS EXPRESS","7274220388","","","","","","N","","","","","000481218","N","","A-00120964","","","","","","1","00000013","04"
"2010016341","02","8","1830 PAINTERS RUN RD","","PITTSBURGH","PA","15241","THREE RIVERS LIMOUSINE INC.","4129220241","003500","","","","","N","","","","","","N","","A-00113458","","","","","","2","","10"
"2010027188","02","8","2235 BEAVER AVENUE","","PITTSBURGH","PA","15233","PORT AUTHORITY,ALLEGHENY COUNTY","4124422000","","","","","","N","","","","","","N","","A-00976060","","","","","","2","","11"
"2010122939","02","8","2235 BEAVER AVE","","PITTSBURGH","PA","15233","PORT AUTHORITY OF ALLEGHENY COUN","9999999999","999999","","","","","N","","","","","","N","","","","","","","","1","","11"
"2010045995","02","8","798 EKASTOWN RD","","SARVER","PA","16055","WL ROENIGK","4127817906","033000","","","","","N","","","","","0ML165100","N","","A-00102577","","","","","","3","01668645","11"
"2010014921","01","4","1401 GREENSBURG AVE","","NORTH VERSAILLES","PA","151371630","NORTH VERSAILLES TOWNSHIP","4128231102","028850","","","","","N","","","","","","N","","","","","","","","1","","09"
"2010046591","05","3","6115 SW LELAND AVENUE","","DES MOINES","IA","50321","TMC","8002472460","080000","","","","","N","","","","","","N","","","","","","","","1","00087409","08"
"2010045558","02","8","3742 WEST 26TH STREET","","ERIE","PA","16506","FIRST STUDENT INC","4129210212","","","","","","N","","","","","","N","","","","","","","","3","00354406","11"
"2010119736","03","2","14841 SPERRY RD","","NEWBURY","OH","44065","DISTTECH INC","8003271011","080000","3","","","","Y","1","","","","","N","","","","","","","","3","00120699","08"
"2010090845","02","1","3200 INDUSTRIES RD.","","RICHMOND","IN","47374","CON-WAY FREIGHT INC.","8003438361","008000","","","","","N","","","","","","N","","","","","","","","1","00241829","08"
"2010101977","02","3","700 HARGROVE ST","","PITTSBURGH","PA","15226","MCGANN & CHESTER","4123819400","025200","","","","","N","","","","","0MC265298","N","","A-00118499","","","","","","2","00279905","03"
"2010017720","05","2","17550 FRITZ DR.","","LANSING","IL","60438","TRIMAC TRANSPORTATION EAST","8774209490","080000","","","","","N","","","","","","N","","","","","","","","2","00105214","08"
"2010083636","05","3","5593 HAMILTON","MIDDLETOWN ROAD","MIDDLETOWN","OH","45044","OHIO TRANSPORT CORPORATION","2167418000","080000","","","","","N","","","","","000058561","N","","","","","","","","1","00384170","08"
"2010046851","01","8","7035 SALTSBURG RD","","PENN HILLS","PA","15235","PENN HILLS SCHOOL DISTRICT","4127930136","","","","","","N","","","","","","N","","","","","","","","1","","10"
"2010109498","04","8","345 SIXTH AVE","","PITTSBURGH","PA","15222","PORT AUTHORITY OF ALLEGHENY","4124422000","","","","","","N","","","","","","N","","A-00976060","","","","","","1","","11"
"2010001977","02","99","PO BOX 9385","","PITTSBURGH","PA","15225","MR JOHN OF PITTSBURGH","8006423791","","","","","","N","","","","","","N","","A-00000000","","","","","","2","","09"
"2010097472","02","0","9300 DUTTON DRIVE","","TWINSBURG","OH","44087","VISTAR USA","3304253575","","","","","","N","","","","","","N","","","","","","","","2","00133440","08"
"2010028480","02","8","1500 ARMORE BLVD","","PITTSBURGH","PA","15221","MILTRANSIT","4124756140","","","","","","N","","","","","","N","","","","","","","","1","","10"
"2010014870","02","4","1788 SAXONBURG BLVD","","TARENTUM","PA","15084","ALPHALT SMULLIN","7242651939","036000","","","","","N","","","","","","N","","","","","","","","2","","03"
"2010078599","03","8","2235 BEAVER AVE","","PITTSBURGH","PA","15233","PORT AUTHORITY OF ALLEGHENY COUN","4125665500","","","","","","N","","","","","","N","","A-00976060","","","","","","1","","11"
"2010007728","03","4","2930 DUSS AVE","","AMBRIDGE","PA","15003","MYG ENTERPRISES INC","7242665266","073280","","","","","N","","","","","A00123396","N","","A-00123396","","","","","","2","01587911","04"
"2010076521","03","8","1850 GILL HALL RD","","FINLEYVILLE","PA","15332","MATTHEWS BUS CO","4123848810","026000","","","","","N","","","","","","N","","","","","","","","2","","11"
"2010038490","05","1","22 OMEGA CIRCLE","","FRANKSVILLE","WI","53126","EDIS TRUCKING","2628952240","080000","","","","","N","","","","","000585313","N","","","","","","","","1","01580767","06"
"2010091656","99","99","1750 2ND AVENUE","","NEW KENSINGTON","PA","15068","UNIFIRST CORP","9999999999","026000","","","","","","","","","","","U","","","","","","","","2","","09"
"2010091656","04","4","108 REEDY MILL ROAD","","NEW BETHLEHEM","PA","16242","GEORGE TRUCKING INC","9999999999","073280","","","","","","","","","","","U","","","","","","","","3","","04"
"2010003360","01","4","352 COBBLE LN","","BELLE VERNON","PA","15012","WHISTLER CONSTRUCTION","4122712218","032800","","","","","N","","","","","","N","","","","","","","","1","01878026","05"
"2010067355","02","8","345 SIXTH AVE 3RD FL","","PITTSBURGH","PA","152222527","PORT AUTHORITY OF ALLEGHENY CO","4125665500","","","","","","N","","","","","","N","","A-00976060","","","","","","1","","11"
"2010067355","02","99","1825 LIVERPOOL ST","","PITTSBURGH","PA","15233","YELLOW CAB CO OF PITTSBURGH","4123218100","","","","","","N","","","","","","N","","A-00049926","","","","","","2","","98"
"2010032939","02","99","11 CARLTON DRIVE","","EIGHTY FOUR","PA","15330","ALTON INDUSTRIES","7242228633","013000","","","","","N","","","","","","N","","","","","","","","2","","09"
"2010071001","05","3","2876 STATE ROUTE 268","","SALTSBURG","PA","15681","CLAY TRANSPORT","7246399043","072800","","","","","N","","","","","000125079","N","","","","","","","","1","00085150","08"
"2010044133","02","0","798 EKASTOWN RD.","","SARVER","PA","16055","W. L. ROENIGK","4123313974","","","","","","N","","","","","","N","","","","","","","","1","","02"
"2010078149","05","4","50 BILL ALLEN BRANCH RD","","BURNSVILLE","NC","28714-7807","MARK-IT TRUCKING INC.","8287139244","080000","","","","","N","","","","","000374766","N","","","","","","","","2","00565017","08"
"2010088062","02","1","9000 MIDATLANTIC DR","","MOUNT LAUREL","NJ","08054","FEDERAL EXPRESS  CORP","8003281318","016000","","","","","N","","","","","","N","","A-00112261","","","","","","1","00086876","03"
"2010088062","02","8","345 6TH AVE 3RD FLOOR","","PITTSBURGH","PA","152222527","PORT AUTHORITY ALLEGHENY COUNTY","4124422000","","","","","","N","","","","","","N","","A-00976060","","","","","","2","","11"
"2010043919","05","1","2601 S INDIAN MERIDIAN","","PAULS VALLEY","OK","73075","WALMART","8005587010","080000","","","","","N","","","","","","N","","","","","","","","2","00026418","08"
"2010077383","01","0","MURRYSVILLE","","PITTSBURGH","PA","15668","ENCOMPASS INSURANCE","8005887400","","","","","","N","","","","","","N","","","","","","","","1","","00"
"2010033876","05","3","426 MAIN STREET SUITE 3","","SPOTSWOOD","NJ","08884","BULK EXPRESS LOGISTICS","7236982998","080000","","","","","N","","","","","","N","","","","","","","","1","01344102","06"
"2010007144","05","3","441 CLOW LANE","","COSHOCTON","OH","43812","COSHOCTON TRUCKING INC","7406221340","080000","","","","","N","","","","","","N","","","","","","","","1","00504442","08"
"2010004898","02","1","1021 MAIN STREET`","","SHARPSBURG","PA","15215","M&M CREATIVE LAMINATES INC","4122256305","011050","","","","","N","","","","","","N","","","","","","","","1","","02"
"2010082832","05","4","8063","","YOUNGSTOWN","OH","44512","R&J TRUCKING","8003629365","052350","","","","","N","","","","","000001815","N","","A-00000666","","","","","","1","00255968","08"
"2010085202","04","3","4500 FREEDOM WAY #9201","","WEIRTON","WV","26062","MORELLI BROS BRICK CO","7403818740","080000","","","","","N","","","","","","N","","","","","","","","1","00288664","04"
"2010086494","05","1","8710 BUSINESS CENTER #4","","CONVERSE","TX","78109","K&M LOGISTICS","2105660206","080000","","","","","N","","","","","","N","","","","","","","","1","01961494","08"
"2010014612","03","4","1271 ROUTE 30","PO BOX W","CLINTON","PA","15026","FINDLAY TOWNSHIP","7246950500","062540","","","","","N","","","","","","N","","","","","","","","1","","04"
"2010008346","05","99","PO BOX 370","4129 WATERLOO RD","RANDOLPH","OH","44265","PAUL ADELMEN LEASING CO.","3308773832","080000","","","","","N","","","","","999999999","N","","","","","","","","1","00317984","06"
"2010018003","99","8","350 N ST PAUL ST","","DALLAS","TX","75201","GREYHOUND LINES INC","4123926504","050000","","","","","N","","","","","","N","","","","","","","","1","00044110","11"
"2010128358","01","99","1825 LIVERPOOL ST.","","PITTSBURGH","PA","15233","THE YELLOW CAB CO. OF PITTSBURGH","4123218100","","","","","","N","","","","","","N","","A-00049926","","","","","","1","","98"
"2010084462","02","8","7035 SALTSBURG ROAD","","PITTSBURGH","PA","15235","PENN HILLS SCHOOL DISTRICT","4127930136","999999","","","","","N","","","","","","N","","","","","","","","2","","11"
"2010086492","04","1","100 RICHARDS ST","","PITTSBURGH","PA","15214","DAVID E WEAVER","4122878467","011000","","","","","N","","","","","","N","","","","","","","","1","","06"
"2010116896","02","8","2235 BEAVER AVENUE","","PITTSBURGH","PA","15233","PORT AUTHORITY, ALLEGHENY COUNTY","4124422000","","","","","","N","","","","","","N","","A-00976060","","","","","","1","","11"
"2010069306","05","1","1260 STOOPS FERRY RD","","CORAOPOLIS","PA","15108","IRON CITY EXPRESS INC","7244572727","016500","","","","","N","","","","","","N","","","","","","","","2","00508426","08"
"2010049908","05","1","1295 MT. ELBERT RD NW","","RINER","VA","241493611","RIVERBEND NURSERY INC.","5404486367","","","","","","N","","","","","","N","","","","","","","","2","","08"
"2010038015","03","1","313 CAMP HORNE ROAD","","PITTSBURGH","PA","15202","BRS ROLLOFF SEVICES","9999999999","080000","","","","","","","","","","","N","","","","","","","","1","","06"
"2010039918","03","0","1210 SCHOOL ST","","LARIMAR","PA","15647","THOMAS BOWER","7248636664","","","","","","N","","","","","","N","","","","","","","","1","","00"
"2010071337","05","1","14148 EAST 14 MILE RD","","WARREN","MI","48088","STAR TRANSPORT","5863540401","080000","","","","","N","","","","","","N","","","","","","","","1","01988734","06"
"2010031058","02","8","2235 BEAVER AVENUE","","PITTSBURGH","PA","15233","PORT AUTHORITY ALLEGHENY COUNTY","4124422000","","","","","","N","","","","","","N","","A-00976060","","","","","","1","","11"
"2010093136","02","1","34 BLVD OF ALLIES","","PITTSBURGH","PA","15222","POST GAZETTE","4212921766","","","","","","N","","","","","","N","","","","","","","","2","00358261","00"
"2010093136","02","1","34 BLVD OF ALLIES","","PGH","PE","15222","POST GAZETTE","4128090322","","","","","","N","","","","","","N","","","","","","","","3","00358261","00"
"2010126781","99","99","17TH AND A","","HARRISBURG","PA","99999","PENNDOT","9999999999","999999","","","","","N","","","","","","N","","","","","","","","1","","98"
"2010083981","02","8","13413 US ROUTE 422","","KITTANNING","PA","16201","AJ MEYERS & SONS INC","4126462320","","","","","","N","","","","","","N","","","","","","","","2","","11"
"2010118896","03","99","7101 W.17TH AV","","GARY","IN","46404","SCHNEIDER NAT'L. CARRIERS INC.","2199440096","080000","","","","","N","","","","","","U","","","","","","","","1","00264184","08"
"2010019717","05","2","PO BOX 965","","VALLEY FORGE","PA","19482","AMERIGAS PROPANE LP","6103377000","080000","3","","","","Y","1","","","","","N","","","","","","","","1","00388004","08"
"2010024760","02","8","97 THOMS RUN ROAD","","BRIDGEVILLE","PA","15017","CHARTIERS VALLEY SCHOOL DISTRICT","4124297011","030000","","","","","N","","","","","","N","","","","","","","","2","01129751","11"
"2010096968","02","8","400 HILLVUE LN","","PITTSBURGH","PA","15237","NORTH ALLEGHENY","9999999999","999999","","","","","N","","","","","","N","","","","","","","","3","","11"
"2011006650","01","99","725 N STATE ST","","CLAIRTON","PA","15025","DIMARCO CONSTRUCTION CO INC","4126782843","016000","","","","","N","","","","","","N","","","","","","","","1","","02"
"2011001544","05","6","145 N KANSAS ST","BOX 468","EDWARDSVILE","IL","62025","CASSENS TRANSPORT COMPANY","6186563006","080000","","","","","N","","","","","","N","","","","","","","","2","00124358","08"
"2010014231","02","8","345 6TH AVE 3RD FL","","PITTSBURGH","PA","152222527","PORT AUTHORITY","4122377000","","","","","","N","","","","","","N","","A-00976060","","","","","","1","","11"
"2010124561","07","4","8063 SOUTHERN BLVD","","YOUNGSTOWN","OH","44512","R & J TRUNKING AUTO BODY INC","8003629365","080000","","","","","N","","","","","","N","","","","","","","","1","00255968","08"
"2010105591","02","99","17TH &ARSENAL BLVD","","HARRISBURG","PA","17120","PENNDOT","4125217306","038000","","","","","N","","","","","","N","","","","","","","","2","","09"
"2010086882","02","1","1825 LIVERPOOL ST","","PITTSBURGH","PA","15233","PITTSBURGH TRANSPORTION GRP","4124444444","","","","","","N","","","","","","N","","","","","","","","1","00385606","02"
"2010120524","05","1","1803 BURR OAK BLVD","","GRANGER","IA","50109","BARR NUNN TRANSPORTATION","5159992525","080000","","","","","N","","","","","","N","","","","","","","","3","00261978","08"
"2010097191","02","8","345 6TH AVE","","PITTSBURGH","PA","152222527","PORT AUTHORITY","9999999999","999999","","","","","N","","","","","","N","","","","","","","","1","","11"
"2010015627","99","99","2700 MONROEVILLE BLVD","","MONROEVILLE","PA","15146","MONROEVILLE","9999999999","999999","","","","","N","","","","","","N","","","","","","","","1","","98"
"2010115990","05","3","5605 GRAND AVENUE","","NEVILLE ISLAND","PA","15225","BURK ROLL-OFF SYSTEM & TRANSPORT","4122640170","","","","","","N","","","","","000485019","N","","","","","","","","2","01226153","06"
"2010110002","05","99","PO BOX 29243","","PHOENIX","AZ","85038","SWIFT TRANSPORTING CO","8008002200","080000","","","","","N","","","","","","N","","","","","","","","1","00054283","08"
"2010023719","05","1","103 E MADISON AVE","","IRWIN","PA","15642","DBA RJP EXPRESS","7248615311","008000","","","","","N","","","","","009999999","N","","","","","","","","3","","08"
"2010047554","03","3","1030 BROAD STREET","","GREENSBURG","PA","15601","MOORE AND MOREFORD INC","7248341100","058000","","","","","N","","","","","999999999","N","","A-00999999","","","","","","1","99999999","04"
"2010103128","02","4","5055 SR0051 NORTH","","BELLE VERNON","PA","15012","MARTINS FLOWERS & SHRUBS INC","7243794684","017500","","","","","N","","","","","","N","","","","","","","","2","01070735","03"
"2010082348","03","4","3360 EVERGREEN","","PGH","PA","15237","DAROCO INC","4129317569","073280","","","","","N","","","","","","N","","","","","","","","1","01649908","04"
"2010114739","04","8","345 SIXTH AVE","","PITTSBURGH","PA","15222","PORT AUTHORITY OF ALLEGHENY","4124422000","","","","","","N","","","","","","N","","A-00976060","","","","","","2","","11"
"2010058587","02","1","9000 MIDLANTIC DRIVE","","MOUNT LAUREL","NJ","08054","FEDERAL EXPRESS CORP.","8007323318","020500","","","","","N","","","","","","N","","","","","","","","1","00086876","02"
"2010021106","02","8","1820 MCLAUGHLIN RUN RD","","UPPER ST CLAIR","PA","15241","UPPER ST CLAIR TOWNSHIP SCHOOL","4128331600","","","","","","N","","","","","","N","","","","","","","","2","","11"
"2010111556","05","3","118 WEST QUARRY STREET","","BUTLER","PA","15061","PGT TRUCKING","7249871604","080000","","","","","N","","","","","0MC155377","N","","A-00105584","","","","","","1","00192897","08"
"2010014727","02","8","110 LENZNER CT","","SEWICKLEY","PA","15143","TRANSPORTATION MANAGEMENT SERV","4127617000","999999","","","","","N","","","","","","N","","","","","","","","2","","10"
"2010077094","06","3","15380 LONGLAKE RD. NW","","BRANDON","MN","56315","WAGNER TRUCKING INC.","3205242250","080000","","","","","N","","","","","","Y","","","","","","","","1","00243012","08"
"2010070984","05","1","RR3","","NORWICH","ON","N0J1P0","NORWICH BRICK AND TILE LTD","9999999999","080000","","","","","N","","","","","","N","","","","","","","","2","00866512","08"
"2010013140","02","8","345 6TH AVE","","PITTSBURGH","PA","152222527","PORT AUTHORITY OF ALLEGHENY CO","4125665500","","","","","","N","","","","","","N","","A-00976060","","","","","","1","","11"
"2010048662","99","99","777 106TH AVE","","BELLEVUE","WA","99999","PACCAR LEASING CO","9999999999","999999","","","","","N","","","","","","N","","","","","","","","2","","98"
"2010081001","03","0","6500 W. INDUSTRIAL HWY","","GARY","IN","46406","SWIFT TRANSPORTATION CO INC","8008002200","080000","","","","","N","","","","","","N","","","","","","","","1","00054283","08"
"2010105783","99","99","728 PRESQUE ISLE DR","","PITTSBURGH","PA","15239","TOMASITS LANDSCAPING INC","9999999999","999999","","","","","N","","","","","","N","","","","","","","","2","","98"
"2010101643","02","1","1129 SHEFFIELD STREET","","PITTSBURGH","PA","15233","ON TIME DELIVERY","7047266323","025500","","","","","N","","","","","","N","","","","","","","","1","00184394","09"
"2010101008","04","0","2359 RAILROAD ST.","","PITTSBURGH","PA","15222","BRET MARSHALL HUGHES","4127201392","","","","","","N","","","","","","N","","","","","","","","1","00056593","98"
"2010060342","02","1","235 FALLS CHURCH ROAD","","IMPERIAL","PA","15126","PILOT AIR FREIGHT","7246950200","012000","","","","","N","","","","","","U","","A-00112598","","","","","","1","00397887","03"
"2010076156","03","7","4859 STATE ROUTE 51 N","","BELLE VERNON","PA","15012","BIGS SANITATION","7243794331","073280","","","","","N","","","","","000000000","N","","","","","","","","1","00000000","04"
"2010099301","02","8","1825 LIVERPOOL STREET","","PITTSBURGH","PA","15233","PITTSBURGH TRANSPORTATION GROUP","4123234725","025000","","","","","N","","","","","","N","","A-00112577","","","","","","1","","11"
"2010031985","05","1","9400 NW 10TH ST","","OKLAHOMA CITY","OK","73127","SWIFT TRANSPORTATION","5013749300","080000","","","","","N","","","","","000136818","N","","","","","","","","1","00054283","06"
"2010126654","05","1","1223 PARKS RD.","","IRVONA","PA","16656","EASTERN ATLANTIC","8143193246","073280","","","","","N","","","","","000248365","N","","A-00109211","","","","","","1","00478032","08"
"2010126656","04","4","CURRIE RD  PO BOX 296","","PORTERSVILLE","PA","16051","M M LEASING INC","9999999999","073280","","","","","N","","","","","","N","","A-00105846","","","","","","2","00269478","00"
"2010047163","03","3","4859 STATE ROUTE 51 N","","BELLE VERNON","PA","15012","BIGS TRUCKING INC.","7243794331","073280","","","","","N","","","","","","N","","","","","","","","2","01339470","04"
"2010007556","04","1","500 OLD DOMINION WAY","","THOMASVILLE","NC","27360","OLD DOMINION FREIGHT LINER","7242226353","080000","","","","","N","","","","","000090849","N","","A-00121127","","","","","","2","00090849","08"
"2010056666","02","1","3222 US 422","","NEW CASTLE","PA","16105","SSD DISTRIBUTION SYSTEM INC.","8667731778","012000","","","","","N","","","","","","N","","","","","","","","3","00104028","03"
"2010078353","02","7","400 NORTH BRANCH ROAD","","OAKDALE","PA","15071","NORTH FAYETTE TOWNSHIP","4127884888","026000","","","","","N","","","","","","N","","","","","","","","2","","03"
"2010033037","02","5","100 S. 3RD STREET","","PITTSBURGH","PA","15219","FRANK BRYAN INC","4124312700","","","","","","N","","","","","","N","","","","","","","","1","01672873","03"
"2010107265","03","99","715 W 172ND ST/PO BOX 3","","SOUTH HOLLAND","IL","60473","EAGLE EXPRESS LINES INC","8888682501","078000","","","","","N","","","","","","N","","","","","","","","1","00649914","04"
"2010074679","04","4","352 BALDWIN RD","","PITTSBURGH","PA","15207","PETER J CARUSO AND SONS","4124624500","073280","","","","","N","","","","","999999999","N","","A-00099999","","","","","","2","00374392","04"
"2010048005","99","4","17TH AND ARSENAL BLVD","","HARRISBURG","PA","17120","PENNDOT","4122929099","","","","","","N","","","","","","N","","","","","","","","2","","04"
"2010042925","05","3","3607 CARNERS FORD RD","","THURMAN","OH","45685","SMITH DOT","7402455804","080000","","","","","N","","","","","","N","","","","","","","","1","01981165","08"
"2010042925","02","1","4545 CAMPBELLS RUN RD","","PITTSBURGH","PA","15205","J P PHILLIPS INC","4127882522","026000","","","","","N","","","","","","N","","","","","","","","2","00669608","03"
"2010087166","05","1","2930 SHAFFER AVE SE","","KENTWOOD","MI","49512","REALL TRANS LLC","6169409855","080000","","","","","N","","","","","","N","","","","","","","","1","01703726","08"
"2010019020","02","1","600 WARECREST WAY","STE 625","CHESWICK","PA","15024","HEALTH CARE SOLUTIONS","7244487542","009400","2","","","","Y","1","","","","","N","","","","","","","","1","01143900","02"
"2011000251","05","1","ONE SODEL DR","","JEFFERSON","IN","47130","SODEL LOGISTICS LLC","3172605167","080000","","","","","N","","","","","","N","","","","","","","","2","00077207","08"
"2010021921","02","4","414 GRANT ST.","","PITTSBURGH","PA","15219","CITY OF PITTSBURGH","4122550768","012000","","","","","N","","","","","","N","","","","","","","","1","","03"
"2010100931","02","8","345 6TH AVE","","PGH","PA","152222527","PORT AUTHORITY","4125665500","","","","","","N","","","","","","N","","A-00976060","","","","","","1","","11"
"2011013080","04","3","1724 OLD SWITZER RD","","MOORE","SC","29369","EARNHARDT AN D SONS","8645766115","080000","","","","","N","","","","","","U","","","","","","","","1","00676378","08"
"2010022409","02","4","156 DOWNIEVILLE RD","","VALENCIA","PA","16059","KEYSTONE CONCRETE CONSTRUCTION I","7248318479","019500","","","","","N","","","","","","N","","","","","","","","2","99999999","03"
"2010054176","03","3","54074 ECHO LANE","","BRISTOL","IN","46507","JONES MOTOR COMPANY INC","4849328869","080000","","","","","N","","","","","","N","","","","","","","","1","00113459","08"
"2010041271","05","3","577 N 18TH RD","","TONICA","IL","61370","DAUBER COMPANY INC","8154423569","045360","","","","","N","","","","","","N","","","","","","","","2","01098267","08"
"2010024207","05","1","7462 RAILROAD AVE","","HANOVER","MD","21076","GUNTHER ENTERPRISES LLC","4107668600","080000","","","","","N","","","","","","N","","","","","","","","2","01549504","08"
"2010106047","99","6","UNKNOWN","","UNKNOWN","ZZ","99999","UNKNOWN","9999999999","","","","","","N","","","","","","N","","","","","","","","2","99999999","06"
"2010121533","10","3","6017 EAST CALLA ROAD","","NEW MIDDLETOWN","OH","44442","VENEZIA TRANSPORT SERVICE","2076234128","","","","","","N","","","","","","N","","A-00105332","","","","","","2","01079966","09"
"2010109256","05","1","470 BUCKLEY RD","","SAN LUIS OBIS","CA","93401","DRAKE FARMS TRUCKING INC","8055480086","080000","","","","","N","","","","","","N","","","","","","","","1","00369377","08"
"2010100933","02","8","345 SIXTH AVENUE","3RD FLOOR","PITTSBURGH","PA","15222","PORT AUTHORITY OF ALLEGHENY CO","4125665500","","","","","","N","","","","","","N","","A-00976060","","","","","","1","","11"
"2010058579","05","1","230 ASHLAND AVE","","MORTON","IL","61550","STAR TRANSPORT INC","3092667613","080000","","","","","N","","","","","","N","","","","","","","","1","07158507","08"
"2010129933","03","8","345 6TH AVE","","PITTSBURGH","PA","15222","PAAC","4124422000","","","","","","N","","","","","","N","","A-00976060","","","","","","2","","11"
"2010085410","03","4","17TH AND ARSENAL BLVD","","HARRISBURG","PA","17120","PENNDOT","8003497623","039540","","","","","N","","","","","","N","","","","","","","","1","","04"
"2010085410","05","3","3716 LIBERTY WAY","","MCKEESPORT","PA","15133","PORT VUE PLUMBING","4126733988","080000","","","","","N","","","","","","N","","A-00116429","","","","","","3","","08"
"2010040033","05","1","3500 WESTGATE DRIVE","SUITE 800","DURHAM","NC","27707","TFX INCORPERATED","9194935311","080000","","","","","N","","","","","","N","","","","","","","","1","00244802","08"
"2010089542","05","3","787 AMITY RIDGE RD","","AMITY","PA","15311","TEN MILE PAVING","7249866783","080000","","","","","N","","","","","","N","","","","","","","","1","00999999","06"
"2010110266","05","99","1421 COVENTRY COURT","","JOHNSTOWN","PA","15905","MUCHESKO,JOHN P","6105664920","080000","","","","","N","","","","","","N","","","","","","","","2","00163516","08"
"2010061289","05","2","4366 MT. PLEASANT ST. N","","NORTH CANTON","OH","44720","ADVANTAGE TANK LINES","3304271010","080000","","","","","N","","","","","","N","","","","","","","","1","00469756","08"
"2010114876","05","1","1512 LEBANON CHURCH RD","","PITTSBURGH","PA","15236","ALLEGHENY VALLEY TRANSFER CO INC","4126531200","","","","","","N","","","","","","N","","","","","","","","2","00076235","06"
"2010009488","03","99","200 FIRST ST.","","CARNEGIE","PA","15106","WHOLESALE BUILDERS SUPPLY","4122798260","073280","","","","","N","","","","","A99999999","N","","A-00999999","","","","","","2","00457932","04"
"2010021188","05","3","407 CREAMERY LANE","","CENTERVILLE","MD","21617","GAVIGAN'S TRUCKING","4434961647","080000","","","","","N","","","","","000557446","N","","","","","","","","1","01448285","08"
"2010021188","05","3","RT 322 W     PO BOX 386","","BIGLER","PA","16825","KEPHART TRUCKING CO.","8148577704","080000","","","","","N","","","","","000138386","N","","A-00096036","","","","","","2","00120935","08"
"2010059992","05","0","3175 BACK MAITLAND ROAD","","LEWISLOWN","PA","17044","JOE KRENTZMAN AND SON","7179947022","","","","","","N","","","","","","N","","A-00239272","","","","","","2","","08"
"2010049493","03","4","234 MERLO ROAD","","MINERAL POINT","PA","15942","CHARLES J MERLO INC","8143221545","058400","","","","","N","","","","","","N","","","","","","","","1","00191632","04"
"2010076141","03","99","159 HAMPTON POINT DRIVE","UNIT #3","ST. AUGUSTINE","FL","32092","ALL RAILROAD SERVICES CORPORATIO","9042963434","063000","","","","","N","","","","","","N","","","","","","","","1","00572346","04"
"2010070547","02","1","6 RIVER ROAD","","MCKEES ROCKS","PA","15136","STAT RANS SYSTEMS","4127782550","033000","","","","","N","","","","","0MC331613","N","","A-00112554","","","","","","3","00723235","03"
