"CRN","AXLE_CNT","CARGO_BD_TYPE","CARRIER_ADDR_1","CARRIER_ADDR_2","CARRIER_ADDR_CITY","CARRIER_ADDR_STATE","CARRIER_ADDR_ZIP","CARRIER_NM","CARRIER_TEL","GVWR","HAZMAT_CD1","HAZMAT_CD2","HAZMAT_CD3","HAZMAT_CD4","HAZMAT_IND","HAZMAT_REL_IND1","HAZMAT_REL_IND2","HAZMAT_REL_IND3","HAZMAT_REL_IND4","ICC_NUM","OSIZE_LOAD_IND","PERMITTED","PUC_NUM","SPECIAL_SIZING1","SPECIAL_SIZING2","SPECIAL_SIZING3","SPECIAL_SIZING4","TYPE_OF_CARRIER","UNIT_NUM","USDOT_NUM","VEH_CONFIG_CD"
"2016005054","02","8","4900 CURRY RD","","PITTSBURGH","PA","15236","BALDWIN WHITEHALL SCHOOL DISTRIC","9999999999","999999","","","","","N","","","","","","N","","","","","","","","2","99999999","11"
"2016070147","03","99","612 JAMES ST","","ANTHONY","TX","79821","T&H TRUCKING","9154870567","080000","","","","","N","","","","","","N","","A-0655244","","","","","","2","01801906","08"
"2016078431","03","4","247 MAIN ST","","BELLE VERNON","PA","15012","CIFERNO CEMENT CONTRACTING","7244159616","073280","","","","","N","","","","","","N","","A-8915667","","","","","","2","02196941","04"
"2016021079","02","1","9 CRESCENT ST","","ETNA","PA","15223","AKS TRANSPORTATION","7247811184","","","","","","N","","","","","","N","","","","","","","","1","00531808","02"
"2016076580","02","8","2235 BEAVER AVE","","PITTSBURGH","PA","15233","PORT AUTHORITY OF ALLEGHENY CO","4124422000","999999","","","","","N","","","","","","N","","A-00976060","","","","","","3","","11"
"2016131648","02","1","498 COMMERCIAL DRIVE","","FAIRFIELD","OH","45014","RELAY EXPRESS","4129019346","","","","","","N","","","","","","N","","","","","","","","2","00016130","03"
"2016061193","04","8","4 RIVER ROAD","","MCKEES ROCKS","PA","15136","DURHAM SCHOOL SERVICES","4123315009","","","","","","N","","","","","","N","","","","","","","","1","","11"
"2016063560","03","1","5951 NW 151ST STE 209","","MIAMI LAKES","FL","33014","SANDINO TRUCK SERVICE","7863783114","080000","","","","","N","","","","","","U","","","","","","","","2","00015500","08"
"2016102929","05","3","412 SOUTH 4TH STREET","","YOUNGWOOD","PA","15697","B&R TRANSPORT LLC","7249253955","080000","","","","","N","","","","","","N","","","","","","","","1","01675322","08"
"2016083871","02","99","51 QSI LN BUILDING 5, PO BOX","BAIRDFORD","BAIRDFORD","PA","15006","WIRELESS SERVICES","7244440050","017500","","","","","N","","","","","","N","","","","","","","","1","01460640","09"
"2016081998","02","8","2235 BEAVER AVE","","PITTSBURGH","PA","15223","PORT AUTHORITY OF ALLEGHENY CO","4124422000","","","","","","N","","","","","","N","","A-00976060","","","","","","2","","11"
"2016017140","02","1","1821 BEAVER AVE","","PITTSBURGH","PA","15233","UNITED PARCEL SERVICE","8007425877","014360","","","","","N","","","","","","N","","","","","","","","1","00021800","03"
"2016042970","02","1","2400 BROWNSVILLE RD","","PITTSBURGH","PA","15210","JOHN VARNEY TIRE & AUTO CENTER","4128828808","","","","","","N","","","","","","N","","","","","","","","2","02263002","03"
"2016070016","02","1","7176 OHIO RT 68","","RAVENNA","OH","44266","SIRNA & SONS PRODUCE","3302982222","026000","","","","","N","","","","","","N","","","","","","","","2","00999999","03"
"2016110415","05","1","2639 N PHELPS AVENUE","","ARLINGTON HEIGHTS","IL","60004","MAX SPEED TRUCKING","7735013263","080000","","","","","N","","","","","","N","","","","","","","","2","02583989","08"
"2016100073","03","0","9260 ERIE AVE. S","","NAVARRE","OH","44662","ROBERT G. OWEN TRUCKING INC.","3307561013","016200","","","","","N","","","","","","N","","","","","","","","2","00071803","08"
"2016046703","02","1","219 WELSH POOL RD","","EXTON","PA","19341","FREEDOM MEDICAL INC","7243252370","014500","","","","","N","","","","","","N","","","","","","","","2","00901515","09"
"2016087587","02","8","247 SCHENLY MANOR DRIVE","","PITTSBURGH","PA","15201","RICKETTS TRANSPORTATION","4129152804","","","","","","N","","","","","","N","","","","","","","","1","00009999","11"
"2016133128","02","8","714 EKASTOWN ROAD","","SARVER","PA","16055","ABC TRANSIT INC","4128538716","033000","","","","","N","","","","","","N","","","","","","","","2","00000000","11"
"2016079095","04","4","2930 DUSS AVENUE","","AMBRIDGE","PA","15003","HG VENTURES INC DBA DIAMOND HEAD","9999999999","073280","","","","","N","","","","","","N","","","","","","","","2","02127975","04"
"2016034846","02","3","2004 MCKEES ROCKS RD","","MCKEES ROCKS","PA","15136","PAC VAN INC","8005461050","054000","","","","","N","","","","","","Y","","","","","","","","1","00573205","98"
"2016034846","04","4","114 ALYSON DR","","MCMURRAY","PA","15317","CASILLI CORP","7249425578","073280","","","","","N","","","","","","N","","A-8915731","","","","","","2","02407531","04"
"2016054817","02","8","2235 BEAVER AVE.","","PITTSBURGH","PA","15233","PORT AUTHORITY- ALLEGHENY CO.","4125665214","026000","","","","","N","","","","","","N","","A-00976060","","","","","","2","","11"
"2016073765","05","3","632 HUNT VALLEY CIRCLE","","NEW KENSINGTON","PA","15068","SWANK CONSTRUCTION LLC","7243356000","073280","","","","","N","","","","","","N","","","","","","","","3","02145870","08"
"2016132695","02","0","6040 BAUMGARTNER","","MEHLVILLE","MO","63129","EJA TRUCKING","8002288040","","","","","","N","","","","","","N","","","","","","","","1","00791960","06"
"2016073173","02","8","2235 BEAVER AVENUE","","PITTSBURGH","PA","15233","PORT AUTHORITY OF ALLEGHENY COUN","4124422000","","","","","","N","","","","","","N","","A-00976060","","","","","","1","","11"
"2016059032","02","8","2235 BEAVER AVENUE","","PITTSBURGH","PA","15233","PORT AUTHORITY OF ALLEGHENY CO","4122551385","","","","","","N","","","","","","N","","A-00976060","","","","","","1","","11"
"2016033340","03","7","73A W NOBLESTOWN RD","","CARNEGIE","PA","15106","REPUBLIC SERVICES","4124292600","073280","","","","","N","","","","","","N","","","","","","","","1","00962087","04"
"2016075506","05","1","1819 WOODCREST ROAD","","COLUMBUS","OH","43232","MINKS EXPRESS INC","4802740314","080000","","","","","N","","","","","","Y","","","","","","","","1","02511470","08"
"2016042025","04","2","UNKNOWN","","UNKNOWN","ZZ","UNKNO","UNKNOWN","9999999999","UNKNOW","","","","","","","","","","","","","","","","","","","1","0UNKNOWN","06"
"2016029967","02","1","2501 ONEIL BLVD","","WHITE OAK","PA","15131","ONEIL AUTOMOTIVE","4126641500","010000","","","","","","","","","","","N","","","","","","","","1","02839352","03"
"2016112048","03","99","2216 MONTEREY RD","","PARKER","PA","16049","THOMAS E KESTEN MASONRY CONTRACT","4122924660","","","","","","N","","","","","","","","","","","","","","2","02273677","05"
"2016019238","02","4","710 WASHINGTON ROAD","","PITTSBURGH","PA","15228","MT. LEBANON MUNICIPALITY","4123433400","001800","","","","","N","","","","","","U","","A-0000000","","","","","","1","99999999","09"
"2016123320","02","8","2235 BEAVER AVE.","","PITTSBURGH","PA","15233","PORT AUHTORITY OF ALLEGHENY CO.","4124422000","","","","","","","","","","","","N","","A-00976060","","","","","","1","","11"
"2016001352","99","99","640 CALIFORNIA AVENUE","","AVALON","PA","15202","AVALON BOROUGH","4127615820","019500","","","","","N","","","","","","N","","","","","","","","3","","09"
"2016071644","05","2","1300 E POLAND AVE","","BESSEMER","PA","16112","MARTIN","7246677751","080000","","","","","N","","","","","","N","","A-00883390","","","","","","1","00105886","08"
"2016060337","03","7","1306 MAIN STREET","","CRESCENT","PA","15046","IRON CITY EXPRESS","7244572727","","","","","","N","","","","","","N","","","","","","","","2","00050842","09"
"2016001429","04","1","2211 OLD EARHART ROAD","","ANN ARBOR","MI","481052751","XPO LOGISTICS FREIGHT INC","7347571449","080000","","","","","N","","","","","","N","","","","","","","","1","00241829","08"
"2016114224","03","3","1801 FOURTH ST","","FREEDOM","PA","15042","PREST TRUCKING","7244626704","080000","","","","","N","","","","","","N","","","","","","","","2","00504403","08"
"2016007430","03","8","350 N ST PAUL ST","","DALLAS","TX","75201","GREYHOUND LINES INC","4123926526","037350","","","","","N","","","","","","N","","","","","","","","1","00044110","11"
"2016120133","05","1","500 CARL OLSEN ST","","MAPLETON","ND","58059","HOLLAND ENTERPRISES INC","8008002635","080000","","","","","N","","","","","","N","","","","","","","","2","00507308","08"
"2016086668","05","1","198 PARK PLAZA DR","175 CHARLOIS BLVD","WINSTON SALEM","NC","27105","SALEM LEASING CORP","","080000","","","","","N","","","","","","N","","","","","","","","1","00229354","08"
"2016019087","02","8","2235 BEAVER AVE","","PITTSBURGH","PA","15233","PORT AUTHORITY","4125665214","","","","","","N","","","","","","N","","A-00976060","","","","","","1","","11"
"2016063587","05","2","6017 EAST CALLA RD","","NEW MIDDLETON","OH","44442","VENEZIA HAULING INC","9999999999","080000","","","","","N","","","","","","N","","","","","","","","1","01079966","08"
"2016132025","02","4","9957 GRUBBS ROAD","","WEXFORD","PA","15090","TOWN OF MCCANDLESS","4123640616","042000","","","","","N","","","","","","N","","","","","","","","2","","03"
"2016105415","02","3","3208 MARY ST","","ARDARA","PA","15615","PNJ TRANSPORT","7243316491","018000","","","","","N","","","","","","N","","","","","","","","1","24113317","02"
"2016068793","99","99","10304 LINDBERG AVE","","PITTSBURGH","PA","15235","PICCOLINO LANDSCAPING LLC","9999999999","013500","","","","","N","","","","","","N","","","","","","","","4","","05"
"2016029033","02","8","2235 BEAVER AVENUE","","PITTSBURGH","PA","15233","PORT AUTHORITY OF ALLEGHENY COUN","4124422000","","","","","","N","","","","","","N","","A-00976060","","","","","","1","","11"
"2016106770","03","7","226 RANKIN RD","","WASHINGTON","PA","15301","HAPCHUCK","7242226080","080000","","","","","N","","","","","","N","","","","","","","","2","00474626","09"
"2016028588","02","8","2235 BEAVER AVENUE","","PITTSBURGH","PA","15233","PORT AUTHORITY OF ALLEGHENY COUN","4124422000","","","","","","N","","","","","","N","","A-0097606","","","","","","1","","11"
"2016093277","03","3","808 N 161 ST EAST AVE","","TULSA","OK","74116","MELTON TRUCK LINES, INC","7706303395","080000","","","","","N","","","","","","N","","","","","","","","1","00034666","08"
"2016138921","03","8","2235 BEAVER AVENUE","","PITTSBURGH","PA","15233","PORT AUTHORITY OF ALLEGHENY CO","4124422000","","","","","","N","","","","","","N","","","","","","","","1","","11"
"2016038441","04","4","PO BOX 148","","ELLWOOD CITY","PA","16117","AR OLIASTRO INC","9999999999","072000","","","","","N","","","","","","N","","","","","","","","1","00381085","04"
"2017001263","04","1","UNKNOWN","","UNKNOWN","ZZ","UNKNOWN","UNKNOWN","9999999999","","","","","","N","","","","","","N","","","","","","","","2","00999999","08"
"2016027877","02","1","1825 LIVERPOOL ST.","","PITTSBURGH","PA","15233","AIRLINE ACQUISTITIONS INC DBA","4122084304","","","","","","N","","","","","","N","","A-00108743","","","","","","2","00385606","03"
"2016091938","02","8","2235 BEAVER AVE","","PITTSBURGH","PA","15233","PORT AUTHORITY OF ALLEGHENY COUN","4125665214","","","","","","N","","","","","","N","","A-00976060","","","","","","1","","11"
"2016078838","04","1","32901 STATION ST. SUITE 212","","SOLON","OH","44139","MO VAUGHN TRANSPOTATION INC.","4402483314","026000","","","","","N","","","","","","N","","","","","","","","1","01917438","08"
"2016078838","02","8","2235 BEAVER AVE.","","PITTSBURGH","PA","15233","PORT AUTHORITY-ALLEGHENY CO.","4125665214","026000","","","","","N","","","","","","N","","A-00976060","","","","","","2","","11"
"2016122517","02","6","410 E. WARRINGTON AVE","","PITTSBURGH","PA","15210","WARRINGTON TIRE INC","4124003215","000999","","","","","N","","","","","","N","","","","","","","","1","02329860","09"
"2016122517","02","8","1850 GILL HALL RD","","FINLEYVILLE","PA","15332","MATTHEWS BUS CO INC","4123315009","000999","","","","","N","","","","","","N","","","","","","","","2","00999999","11"
"2016092666","99","8","600 VINNE ST, STE 1400","","CINCINNATI","OH","45202","FIIRSTGROUP LEASING NOMINEE TRU","9999999999","","","","","","N","","","","","","N","","","","","","","","2","","10"
"2016057452","04","4","455 GAS VALLEY RD","","GEORGETOWN","PA","15043","SHYCHUCK INC","0000000000","073280","","","","","N","","","","","","N","","","","","","","","4","00455086","09"
"2016095532","03","4","8500 FRANKSTOWN RD","","PITTSBURGH","PA","15235","ROAC INC","4127310304","","","","","","N","","","","","","N","","A-00118733","","","","","","1","","99"
"2016044951","04","1","136 BALD HILL CHURCH ROAD","PO BOX 86","MOUNT MORRIS","PA","15349","MOUNT MORRIS TIRE SERIVE","7243242200","025500","","","","","N","","","","","","N","","","","","","","","2","00450654","03"
"2016106585","05","1","7501 CARNEGIE AVE.","","CLEAVELAND","OH","44103","PRODUCE PACKAGING","2163916129","080000","","","","","N","","","","","","N","","","","","","","","1","01040191","08"
"2016136327","02","1","681 ANDERSEN DR.","","PITTSBURGH","PA","15220","LIVING INDEPENDENCE ELDERLY","4124433409","","","","","","N","","","","","","N","","A-9999999","","","","","","2","00000000","02"
"2016118274","02","8","345 SIXTH AVE","","PITTSBURGH","PA","15222","PORT AUTHORITY","4124422000","026001","","","","","N","","","","","","N","","A-00976060","","","","","","2","","11"
"2016018275","99","1","300 WETZEL ROAD","","GLENSHAW","PA","15116","TOWNSHIP OF SHALER","9999999999","035000","","","","","N","","","","","","N","","","","","","","","2","","09"
"2016038443","03","4","1350 RT 30 EAST","","LAUGHLINTOWN","PA","15655","LIGONIER TRUCKING CO","7242389884","073280","","","","","N","","","","","","N","","A-00116756","","","","","","2","01288308","04"
"2016035151","05","1","2200 FOWARD DR","","HARRISON","AZ","72601","FED EX","7244490061","080000","","","","","N","","","","","","N","","","","","","","","1","00239039","08"
"2016035153","99","3","1000 SIMPSON RD","","ROCKFORD","IL","61102","LANDSTAR INAY INC","4126003616","080000","","","","","N","","","","","","N","","","","","","","","2","00216939","08"
"2016028951","02","3","700 HARGROVE STREET","","PITTSBURGH","PA","15226","MCGANN & CHESTER LLC","4123819400","019500","","","","","N","","","","","","N","","","","","","","","3","00279905","03"
"2016058670","02","3","1796 SHERWIN AVENUE","","DES PLAINES","IL","60018","NES EQUIPMENT SERVICES CORP.","2177851800","","","","","","N","","","","","","N","","","","","","","","1","","03"
"2016096277","04","1","2515 A A ROGERS RD","","AUGUSTA","WV","26704","KIDWELL MARVIN","3042577050","080000","","","","","N","","","","","","N","","","","","","","","1","01276239","08"
"2016039562","04","4","41 MAPLE AVENUE","","RILLTON","PA","15678","CIPRA EXCAVATING AND TRUCKING","7244462544","064300","","","","","N","","","","","","N","","A-00116950","","","","","","2","02103037","04"
"2016041693","02","8","200 HAHN ROAD","","PITTSBURGH","PA","15204","FIRST STUDENT","4124318747","","","","","","N","","","","","","N","","","","","","","","2","","11"
"2016057886","05","1","415 EAST 31 ST.","","ANDERSON","IN","46016","CHASER LLC","7656408620","052000","","","","","N","","","","","","N","","","","","","","","1","00918975","08"
"2016086107","02","1","8414 N GRADY AVE APT. B","","TAMPA","FL","33614","ROLY TRANSPORT SERVICE INC.","8134090298","","","","","","N","","","","","","N","","","","","","","","1","02781812","08"
"2016120360","02","8","301 CHURCH ROAD","","BETHEL PARK","PA","15102","BETHEL PARK SCHOOL DISTRICT","9999999999","029800","","","","","N","","","","","","U","","","","","","","","2","01129231","11"
"2016037339","02","1","EQUIP 015-9099","17TH & ARSENAL BLVD","HARRISBURG","PA","17120","PENNDOT","9999999999","019500","","","","","N","","","","","","N","","","","","","","","2","99999999","03"
"2016035079","08","1","3005 EAST POINT DR","","ZANSEVILLE","OH","43701","NEW BAKERY TRANSPORTATION CO","7407043634","","","","","","N","","","","","","N","","","","","","","","1","00197620","06"
"2016064270","99","1","12 STARCK ST","","BURGETTSTOWWN","PA","15021","ALL MY SONS MOVING AND STORAGE","7247292855","026000","","","","","N","","","","","","N","","","","","","","","1","00508878","03"
"2016100015","02","8","154 SANDY CREEK ROAD","","VERONA","PA","15147","A1 VAN SERVCES INC","4127932700","033000","","","","","N","","","","","","N","","","","","","","","2","","11"
"2016060402","05","1","190 MECHANIC ST","","BELINGHAM","MA","02019","CENTRAL NATIONAL GOTTESMAN","4123226500","080000","","","","","N","","","","","","N","","","","","","","","1","00184737","08"
"2016068577","02","2","MARGINAL ROAD","PO BOX 630","NEW STANTON","PA","15672","SUPERIOR INC","7249253200","014500","","","","","N","","","","","","N","","","","","","","","2","02203056","03"
"2016009959","03","8","600 VINE ST SUITE 1400","","CINCINNATI","OH","45202","FIRST STUDENT INC","8008445588","","","","","","N","","","","","","N","","","","","","","","1","","11"
"2016009247","03","1","1100 THOMPSON PARK DRIVE","","CRANBERRY TOWNSHIP","PA","16066","ROLLING FRITO LAY","7247795000","023500","","","","","N","","","","","","N","","","","","","","","2","00926150","04"
"2016096212","03","1","100 PAPERCRAFT PARK","","PITTSBURGH","PA","15238","JENCO DISTRIBUTION","4128261199","","","","","","N","","","","","","N","","","","","","","","2","00955549","08"
"2016039260","03","4","23 B DEWEY LANE","","GIBSONIA","PA","15044","ADLER TREE SERVICE","7244433744","","","","","","N","","","","","","N","","","","","","","","2","00000000","04"
"2016114219","05","6","2938 LICK RUN RD","","WILLIAMSPORT","PA","17701","RALPH HOPKINS TRUCKING LLC","5704352141","080000","","","","","N","","","","","","N","","","","","","","","1","02256189","08"
"2016071631","04","4","1251 RUSSELLTON RD PO B","","CHESWICK","PA","15024","TESONE TRANSPORT INC","7245023127","","","","","","N","","","","","","N","","","","","","","","1","00507931","04"
"2016072324","03","1","13 DISTRIBUTION AVE","","KEARNY","NJ","07032","SMART TRUCKING SERVICES INC","9733446498","080000","","","","","N","","","","","","N","","","","","","","","1","02134536","08"
"2016134294","05","4","4000 CLINE AVE.","","EAST CHICAGO","IN","46312","PENSKE","4127711000","080000","","","","","N","","","","","","N","","","","","","","","2","01469297","08"
"2016096168","99","99","PO BOX 336","","SAXONBURG","PA","15056","DON MARTIN TRUCKING","9999999999","999999","","","","","N","","","","","","N","","","","","","","","1","","99"
"2016132685","05","1","67 HOOVER AVE","","DUBOIS","PA","15801","RMP TRANSPORTATION","8143759700","080000","","","","","N","","","","","","N","","","","","","","","2","01731565","08"
"2016035969","02","8","200 HILLVUE LN","","PITTSBURGH","PA","15237","NORTH ALLEGHENY SCHOOL DISTRICT","4123695500","033000","","","","","N","","","","","","N","","","","","","","","2","01126131","11"
"2016099229","03","4","10250 BUCHANNON ROAD","","PITTSBURGH","PA","15235","VIGLIOTTI LANDSCAPE & CONSTRUCTI","7247166742","","","","","","N","","","","","","N","","","","","","","","2","","04"
"2016012265","02","1","923 FIFTH AVENUE","","CORAOPOLIS","PA","15108","ANTHONY'S ORIGINAL INC","4122645885","025500","","","","","N","","","","","","N","","","","","","","","2","02369287","03"
"2016026470","99","2","56790 GILES ROAD","","GRAFTON","OH","44044","TRANSPORTATION SERVICES INC","9999999999","","","","","","N","","","","","","N","","","","","","","","2","","08"
"2016100402","03","3","18200 NW 2ND COURT","","MIAMI GARDENS","FL","33169","DISCOVERY TRANSPORTATION LOGISTI","7863291994","080000","","","","","N","","","","","","N","","","","","","","","1","02517916","06"
"2016075251","02","8","798 EAKASTOWN RD","","SARVER","PA","16055","W L ROENIGK INC","8142323936","","","","","","N","","","","","","N","","","","","","","","1","","11"
"2016089037","03","4","2930 DUSS AVENUE","","AMBRIDGE","PA","15003","DIAMOND HEAD TRUCKING","7242665266","073280","","","","","N","","","","","","N","","","","","","","","1","00212797","04"
"2016122867","99","1","1 MONROEVILLE CTR STE  1","","MONROEVILLE","PA","15146","VINCENT A NESE CONSTRUCTION CO","9999999999","013200","","","","","N","","","","","","N","","","","","","","","2","","09"
"2016013157","02","1","510 CELESTIAL COURT","","BOWLING GREEN","KY","42101","GREENLINE EXPRESS INC","7738750548","","","","","","N","","","","","","N","","A-00999999","","","","","","1","00067181","08"
"2016015104","02","8","4242 WILLIAM FLYNN HWY","","ALLISON PARK","PA","15101","ABC TRANSIT INC","4127824110","","","","","","N","","","","","","N","","","","","","","","1","02420569","11"
"2016069911","05","99","300 SCOTTDALE AVE,","","SCOTTDALE","PA","15683","PENN LINE SERVICE","7244889110","080000","","","","","N","","","","","","N","","","","","","","","2","00093930","06"
"2016008911","02","8","714 EKASTOWN ROAD","","SARVER","PA","16055","ABC TRANSIT INC","4128289000","999999","","","","","N","","","","","","N","","","","","","","","2","","11"
"2016044922","02","0","4060 WINDFALL DRIVE","","GIBSONIA","PA","15044","TALL TIMBER TREE EXPERTS","4127341016","000000","","","","","N","","","","","","N","","","","","","","","1","02170592","00"
"2016079903","02","1","1 JOHN ST","","MCKEES ROCKS","PA","15136","RED DIAMOND TRUCKING CO INC.","4128772841","","","","","","N","","","","","","N","","","","","","","","2","00000099","00"
"2016071667","02","0","5246 LYTLE ST","","PITTSBURGH","PA","15207","STICKLES TOW","4128533237","","","","","","N","","","","","","N","","","","","","","","1","02323392","98"
"2016115084","02","2","1611 LYNNEWOOD DR","","HAVERTOWN","PA","09083","AIRGAS USA LLC","4127153123","052000","","","","","N","","","","","","N","","","","","","","","1","00299712","03"
"2016105288","05","3","3716 S ELYRIA RD","","SHREVE","OH","44676","WOOD LEASING","3302015579","080000","","","","","N","","","","","","N","","","","","","","","1","00318476","06"
"2016021494","05","99","2008 E 118TH STREET","","LOS ANGELES","CA","90059","JMA TRUCKING","3239971622","080000","","","","","N","","","","","","N","","","","","","","","2","01460645","08"
"2016101276","05","2","1050 MERCHLING RD.","","GREENSBURG","PA","15601","EXPORT FUEL CO. INC.","7247550767","","","","","","N","","","","","","N","","A-00101816","","","","","","1","00462468","06"
"2016101276","02","8","2235 BEAVER AVE.","","PITTSBURGH","PA","15233","PORT AUTHORITY OF ALLEGHENY COUN","4122551385","","","","","","N","","","","","","N","","A-00976060","","","","","","3","","11"
"2016016866","02","7","121 BRICKYARD RD.","","MARS","PA","16046","VOGEL DISPOSAL","7246251511","058400","","","","","N","","","","","","N","","A-0094955","","","","","","1","00290052","03"
"2016104276","05","1","PO BOX 5198","","MORTON","IL","61550","RISINGER BROS TRANSFER INC","3092669555","080000","","","","","N","","","","","","N","","","","","","","","1","00244981","08"
"2016064554","05","3","1000 3RD AVENUE","","BEAVER","PA","15009","ELITE GASFIELD SERVICES","7247282929","010000","","","","","N","","","","","","N","","A-8914056","","","","","","2","02206378","08"
"2016052920","99","99","221 CURRY HOLLOW ROAD","","PITTSBURGH","PA","15236","HADDAD'S","4123528037","999999","","","","","N","","","","","","U","","","","","","","","2","","05"
"2016065545","99","99","148 PERRY HWY","","PITTSBURGH","PA","15229","A & N LAWN","9999999999","013000","","","","","N","","","","","","N","","","","","","","","3","","05"
"2016021057","02","8","9 CRESCENT ST","","ETNA","PA","15223","AKS TRANSPORTATION","4127811184","","","","","","","","","","","","N","","","","","","","","1","00531808","11"
"2016112447","04","4","404 5TH AVE","","BRADDOCK","PA","15104","SILVER BACK TRUCKING","4125138266","056860","","","","","N","","","","","","N","","A-8915633","","","","","","2","02377241","04"
"2016105387","02","3","3555 MARION AVE","","FINLEYVILLE","PA","15332","BLACK & GOLD TOWING LLC","7248095713","","","","","","N","","","","","","N","","","","","","","","1","02377939","03"
"2016124251","99","99","UNKNOWN","UNKNOWN","UNKNOWN","ZZ","99999","UNKNOWN","9999999999","999999","","","","","N","","","","","","U","","9999999999","","","","","","1","99999999","99"
"2016094523","02","8","854 PETERS ROAD","","CRANBERRY TWP","PA","16066","STAR ACCESS","4123817230","","","","","","N","","","","","","N","","","","","","","","2","01819728","10"
"2016028256","02","8","2235 BEAVER AVENUE","","PITTSBURGH","PA","15233","PORT AUTHORITY OF ALLEGHENY COUN","4124222000","","","","","","N","","","","","","N","","","","","","","","2","","11"
"2016025310","05","6","1830 S ELMHURST ROAD","","ELK GROVE VILLAGE","IL","60007","AUTO TRANS GROUP","6307019888","080000","","","","","N","","","","","","N","","","","","","","","1","02097303","08"
"2016041547","04","4","4740 STREETS RUN ROAD","","PITTSBURGH","PA","15236","A. MERANTE CONTRACTING","4128844485","073280","","","","","N","","","","","","N","","A-00121286","","","","","","1","01349719","04"
"2016010460","03","1","6500 W INDUSTRIAL WAY","","GARY","IN","46406","SWIFT TRANSPORTATION","8019247335","080000","","","","","N","","","","","","N","","","","","","","","2","00054283","08"
"2016070375","02","8","345 6TH AVE 3RD FLOOR","","PITTSBURGH","PA","152222527","PORT AUTHORITY OF ALLEGHENY COUN","4124422000","","","","","","N","","","","","","N","","A-00976060","","","","","","2","","11"
"2016066797","04","8","345 SIXTH AVE","","PITTSBURGH","PA","15222","ALLEGHENY COUNTY PORT AUHTORITY","4124422000","","","","","","N","","","","","","N","","A-00976060","","","","","","2","","11"
"2016012079","02","0","2833 NEW BEAVER AVE","","PITTSBURGH","PA","15233","DUQUESNE LIGHT","4127793595","","","","","","N","","","","","","N","","","","","","","","2","00413803","00"
"2016105774","02","0","635 LUCKNOW ROAD","","HARRISBURG","PA","17110","PROTECTION SERVICES","7242839030","025500","","","","","N","","","","","","N","","","","","","","","2","00011905","98"
"2016135310","02","8","2235 BEAVER AVENUE","","PITTSBURGH","PA","15233","PORT AUTHORITY OF ALLEGHENY COUN","4124222000","026000","","","","","N","","","","","","N","","A-00976060","","","","","","2","","11"
"2016135310","02","8","2235 BEAVER AVENUE","","PITTSBURGH","PA","15233","PORT AUTHORITY OF ALLEGHENY COUN","4124222000","026000","","","","","N","","","","","","N","","A-00976060","","","","","","3","","11"
"2016022578","05","1","1001 CALIFORNIA AVE","","PITTSBURGH","PA","15290","UNITED STATES POST OFFICE","4123597848","080000","","","","","N","","","","","","N","","","","","","","","2","","08"
"2016024697","03","4","1306 MAIN ST","","CRESCENT","PA","15046","IRON CITY EXPRESS","4120000000","730000","","","","","N","","","","","","N","","","","","","","","3","00508426","04"
"2016103040","02","8","110 LENZNER COURT","","SEWICKLEY","PA","15143","LENZNER COACH LINES","4123219822","","","","","","N","","","","","","U","","A-00112590","","","","","","1","00583785","11"
"2016052483","05","1","400 GRAHAM ST","","MCKEES ROCKS","PA","15136","PEPSI BOTTLING GROUP","8003421628","070000","","","","","N","","","","","","N","","","","","","","","2","00692947","08"
"2016041215","06","4","5005 1/2 SECOND AVE","","PITTSBURGH","PA","15207","JADELL MINNIEFIELD CONSTRUCTIO","4124212185","080000","","","","","N","","","","","","N","","A-00000012","","","","","","2","01159419","09"
"2016120321","03","3","8555 OLD STUEBENVILLE PIKE","","IMPERIAL","PA","15126","GOLDEN TRIANGLE CONSTRUCTION","9999999999","","","","","","N","","","","","","N","","","","","","","","2","02104574","08"
"2016022281","05","1","510 S ENTERPRISE BLVD","","LEBANON","IN","46052","NATIONAL FREIGHT","4123167934","080000","","","","","N","","","","","","N","","","","","","","","1","01486168","09"
"2016035522","02","8","7650 ESTER BLVD.","","IRVING","TX","75063","WYNNE TRANSPORTATION","9729157350","039240","","","","","N","","","","","","N","","","","","","","","3","01785411","11"
"2016130303","03","4","2010 FERRY ST","","JOHNSTOWN","PA","15904","LA EXCAVATING","8142962364","066000","","","","","N","","","","","","N","","","","","","","","2","99999999","04"
"2016092603","04","7","296 CURRIE ROAD","","PORTERSVILLE","PA","16051-0296","MCCLYMONDS SUPPLY AND TRANSIT CO","7243688040","073280","","","","","N","","","","","","N","","","","","","","","1","02000974","04"
"2016077624","03","99","108 B NICKLE ROAD","","HARMONY","PA","16037","CENTERLINE BORING","7244523866","080000","","","","","N","","","","","","N","","","","","","","","2","00735125","98"
"2016120343","02","8","2990 DUSS AVE","","AMBRIDGE","PA","15003","JH RHODES TRANSIT INC.","7242664322","000000","","","","","N","","","","","","N","","","","","","","","1","","11"
"2016061195","02","3","1825 NORTH FRANKLIN STREET","","PITTSBURGH","PA","15233","UNITED REFRIGERATION","4123225010","016500","","","","","N","","","","","","N","","","","","","","","2","00257749","03"
"2016019513","05","1","3716 ELYRIA RD","","SHREVE","OH","44676","CRW INC","3302643785","080000","","","","","N","","","","","","N","","","","","","","","1","00318476","08"
"2016004201","04","99","5331 MCANULTY ROAD","","PITTSBURGH","PA","15326","MICHAEL BROTHERS TRANSPORTATION","4128356428","073280","","","","","N","","","","","","U","","","","","","","","1","02408389","04"
"2016061181","02","8","2235 BEAVER AVE","","PITTSBURGH","PA","15233","THE PORT AUTHORITY OF ALLEGHENY","4124422000","","","","","","N","","","","","","N","","A-00976060","","","","","","2","","11"
"2016127671","02","2","2700 MONROEVILLE BLVD","","MONROEVILLE","PA","15146","MONROEVILLE","4128561000","","","","","","N","","","","","","N","","","","","","","","2","","98"
"2016086351","04","8","345 SIXTH AVE","","PITTSBURGH","PA","15222","ALLEGHENY COUNTY PORT AUTHORITY","","","","","","","N","","","","","","N","","A-00976060","","","","","","1","","11"
"2016015569","02","3","5020 THOMS RUN ROAD","","OAKDALE","PA","15071","INDEPENDENT EQUIPMENT TRANSFER","4122570808","011400","","","","","N","","","","","","N","","","","","","","","1","00479580","03"
"2016100809","02","1","75 MCANDLESS AVENUE","","PITTSBURGH","PA","15201","PROLOGIX DISTRIBUTION SERVICES","7242561314","","","","","","N","","","","","","N","","","","","","","","2","","05"
"2016039054","04","4","200 WOODLANDS RD.","","EVANS CITY","PA","16033","DEMEX LLC","7247669943","080000","","","","","N","","","","","","N","","","","","","","","1","02444966","04"
"2016057752","99","8","200 KENDALL STREET","","CORAOPOLIS","PA","15108","STA OF PENNSYLVANIA","4122699970","","","","","","N","","","","","","N","","","","","","","","1","","11"
"2016057752","99","8","200 KENDALL STREET","","CORAOPOLIS","PA","15108","STA OF PENNSYLVANIA","4122699970","","","","","","N","","","","","","N","","","","","","","","2","","11"
"2016045424","03","3","34501 HASTINGS STREET","","CAMBRIDGE","MN","55008","BRL TRANSPORT LLC","7632429222","080000","","","","","N","","","","","","N","","","","","","","","1","02569306","08"
"2016043326","03","1","1528 FERNEY STREET","","DEARBORN","MI","481201739","ALI TRUCKING LLC","5175182962","052000","","","","","N","","","","","","N","","","","","","","","1","02185932","08"
"2016041815","01","2","515 MONTGOMERY LN","","NEW CASTLE","PA","16102","REED & BRITTNAY TRUCKING CO","7243335428","","","","","","N","","","","","","N","","","","","","","","2","","08"
"2016008535","02","8","9 CRESENT STREET","","PITTSBURGH","PA","15223","AKS INCORPORATED","4123498745","","","","","","N","","","","","","N","","A-04641342","","","","","","1","00531808","11"
"2016081856","02","4","1231 WILSON RD","","PITTSBURGH","PA","15236","ROBERT BARATI","4128484089","058400","","","","","N","","","","","","N","","A-00999999","","","","","","3","02159314","09"
"2016124843","99","8","UNKNOWN","","UNKNOWN","ZZ","99999","UNKNOWN","9999999999","","","","","","","","","","","","U","","","","","","","","1","","11"
"2016009353","02","1","120 RTE 908 EXD","","TARENTUM","PA","15084","P C BEACOM INC","7242245823","010000","","","","","N","","","","","","N","","","","","","","","1","00348347","03"
"2016011418","03","7","W NOBLESTOWN RD, P O BO","","CARNEGIE","PA","15106","BFI WASTES SERVICES OF PA LLC","4129061613","073280","","","","","N","","","","","","N","","","","","","","","1","00962087","04"
"2016024327","03","8","2235 BEAVER AVE.","","PITTSBURGH","PA","15233","PORT AUTHORITY OF ALLEGHENY COUN","4124422000","","","","","","N","","","","","","N","","A-00976060","","","","","","2","","11"
"2016065898","02","8","345 6TH AVE 3RD FLOOR","","PITTSBURGH","PA","152222527","PORT AUTHORITY OF ALLEGHENY CO","4124422000","","","","","","N","","","","","","N","","A-00976060","","","","","","2","","11"
"2016048478","02","8","1112 1ST STREET","","JEFFERSON HLS","PA","15025","CARRIER MANAGEMENT CORP DBA MATT","4123848810","","","","","","N","","","","","","N","","","","","","","","2","01245654","11"
"2016096508","99","99","3200 INDUSTRIES ROAD","","RICHMOND","VA","47374","CONWAY","7659627012","080000","","","","","","","","","","","N","","","","","","","","1","","99"
"2016076441","99","99","10091 OLD PERRY HWY","","WEXFORD","PA","15090","GREATER PGH PLUMBING","9999999999","015000","","","","","N","","","","","","N","","","","","","","","2","","05"
"2016057439","02","8","345 SIXTH AVE 3RD FLOOR","","PITTSBURGH","PA","152222527","PORT AUTHORITY OF ALLEGHENY CO","4124422000","","","","","","N","","","","","","N","","A-00976060","","","","","","1","","11"
"2016063266","03","4","445 STONEY HILL FARM LN.","","SALTSBURG","PA","15681","HARRY COLEMAN","7244227730","","","","","","N","","","","","","N","","A-00108395","","","","","","1","00120871","04"
"2016068051","02","1","361 RANDY ROAD","","CAROL STREAM","IL","60188","CONCORDIA","8479810801","","","","","","N","","","","","","N","","","","","","","","2","01854951","98"
"2016025156","02","1","2990 DUSS AVE","","AMBRIDGE","PA","15003","R J RHODES TRANSIT","7246307672","","","","","","N","","","","","","N","","","","","","","","2","00000000","02"
"2016035277","04","1","3495 SANGAMON AVENUE","","SPRINGFIELD","IL","62702","COCA COLA REFRESHMENTS","8004382653","054999","","","","","N","","","","","","N","","","","","","","","1","00291145","08"
"2016046406","02","3","5585 RIO VISTA DR","","CLEARWATER","FL","33760","PODS ENTERPRISES","8777707637","033000","","","","","N","","","","","","N","","","","","","","","2","01397252","03"
"2016057550","03","1","2445 E SOUTHLAKE BLVD S","","SOUTHLAKE","TX","76092","ANDREWS LOGISTICS","8175272770","080000","","","","","N","","","","","","N","","","","","","","","2","00736714","08"
"2016017974","03","7","526 CITY COUNTY BUILDING","","PITTSBURGH","PA","15219","CITY OF PITTSBURGH","4127379182","066000","","","","","N","","","","","","N","","","","","","","","1","99999999","00"
"2016081159","04","8","345 SIXTH AVE","","PITTSBURGH","PA","15222","ALLEGHENY COUNTY PORT AUTHORITY","4124422000","","","","","","N","","","","","","N","","A-00976060","","","","","","2","","11"
"2016004477","02","8","512 N BRADDOCK AVE","","PITTSBURGH","PA","15208","SD TRANSIT","4122421998","099999","","","","","N","","","","","","N","","","","","","","","1","02284192","11"
"2016042567","02","3","P O BOX 838","","INDIANOLA","PA","150510838","AMERICAN CONTRACTORS EQUIPMENT","4128286960","010000","","","","","N","","","","","","N","","","","","","","","1","00273549","03"
"2016099779","05","1","62539 M 66","","STURGIS","MI","49091","YODER AND SONS TRUCKING LLC","2696512111","080000","","","","","N","","","","","","N","","","","","","","","1","00342920","08"
"2016030187","04","4","2930 DUSS AVE","","AMBRIDGE","PA","15003","DIAMONDHEAD TRUCKING","7242665266","073280","","","","","N","","","","","","N","","","","","","","","1","02127975","04"
"2016138952","03","7","310 LEGER ROAD","","N. HUNTINGDON","PA","15642","WASTE MANAGEMENT OF PA","8004584090","073280","","","","","N","","","","","","N","","","","","","","","2","","04"
"2016076470","04","4","1 EIGHTH STREET","","BRADDOCK","PA","15104","GULF TRADING AND TRANSPORT","4122607197","073280","","","","","N","","","","","","N","","A-8914118","","","","","","1","02252098","04"
"2016076470","04","99","3653 SARDIS RD.","","MURRYSVILLE","PA","15668","JOHN VISNIC TRUCKING","7244933211","080000","","","","","N","","","","","","N","","","","","","","","2","01153292","08"
"2016084066","04","4","601 MARCO RD","","APOLLO","PA","15613","PAUL RIGGLE AND SONS","4125588941","073280","","","","","N","","","","","","N","","A-00110075","","","","","","1","00226415","04"
"2016075103","05","1","104 SPENCER CREEK RD","","FRANKLIN","TN","37069","SPECIALIZED TRANSPORT SYSTEMS","6159058987","080000","","","","","N","","","","","","N","","","","","","","","1","02516354","08"
"2016058404","99","1","1821 BEAVER AVENUE","","PITTSBURGH","PA","15233","UPS","9999999999","019500","","","","","N","","","","","","","","","","","","","","2","","05"
"2016119603","03","4","415 UNITY CENTER ROAD","","PITTSBURGH","PA","15239","TAR WARS TRUCKING INC","4127934385","073280","","","","","N","","","","","","N","","","","","","","","1","02118643","04"
"2016037694","02","8","200 HAHN ROAD","","PITTSUBURGH","PA","15209","FIRST STUDENT","4128210300","","","","","","N","","","","","","N","","A-00109523","","","","","","1","00354406","11"
"2016093834","04","4","8020 ROWAN ROAD","","CRANBERRY TWP","PA","16066","CRANBERRY SUPPLY COMPANY","7247761610","073280","","","","","N","","","","","","N","","","","","","","","1","00834695","04"
"2016021802","99","0","UNKNOWN","","UNKNOWN","ZZ","99999-9999","UNKNOWN","9999999999","","","","","","N","","","","","","N","","","","","","","","2","99999999","08"
"2016033018","99","99","6114 STEUBENVILLE PIKE","","PITTSBURGH","PA","15205","STEUBENVILLE PIKE AUTO REPAIR","9999999999","013300","","","","","N","","","","","","N","","","","","","","","2","","05"
"2016012021","02","6","1825 LIVERPOOL ST","","PITTSBURGH","PA","15233","PITTSBURGH TRANSPORTATION GROUP","4124444444","019500","","","","","N","","","","","","N","","","","","","","","1","01164759","00"
"2016065902","04","1","3086 E. 62ND PLACE","","HOBART","IN","46342","DEJAN CARRIER INC","8772255402","","","","","","N","","","","","","N","","","","","","","","1","02076282","08"
"2016071627","06","99","30395 PETE SMITH RD.","","HOLDEN","LA","70744","RICHARD LIVESAY","2259540600","080000","","","","","N","","","","","","N","","","","","","","","1","01427789","08"
"2016084917","04","99","1147 BROOKSHIRE RD","","NEW CASTLE","PA","16101","CASTLE ASPHALT & CONSTRUCTION","8666845255","066000","","","","","N","","","","","","N","","","","","","","","1","02064170","09"
"2016130863","05","1","199 OAK LEAF OVAL","","OAKWOOD VILLAGE","OH","44146","MAINES PAPER AND FOOD SERVICE","7249440986","080000","","","","","N","","","","","","N","","","","","","","","2","00897204","06"
"2016082693","05","99","1200 BUTLER RD","","FREEPORT","PA","16229","FREEPORT TRANSPORT","7248224860","073280","","","","","N","","","","","","N","","","","","","","","2","00085533","08"
"2016007755","02","4","45 THOMS RUN RD.","","BRIDGEVILLE","PA","15017","PENNDOT","4127813260","026500","","","","","N","","","","","","N","","","","","","","","2","03848077","09"
"2016002082","02","1","1201 PITT STREET","","WILKINSBURG","PA","15221","THE PEOPLES NATURAL GAS COMPANY","4122442505","100000","","","","","N","","","","","","N","","","","","","","","1","00216624","03"
"2016045916","99","99","4821 BUTTERMILK HOLLOW,","","WEST MIFFLIN","PA","15122","R & B CONTRACTING","9999999999","016500","","","","","N","","","","","","N","","","","","","","","3","","05"
"2016099784","02","99","1601 MARY'S AVE STE 2G10","","PITTSBURGH","PA","15215","PRO GRASS LLC","4124346003","010000","","","","","N","","","","","","N","","","","","","","","1","01516509","02"
"2016085243","05","1","10031 VIRGINIA AVE","","CHICAGO","IL","60414","HMD TRUCKING","8667149783","080000","","","","","N","","","","","","N","","","","","","","","1","00976560","08"
"2016005712","05","1","9624 W HIGGINS RD APT 3","","ROSEMONT","IL","60018","LAMA EXPRESS INC","8474816042","065000","","","","","N","","","","","","N","","","","","","","","1","02536560","08"
"2016069015","99","99","6781 STATE ROUTE 30","","JEANNETTE","PA","15644","WORLD CLASS POOL PROS LLC","9999999999","013000","","","","","N","","","","","","N","","","","","","","","1","","05"
"2016118394","02","8","2235 BEAVER AVENUE","","PITTSBURGH","PA","15233","PORT AUTHORITY OF ALLEGHENY COUN","4125665500","039600","","","","","N","","","","","","N","","A-00976060","","","","","","2","","11"
"2016082035","01","6","1413 HIGH STREET","","PITTSBURGH","PA","15212","J R'S  TOWING","9999999999","","","","","","","","","","","","N","","","","","","","","2","","09"
"2016075655","02","8","2235 BEAVER AVE","","PITTSBURGH","PA","15233","PORT AUTHORITY OF ALLEGHENY COUN","4124422000","066780","","","","","N","","","","","","N","","","","","","","","1","","11"
"2016006797","03","4","215 MCKEAN ST","","PITTSBURGH","PA","15219","COUNTY OF ALLEGHENY","4122870865","072000","","","","","N","","","","","","N","","","","","","","","2","","04"
"2016008959","03","4","1366 PAULSON AVE","","PITTSBURGH","PA","15206","THREE RIVERS LANDSCAPING INC","4122457058","076000","","","","","N","","","","","","N","","","","","","","","1","02605615","04"
"2016073277","03","0","296 CURRIE ROAD","","PORTERSVILLE","PA","160510296","MCCLYMOND'S SUPPLY AND TRANSIT","0000000000","","","","","","N","","","","","","N","","","","","","","","1","00026947","00"
"2016001827","02","1","51ST &AVRR","","PITTSBURGH","PA","15201","CLEANCARE","4123231675","026000","","","","","N","","","","","","N","","","","","","","","2","00394016","03"
"2016049746","05","1","1436 WARD TRUCKING DR","","ALTOONA","PA","16603","WARD TRUCKING LLC","8149440803","073280","","","","","N","","","","","","N","","","","","","","","2","00008485","08"
"2016026722","03","99","1209 4TH AVENUE","","CORAOPOLIS","PA","15108","R L BOLEA","4125891000","058400","3","","","","Y","1","","","","","N","","","","","","","","2","00495214","09"
"2016009532","03","4","228 WINSTON STREET","","PITTSBURGH","PA","15207","KBK TRUCKING","4122926863","073280","","","","","N","","","","","","N","","A-00123237","","","","","","2","01230751","04"
"2016052732","02","8","4 RIVER ROAD","","MCKEES ROCKS","PA","15136","MATTHEWS BUS COMPANY","4123315009","","","","","","N","","","","","","N","","","","","","","","1","01245654","11"
"2016063774","04","1","1230 W PORTERSVILLE RD","","PORTERSVILLE","PA","16051","DALE MCCLYMONDS INC","7243688911","073280","","","","","N","","","","","","N","","","","","","","","1","00073845","04"
"2016139239","06","1","99 UNKNOWN LANE","","PITTSBURGH","PA","99999","UNKNOWN","9999999999","009999","","","","","N","","","","","","U","","A-99999999","","","","","","2","99999999","06"
"2016010921","02","8","13413 SR 422","","KITTANNING","PA","16201","A J MYERS AND SONS INC","4127937000","029000","","","","","N","","","","","","N","","A-00106393","","","","","","2","00281003","11"
"2016035061","03","1","7461 COCA COLA DR","","HANOVER","MD","21076","RHEE BROTHERS INC","4103819000","054000","","","","","N","","","","","","N","","","","","","","","1","00244931","04"
"2016078209","05","3","8241 W OCONNOR DR APT 2","","RIVER GROVE","IL","60171","CHUMAK TRUCKING INC","6303407208","080000","","","","","N","","","","","","Y","","","","","","","","2","02498794","04"
"2016029707","03","99","6017 EAST CALLA RD.","","NEW MIDDLETON","OH","44442","VENEZIA TRANSPORT SERVICE","8006352083","080000","","","","","N","","","","","","U","","A-00105332","","","","","","1","01079966","04"
"2016065596","03","7","149 NICHOL AVE","","MCKEES ROCKS","PA","15136","PENN WASTE SYSTEMS","4122611842","015000","","","","","N","","","","","","N","","","","","","","","1","01469297","04"
"2016124059","02","8","345 6TH AVE 3RD FL.","","PITTSBURGH","PA","15222","PORT AUTHORITY","4124422000","","","","","","N","","","","","","N","","A-00976060","","","","","","1","","11"
"2016105262","02","6","1825 LIVERPOOL ST","","PITTSBURGH","PA","15233","YELLOW CAB CO OF PITTSBURGH","4124444444","","","","","","N","","","","","","N","","A-0049926","","","","","","1","","98"
"2016057510","99","99","17TH & ARSENAL BLVD","","HARRISBURG","PA","17120","PENNDOT","4124295000","038000","","","","","N","","","","","","N","","","","","","","","2","00999999","99"
"2016091998","02","1","6780 S. PONTE PWKY","","BRECKSVILLE","OH","44141","LARSON JUHL US LLC","4405263958","","","","","","N","","","","","","N","","","","","","","","1","00158102","03"
"2016076063","02","1","4242 WILLIAM PENN HIGHWAY","","ALLISON PARK","PA","15101","ABC TRANSIT, INC","4127824110","","","","","","N","","","","","","N","","","","","","","","1","02420569","02"
"2016007757","02","1","292 CORLISS ST","","PITTSBURGH","PA","15220","ALSIDE","4127711904","058000","","","","","N","","","","","","N","","","","","","","","2","00103966","09"
"2016024019","02","8","2235 BEAVER AVE","","PITTSBURGH","PA","15233","PORT AUTHORITY","5125665214","","","","","","N","","","","","","N","","A-00976060","","","","","","1","","11"
"2016116855","03","3","4810 W STATE RD 45","","BLOOMINGTON","IN","47403","K AND S HAULING INC","8128245000","073000","","","","","N","","","","","","N","","","","","","","","2","02030066","08"
"2016072247","05","1","1500 TRUMBULL AVE","","GIRARD","OH","44420","AIM INTEGRATED LOGISTICS","8003219038","","","","","","N","","","","","","N","","","","","","","","1","00877115","06"
"2016040306","03","1","1611 FULLENWIDER RD","","GAINESVILLE","GA","30507","CRANE TRANSPORT INC","7705320057","080000","","","","","N","","","","","","N","","","","","","","","1","00919149","08"
"2016046302","02","8","4300 WEAVE PARKWAY","","WARRENVILLE","IL","60555","DSS TRUST","8144346999","","","","","","N","","","","","","N","","","","","","","","1","","11"
"2016009798","03","1","3003 BREEZEWOOD LANE","","NEENAH","WI","54957","AUTOZONE","__________","080000","","","","","N","","","","","","N","","","","","","","","1","00288323","08"
"2016033712","99","99","264 MINGO ROAD","","WEXFORD","PA","15090","DENNIS BRUCE TREE SERV","9999999999","013200","","","","","N","","","","","","N","","","","","","","","1","","05"
"2016033712","99","99","264 MINGO ROAD","","WEXFORD","PA","15090","DENNIS BRUCE TREE SERV","9999999999","019500","","","","","N","","","","","","N","","","","","","","","2","","05"
"2016090046","04","8","345 SIXTH AVE","","PITTSBURGH","PA","15222","ALLEGHENY COUNTY PORT AUTHORITY","4124422000","","","","","","N","","","","","","N","","A-00976060","","","","","","2","","11"
"2016098582","02","1","431 BIGAM ST","","PGH","PA","15230","LAZER SHIP","4123815680","025999","","","","","N","","","","","","N","","","","","","","","2","01704957","09"
"2016125295","05","3","225 SANDY CREEK ROAD","","VERONA","PA","15147","PVO EXPRESS","4127937347","080000","","","","","N","","","","","","U","","A-00120019","","","","","","1","01148672","08"
"2016000082","02","1","316 WEST GRANT AVE","","DUQUESNE","PA","15110","LUNA AUTOBODY REPAIR INC","4124668866","","","","","","N","","","","","","N","","","","","","","","2","01694962","03"
"2016075256","04","3","322 GRANGE ROAD PORT WENTWORTH","","PORT WENTWORTH","GA","31407","C T TRANSPORATION LLC","9129648467","","","","","","N","","","","","","N","","A-99999999","","","","","","1","00097620","06"
"2016075256","04","99","2258 ROUTE 22","","BREWSTER","NY","10509","HIGHWAY REHABILITATION COMPANY","7168921655","","","","","","N","","","","","","","","A-99999999","","","","","","2","00744876","08"
"2016054136","02","8","534 SMITHFIELD STREET","","PITTSBURGH","PA","15222","PORT AUTHORITY ALLEGHENY COUNTY","4124422000","030000","","","","","N","","","","","","N","","A-00976060","","","","","","5","","11"
"2016051785","02","8","2235 BEAVER AVENUE","PITTSBURGH","PITTSBURGH","PA","15233","PORT AUTHORITY","4124422000","","","","","","N","","","","","","N","","A-00976060","","","","","","4","","11"
"2016022249","05","3","7336 WEST 15TH STREET","","GARY","IN","46406","RYDER TRUCK","4126161305","080000","","","","","N","","","","","","N","","A-14546556","","","","","","1","","08"
"2016054940","02","0","835 HERRON AVE","","PITTSBURGH","PA","15219","MASTRO ICE INC","4129061446","009200","","","","","N","","","","","","N","","","","","","","","2","01453438","00"
"2016131576","99","4","200 RANGOS LN","","WASHINGTON","PA","15301","WASTE MANAGEMENT","9999999999","999999","","","","","N","","","","","","N","","","","","","","","1","","04"
"2016038320","05","3","1000 MADDISON AVE","","WEST ELIZABETH","PA","15088","LEWINTER TRANSFER DBA RIVERLIFT","4123848420","080000","","","","","N","","","","","","N","","A-0095478","","","","","","2","00162073","06"
"2016105399","02","1","1448 BARR AVE","","PITTSBURGH","PA","15205","MAHRBURGERS DAIRY","4126289309","","","","","","N","","","","","","N","","","","","","","","1","","03"
"2016129586","02","4","73 W NOBLESTOWN ROAD PO","","CARNEGIE","PA","15106","BFI WASTE SERVICES OF PA","4124292600","073280","","","","","N","","","","","","N","","","","","","","","1","00962087","03"
"2016060616","99","99","104 FREEDOM DR S","","BRIDGEVILLE","PA","15017","BOURG INC","9999999999","013200","","","","","N","","","","","","N","","","","","","","","1","","05"
"2016090048","02","8","2235 BEAVER AVE","","PITTSBURGH","PA","15233","PORT AUTHORITY OF ALLEGHENY CO","4124422000","","","","","","N","","","","","","N","","A-00976060","","","","","","1","","11"
"2016110492","04","4","1463 PERRY HWY","","MERCER","PA","16137","TOP SHELF TRUCKING","7243720877","073280","","","","","N","","","","","","N","","A-8918644","","","","","","1","02560743","04"
"2016102467","03","99","1424 SCALE ST SW","","CANTON","OH","44706","BRECHBUHLER SALES INC","7242247180","","","","","","N","","","","","","N","","","","","","","","2","00340608","04"
"2016123592","02","8","2636 SUNSET DR","","WEST MIFFLIN","PA","15122","CELEBRITY LIMOSINE LLC","4123100815","","","","","","","","","","","","N","","A-6411208","","","","","","1","02312148","11"
"2016035240","02","8","4242 WILLIAM FLYNN HIGHWAY","","ALLISON PARK","PA","15101","ABC TRANSIT INC.","4127274150","","","","","","N","","","","","","N","","","","","","","","1","","11"
"2016000886","02","1","798 EKASTOWN ROAD","","SARVER","PA","16055","WL ROENIGK LEASING","7243531515","","","","","","N","","","","","","N","","","","","","","","1","00153855","02"
"2016087016","03","3","7528 LINDA DRIVE","","BEDFORD","PA","44146","DOLLY ONE INC.","7244176031","012000","","","","","N","","","","","","N","","","","","","","","2","02436816","04"
"2016093518","02","4","2986 HICKORY ST.","","ALLISON PARK","PA","15101","JOSEPH LIBERTO","4128558369","","","","","","N","","","","","","N","","A-9999999","","","","","","1","00999999","99"
"2016091509","03","2","6531 MCKRACKEN DR","","DOVER","OH","44622","CS TRUCKING LLC","3308781990","","","","","","N","","","","","","N","","A-8914339","","","","","","3","02276866","08"
"2016107996","04","1","3400 EAST MAIN","","DANVILLE","IL","61832","TRANSCO INC","3157666331","072000","","","","","N","","","","","","N","","","","","","","","2","01062707","03"
"2016062990","98","99","526 CITY COUNTY BLDG","","PITTSBURG","PA","15219","CITY OF PITTSBURG EQUIPMENT L","9999999999","058400","","","","","N","","","","","","U","","","","","","","","2","","99"
"2016132533","05","99","SOUTH WATER STREET","PO BOX 995","KITTANNING","PA","16201","PAUL BRADIGAN & SONS INC.","7245487654","","","","","","N","","","","","","N","","","","","","","","1","00266946","08"
"2016029540","02","8","2235 BEAVER AVE","","PITTSBURGH","PA","15222","PORT AUTHORITY OF ALLEGHENY COUN","4124422000","","","","","","N","","","","","","N","","A-00976060","","","","","","1","","11"
"2016135548","03","4","1263 CHARTIERS AVE. PGH. 15136","","PITTSBURGH","PA","15136","FRANK BRYAN INC.","4124212700","073280","","","","","N","","","","","","N","","A-8912458","","","","","","1","02124391","04"
"2016129656","05","1","15200 ST. RD 11 S","","COLUMBUS","IN","47201","CELADON TRUCKING SERVICE INC.","7177923632","080000","","","","","N","","","","","","N","","","","","","","","2","00261902","08"
"2016094558","04","3","2096 BOXCARTOWN RD","","JEANNETTE","PA","15644","BRENTZEL EXCAVATION LLC","7243924370","037500","","","","","N","","","","","","N","","","","","","","","1","02403160","06"
"2016104656","99","1","252 A DELTA STREET","","TORONTO","AB","M8W4E9","SELECT TRANS INC","4167540999","080000","","","","","N","","","","","","N","","","","","","","","2","00781866","08"
"2016044471","05","3","333 N BLAINE STREET","","GARY","IN","46406","MAVERICK TRANSPORTATION LLC","8773044377","080000","","","","","N","","","","","","N","","","","","","","","1","00178538","08"
"2016136706","02","1","7336 W. 15TH STREET","","GARY","IN","46406","RYDER TRUCK RENTAL, INC.","4124436829","026000","","","","","N","","","","","","N","","","","","","","","1","00016130","03"
"2016136066","03","3","5018 W M 28","","BRIMLEY","MI","49715","J & G EQUIPMENT","9066321602","080000","","","","","N","","","","","","N","","","","","","","","1","00071976","08"
"2016043626","03","7","234 LANDFILL ROAD","","SCOTTDALE","PA","15683","REPUBLIC SERVICES","7248879400","026000","","","","","N","","","","","","N","","","","","","","","1","00960505","04"
"2016010461","03","99","1515 GOSTLIN ST","","HAMMOND","IN","46327","FED EX GROUND","8006268381","080000","","","","","N","","","","","","N","","","","","","","","3","00265752","09"
"2016120772","03","2","7201 HAMILTON BOULEVARD","","ALLENTOWN","PA","18195","AIR PRODUCTS & CHEMICALS, INC.","8002224365","080000","","","","","N","","","","","","N","","","","","","","","1","00325319","08"
"2016092534","02","8","UNKNOWN","","PITTSBURGH","PA","15111","ABC TRANSIT","4126824110","010000","","","","","N","","","","","","N","","","","","","","","2","","11"
"2016067134","99","6","6081 STEUBENVILLE PIKE","","MCKEES ROCKS","PA","15136","DIELL TOWING LLC","9999999999","999999","","","","","","","","","","","U","","","","","","","","1","","05"
"2017000605","02","1","971 BRIARSDALE RD","","HARRISBURG","PA","17109","RYDER TRUCK RENTAL LTD","7175616022","018000","","","","","","","","","","","N","","","","","","","","2","99999999","03"
"2016047347","02","8","8541 PETERS ROAD","SUITE 2","CRANBERRY","PA","16066","AIR STAR TRANSPORTATION","4123817230","","","","","","N","","","","","","N","","","","","","","","2","","10"
"2016078065","02","2","40 CENTER AVENUE","","PITTSBURGH","PA","15229","MR FLUSH LLC","4125802829","018000","","","","","N","","","","","","N","","","","","","","","1","02505332","03"
"2016008977","02","7","1220 MCKEE STREET","","MCKEES ROCKS","PA","15136","MR JOHN","4122384056","000000","","","","","N","","","","","","N","","","","","","","","1","00364088","03"
"2016033564","04","8","345 SIXTH AVE","","PITTSBURGH","PA","15222","ALLEGHENY COUNTY PORT AUTHORITY","4124422000","","","","","","N","","","","","","N","","A-00976060","","","","","","1","","11"
"2016083124","06","3","1380 RTE 286 HWY E, STE","","INDIANA","PA","15701","FORCE INC.","7244659399","080000","","","","","N","","","","","","N","","","","","","","","2","01900875","08"
"2016105333","05","0","5001 US HWY 30 WEST","","FORT WAYNE","IN","46818","CRST LINCOLN SALES INC","9012995172","080000","","","","","N","","","","","","N","","","","","","","","1","00053773","08"
"2016124032","02","1","3340 LIBERTY AVE","","PITTSBURGH","PA","15201","TRANSPORTU LLC","4122818350","","","","","","N","","","","","","N","","A-80123251","","","","","","2","01594477","02"
"2016027192","04","7","1306 MAIN STREET","","CRESCENT","PA","15046","IRON CITY EXPRESS","7244572727","","","","","","N","","","","","","N","","","","","","","","1","00508426","09"
"2016012223","02","1","6012 ENTERPRISE DR","","EXPORT","PA","15632","VERSATECH INC","7243278324","026000","","","","","N","","","","","","N","","","","","","","","2","02292042","03"
"2016034334","02","1","663 NAPOR BLVD","","PITTSBURGH","PA","15242","CELLONE BAKERY INC","4129225335","010000","","","","","N","","","","","","N","","","","","","","","2","00239332","02"
"2016077256","07","3","4383 GIBSONIA RD","","GIBSONIA","PA","15044","ALLISON PARK CONTRACTORS INC","7244437700","080000","","","","","N","","","","","","Y","","","","","","","","1","01586241","08"
"2016038738","05","1","100 MARKET DRIVE","","MILTON","ON","L9T345","PETER HODGE TRANSPORT LTD","9056938088","080000","","","","","N","","","","","","N","","","","","","","","1","00295901","08"
"2016003485","03","8","BEAVER AVENUE","","PITTSBURGH","PA","15214","PORT AUTHORITY OF ALLEGHENY COUN","4124422000","","","","","","N","","","","","","N","","A-46598669","","","","","","3","","11"
"2016082775","05","1","715 WEST 172 ND ST","","SOUTH HOLLAND","IL","60473","EAGLE EXPRESS","7083338401","080000","","","","","N","","","","","","N","","","","","","","","1","00649914","08"
"2016082775","05","3","3930 16TH AVE SE","","CEDAR RAPIDS","IA","52406","CRST MALONE","2059511900","080000","","","","","N","","","","","","N","","","","","","","","2","00105790","08"
"2016081854","03","1","BURNS AVE","","ALTOONA","PA","16603","TRANS-PORTE INC","7245750235","052350","","","","","N","","","","","","N","","","","","","","","3","00074561","04"
"2016029259","03","7","73 WEST NOBLESTOWN RD","","CARNEGIE","PA","15106","BFI WASTE SERVICES OF PENNSYLVAN","4124292600","066000","","","","","N","","","","","","N","","","","","","","","1","00962087","04"
"2016077712","03","7","2097 DUSS AVE","","AMBRIDGE","PA","15003","WASTE MANAGEMENT OF PA","8008664460","073280","","","","","N","","","","","","N","","","","","","","","1","00344050","04"
"2016016315","03","2","216 MARSH LN","","LATROBE","PA","15650","FOX&JAMES INC DBA F & J LEASING","4122981850","080000","3","","","","Y","1","","","","","N","","A-00115902","","","","","","2","00811465","06"
"2016069192","05","1","1814 HOLLINS RD NE","","ROANOKE","VA","24012","FLEETMASTER EXPRESS INC.","3366354510","080000","","","","","N","","","","","","N","","","","","","","","1","00404732","08"
"2016026444","99","1","526 CITY COUNTY BLDG","","PITTSBURGH","PA","15219","CITY OF PITTSBURGH EQUIPMENT L","4129999999","","","","","","","","","","","","N","","","","","","","","1","","05"
"2016010751","07","3","PO BOX 221","","BRIDGEVILLE","PA","15017","INDEPENDENT EQUIPMENT TRANSFER","4122570808","080000","","","","","N","","","","","","N","","","","","","","","1","00479580","06"
"2016078677","02","8","2235 BEAVER AVENUE","","PITTSBURGH","PA","15233","PORT AUTHORITY TRANSIT","4124422000","","","","","","N","","","","","","N","","A-00976060","","","","","","2","","11"
"2016091787","02","1","1080 SAXONBURG RD","","SAXONBURG","PA","16056","DANE FINE MEAT PACKING","7243525250","025950","","","","","N","","","","","","N","","","","","","","","1","02033352","03"
"2016012237","02","8","13413 STATE RTE 422","","KITTANING","PA","16201","MYERS BROTHERS LLC","9999999999","999999","","","","","N","","","","","","N","","","","","","","","2","","11"
"2016096536","02","4","330 MUNSON AVENUE","","MCKEES ROCKS","PA","15136","PSH LANDSCAPING","4127712164","","","","","","N","","","","","","N","","","","","","","","1","02526193","00"
"2016035515","05","1","808 N AZUSA AVE","","WEST COVINA","CA","91791","GOLDEN EAGLE CARGO","2137005740","","","","","","N","","","","","","N","","","","","","","","1","00247674","06"
"2016034490","02","1","1375 N ARIZONA AVE","","CHANDLER","AZ","85225","U-HAUL CO OF ARIZONA INC","6022636811","","","","","","N","","","","","","N","","","","","","","","1","00428517","03"
"2016114098","02","3","7231 NOBLESTOWN RD","","OAKDALE","PA","15071","JT LANDSCAPING","7246932793","016500","","","","","N","","","","","","N","","","","","","","","1","02315802","03"
"2016058058","99","99","801 S 29TH STREET","","HARRISBURG","PA","17111","VERIZON","9999999999","016500","","","","","N","","","","","","N","","","","","","","","1","","05"
"2016093333","02","8","2235 BEAVER AVENUE","","PITTSBURGH","PA","15233","PORT AUTHORITY OF ALLEGHENY COUN","4124422000","073280","","","","","N","","","","","","N","","A-00976060","","","","","","2","","11"
"2016102448","05","1","3407 WALTER ROAD","","SYRACUSE","NY","13209","G & C FOODS","8003330949","080000","","","","","N","","","","","","N","","","","","","","","2","00328883","08"
"2016048443","99","7","200 RANGOS LN","","WASHINGTON","PA","15301","WASTE MANAGEMENT OF PA","9999999999","073280","","","","","N","","","","","","N","","","","","","","","1","","05"
"2016048443","99","1","500 13TH ST","","ALBANY","MN","56307","STEARNS","9999999999","999999","","","","","N","","","","","","N","","","","","","","","2","","05"
"2016033723","04","4","1306 MAIN STREET","","CRESCENT","PA","15046","IRON CITY EXPRESS","7244572727","073280","","","","","N","","","","","","N","","","","","","","","1","00050842","04"
"2016066020","05","3","1251 TANEY","","NORTH KANSAS CITY","MO","64116","CTW TRANSPORTATION SERVICES","8162213411","085500","","","","","N","","","","","","N","","","","","","","","2","01310403","08"
"2016107200","05","1","435 LUCAS AVE","BOX 67 GROUP 200 RRZ","WINNIPEG","MB","R3C2E6","PAYNE TRANSPORTATION","2049531400","010300","","","","","N","","","","","","U","","","","","","","","1","","08"
"2016087029","03","4","457 DAVIDSON RD","","PITTSBURGH","PA","15239","CALIBER LOGISTICS","9999999999","073280","","","","","N","","","","","","N","","","","","","","","1","02274928","04"
"2017022701","99","1","UNKNOWN","","UNKNOWN","ZZ","99999","UNKNOWN","9999999999","999999","","","","","N","","","","","","N","","","","","","","","2","","08"
"2016090065","05","99","1107 THOMPSON AVE","","MCKEES ROCKS","PA","15136","BOYD ROLL OFF SERVICES","4123316830","050000","","","","","N","","","","","","N","","","","","","","","1","00897021","06"
"2016112471","03","1","1601 BROWNSVILLE RD","","PITTSBURGH","PA","15201","COLTERYAHN DAIRY","4128811408","","","","","","N","","","","","","N","","","","","","","","1","00096290","05"
"2016103407","05","3","6017 EAST COLLA RD","","NEW MIDDLETOWN","OH","44442","VENEZIA TRANSPORT SERVICE","4128745728","","","","","","","","","","","","N","","","","","","","","2","00179188","08"
"2016068290","03","4","127 CALDWELL DRIVE","","BUTLER","PA","16002","RICHARD L MCDEAVITT","7243550051","073280","","","","","N","","","","","","N","","","","","","","","2","01805071","04"
"2016053934","02","8","345 6TH AVE","","PITTSBURGH","PA","15222","PORT AUTHORITY TRANSIT","4124422000","","","","","","N","","","","","","N","","","","","","","","2","","11"
"2016084467","02","4","903 EVERGREEN AVE","","PITTSBURGH","PA","15209","HOFFMAN TREE SERVICE","4125593994","013020","","","","","N","","","","","","N","","","","","","","","2","02461249","06"
"2016048909","05","1","124 STATE ROUTE 435","","ELMHURST TWP","PA","18444","D RICHARDSON TRUCKING INC","5708401719","080000","","","","","N","","","","","","N","","","","","","","","1","00253506","08"
"2016127018","01","99","CITY OF PITTSBURGH","1029 1/2 & AVRR","PITTSBURGH","PA","15201","CITY OF PITTSBURGH","4122552015","008164","","","","","N","","","","","","N","","","","","","","","2","10000999","98"
"2016082743","99","99","UNKNOWN","","UNKNOWN","ZZ","99999","UNKNOWN","9999999999","","","","","","N","","","","","","U","","","","","","","","2","00999999","08"
"2016082913","04","4","213 GLENFIELD DR","","PITTSBURGH","PA","15235","FOSTER TRUCKING LLC","4129328819","073280","","","","","N","","","","","","N","","","","","","","","1","02416995","04"
"2016009169","04","8","345 SIXTH AVE","","PITTSBURGH","PA","15222","ALLEGHENY COUNTY PORT AUTHORITY","4124422000","","","","","","N","","","","","","N","","A-00976060","","","","","","1","","11"
"2016073363","04","1","5300 TOD AV SW","","LORDSTOWN","OH","44481","ANDERSON-DUBOSE COMPANY","3307704347","025000","","","","","N","","","","","","N","","","","","","","","1","00461350","08"
"2016041546","02","8","13413 STATE RTE 422","","KITTANNING","PA","16201","PATCO T INC, AJ MEYERS","4126462320","","","","","","N","","","","","","N","","A-99999999","","","","","","1","","11"
"2016052112","99","3","5900 BAUM BLVD","","PITTSBURGH","PA","15206","AAA EAST CENTRAL","9999999999","019500","","","","","N","","","","","","N","","","","","","","","1","","09"
"2016063769","03","8","1112 1ST STREET","","JEFFERSON HILLS","PA","15025","MATTHEWS BUS COMPANY INC.","4123848810","","","","","","","","","","","","N","","","","","","","","1","01245654","10"
"2016034212","02","1","73B NOBLESTOWN ROAD","","CARNEGIE","PA","15106","FLYNN TIRE","7243073632","026000","","","","","N","","","","","","N","","","","","","","","1","00597681","03"
"2016057986","99","1","2833 NEW BEAVER AVE","","PITTSBURGH","PA","15233","DUQUESNE LIGHT CO","9999999999","025999","","","","","N","","","","","","N","","","","","","","","2","","05"
"2016013066","04","0","PO BOX 17880","","N LITTLE ROCK","AR","72117","OAKLEY TRUCKING","7245313254","","","","","","N","","","","","","N","","","","","","","","1","00003259","06"
"2016032128","03","4","1613 DUTCH ROAD","","LORETTO","PA","15940","HITE TRUCKING","8143448504","","","","","","N","","","","","","N","","","","","","","","1","02107340","04"
"2016070706","05","1","4303 PRARIE SMOKE CT.","","LEBANON","OH","45036","MSR TRANSPORTATION","5135399420","080000","","","","","N","","","","","","N","","","","","","","","1","00192897","09"
"2016055176","02","8","10 THOMAS STREET","","MCKEES ROCKS","PA","15136","W L ROENIGK LEASING","4123313974","034200","","","","","N","","","","","","N","","","","","","","","1","","11"
"2016134214","02","3","1401 GREENSBURG AVE","","N VERSAILLES","PA","15137","NORTH VERSAILLES TWP","4128236602","017500","","","","","N","","","","","","N","","","","","","","","1","","03"
"2016081252","05","99","15200 STRD 11 S","","COLUMBUS","IN","46226","CELADON","3179727000","080000","","","","","N","","","","","","N","","","","","","","","2","00261902","08"
"2016022792","03","3","400 KECK STREET","P.O. BOX 430","SEWARD","PA","15954","M & C TRUCKING CO. INC.","8144464441","080000","","","","","N","","","","","","N","","","","","","","","1","00163516","08"
"2016017980","02","1","3101 LIBERTY AVE","","PITTSBURGH","PA","15201","PLANTSCAPE INC.","4122816352","014500","","","","","N","","","","","","N","","","","","","","","1","","03"
"2016020310","02","1","9 CRESCENT ST","","ETNA","PA","15223","AKS INC","4127732880","","","","","","N","","","","","","N","","","","","","","","1","00000025","02"
"2016043034","02","4","1033 IMPERIAL DR","","PITTSBURGH","PA","15236","VAUGHAN CONSTRUCTION","4124806240","","","","","","N","","","","","","N","","9999","","","","","","2","","09"
"2016106983","03","1","2150 SHUETZ ROAD STE 210","","ST. LOUIS","MO","63146","HOGAN DIRECTED SERVICES INC.","6148016806","","","","","","N","","","","","","U","","","","","","","","2","01137660","08"
"2016089182","99","1","10020 NORTH WADAAMS GROVE RD","","LENA","IL","61054","ATNT TRANSPORTATION","8153695151","","","","","","N","","","","","","N","","","","","","","","1","","08"
"2016029563","02","8","2235 BEAVER AVE.","","PITTSBURGH","PA","15233","PORT AUTHORITY OF ALLEGHENY COUN","4124422000","","","","","","N","","","","","","N","","A-00976060","","","","","","2","","11"
"2016098591","02","0","801 MCNEILLY ROAD","","PITTSBURGH","PA","15226","MICHAEL FACCIANO CONTRACTING","4123445503","006570","","","","","N","","","","","","N","","A-99999999","","","","","","1","","00"
"2016071007","05","3","225 SANDY CREEK ROAD","","VERONA","PA","15147","PVO EXPRESS","4127937347","079000","","","","","N","","","","","","N","","","","","","","","1","01148672","08"
"2016139265","03","7","4859 STATE ROUTE 51","","NORTH BELLE VERNON","PA","15012","BIGS SANITATION","7243794331","","","","","","N","","","","","","U","","","","","","","","2","02099338","04"
"2016029438","02","8","19 EAST UNION RD","","CHESWICK","PA","15024","DEER LAKES SCHOOL DISTRICT","7242655300","033000","","","","","N","","","","","","N","","","","","","","","2","01126147","11"
"2016073936","02","4","545 FOREST AVENUE","","CARNEGIE","PA","15205","LIBERTY FUEL","4126703753","033000","","","","","N","","","","","","N","","","","","","","","2","25120138","03"
"2016071612","05","2","5163 WOLFPEN PLEASANT H","","MILFORD","OH","45150","LYKINS COMPANIES INC","3047392530","009800","","","","","N","","","","","","N","","","","","","","","2","00231745","08"
"2016075181","03","8","2235 BEAVER AVENUE","","PITTSBURGH","PA","15233","PORT AUTHORITY ALLEGHENY COUNTY","4124422000","009999","","","","","N","","","","","","N","","A-00976060","","","","","","1","","11"
"2016006160","03","8","200 KENDALL ST","","CORAOPOLIS","PA","15108","STUDENT TRASNPORTATION OF AMERI","4122699970","","","","","","N","","","","","","N","","","","","","","","2","","11"
"2016081925","05","2","910 WESTERN AVE","","WASHINGTON","PA","15301","VALLEY BULK SVC","7247457702","080000","","","","","N","","","","","","N","","","","","","","","1","01105092","08"
"2016081925","05","99","1876 KROUSE RD","","OWOSSO","MI","48867","WILLIAM BRUCKMAN TRUCKING","9897232399","080000","","","","","N","","","","","","N","","","","","","","","3","00659039","08"
"2016096923","04","1","47 RUE MULBERRY","","DOLLARD-DES-ORMEAUX","QC","H9A116","J. POWER TRUCKING","5146059000","080000","","","","","N","","","","","","N","","","","","","","","1","01983760","08"
"2016124763","03","8","2235 BEAVER AVENUE","","PITTSBURGH","PA","15233","PORT AUTHORITY OF ALLEGHENY","4125665500","","","","","","N","","","","","","N","","A-00976060","","","","","","2","","11"
"2016020711","03","1","289 BALDWIN ROAD","","PITTSBURGH","PA","15207","MINCIN INSULATION","8007347966","","","","","","N","","","","","","N","","","","","","","","1","92837837","00"
"2016084787","05","3","30335 SW 161ST AVENUE","","HOMESTEAD","FL","33033","VP CROSS COUNTRY CORP","7862367225","080000","","","","","N","","","","","","N","","","","","","","","1","02095812","08"
"2016040790","02","8","2235 BEAVER AVE","","PITTSBURGH","PA","15223","PORT AUTHORITY OF ALLEGHENY COUN","4124422000","","","","","","N","","","","","","N","","A-00976060","","","","","","2","","11"
"2016013596","03","7","200 RANGOS LANE","","WASHINGTON","PA","15301","WAST MANAGEMENT OF PA","7242251589","073280","","","","","N","","","","","","N","","","","","","","","1","00344050","04"
"2016060435","03","1","PO BOX 29269","","RICHMOND","VA","23242","PERFORMANCE TRANSPORTATION LLC","6068750622","000000","","","","","N","","","","","","N","","","","","","","","1","00270150","08"
"2016045188","99","99","139 OHIO ST.","","WASHINGTON","PA","15301","PETE INSANA AUTO/TRUCK REPAIR","7242226930","","","","","","N","","","","","","N","","","","","","","","2","00037581","04"
"2016096961","03","7","310 LEGER ROAD","","NORTH HUNTINGDON","PA","15642","WASTE MANAGEMENT OF PENNSYLVANIA","8004513060","073280","","","","","N","","","","","","N","","","","","","","","2","00344050","04"
"2016073197","05","1","1 WHITNEY DRIVE","PO BOX 1000","HARMONY","PA","16037-0000","SYSCO PITTSBURGH LLC","7244522100","000000","","","","","N","","","","","","N","","","","","","","","2","00287351","06"
"2016121464","02","1","506 FORT COUCH ROAD","","PITTSBURGH","PA","15241","AIR LOGISTIC INC.","4127714949","009000","","","","","N","","","","","","N","","","","","","","","1","00265752","02"
"2016001822","03","8","2235 BEAVER AVE.","","PITTSBURGH","PA","15233","PORT AUTHORITY- ALLEGHENY CO.","4125665214","026000","","","","","N","","","","","","N","","A-00976060","","","","","","2","","11"
"2016094498","04","3","390 FOOTDALE LAMBERT RD.","PO BOX 715","NEW SALEM","PA","15468","HLATKY ENTERPRISES LLC","7242452974","048000","","","","","N","","","","","","N","","","","","","","","2","02556459","03"
"2016042605","05","1","6321 N AVONDALE AVE","UNIT 102","CHICAGO","IL","60631","PLATINUM LOGISTICS TEAM INC","7739930811","080000","","","","","N","","","","","","N","","","","","","","","1","02450180","08"
"2016091491","05","1","7135 CENTENIAL PLACE","","NASHVILLE","TN","37209","WESTERN EXPRESS INC","8003167160","080000","","","","","N","","","","","","N","","","","","","","","1","00511412","08"
"2016134484","02","8","830 ROUTE 910","","CHESWICK","PA","15024","ABC TRANSIT","4128289000","014500","","","","","N","","","","","","N","","","","","","","","1","02420569","10"
"2016134484","07","0","83  MAPLE AVE. WALLINGTON NJ","","WALLINGTON","NJ","070571137","VUVUZELA LLC","2018352522","080000","","","","","N","","","","","","N","","","","","","","","2","02577344","08"
"2016098818","04","99","UNKNOWN","","UNKNOWN","ZZ","UNKNO","UNKNOWN","0000000000","","","","","","N","","","","","","U","","UNKNOWN","","","","","","1","0UNKNOWN","99"
"2016076121","06","8","345 SIXTH AVE","","PITTSBURGH","PA","15222","PORT AUTHORITY","4124422000","","","","","","N","","","","","","N","","A-00976060","","","","","","2","","11"
"2016093389","03","3","457 DAVIDSON ROAD","","PITTSBURGH","PA","15239","CALIBER LOGISTICS LL","4127983098","080000","","","","","N","","","","","","N","","","","","","","","1","02274928","08"
"2016088769","02","1","668 PIONEER AVENUE","","LATHROP","CA","95330","AKB TRANSPORT INC","2096407851","","","","","","N","","","","","","N","","","","","","","","1","02302724","08"
"2016009875","02","1","5300 RICHMOND ROAD","","BEDFORD HEIGHTS","OH","44146","TALON LOGISTICS","2165912801","999999","","","","","N","","","","","","N","","","","","","","","1","00030237","99"
"2016003327","02","1","PO BOX 21502","","PHOENIX","AZ","85036","U-HAUL CO OF ARIZONA INC","6022636811","019500","","","","","","","","","","","N","","","","","","","","1","99999999","03"
"2016004951","01","1","5020 THOMS RUN RD","","OAKDALE","PA","15107","TRANSPORT U LLC","4122926654","","","","","","N","","","","","","U","","","","","","","","1","01594477","02"
"2016118470","05","1","910 N SECOND STREET","","BELLEVILLE","IL","62220","TRANS AM TRUCKING","9416614923","030000","","","","","N","","","","","","N","","","","","","","","1","00009999","08"
"2016025117","02","3","2484 ELDERSRIDGE RD.","","SALTSBURG","PA","15681","AMERICAN ORNIMENTALIRON CORP","4126398684","064740","","","","","N","","","","","","N","","","","","","","","2","01220325","09"
"2016028214","02","8","2235 BEAVER AVE.","","PITTSBURGH","PA","15233","PORT AUTHORITY-ALLEGHENY CO.","4125665214","026000","","","","","N","","","","","","N","","A-00976060","","","","","","2","","11"
"2016015091","05","1","7101 W 17TH AVE","","GARY","IN","46406","SCHNEIDER NATIONAL LEASING","8005581184","","","","","","N","","","","","","N","","","","","","","","2","00264184","08"
"2016003859","02","8","798 EAKSTOWN RD","","SARVER","PA","16055","W.L. ROENIGK LEASING LLC","4123397222","","","","","","N","","","","","","N","","","","","","","","2","","11"
"2016008890","05","1","4080 JENKINS RD.","","CHATTANOOGA","TN","37421","US EXPRESS INC.","8003363477","080000","","","","","N","","","","","","N","","","","","","","","1","00303024","08"
"2016102266","03","8","2636 SUNSET DRIVE","","WEST MIFFLIN","PA","15122","THREE RIVERS PARTY BUS LLC","4124664646","","","","","","N","","","","","","N","","","","","","","","2","01646606","11"
"2016015670","04","1","PO BOX 130","","MORELAND","ID","83256","RIGO&SON TRUCKING","2086900730","080000","","","","","N","","","","","","N","","","","","","","","1","02564983","06"
"2016105389","01","0","3101 MCCULLY RD","","ALLISON PARK","PA","15101","TOWNSHIP OF HAMPTON","4124860400","010400","","","","","N","","","","","","N","","","","","","","","2","","98"
"2016102621","04","3","2740 NORTH MAYFAIR","","SPRINGFIELD","MO","65803","PRIME INC.","4128660001","","","","","","N","","","","","","N","","","","","","","","1","00003706","06"
"2016022918","05","3","4000 CLINE AVENUE","","EAST CHICAGO","IN","46312","PENSKE","8889965415","080000","","","","","N","","","","","","N","","","","","","","","2","00149350","08"
"2016096475","03","4","1251 RUSSELLTON RD.","","CHESWICK","PA","15024","TESONE TRANSPORT INC","7242742250","073280","","","","","N","","","","","","N","","","","","","","","3","00507931","04"
"2016117856","03","4","355 ROUTE 30 LOT 33","","CLINTON","PA","15026","WEYERS TRUCKING LLC","9416264286","073280","","","","","N","","","","","","N","","","","","","","","1","01794416","04"
"2016038849","02","1","1821 BEAVER AVENUE","","PITTSBURGH","PA","15233","UPS","4124274482","016000","","","","","N","","","","","","N","","","","","","","","2","00021800","03"
"2016022424","02","1","85 36TH. ST.","","PITTSBURGH","PA","15201","WILSON MCGINLEY","4126244420","","","","","","N","","","","","","N","","","","","","","","2","00000000","03"
"2016123696","04","2","1077 ROUTE 119 HIGHWAY,","","INDIANA","PA","15701","FORCE INC.","7244657337","073280","","","","","N","","","","","","N","","","","","","","","1","01900875","04"
"2016081008","02","8","345 6TH AVENUE","","PITTSBURGH","PA","15222","PORT AUTHORITY OF ALLEGHENY COUN","4125665500","073280","","","","","N","","","","","","N","","A-00976060","","","","","","2","","11"
"2016040277","02","4","209 CURTIS ST","","PITTSBURGH","PA","15235","JOHN ZOTTOLA LANDSCAPING INC.","4122429890","019500","","","","","N","","","","","","N","","","","","","","","2","99999999","05"
"2016017227","02","4","526 CITY COUNTY BUILDING","","PITTSBURGH","PA","15219","CITY OF PGH EQUIP LEASING AUTH","0000000000","000000","","","","","N","","","","","","N","","","","","","","","1","00000000","03"
"2016086250","02","8","2500 CLYDE AVE","","N VERSAILLES","PA","15137","S&S TRANSIT INC","4128246936","012500","","","","","N","","","","","","N","","","","","","","","2","02430663","10"
"2016022853","02","6","2432 SAWBURY BLVD","","COLUMBUS","OH","43235","GRACE SEXTON","3302198580","","","","","","N","","","","","","N","","","","","","","","2","00805343","06"
"2016024560","03","7","121 BRICKYARD ROAD","","MARS","PA","16046","VOGEL DISPOSAL SERVICE INC","7244216706","","","","","","N","","","","","","N","","","","","","","","2","00290052","04"
"2016110792","03","1","1136 WESTERN DRIVE","","PITTSBURGH","PA","15233","UNITED STATES POSTAL SERVICE","4128350408","016039","","","","","N","","","","","","N","","","","","","","","1","","04"
"2016108641","02","8","345 6TH AVENUE 3RD FLOOR","","PITTSBURGH","PA","15222","PORT AUHORITY OF ALLEGHENY COUNT","4124422000","","","","","","N","","","","","","N","","A-00976060","","","","","","2","","11"
"2016066261","05","99","6848 MOUNT HERMAN ROAD","","MORRISVILLE","NC","27560","ESTES EXPRESS LINES","8663783748","080000","","","","","N","","","","","","N","","","","","","","","2","00121018","06"
"2016075177","02","8","2235 BEAVER AVENUE","","PITTSBURGH","PA","15233","PORT AUTHORITY OF ALLEGHENY COUN","4124422000","","","","","","N","","","","","","N","","A-00976060","","","","","","1","","11"
"2016038487","03","4","7447 RACE STREET","","PITTSBURGH","PA","15208","AB TRUCKING","4128186345","085000","","","","","N","","","","","","N","","","","","","","","1","25641111","04"
"2016086032","99","1","2920 BEAVER AVE","","PITTSBURGH","PA","15233","VERITIV","4127327500","065000","","","","","N","","","","","","N","","","","","","","","1","00310582","09"
"2016088228","02","4","930 ARCH ST","","CASTLE SHANNON","PA","15234","FRANK SANPIETRO","4129734784","","","","","","N","","","","","","N","","","","","","","","1","02893432","02"
"2016012660","03","99","9642 WESTERN WAY 217","","AMHERST","WI","54406","HO WOLDINGS","7158245513","","","","","","N","","","","","","U","","","","","","","","1","00046811","05"
"2016015965","02","99","2245 INDUSTRIAL DRIVE","","CONNELSVILLE","PA","154256181","P.S.I. PACKAGING SERVICES, INC.","7246260100","033000","","","","","N","","","","","","N","","","","","","","","1","00339409","08"
"2016091456","03","99","635 LUCKNOW RD","","HARRISBURG","PA","17110","PROTECTION SERVICES INC","7172369307","025500","","","","","N","","","","","","N","","","","","","","","2","00011905","09"
"2016070302","02","8","200 KENDALL STREET","","CORAOPOLIS","PA","15108","STA OF PENNSYLVANIA INC","4122699970","","","","","","N","","","","","","N","","","","","","","","1","","10"
"2016070302","99","4","CURRIE ROAD PO BOX 296","","PORTERSVILLE","PA","16051","M M LEASING INC","9999999999","","","","","","N","","","","","","N","","","","","","","","2","","99"
"2016091009","05","1","39 SABISTON DR","","MARKHAM","ON","L3R2B6","RAATH LINES","9054797616","080000","","","","","N","","","","","","N","","","","","","","","1","01112540","08"
"2016120329","02","1","110 LENZNER COURT","","SEWICKLEY","PA","15143","LENZNER TRANSPORTATION","4127617000","","","","","","N","","","","","","N","","","","","","","","2","00583785","03"
"2016071606","02","3","221 CURRY HOLLOW ROAD","","PITTSBURGH","PA","15236","HADDADS INC","4126558822","027000","","","","","N","","","","","","N","","","","","","","","1","00369163","08"
"2016028906","02","8","110 LENZNER COURT","","SEWICKLEY","PA","15143","LENZNER COACH COMPANIES","4123219822","","","","","","N","","","","","","N","","","","","","","","1","00583785","11"
"2016090829","03","4","4706 WILLIAM FLYNN HWY","","ALLISON PARK","PA","15101","RT. 8  HOLDINGS INC","7246648530","073560","","","","","N","","","","","","N","","","","","","","","1","","04"
"2016044095","03","4","1251 RUSSELLTON RD","","CHESWICK","PA","15024","TESONE","7242742250","","","","","","N","","","","","","N","","","","","","","","1","00507931","04"
"2016084795","02","8","2235 BEAVER AVE","","PITTSBURGH","PA","15233","PORT AUTHORITY OF ALLEGHENY CO","4124422000","","","","","","N","","","","","","N","","A-00976060","","","","","","2","","11"
"2016105999","02","99","2200 S.75 AVE","","PHOENIX","AZ","85043","SWIFT TRANSPORTATION","8008002200","016000","","","","","N","","","","","","N","","A-3319411","","","","","","2","86026503","03"
"2016003481","02","8","497 S YALE ST","","YORK","PA","17403","DURHAM SCHOOL SERVICE","7178430520","","","","","","N","","","","","","U","","A-11587000","","","","","","2","","11"
"2016086765","03","4","881 GLEN ROAD","","NEW CASTLE","PA","16101","FULENA PAVERS","","073280","","","","","N","","","","","","N","","A-99999999","","","","","","2","00527474","04"
"2016073221","05","99","135 RIVERVIEW DR","","RICHLAND","MS","39218","FFE TRANSPORTATION SERVICES INC","8005699232","080000","","","","","N","","","","","","U","","","","","","","","2","00109745","08"
"2016072520","04","1","965 E MIDLOTHIAN BLVD","","YOUNGSTOWN","OH","44501","SBC TRANSPORTATION INC","3307832860","","","","","","N","","","","","","U","","A-00113722","","","","","","1","00030226","08"
"2016095053","05","99","SPECTRUM OFFICE BUILDIN","","INDEPENDENCE","OH","44131","AIRGAS MERCHANT GASES LLC","2166426600","080000","","","","","N","","","","","","N","","","","","","","","2","01615827","08"
"2016105332","99","99","2 DORRINGTON RD","","CARNEGIE","PA","15106","WEAVERTOWN TRANSPORT LEASING I","9999999999","999999","","","","","N","","","","","","U","","","","","","","","1","","99"
"2017000826","05","3","730 EAST CHICAGO STREET","","COLD WATER","MI","49036","WILCOX TRUCKING INCE","2699675674","","","","","","N","","","","","","N","","","","","","","","1","00212255","06"
"2016027481","02","99","200 LOTHROP ST","","PITTSBURGH","PA","15213","UPMC","9999999999","014500","","","","","N","","","","","","N","","","","","","","","2","99999999","03"
"2016034213","02","1","705 THOMAS PARK DR","","CRANBERRY TWP","PA","16066","ECLIPSE WHOLESALE INC","7245918238","","","","","","N","","","","","","N","","A-0099999","","","","","","1","","03"
"2016078753","99","1","1407 BULLDOG DRIVE","","ALLENTOWN","PA","18104","MACK TRUCK LEASING INC","9999999999","019500","","","","","N","","","","","","N","","","","","","","","2","","05"
"2016103691","02","8","2235 BEAVER AVE","","PITTSBURGH","PA","15233","PORT AUTHORITY OF ALLEGHENY CO","4124422000","","","","","","N","","","","","","N","","A-00976060","","","","","","1","","11"
"2016015796","02","3","11125 FRANKSTOWN RD","","PITTSBURGH","PA","15235","SANKER INC DBA PENN HILLS RENTAL","4122426777","011000","","","","","N","","","","","","N","","","","","","","","2","02196388","03"
"2016134866","03","2","1967 SAXONBURG BLVD","","CURTISVILLE","PA","15084","GLASSMERE","7242654646","080000","3","","","","Y","1","","","","","N","","A-00114860","","","","","","2","00276273","09"
"2016096999","02","1","909 LAKE CAROLYN PARKWAY #450","","IRVING","TX","75039","ANIMAL SUPPLY COMPANY LLC","3306821200","033000","","","","","N","","","","","","N","","","","","","","","1","00086787","03"
"2016088514","99","1","169WOLFE RUN  RD","","FREEDOM","PA","15042","JOHN CUMMINS:JR","9999999999","016500","","","","","N","","","","","","N","","","","","","","","2","","05"
"2016056269","05","1","10862 STEELE AVE","","ONTARIO","ON","L9T2X8","TRANS EXPERT","9058646443","080000","","","","","N","","","","","","N","","","","","","","","1","01982501","08"
"2016036121","02","8","2235 BEAVER AVE","","PITTSBURGH","PA","15233","PORT AUTHORITY OF ALLEGHENY CO","4124422000","","","","","","N","","","","","","N","","A-00976060","","","","","","2","","11"
"2016029335","99","99","2313 STATE ROUTE 18","","WAMPUM","PA","16157","DOREN INC","7245354397","073280","","","","","N","","","","","","N","","","","","","","","2","01456045","09"
"2016104716","02","8","1615 MT NEBO RD","","SEWICKLEY","PA","15143","FIRST STUDENT","4125125783","033000","","","","","N","","","","","","N","","","","","","","","1","","11"
"2016021803","02","1","201 PARKWAY VIEW DR","","PITTASBURGH","PA","15205","LVI ENVIRONMENTAL SERVICES","4127882985","026000","","","","","N","","","","","","N","","","","","","","","1","01578087","03"
"2016088905","05","99","14849 POPLAR RD","","ORLAND PARK","IL","60462","BOND TRANSIT INC","7082608566","080000","","","","","N","","","","","","N","","","","","","","","1","02312547","08"
"2017018763","99","1","4650 EAST PONCE DE LEON","","CLARKSTON","GA","30021","KELA FASSO","4703012880","027054","","","","","N","","","","","","N","","","","","","","","1","02892085","08"
"2017018763","99","2","1192 VETERANS MEMORIAL","","MASONTOWN","WV","26542","ARI FLEET LT","3046988298","","","","","","N","","","","","","N","","","","","","","","5","01331300","04"
"2016125786","02","3","743 ANDERSON ST","","PARNASSUS","PA","15068","T.D.F. SERVICES INC","9999999999","000000","","","","","N","","","","","","N","","","","","","","","2","","08"
"2016090626","02","4","5020 THOMPSON RUN RD.","","OAKDALE","PA","15071","INDEPENDANT EQUIPMENT TRANSFER","4124006095","016000","","","","","N","","","","","","N","","","","","","","","2","00479580","09"
"2016003565","05","1","1635 COMMERCE DR","","BOURBONNAIS","IL","60914","KEYSTONE FREIGHT CORPORATION","3178389900","080000","","","","","N","","","","","","N","","","","","","","","1","00327574","08"
"2016021475","99","8","200 KINNEY ST","","CARNEGIE","PA","15106","STATE OF PENNSYLVANIA INC","9999999999","","","","","","N","","","","","","N","","","","","","","","2","","11"
"2016100814","02","6","215 MAGNOLIA ST","","HOMESTEAD","PA","15120","BELLZ TRUCKING COMPANY","4124780444","37,900","","","","","","","","","","","N","","","","","","","","2","02446951","03"
"2017018059","99","8","UNKNOWN","","UNKNOWN","ZZ","99999","UNKNOWN","9999999999","999999","","","","","N","","","","","","N","","","","","","","","2","","10"
"2016065281","05","99","854 BEDFORD ST","","CLAYSBURG","PA","16625","MCCABE TRUCKING INC","8142395050","025000","3","","","","Y","1","","","","","N","","","","","","","","1","00246321","08"
"2016051306","02","1","1717 E 12TH STREET","","ERIE","PA","16511","CURTZE TRANSPORTATION INC","8145288703","033000","","","","","N","","","","","","N","","","","","","","","1","01480997","03"
"2016013577","99","8","2235 BEAVER AVE","","PITTSBURGH","PA","15233","PORT AUTHORITY OF ALLEGHENY COUN","9999999999","","","","","","N","","","","","","N","","","","","","","","2","","11"
"2016039549","02","8","2235 BEAVER AVE","","PITTSBURGH","PA","15233","PORT AUTHORITY OF ALLEGHENY COUN","4124422000","","","","","","N","","","","","","N","","A-00976060","","","","","","2","","11"
"2016024777","02","1","103 SANDY CREEK RD","","VERONA","PA","15147","MM BATTERY INC","4127983515","025950","","","","","N","","","","","","N","","","","","","","","1","02141979","03"
"2016056634","02","4","207 FREEDOM DRIVE","","LAWRENCE","PA","15055","DAVEY TREE EXPERT COMPANY","8002944820","033000","","","","","N","","","","","","N","","","","","","","","1","00093861","03"
"2016117011","03","4","4514 WERTZ WAY","","PITTSBURGH","PA","15224","BD SCHREC CORP","4129516204","008000","","","","","","","","","","","U","","","","","","","","1","02174363","04"
"2016077740","03","1","11 GRANT AVE","","PITTSBURGH","PA","15223","H & S COATING INC","4127822984","022500","","","","","N","","","","","","N","","","","","","","","1","01584307","04"
"2016077740","03","1","1620 HOMESTEAD RD","","VERONA","PA","15147","ROSS MAINTENANCE PRODUCTS CO.","4127955200","022500","","","","","N","","","","","","N","","","","","","","","3","02252818","04"
"2016089782","03","1","6471 COUNTY 625 RD","","MILLERSBURG","OH","44654","MAST TRUCKING INC","3306748913","999999","","","","","N","","","","","","N","","A-00002674","","","","","","1","00178907","06"
"2016024056","99","99","700  HARGROVE ST","","PITTSBURGH","PA","15226","MCGANN & CHESTER LLC","9999999999","019995","","","","","N","","","","","","N","","","","","","","","2","","09"
"2016107215","02","4","659 TWIN OAK DR","","PITTSBURGH","PA","15235","SHOOP INC","4127957783","","","","","","N","","","","","","N","","","","","","","","2","02073015","00"
"2016138349","02","99","10821 WESTERN AVE.","","CLEVELAND","OH","44111","BORDEN TRANSPORT CO. OF OHIO LLC","2166712300","020000","","","","","N","","","","","","N","","","","","","","","2","00468710","08"
"2016094504","05","3","337 FLAT ROCKS ROAD","","BRUCETON MILLS","WV","26525","FLAT ROCK TRANSPORTATION, LLC","3043791146","080000","","","","","N","","","","","","N","","","","","","","","1","00838773","08"
"2016029686","99","4","445 STONEY FARM HILL","","SALTSBURG","PA","15681","PAULINE COLEMAN","7249999999","073280","","","","","N","","","","","","N","","","","","","","","1","99999999","09"
"2016023379","05","3","4944 BELMONT AVE","","YOUNGSTOWN","PA","44505","FALCON TRANSPORT","8473305000","080000","","","","","N","","","","","","N","","A-0260165","","","","","","2","00014864","08"
"2016071006","99","8","109 HIDDEN OAK DR","","MARS","PA","16046","GYMAGIC BUS INC","9999999999","017600","","","","","","","","","","","U","","","","","","","","1","","10"
"2016068954","04","4","2255 ROUTE 217 S","","BLAIRSVILLE","PA","15717","TAYLOR LEASING INC.","7244598901","","","","","","N","","","","","","N","","","","","","","","1","00120871","04"
"2016089358","04","7","CARNEGIE","","CARNEGIE","PA","15106","BFI WASTE SERVICES","4124292600","","","","","","N","","","","","","N","","","","","","","","2","00962087","04"
"2016001381","05","6","5000 STATE ROAD","38 E SUITE 110","LAFAYETTE","IN","47905","PRECISION MOTOR TRANSPORT","5173493011","047000","","","","","N","","","","","","N","","","","","","","","1","01271780","08"
"2016119588","03","1","14611 COMMERCE DR","","DALEVILLE","IN","473340000","DSE SERVICE INODBA BOLT EXPRESS","7653870177","008000","","","","","N","","","","","","N","","","","","","","","1","01501127","04"
"2016100860","05","1","6205 BLUE STAR HWY","","SAUGATUCK","MI","49453","PRO VISION TRANSPORT INC.","2698571378","080000","","","","","N","","","","","","N","","","","","","","","2","99999999","08"
"2016013006","03","1","10134 MOSTELLER LN","","WEST CHESTER","OH","45069","M C TANK TRANSPORT INC","8006628265","080000","","","","","N","","","","","","N","","","","","","","","1","00081405","09"
"2016059437","03","4","1000 MADISON AVENUE","","W ELIZABETH","PA","15088","RIVERLIFT TRUCKING INC.","7243235392","080000","","","","","N","","","","","","N","","","","","","","","1","00162073","99"
"2016041624","03","7","121 BRICKYARD ROAD","","MARS","PA","16046","VOGEL DISPOSAL SERV. INC.","7246251511","040000","","","","","N","","","","","","N","","","","","","","","2","00290052","04"
"2016056416","03","7","400 WATERCREST DRIVE","","CHESWICK","PA","15024","MID ATLANTIC WASTE SYSTEMS","7242746100","000381","","","","","N","","","","","","U","","","","","","","","4","01350725","09"
"2016105775","03","1","4402 SW 44TH ST","","OKLAHOMA CITY","OK","73119","US EXPRESS","8448797737","017500","","","","","N","","","","","","N","","","","","","","","2","00303024","08"
"2016132936","02","1","8325 ARDWICK ARDMORE ROAD","","LANDOVER","MD","20785","UPS","7244938855","","","","","","N","","","","","","N","","","","","","","","2","73373782","03"
"2016093843","05","1","2480 LONG LAKE ROAD","","ROSEVILLE","MN","55113","NORTH AMERICAN BELTMAN GROUP","8662518588","","","","","","N","","","","","","N","","","","","","","","1","00070851","08"
"2016068226","04","4","1251 RUSSELTON RD","","CHESWICK","PA","15024","TESONE TRANSPORTATION","7242742250","073280","","","","","N","","","","","","U","","","","","","","","1","00507931","04"
"2016091044","01","1","645 KOLTER DR","","INDIANA","PA","15701","DIAMOND TRANSPORT LLC","8008826337","006050","","","","","N","","","","","","N","","","","","","","","1","00000200","02"
"2016015168","03","8","2235 BEAVER AVE.","","PITTSBURGH","PA","15233","PORT AUTHORITY- ALLEGHENY CO.","4125665214","026000","","","","","N","","","","","","N","","A-00976060","","","","","","2","","11"
"2016035486","02","8","2235 BEAVER AVE","","PITTSBURGH","PA","15233","PORT AUTHORITY OF ALLEGHENY CO.","4124422000","","","","","","N","","","","","","N","","A-00976060","","","","","","1","","11"
"2016035486","99","3","UNKNOWN","","UNKNOWN","ZZ","99999","UNKNOWN","9999999999","","","","","","N","","","","","","U","","","","","","","","2","","99"
"2016040784","05","2","4366 MT PLEASANT ST","","NORTH CANTON","OH","44720","ADVANTAGE TANK LINE INC.","3303121415","078000","2","","","","Y","1","","","","","N","","A-00107242","","","","","","3","00469756","06"
"2016079735","05","1","6500 WEST INDUSTRIAL HWY","","GARY","IN","46406","SWIFT TRANSPORTATION CO.","6022699700","080000","","","","","N","","","","","","N","","","","","","","","2","00054283","08"
"2016126628","03","4","2516 STATE ROUTE 18","","WAMPUM","PA","161572222","YOUNGBLOOD PAVING INC.","7245353395","","","","","","N","","","","","","N","","A-99999999","","","","","","2","00999999","04"
"2016014873","02","8","2235 BEAVER AVE","","PITTSBURGH","PA","15233","PORT AUTHORITY OF ALLEGHENY CO","4125665500","017963","","","","","N","","","","","","N","","A-00976060","","","","","","1","","11"
"2016011613","99","1","33 LANCASTER LN","","PALM COAST","FL","32137","FLORIDA SQUASH LLC","7329271460","","","","","","N","","","","","","N","","","","","","","","2","02369865","08"
"2016048418","03","3","1011 PITTSBURGH RD","","VALENCIA","PA","16059","H.P. STARR LUMBER","7248982650","058400","","","","","N","","","","","","N","","","","","","","","2","00088277","04"
"2016038167","05","1","3132 INDUSTRIAL BLVD","","BETHEL PARK","PA","15102","SOUTH HILLS MOVERS","4128358600","","","","","","N","","","","","","N","","A-00109506","","","","","","1","00098045","06"
"2016012430","03","4","216 IVANS LANE","","TARENTUM","PA","15084","TESONE TRANSPORT","7242742250","071000","","","","","N","","","","","","N","","A-00109950","","","","","","2","00507931","04"
"2016071548","04","8","345 SIXTH AVE","","PITTSBURGH","PA","15222","ALLEGHENY COUNTY PORT AUTHROITY","4124422000","","","","","","N","","","","","","N","","A-00976060","","","","","","2","","11"
"2016139273","02","8","2235 BEAVER AVENUE","","PITTSBURGH","PA","15233","PORT AUTHORITY OF ALLEGHENY COUN","4122553355","","","","","","N","","","","","","N","","A-00976060","","","","","","1","","11"
"2016046596","02","8","2235 BEAVER AVENUE","","PITTSBURGH","PA","15233","PORT AUTHORITY","4124422000","","","","","","N","","","","","","N","","A-00976060","","","","","","1","","11"
"2016033312","99","7","149 NICHOL AVE","","MCKEES ROCKS","PA","15136","LONGVIEW WASTE SYSTEMS CO DBA PE","4127711000","","","","","","N","","","","","","N","","","","","","","","1","01469297","04"
"2016018014","03","1","3380 COUNTY CLUB RD.","","MOUNT PLEASANT","PA","15666","JOHNNY HELMS","7249897583","016800","","","","","N","","","","","","N","","A-00123910","","","","","","2","01236522","08"
"2016112437","99","99","201 1ST ST. SE","","CEDAR RAPIDS","IA","52401","CRST MALONE INC.","8003666350","","","","","","N","","","","","","N","","","","","","","","1","00105790","06"
"2016055804","05","1","7135 CENTENNIAL PLACE","","NASHVILLE","TN","37209","WESTERN EXPRESS","6152599920","073900","","","","","N","","","","","","N","","","","","","","","1","00511412","08"
"2016052046","03","4","264  37TH ST","","PITTSBURGH","PA","15201","TIM PATRICK DBA TIM TRUCKING","4129658057","073280","","","","","N","","","","","","","","","","","","","","2","02356106","09"
"2016066723","05","1","5901 DAWSON CT.","","GREENDALE","WI","53129","AMERICAN LOGISTICS LLC","2622847174","080000","","","","","N","","","","","","N","","","","","","","","1","02488608","08"
"2016049688","02","99","160 MCCLAREN RD","","CORAOPOLIS","PA","15108","LEWIS GOETZ & COMPANY INC","9999999999","019500","","","","","N","","","","","","U","","","","","","","","1","","03"
"2016059094","03","99","635 LUCKNOW ROAD","","HARRISBURG","PA","17110","PROTECTION SERVICES","6072151543","","","","","","N","","","","","","N","","","","","","","","3","00011905","04"
"2016059094","03","1","1500 TRUMBULL AVE","","GIRARD","OH","44420","CO AIM","3304541307","","","","","","N","","","","","","N","","","","","","","","4","00332294","04"
"2016041364","02","8","2235 BEAVER AVE.","","PITTSBURGH","PA","15233","PORT AUTHORITY- ALLEGHENY CO.","4125665214","026000","","","","","N","","","","","","N","","A-00976060","","","","","","2","","11"
"2016131508","02","1","255 BUSINESS CTR DRIVE","","HORSHAM","PA","19044","STROEHMANN LINE HAUL LP","9999999999","019500","","","","","N","","","","","","N","","","","","","","","1","00665959","03"
"2016072227","03","1","5005 ALEX LEE BLVD","","HICKORY","NC","28601","MERCHANTS DISTRIBUTORS INC","8287254076","080000","","","","","N","","","","","","N","","","","","","","","1","00048104","08"
"2016056137","04","8","345 6TH AVE","","PITTSBURGH","PA","15222","ALLEGHENY COUNT PORT AUTHORITY","4124422000","","","","","","N","","","","","","N","","A-00976060","","","","","","2","","11"
"2016098501","03","99","3100 EAST CARSON ST.","","PITTSBURGH","PA","15203","FRANK B. FUHRER WHOLESALE CO.","4124888844","","","","","","N","","","","","","N","","","","","","","","2","","08"
"2016063210","02","1","4290 BUTTERMILK HOLLOW","","WEST MIFFLIN","PA","15122","EXCLUSIVE SERVICES INC DBA DON F","9999999999","012300","","","","","N","","","","","","N","","","","","","","","1","00345157","03"
"2016124821","02","1","4485 CAMPBELLS RUN ROAD","","PITTSBURGH","PA","15205","ENTERPRISE RENTALS","4122490063","014500","","","","","N","","","","","","N","","A-9999999","","","","","","2","01704957","03"
"2016097564","04","1","1159 ELLIS","","BENSENVILLE","IL","60106","EASTWAY TRANSPORTATION CORP","6303509330","026000","","","","","N","","","","","","N","","","","","","","","1","02133669","06"
"2016113706","03","8","2354 BRODHEAD RD","","ALIQUIPPA","PA","15001","HOPEWELL AREA SCHOOL DISTRICT","7243753606","","","","","","N","","","","","","N","","","","","","","","2","","11"
"2016047793","02","1","300 VANDALE DR","","HOUSTON","PA","15342","COCA COLA ENTERPRISES","7247454725","","","","","","N","","","","","","N","","","","","","","","1","","02"
"2016049093","03","1","2700 MISSOURI AVE.","","GRANITE CITY","IL","62040","MIDWEST TRANSPORT","6189741885","080000","","","","","N","","","","","","N","","","","","","","","1","00048713","08"
"2016022996","02","8","600 VINE STREET","","CINCINATTI","OH","45202","FIRST STUDENT","4128280226","","","","","","N","","","","","","N","","","","","","","","1","","11"
"2016098636","02","8","2235 BEAVER AVENUE","","PITTSBURGH","PA","15233","PORT AUTHORITY ALLEGHENY COUNTY","4124422000","","","","","","N","","","","","","N","","A-00976060","","","","","","2","","11"
"2016040690","03","7","4859 STATE RT 51 NORTH","","BELLE VERNON","PA","15012","BIGS TRUCKING INC","7243794331","062000","","","","","N","","","","","","N","","","","","","","","1","01339470","04"
"2016009937","02","8","2235 BEAVER AVE","","PITTSBURGH","PA","15233","PORT AUTHORITY OF ALLEGHENY COUN","4124422000","","","","","","N","","","","","","N","","A-00976060","","","","","","1","","11"
"2016063556","03","1","440 INDUSTRIAL DR.","","ADVANCE","MO","63730","S F TRUCKING","5737226261","080000","","","","","N","","","","","","N","","","","","","","","3","00988040","06"
"2016095098","02","1","838 CROFT ROAD","","GREENSBURG","PA","15601","LIBERTY TRANSPORTATION INC","7246682772","025500","","","","","N","","","","","","N","","","","","","","","2","00254513","03"
"2016126555","03","4","2930 DUSS AVE.","","AMBRIDGE","PA","15003","HG VENTURES INC. DBA DIAMOND TRU","7242665266","026000","","","","","N","","","","","","N","","","","","","","","1","01587911","04"
"2016126555","02","8","2235 BEAVER AVE.","","PITTSBURGH","PA","15233","PORT AUTHORITY OF ALLEGHENY CO.","4125665214","026000","","","","","N","","","","","","N","","A-00976060","","","","","","3","","11"
"2016024415","01","8","5836 PENN AVE.  APT 318","","PITTSBURGH","PA","15206","HOWARD RICKETTS","4129152804","026000","","","","","N","","","","","","N","","","","","","","","1","","11"
"2016034020","02","0","630 5TH AVE","","E MECKEESPORT","PA","15035","DETWEILERM WILLIAM","4125067690","009000","","","","","N","","","","","","N","","","","","","","","1","02783524","00"
"2016019886","02","1","101 E KENSINGER DRIVE","","CRANBERRY","PA","16066","SCHWANS HOME SERVICE INC","7247784040","022000","","","","","N","","","","","","N","","","","","","","","1","00108029","03"
"2016045834","03","3","12861 STATE RT 30","","IRWIN","PA","15642","LASPINA LAWN, GARDEN/EQUIPMENT","7248645147","033000","","","","","N","","","","","","N","","","","","","","","2","01180209","04"
"2016096165","04","4","1807 SHENANGO ROAD","","NEW GALILEE","PA","16141","PNM TRUCKING LLC","7243361400","073280","","","","","N","","","","","","N","","","","","","","","1","01489817","04"
"2016017674","99","99","3952 PENDLETON WAY","","INDIANAPOLIS","IN","46226","ADONAI SERVICES INC","9196919016","080000","","","","","N","","","","","","N","","","","","","","","1","02550762","08"
"2017001892","04","99","50 ARCH ST EXT, P O BOX","","CARNEGIE","PA","15106","RAYMAR EQUIPMENT CORP","7248659738","080000","","","","","N","","","","","","Y","","","","","","","","3","00404360","09"
"2016131998","03","99","291 HENRY DR","","NORTH NUNTINGDON","PA","15642","GLEN WILT","7246400748","080000","","","","","N","","","","","","N","","","","","","","","2","00038111","08"
"2016134377","02","1","2833 NEW BEAVER AVE BLDG 5","","PGH","PA","15233","DUQUESNE LIGHT CO.","4123937100","000000","","","","","N","","","","","","N","","A-00999999","","","","","","2","00000000","03"
"2016115111","04","1","732 VALLATTON DR.","","VALDOSTA","GA","316013346","GLENN M. HOUSE","2293753975","080000","","","","","N","","","","","","N","","","","","","","","1","00327574","08"
"2016053585","03","99","216 MARSH LANE","","LATROBE","PA","15650","FOX AND JAMES INC","7248694008","068000","","","","","N","","","","","","N","","","","","","","","2","00019445","08"
"2016090208","03","7","139 VICTORY RD","","SAXONBURG","PA","16056","MARROW REFUGE INC.","7242652491","073280","","","","","N","","","","","","N","","","","","","","","2","00440053","04"
"2016104417","99","6","10701 MIDDLEBELT RD","","ROMULUS","MI","48174","URS MIDWEST INC","7349473585","080000","","","","","N","","","","","","N","","","","","","","","2","00790261","08"
"2016063281","01","1","1825 LIVERPOOL STREET","","PITTSBURGH","PA","15233","YELLOW CAB COMPANY OF PITTSBURGH","4128715964","","","","","","N","","","","","","N","","A-00049926","","","","","","2","","02"
"2016009846","05","1","565 ANDERSON DR","","ROMEOVILLE","IL","60446","TABOR EXPRESS TRANSPORT","6038637775","","","","","","N","","","","","","N","","","","","","","","2","","08"
"2016087996","03","8","2235 BEAVER AVENUE","","PITTSBURGH","PA","15233","PORT AUTHORITY OF ALLEGHENY COUN","4125665500","","","","","","N","","","","","","N","","A-00976060","","","","","","2","","11"
"2017023695","99","1","2703 14TH","","BEAVER FALLS","PA","15010","COXS BOXES LLC","9999999999","999999","","","","","N","","","","","","N","","","","","","","","2","","05"
"2016018702","05","1","2326 KNOLLWOOD AVE.","","POLAND","OH","44514","WILLIAM A. TORREANCE","3308818815","080000","","","","","N","","","","","","N","","","","","","","","2","00604435","08"
"2016111769","02","99","4725 WILLIAM FLINN HWY","","ALLISON PARK","PA","15101","HAMPTON TWP EMS","4124862007","","","","","","N","","","","","","N","","A-6416310","","","","","","2","","02"
"2016022986","02","8","1110 MIDDLESEX STREET","","GIBSONIA","PA","15044","STA STUDENT TRANSPORT LLC","7245024614","031500","","","","","N","","","","","","N","","A-00322236","","","","","","1","00460852","11"
"2016086242","03","99","17TH & A","","HARRISBURG","PA","17120","PENNDOT","7177872838","058400","","","","","N","","","","","","N","","","","","","","","2","00000768","04"
"2016016218","03","4","2002 PENN AVE","","HOLLSOLLPLE","PA","15935","TUNSTALL TRUCKING","8146295054","080000","","","","","N","","","","","","N","","","","","","","","1","02116243","04"
"2016016218","07","99","7306 N BAKER RD","","FREMONT","IN","46737","FED EX","8004046297","080000","","","","","N","","","","","","N","","","","","","","","2","00239039","09"
"2016130479","06","1","12 N ELLIS","","BENSENVILLE","IL","60106","AMERICAN FREIGHT","8772004225","080000","","","","","N","","","","","","N","","","","","","","","1","02260278","09"
"2016083297","04","7","121 BRICKYARD RD","","MARS","PA","16046","VOGEL DISPOSAL","7246251511","073280","","","","","N","","","","","","N","","","","","","","","2","00290052","04"
"2016062387","05","1","6901 BETHEL RD","","SCOTTSBURG","VA","24589","WJH TRUCKING INC","4344764317","080000","","","","","N","","","","","","N","","","","","","","","1","00989347","08"
"2016062387","04","7","310 LEGER RD","","NORTH HUNTINGDON","PA","15642","WASTE MANAGEMENT","7248609109","073280","","","","","N","","","","","","N","","","","","","","","3","00344050","04"
"2016078004","99","99","1798 BABCOCK BLVD","","PITTSBURGH","PA","15209","CRITCHLOW AUTO BODY","9999999999","000000","","","","","N","","","","","","U","","","","","","","","2","","00"
"2016078910","02","8","3735 MAYFAIR STREET","","PITTSBURGH","PA","15204","PORT AUTHORITY OF ALLEGHENY CO","4124422000","000000","","","","","N","","","","","","N","","","","","","","","2","","11"
"2016005435","03","1","2400 COLD SPRINGS ROAD","","FORT WORTH","TX","76106","RAIDER EXPRESS","8002316024","008000","","","","","N","","","","","","N","","","","","","","","1","00817781","08"
"2016124639","04","2","200 SPEERS RD","","BELLE VERNON","PA","15012","SOURCE ONE TRANSPORTATION, LLC","4125123386","","3","","","","Y","1","","","","","N","","A-00117576","","","","","","2","00930620","08"
"2016042931","02","1","4980 LIBRARY ROAD","","BETHEL PARK","PA","15102","FIRST TRANSIT INC","4128338200","001400","","","","","N","","","","","","N","","","","","","","","2","01002211","02"
"2016127111","02","4","1251 RUSSELTON RD","","CHESWICK","PA","15024","TESONE TRANSPORT INC","7242742250","073280","","","","","N","","","","","","N","","","","","","","","1","00507931","09"
"2016092785","99","1","2000 LINCOLN RD","","PITTSBURGH","PA","15235","JENDOCO CONSTRUCTION CORPORATION","9999999999","010700","","","","","N","","","","","","N","","","","","","","","1","","09"
"2016092785","02","1","2901 FREEPORT RD","","PITTSBURGH","PA","15238","WARD TRUCKING","4128283777","","","","","","N","","","","","","U","","","","","","","","2","00008485","09"
"2017008013","99","99","7336 W 15TH AVE","","GARY","IN","46406","RYDER TRUCK RENTAL INC","7246004574","080000","","","","","N","","","","","","N","","","","","","","","1","00016130","06"
"2016139338","05","1","135 RIVERVIEW DR","","RICHLAND","MS","39218","KLLM TRANSPORT SERVICE LLC","8008735556","080000","","","","","N","","","","","","N","","","","","","","","1","00154237","08"
"2016124575","04","4","1299 MCLAUGHLIN RUN RD","","BRIDGEVILLE","PA","15017","T.A. ROBINSON, INC.","4122069918","","","","","","N","","","","","","N","","A-00116571","","","","","","2","01721275","04"
"2016075456","02","1","14002 E 21 ST","","TULSA","OK","74134","EAN HOLDING LLC","2625102808","025999","","","","","N","","","","","","N","","","","","","","","1","01704957","03"
"2016069682","05","1","7101 WEST 7TH AVENUE","","GARY","IN","46406","SCHEIDER NATIONAL CARRIERS","8004477433","","","","","","N","","","","","","N","","","","","","","","2","00264184","08"
"2016105199","02","8","2235 BEAVER AVENUE","","PITTSBURGH","PA","15233","PORT AUTHORITY ALLEGHENY COUNTY","4124422000","","","","","","N","","","","","","N","","A-00976060","","","","","","2","","11"
"2016129924","05","99","1643 ALLEGHENY BLVD","","RENO","PA","16343","BERT KLAPEC INC.","8146761512","080000","","","","","N","","","","","","N","","","","","","","","1","00088323","08"
"2016072990","01","8","1300 MCKEAN AVE","","CHARLEROI","PA","15022","MID MON VALLEY TRANSIT","7242928038","","","","","","N","","","","","","N","","A-9999999","","","","","","2","99999999","11"
"2016055239","02","1","351 32ND ST","","PITTSBURGH","PA","15201","FED EX","4126670814","007500","","","","","N","","","","","","N","","","","","","","","1","00000000","98"
"2016045967","02","4","113 OLIVER ROAD","","UNIONTOWN","PA","15401","QUALITY TRUCK SERVICE LLC","7244391080","","","","","","N","","","","","","N","","A-1198460","","","","","","1","","09"
"2016045967","02","8","2235 BEAVER AVENUE","","PITTSBURGH","PA","15233","PORT AUTHORITY OF ALLEGHENY CO","4122377000","","","","","","N","","","","","","N","","","","","","","","2","01198460","11"
"2016033592","02","8","2235 BEAVER AVE.","","PITTSBURGH","PA","15233","PORT AUTHORITY OF ALLEGHENY CO.","4124422000","","","","","","N","","","","","","N","","A-00976060","","","","","","2","","11"
"2016122645","03","99","1065 BLOOMFIELD RD.","","BARGETOWN","KY","40004","TRADEWIND TRANSIT","5023482640","080000","","","","","N","","","","","","N","","","","","","","","1","","08"
"2016107178","02","0","1728 ROUTE 30","","CLINTON","PA","15026","DIAMOND CARGO EXPRESS","4127220760","","","","","","N","","","","","","N","","A-00121989","","","","","","1","00517493","05"
"2016081004","03","3","4072 LIBERTY AVE.","","PITTSBURGH","PA","15224","PAUL LUMBER SUPPLY COMPANY","8047319117","020000","","","","","N","","","","","","N","","A-99999999","","","","","","1","00611018","98"
"2016078907","02","8","7273 STATE ROAD 76","","NEEHAH","WI","54956","MATTHEWS BUS CO","4121111111","","","","","","N","","","","","","N","","A-00121306","","","","","","2","01245654","11"
"2016010691","99","7","200 RANGOS LN","","WASHINGTON","PA","15301","WASTE MANAGEMENT OF PENNSYLVANIA","7242284200","073280","","","","","N","","","","","","N","","","","","","","","2","00344050","05"
"2016006562","02","0","1825 LIVERPOOL ST","","PITTSBURGH","PA","15233","YELLOW CAB CO. OF PITTSBURGH","4128715964","","","","","","N","","","","","","N","","A-00049926","","","","","","2","","98"
"2016039299","03","99","3314 3RD STREET","","DUNBAR","PA","15431","RE TRUCKING INC","7249843552","065000","","","","","N","","","","","","U","","A-0899722","","","","","","1","00853476","04"
"2016102251","06","1","153 SMITH TRANSPORT INC","","ROARING SPRING","PA","16673","SMITH TRANSPORT INC","6782320848","036000","","","","","N","","","","","","N","","","","","","","","2","00246204","08"
"2016028908","05","99","103 WEST 26TH AVENUE SUITE #10","","KANSAS CITY","MO","641160000","MINT TRANSPORT","8167835566","080000","","","","","N","","","","","","N","","","","","","","","2","01619705","08"
"2016135538","02","8","415 REBECCA STREET","","MCKEESPORT","PA","15132","PENNSYLVANIA COACH LINES","4126545707","","","","","","N","","","","","","N","","A-00110344","","","","","","1","00465361","11"
"2016064525","02","1","112 OHIO STREET","","MCKEES ROCKS","PA","15136","MOVING MASTERS DELIVERY INC.","4122008970","025950","","","","","N","","","","","","N","","","","","","","","1","01704957","00"
"2016088765","03","2","2876 SR 286","","SALTSBURGH","PA","15681","CLAY TRANSPORT","7246399043","080000","","","","","N","","","","","","N","","","","","","","","1","00005886","08"
"2016114290","03","99","2425 E SOUTH LAKE","","SOUTH LAKE","TX","76092","ANDREWS LOGISTICS","8175272770","","","","","","N","","","","","","N","","","","","","","","2","00000000","08"
"2016017725","03","99","12236 ROAD 82","","PAULDING","OH","45879","GILMAR TRUCKING","4192700196","080000","","","","","N","","","","","","N","","","","","","","","3","01432265","06"
"2016010149","05","99","10869 PARLIN TER FL 1","","PHILADELPHIA","PA","19116","BOOK CITY INC","2679024750","080000","","","","","N","","","","","","N","","","","","","","","2","0UNKNOWN","08"
"2016011068","04","4","420 BURNS LANE","","RUFFS DALE","PA","15679","TR TRUCKING & EXCAVATING INC","7247224434","","","","","","N","","","","","","N","","A-00117548","","","","","","1","01122214","04"
"2016003650","99","1","1044 GARDEN ST","","GREENSBURG","PA","15601-3926","TRANS-PORTE INC","8477208000","073280","","","","","N","","","","","","N","","","","","","","","1","00745614","06"
"2016111149","05","1","15910 S. 169 HIGHWAY","","OLATHE","KS","66062","TRANS AM TRUCKING","9137825300","080000","","","","","N","","","","","","N","","","","","","","","1","00315503","08"
"2016087100","05","3","15529 BEERBOWER RD","","NEY","OH","43549","GRINE TRUCKING","4194392801","079500","","","","","N","","","","","","N","","","","","","","","2","00778380","08"
"2016137649","03","8","2235 BEAVER AVENUE","","PITTSBURGH","PA","15233","PORT AUTHORITY OF ALLEGHENY CO.","4125665500","","","","","","N","","","","","","N","","A-00976060","","","","","","2","","11"
"2016009582","99","99","UNKNOWN","UNKNOWN","UNKNOWN","ZZ","99999","CRETE CARRIER","9999999999","999999","","","","","N","","","","","","U","","9999999999","","","","","","2","99999999","07"
"2016015735","02","8","5374 WILLIAM FLYNN HWY","","GIBSONIA","PA","15044","MONARCH STUDENT TRANSPORTATION","7248983563","025000","","","","","N","","","","","","N","","A-00116335","","","","","","1","00856887","11"
"2016042783","02","8","320 POPLAR ST","","ETNA","PA","15223","ABC TRANSIT INCORPORATED","4127824321","","","","","","N","","","","","","N","","","","","","","","1","02420569","11"
"2016099936","02","1","8 RIVER RD MVKEES ROCKS PA 151","","MCKEES ROCKS","PA","15136","COMMUNITY TRANSPORTION INC,","4123310800","026000","","","","","N","","","","","","N","","","","","","","","1","02430645","02"
"2016036289","02","8","345 SIXTH AVENUE","","PITTSBURGH","PA","15222","PORT AUTHORITY OF ALLEGHENY COUN","4124422000","","","","","","N","","","","","","N","","A-00976060","","","","","","1","","11"
"2016057161","05","0","12660 BURT RD.","","DETROIT","MI","48223","SAFE TRANSPORT LLC.","3139779028","080000","","","","","N","","","","","","N","","","","","","","","1","02485172","08"
"2016114155","03","99","1100 DAVID STREET","APT #2107","NORTH MYRTLE BEACH","SC","295827602","KITTY CAT EXPRESS","4708787692","080000","","","","","N","","","","","","U","","","","","","","","1","02131559","08"
"2016116704","04","1","160 VELTRI DR","","WASHINGTON","PA","15301","VELTRI TRUCKING","7242289381","065000","","","","","N","","","","","","N","","","","","","","","1","01077151","08"
"2016019045","05","3","7809 ROCKSIDE RD","","CLEVELAND","OH","44131","ALL ERECTION AND CRANE RENTAL","2165246550","080000","","","","","N","","","","","","N","","","","","","","","1","00103954","08"
"2016087914","03","4","420 BURNS LN","","RUFFS DALE","PA","15679","T R TRUCKING & EXCAVATING INC","7247224434","","","","","","N","","","","","","N","","","","","","","","1","00112221","04"
