"CRN","AXLE_CNT","CARGO_BD_TYPE","CARRIER_ADDR_1","CARRIER_ADDR_2","CARRIER_ADDR_CITY","CARRIER_ADDR_STATE","CARRIER_ADDR_ZIP","CARRIER_NM","CARRIER_TEL","GVWR","HAZMAT_CD1","HAZMAT_CD2","HAZMAT_CD3","HAZMAT_CD4","HAZMAT_IND","HAZMAT_REL_IND1","HAZMAT_REL_IND2","HAZMAT_REL_IND3","HAZMAT_REL_IND4","ICC_NUM","OSIZE_LOAD_IND","PERMITTED","PUC_NUM","SPECIAL_SIZING1","SPECIAL_SIZING2","SPECIAL_SIZING3","SPECIAL_SIZING4","TYPE_OF_CARRIER","UNIT_NUM","USDOT_NUM","VEH_CONFIG_CD"
"2015029204","03","99","311 CENTER ST","","MARTINS FERRY","OH","43935","HILL IDEALLEASE LLC","3048154957","080000","","","","","N","","","","","","N","","","","","","","","1","00735267","08"
"2015127519","03","6","200 E MARLEY RD","","KANSAS CITY","KS","66115","JACK COOPER TRANSPORT","8169834031","022700","","","","","N","","","","","","N","","A-99999999","","","","","","1","00064161","06"
"2015037540","02","99","4366 MT PLEASANT","","NORTH CANTON","OH","44720","DIST TECH","9999999999","","","","","","N","","","","","","N","","","","","","","","2","34648348","98"
"2015071288","02","1","6929 N LAKEWOOD AVE","","TULSA","OK","74117","EAN HOLDINGS LLC","4127873333","012300","","","","","N","","","","","","N","","","","","","","","1","00373674","03"
"2015129435","05","1","2100 W 21ST ST","","BROADVIEW","IL","60155","REAL TRUCKING NC","6468679859","800000","","","","","N","","","","","","N","","","","","","","","1","01637762","08"
"2015121923","02","6","215 MAGNOLIA STREET","","HOMESTEAD","PA","15120","BELLZ TRUCKING LLC","4124780444","","","","","","N","","","","","","N","","","","","","","","1","02446951","06"
"2015071415","05","99","3552 ROUTE 66","","EXPORT","PA","15632","A.D. WEAVER SERVICE INC","4123523233","","","","","","N","","","","","000000000","N","","","","","","","","1","","08"
"2015118453","02","1","501 SEMINOLE STREET","","LESTER","PA","19029","ALLSTATE CAREER","4128231818","032000","","","","","N","","","","","","N","","","","","","","","1","00916332","09"
"2015089789","02","1","6636 BUTLER ST","","PITTSBURGH","PA","15206","SEAN SCHLEGEL MAINTENANCE","4127807946","015000","","","","","N","","","","","","N","","","","","","","","2","","03"
"2015086829","02","1","240 BILMAR DR","","PITTSBURGH","PA","15205","TRU GREEN","8143974402","014500","","","","","N","","","","","","N","","","","","","","","1","00342305","03"
"2015008634","03","1","2900 GRANADA LN NORTH","","OAKDALE","MN","55128","DEDICATED LOGISTICS","6516315918","014000","","","","","N","","","","","","N","","","","","","","","2","00618375","08"
"2015050636","04","4","114 ALYSON DRIVE","","MCMURRAY","PA","15317","CASILLI CORP DBA CC HAULING","7249425578","073280","","","","","N","","","","","","N","","","","","","","","1","02407531","09"
"2015096893","02","8","13413 STATE RTE 422","","KITTANNING","PA","16201","AJ MYERS","4127937000","002600","","","","","N","","","","","","N","","A-00106393","","","","","","1","00281003","11"
"2015096893","08","1","8147 EAGLE PALM DRIVE","","RIVERVIEW","FL","33578","SMITH-CARGO TRANSPORTATION LLC","9545530824","080000","","","","","N","","","","","","N","","","","","","","","2","00929285","06"
"2015003171","02","8","345 6TH AVE 3RD FLOOR","","PITTSBURGH","PA","152222527","PORT AUTHORITY OF ALLEGHENY COUN","4124422000","","","","","","N","","","","","","N","","A-00976060","","","","","","2","","11"
"2015129253","02","8","1976 VALLEY VIEW DRIVE","","DAVIDSVILLE","PA","15298","MLAKER TRANSPORTATION INC","8003357911","050000","","","","","N","","","","","","N","","","","","","","","1","00932419","11"
"2015020398","02","1","4489 CAMPBELLS RUN ROAD","","PITTSBURGH","PA","15205","ENTERPRISE COMMERCIAL TRUCKS","4125054099","025999","","","","","N","","","","","","N","","","","","","","","2","01704957","09"
"2015047262","08","3","HC 64 BOX 367","","RECTOR","PA","677","ELOIS ANKEY","4125512407","080000","","","","","N","","","","","","N","","","","","","","","2","00441539","06"
"2015062148","02","8","600 VINE ST STE 1400","","CINCINNATI","OH","45202","FIRST STUDENT INC","4025726160","029800","","","","","N","","","","","","N","","","","","","","","2","00354406","11"
"2015088516","05","2","358 REIMER ROAD","","SARVER","PA","16055","GLASSMERE FUEL SERVICE INC","7243524431","080000","3","","","","Y","1","","","","","N","","A-0014860","","","","","","2","00276273","08"
"2015050698","02","1","4 RIVER AVENUE","","MCKEES ROCKS","PA","15136","COMMUNITY TRANSPORT INC DBA CO","4123310800","","","","","","N","","","","","343554633","N","","A-00999999","","","","","","1","35473828","02"
"2015037987","02","1","4920 BUTTERMILK HOLLOW","","WEST MIFFLIN","PA","15122","DON FARR MOVING & STORAGE","7244532810","025950","","","","","N","","","","","","N","","","","","","","","2","00345157","09"
"2015120235","03","1","7471 BROWNS MILL ROAD","","CHAMBERSBURG","PA","17202","K&J ROSENBERRY","7173759915","080000","","","","","N","","","","","000618479","N","","A-00124169","","","","","","1","01683209","08"
"2015078018","04","99","ALBANY RD. P.O. BOX 76","","BROWNSVILLE","PA","15417","METALICO","4127717000","073280","","","","","N","","","","","","N","","","","","","","","2","01350725","04"
"2015073937","02","3","234 MAPLE DR","","MONROEVILLE","PA","15146","CHASE TOWING AND SMELTZ AUTO LLC","4128238772","013500","","","","","N","","","","","000000000","N","","","","","","","","1","","03"
"2015130887","02","1","EQUIP 457-3027, 17TH &","","HARRISBURG","PA","17120","PENNDOT","9999999999","017950","","","","","N","","","","","","N","","","","","","","","4","","03"
"2015110364","03","4","4821 BUTTERMILK HOLLOW","","WEST MIFFLIN","PA","15122","R AND B TRUCKING","4124691706","000000","","","","","N","","","","","","N","","","","","","","","2","02389838","04"
"2016014391","99","99","411 SEVENTH AVENUE","","PITTSBURGH","PA","15219","DUQUENSE LIGHT COMPANY","9999999999","","","","","","N","","","","","","N","","","","","","","","2","00413803","99"
"2015023008","05","2","16412 EMORY LN","","ROCKVILLE","MD","20853","GA TRANSPORTATION LLC","2402772567","080000","","","","","N","","","","","","U","","","","","","","","1","02476714","08"
"2016001121","05","1","5209 LINBAR RD","","NASHVILLE","TN","37211","QUICKWAY DIST SERVICES CO","6158349470","080000","","","","","N","","","","","","N","","","","","","","","1","00675501","08"
"2015076720","03","1","7911 FORSYTH BLVD, SUIT","","ST. LOUIS","MO","63105","XTRA LLC","3147190400","080000","","","","","N","","","","","","N","","","","","","","","2","00572641","08"
"2015055217","03","8","6 OAKVILLA DR.","","PITTSBURGH","PA","15220","JUST DUCKY TOURS INC","4129060170","","","","","","N","","","","","","N","","","","","","","","2","","11"
"2015116640","02","1","2559STATE ROUTE 88","","FINLEYVILLE","PA","15332","TOMKO","7243482000","","","","","","N","","","","","","N","","","","","","","","2","00248106","08"
"2015102927","02","1","1798 BABCOCK BLVD","","PITTSBURGH","PA","15209","JEFF CRITCHLOW AUTO BODY INC","4128211864","","","","","","N","","","","","","N","","","","","","","","3","01014653","03"
"2015050213","99","4","5020 THOMS RUN ROAD","","OAKDALE","PA","150711702","INDEPENDENT EQUIPMENT TRANSFER","4122570808","073280","","","","","N","","","","","","N","","","","","","","","2","","09"
"2015014153","02","0","560 HORNING RD","","BETHEL PARK","PA","15102","PA AMERICAN WATER CO INC","4128547608","","","","","","N","","","","","","N","","","","","","","","2","","02"
"2015043377","02","8","345 6TH AVENUE 3RD FLOO","","PITTSBURGH","PA","15222","PORT AUTHORITY ALLEGHENY COUNTY","4125665500","","","","","","N","","","","","","N","","A-00976060","","","","","","1","","11"
"2015113936","05","1","8161 ZIONSVILLE RD.","","INDIANAPOLIS","IN","46268","ARNOLD MOVING COMPANY INC","3178726683","080000","","","","","N","","","","","","N","","","","","","","","2","00007953","08"
"2015008087","02","1","11385 TRIMBLE RD","PO BOX 8608","ROBINSON","IL","62454","MIDWEST TRANSPORT INC","6185539330","025999","","","","","N","","","","","","N","","","","","","","","1","01084722","03"
"2015008087","02","99","283 LENITY SCHOOL RD","","BELLE VERNON","PA","15012","MARNAK EXCAVATION CO","7243441999","011000","","","","","N","","","","","","N","","","","","","","","2","02186319","00"
"2015058706","02","3","109 MCCLURE ST","","DRAVOSBURG","PA","15034","C & D TOWING & RECOVERY INC","4124699380","","","","","","N","","","","","","N","","","","","","","","2","","03"
"2015000584","03","4","714 KLERE STREET","","DUQUESNE","PA","15110","BMB TRUCKING","4124015902","073280","","","","","N","","","","","","N","","","","","","","","1","02403904","09"
"2015013298","02","99","17TH & ARSENAL BLVD","","HARRISBURG","PA","17120","PENNDOT","4125217306","038000","","","","","N","","","","","","N","","","","","","","","2","","99"
"2015032647","99","1","1001 CALIFORNIA AVE","","PITTSBURGH","PA","15233","U.S. POSTAL SERVICE","9999999999","","","","","","N","","","","","","N","","","","","","","","2","","09"
"2015039262","04","1","6848MOUNT HERMAN RD","","MORRISVILLE","NC","275609260","ESTES EXPRESS LINES","8003531900","080000","","","","","N","","","","","","N","","A-00110475","","","","","","1","00121018","08"
"2015095890","02","0","3 FARM GLEN BLVD","","FARMINGTON","PA","06032","CENTER CAPITAL CORP","4122605395","","","","","","N","","","","","000117575","N","","","","","","","","2","00930620","08"
"2015081360","02","3","4428 OHIO RIVER BLVD","","PITTSBURGH","PA","15202","BRIGHTON SERVICE","4127669977","","","","","","N","","","","","","N","","","","","","","","2","01669984","03"
"2015103738","02","1","550 FIFTH STREET EXT","","MONROEVILLE","PA","15146","STUDENT TRANSPORTATION AMERICA","4126464711","014200","","","","","N","","","","","","N","","A-00117073","","","","","","1","00818076","02"
"2015105563","05","1","151 SANDPIT COURT","","LEESVILLE","SC","29070","JQ TRUCKING LLC","8036676277","080000","","","","","N","","","","","","N","","","","","","","","1","02784165","06"
"2015083585","02","8","2235 BEAVER AVE","","PITTSBURGH","PA","15233","PORT AUTHORITY OF ALLEGHENY COUN","4124422000","","","","","","N","","","","","","N","","A-00976060","","","","","","2","","11"
"2015101268","03","0","2833 NEW BEAVER","","BEAVER","PA","15233","DUQUESNE LIGHT","4127372469","073280","","","","","N","","","","","","N","","","","","","","","2","00413803","04"
"2015039249","05","6","174 ONEIDA VALLEY ROAD","","BUTLER","PA","16001","HUNTER LEASING LLC","7242820641","","","","","","N","","","","","000009999","Y","","A-99999999","","","","","","2","00009999","08"
"2015009014","02","1","24 REVERE WAY","","PITTSBURGH","PA","15219","DARELLE BURTON","4123206861","025999","","","","","N","","","","","","N","","","","","","","","2","00000000","03"
"2015111487","05","3","6600 BESSEMER AVENUE","","CLEVELAND","OH","441279900","THE KAPLAN TRUCKING COMPANY","2163413322","080000","","","","","N","","","","","000002304","N","","A-00111662","","","","","","1","00120670","08"
"2015084067","02","1","5 PARKWAY CTR","875 GREENTREE ROAD","PITTSBURGH","PA","15220","CENTRAL BLOOD BANK","4122097000","014500","","","","","N","","","","","","N","","","","","","","","1","","03"
"2015096806","03","99","1728 RT 30","","CLINTON","PA","15026","DIAMOND CARGO EXPRESS","7242270500","","","","","","N","","","","","","N","","00121989","","","","","","2","01325605","07"
"2015098707","02","1","205 OVERLOOK DRIVE","","SEWICKLEY","PA","15143","SAFELITE AUTO GROUP INC","4127490440","000000","","","","","N","","","","","000000000","N","","","","","","","","1","00000000","03"
"2015124189","05","3","24021 S MUNICIPAL DRIVE","PO BOX 380","CHANNAHON","IL","60410","PACKARD TRANSPORT INC","8154679260","080000","","","","","N","","","","","","N","","","","","","","","1","00355502","08"
"2015130699","02","8","120 CHARLES STREET","","PITTSBURGH","PA","15210","COUNCIL OF THREE RIVERS AMERICAN","4127824457","","","","","","N","","","","","","N","","","","","","","","1","","11"
"2015016381","04","3","2313 STATE RT 18","","WAMPUM","PA","16157","DOREN INC","7245354397","073280","","","","","N","","","","","","N","","","","","","","","1","01456045","04"
"2015104825","03","1","3801 OLD GREENWOOD ROAD","","FORT SMITH","AR","72903","ABF FREIGHT SYSTEM INC","8007556486","080000","","","","","N","","","","","","N","","","","","","","","2","00082866","08"
"2015083302","05","99","2623 KENT","","MACON","GA","31206","NICHOLA CHARLES","4049902419","","","","","","N","","","","","","U","","","","","","","","1","02138546","08"
"2015001744","99","99","300 WETZEL RD","","GLENSHAW","PA","15116","SHALER TOWNSHIP","9999999999","017950","","","","","","","","","","","N","","","","","","","","1","","09"
"2015108422","04","4","2288 STOYSTOWN RD","","FRIEDENS","PA","15541","STANCZYK TRANSPORT","8147015710","","","","","","N","","","","","","N","","","","","","","","1","02790128","04"
"2015050900","99","0","149 NICHOL AVE","","MCKEES ROCKS","PA","15136","PENN WASTE SYSTEMS","4127711000","054999","","","","","N","","","","","","N","","","","","","","","2","01469297","09"
"2015087535","03","7","73 W NOBLESTOWN RD","","CARNEGIE","PA","15106","BFI WASTE SERVICES OF PA LLC","4124292600","073280","","","","","N","","","","","","N","","","","","","","","2","00962087","04"
"2015113201","02","8","7035 SALTSBURG RD","","PENN HILLS","PA","15235","AJ MEYERS","4127937000","026000","","","","","N","","","","","","N","","A-00106393","","","","","","2","00281003","11"
"2015106505","05","1","2740 NORTH MAYFAIR","","SPRINGFIELD","MO","65803","NEW PRIME INC","5706545400","080000","","","","","N","","","","","","N","","","","","","","","1","00003706","08"
"2015071004","02","8","345 6TH AVE 3RD FL","","PITTSBURGH","PA","152222527","PORT AUTHORITY ALLEGHENY COUNTY","4124422000","","","","","","N","","","","","","N","","A-00976060","","","","","","2","","11"
"2015059840","02","4","1 PRESTO RD P.O. BOX 29","","PRESTO","PA","15142","HILLTOP PAVING","4125196111","","","","","","N","","","","","","N","","","","","","","","2","","03"
"2015108197","99","99","154 PETRO TECH RD","","SENECA","PA","16346","ADVANTAGE TANK LINES INC","4126054898","","","","","","","","","","","","N","","","","","","","","2","00469756","09"
"2015030284","02","1","34 BLVD. OF ALLIES.","","PITTSBUURGH","PA","15222","PG PUBLISHING CO.","4129961733","018000","","","","","N","","","","","","N","","","","","","","","1","00358261","03"
"2015070554","02","1","3015 WEST CHESTER PIKE","","BROOMALL","PA","19008","MARPLE FLEET LEASING LLC","6103563727","","","","","","","","","","","","N","","","","","","","","1","","02"
"2015026910","03","7","EQUIPMENT LEASING AUTHO","526 CITY COUNTY BLDG","PITTSBURGH","PA","15216","CITY OF PITTSBURGH","4122558850","","","","","","N","","","","","","N","","","","","","","","1","","09"
"2015032850","05","1","1519 COMMERCE AVENUE","","CARLISLE","PA","17015","GET INC","8146231111","080000","","","","","N","","","","","","N","","","","","","","","3","00377353","08"
"2015021333","02","8","200 HAHN RD","","PITTSBURGH","PA","15209","FIRST STUDENT INC","4128210300","","","","","","N","","","","","","N","","","","","","","","2","","11"
"2015061627","99","7","526 CITY COUNTY BLDG","","PITTSBURGH","PA","15219","CITY OF PITTSBURGH EQUIPMENT","4122552626","073280","","","","","N","","","","","","N","","","","","","","","2","","05"
"2015055509","03","6","3553 B#350 WEST CHESTER","","NEWTOWN SQUARE","PA","19073","FIRST CLASS AUTO LLC","2158281616","","","","","","N","","","","","","N","","","","","","","","1","02486936","09"
"2015055509","03","4","3004 BABCOCK BLVD","","PITTSBURGH","PA","15237","DAROCO INC","4129317569","073280","","","","","N","","","","","","N","","","","","","","","2","01649908","04"
"2015081262","02","1","4001 FIRETHRON DR","","MCKEES ROCKS","PA","15136","ROADRUNNER INC","4123037533","023000","","","","","N","","","","","","N","","","","","","","","3","","03"
"2015107394","02","1","404 LEGENDARY LANE","","MARS","PA","16046","JOHN BRANDON","9999999999","021000","","","","","","","","","","","N","","","","","","","","2","","03"
"2015062593","05","3","543 LEASUREVILLE","","CABOT","PA","16023","CORY FOX INC","7243533432","008000","","","","","N","","","","","000263339","N","","A-1111828","","","","","","1","","09"
"2015068104","04","8","345 SIXTH AVE","","PITTSBURGH","PA","15222","ALLEGHENY COUNTY PORT AUTHORITY","4124422000","","","","","","N","","","","","","N","","A-00976060","","","","","","1","","11"
"2015085834","04","3","225 SANDY CREEK RD","","VERONA","PA","15147","PVO EXPRESS NC","4127937347","","","","","","N","","","","","","N","","","","","","","","2","01148672","04"
"2015085834","03","1","2747 LEGIONVILLE RD","","AMBRIDGE","PA","15003","BEEMAC TRUCKING LLC","9999999999","","","","","","N","","","","","","N","","","","","","","","5","00388467","08"
"2015019277","02","1","650 NOBLE DR","","WEST MIFFLIN","PA","15122","SAFETY KLEEN SYSTEMS INC","4124620644","033000","","","","","N","","","","","","N","","","","","","","","4","00151288","03"
"2015062178","02","8","2235 BEAVER AVE","","PITTSBURGH","PA","15233","PORT AUTHORITY OF ALLEGHENY CO","4124422000","","","","","","N","","","","","","N","","A-00976060","","","","","","2","","11"
"2015129302","02","1","4485 CAMPBELLS RUN ROAD","","PITTSBURGH","PA","15205","ENTERPRISE RENTAL","4122490063","999999","","","","","N","","","","","","N","","","","","","","","2","01704957","99"
"2015011796","02","1","8051 STEUBENVILLE PIKE","","OAKDALE","PA","15071","NAPPIES FOOD SERVICE","7246953500","033000","","","","","N","","","","","","N","","","","","","","","2","00984105","03"
"2015089818","02","8","200 HAHN RD","","PITTSBURGH","PA","15209","FIRST STUDENT INC","4128210300","","","","","","N","","","","","","N","","","","","","","","1","","11"
"2015135428","02","8","2235 BEAVER AVENUE","","PITTSBURGH","PA","15233","PORT AUTHORITY OF ALLEGHENY COUN","4124422000","000000","","","","","N","","","","","000000000","N","","","","","","","","2","","11"
"2015090550","03","8","2235 BEAVER AVE.","","PITTSBURGH","PA","15233","PORT AUTHORITY OF ALLEGHENY CO.","4124422000","","","","","","N","","","","","","N","","A-00976060","","","","","","1","","11"
"2015105903","02","8","415 REBECCA STREET","415 REBECCA STREET","MCKEESPORT","PA","15134","PA COACH LINES INC.","4126640911","032000","","","","","N","","","","","000236344","N","","","","","","","","2","00465361","11"
"2015132207","03","8","2235 BEAVER AVE.","","PITTSBURGH","PA","15233","PORT AUTHORITY OF ALLEGHENY CO.","4125665214","026000","","","","","N","","","","","","N","","A-00976060","","","","","","2","","11"
"2015032069","02","1","200 HAHN RD","","PITTSBURGH","PA","15209","FIRST STUDENT INC","4128248210","","","","","","N","","","","","","N","","","","","","","","1","00354406","02"
"2015038282","02","6","3340 LIBERTY AVE REAR","","PITTSBURGH","PA","152011321","TRANSPORT U","4122818350","","","","","","","","","","","","N","","A-00123251","","","","","","1","01594477","02"
"2015011729","03","4","410 FRYE FARM RD","","GREENSBURG","PA","15601","A.J. HAULING LLC","7245322000","","","","","","N","","","","","","U","","A-8911049","","","","","","1","01898156","04"
"2015073014","03","1","1052 WASHINGTON BLVD","","PITTSBURGH","PA","15206","UHAUL","4123605580","014050","","","","","N","","","","","000000000","N","","A-00000000","","","","","","1","00000000","04"
"2015108340","02","1","1500 TRUMBULL RD","","GIRARD","OH","44420","AIM LEASING CO.","4125849469","033000","","","","","N","","","","","","N","","","","","","","","2","00984105","09"
"2015132131","02","1","75 MCCANDLES AVE","","PITTSBURGH","PA","15212","PROLOGIX DIST. SERVICE EAST LLC","4122150074","","","","","","N","","","","","","N","","","","","","","","5","01444777","03"
"2015091703","01","0","801 SOUTH 29TH ST","","HARRISBURG","PA","17111","VERIZON PA LLC","4129142210","060000","","","","","N","","","","","","N","","","","","","","","1","00003324","09"
"2015100944","05","3","6115 SW LELAND AVE","","DES MOINES","IA","50321-0000","TMC TRANSPORTATION INC","5159743585","","","","","","N","","","","","","N","","","","","","","","1","00087409","06"
"2015100944","05","1","3000 CORPORATE GROVE DR","","HUDSONVILLE","MI","49426-0100","ALTL, INC","6166696060","","","","","","N","","","","","","N","","","","","","","","2","00169025","08"
"2015008339","03","1","2440 HARRISON ROAD","","COLUMBUS","OH","43204","CREATIVE LEASING LLC","6145897075","","","","","","N","","","","","","N","","","","","","","","1","00330250","08"
"2015008339","03","1","18864 SHERMAN STREET","","LANSING","IL","60438","UNIVERSAL TRUCKLOAD INC","8004874425","","","","","","N","","","","","","N","","","","","","","","2","00041208","08"
"2015062654","02","8","345 6TH AVE","3RD FLOOR","PITTSBURGH","PA","152222527","PORT AUTHORITY OF ALLEGHENY COUN","4124422000","","","","","","N","","","","","","N","","A-00976060","","","","","","1","","11"
"2015132467","02","1","971 BRIARSDALE RD","","HARRISBURG","PA","17109","RYDER TRUCK RENTAL LT","9999999999","025999","","","","","","","","","","","N","","","","","","","","1","00016130","03"
"2015134283","02","1","4211 STRATFORD DR","","IRWIN","PA","15642","WILLIAM DANIEL YORK","7242444835","019000","","","","","N","","","","","","N","","","","","","","","2","02078292","03"
"2015071270","05","1","BURNS AVE CANAN STATION","","ALTOONA","PA","16603","US FOODS INC","8149461201","080000","","","","","N","","","","","","N","","","","","","","","3","00745614","06"
"2015047304","05","1","1615 INNOVATION WAY","","HARTFORD","WI","53027","ZELLER TRANSPORTATION LLC","2626735689","080000","","","","","N","","","","","","N","","","","","","","","1","01017769","08"
"2015126246","05","3","3820 KENNEDY RD","","JANESVILLE","WI","53545","MANSUR TRUCKIN","6083226334","080000","","","","","N","","","","","","N","","","","","","","","2","00208105","08"
"2015065009","03","7","414 GRANT STREET","","PITTSBURGH","PA","15216","BUREAU OF ENVIRONMENTAL SERVICE","4122552790","000000","","","","","N","","","","","","N","","","","","","","","1","","05"
"2015117434","05","1","5449 BISHOP RD.","","GENEVA","OH","44041","NEIGHBORHOOD LOGISTICS CO. INC.","4406459490","080000","","","","","N","","","","","","N","","","","","","","","2","00582275","08"
"2015019562","01","4","3101 MCCULLY RD","","ALLISON PARK","PA","15101","HAMPTON SHALER WATER AUTHORITY","4124864867","033000","","","","","N","","","","","","N","","","","","","","","2","","09"
"2015046418","03","1","4000 CLINE AVENUE","","EAST CHICAGO","IN","46312","PENSKE TRUCKING","8889965415","026000","","","","","N","","","","","","N","","","","","","","","1","00327574","04"
"2015034694","99","1","1821 BEAVER AVE","","PITTSBURGH","PA","15233","UNITED PARCEL SERVICE INC","9999999999","023000","","","","","N","","","","","","N","","","","","","","","1","99999999","05"
"2015034694","03","99","5000 WEST 25TH STREET","","SPEEDWAY","IN","46224","COWAN SYS LLC","4128182731","080000","","","","","N","","","","","","N","","","","","","","","2","00548880","06"
"2015102023","02","1","411 GLENDALE AVE","","ST CATHARINES","ON","L2P 3","G.M MCPHERSON","9052277994","","","","","","N","","","","","","N","","","","","","","","1","00459868","03"
"2015017418","02","8","200 KINNEY ST","","CARNEGIE","PA","15106","STUDENT TRANSPORTATION AMERICA","4122498370","","","","","","N","","","","","","N","","","","","","","","1","00009999","10"
"2015030905","03","1","228 W. LINCOLN HWY #203","","SCHERERVILLE","IN","46375","CASS EXPRESS INC","4145505548","","","","","","N","","","","","","N","","","","","","","","3","01764248","08"
"2015086153","02","3","545 FOREST AVE","","CARNEGIE","PA","15106","LIBERTY FUEL AND SUPPLY COMPANY","4122767515","019500","","","","","N","","","","","","N","","","","","","","","2","02087740","03"
"2015013701","04","7","310 LEGER RD","","NORTH HUNTINGDON","PA","15642","WASTE MANAGEMENT OF PA INC.","7248644090","073280","","","","","N","","","","","","N","","","","","","","","1","00344050","04"
"2015108548","02","8","2235 BEAVER AVENUE","","PITTSBURGH","PA","15233","PORT AUTHORITY OF ALLEGHENY COUN","4124422000","","","","","","N","","","","","","N","","A-00976060","","","","","","1","","11"
"2015064276","02","1","1101 THOMSON PARK DR","","CRANBERRY TWP","PA","16066","ROLLING FRITO LAY SALES LP","4126419077","","","","","","N","","","","","","N","","","","","","","","1","00926150","03"
"2015007220","04","7","73 W NOBLESTOWN RD","","CARNEGIE","PA","15236","REPUBLIC SERVICES","4124292600","073280","","","","","N","","","","","","N","","","","","","","","2","00962087","04"
"2015043458","05","1","1535 NEW HOPE CHURCH RD","","TUNNEL HILL","GA","30755","U S XPRESS","7066736592","065000","","","","","N","","","","","","N","","","","","","","","1","00303024","06"
"2015062878","03","8","2235 BEAVER AVENUE","","PITTSBURGH","PA","15233","PORT AUTHORITY OF ALLEGHENY COUN","4125665500","026000","","","","","N","","","","","","N","","A-00976060","","","","","","1","","11"
"2015015877","02","8","4780 LIBRARY ROAD","","BETHEL PARK","PA","15102","FIRST TRANSIT INC","4127589823","","","","","","N","","","","","","N","","","","","","","","1","01002211","10"
"2015005056","05","1","9800 CROSSPOINT BLVD","SUITE 300","INDIANAPOLIS","IN","46256","NEW BERN TRANSPORT CORP","3178188380","080000","","","","","N","","","","","000321263","N","","","","","","","","2","00692947","08"
"2015075525","02","1","1220 MCKEE ST","","MCKEES ROCKS","PA","15136","THE HOLDEN CORP","4122384047","026000","","","","","N","","","","","","N","","","","","","","","2","00364088","03"
"2015004743","02","8","2235 BEAVER AVENUE","","PITTSBURGH","PA","15233","PORT AUTHORITY OF ALLEGHENY COUN","4124422000","033000","","","","","N","","","","","","N","","A-09706060","","","","","","1","","11"
"2015067853","02","1","1821 BEAVER AVENUE","","PITTSBURGH","PA","15233","UNITED PARCEL SERVICE INS","4124462777","","","","","","N","","","","","","N","","A-99999999","","","","","","2","","03"
"2015109391","05","1","1850 FEDERAL PARKWAY","","COLUMBUS","OH","43207","INTERSTATE CONTAINER SERVICES","7404973506","080000","","","","","N","","","","","","N","","","","","","","","1","02352700","08"
"2015063487","02","1","109 EAST MAHONING STREE","PO BOX 366","PUNXSUTAWNEY","PA","15767","PUNXSY MEDICAL SUPPLY","8149486668","012500","","","","","N","","","","","","N","","","","","","","","2","02076139","02"
"2015105831","03","4","350 PRESTO-SYGAN ROAD","","BRIDGEVILLE","PA","15017","LINEAL INDUSTRIES, INC.","4129145910","073280","","","","","N","","","","","000648072","N","","","","","","","","1","00482026","04"
"2015034698","02","8","345 6TH AVE","3RD FLR","PITTSBURGH","PA","152222527","PORT AUTHORITY OF ALLEGHENY CO","4125665500","","","","","","N","","","","","","N","","A-00976060","","","","","","1","","11"
"2015047009","03","99","2658 PUCKETY DR","","EXPORT","PA","15632","DURA-BOND STEEL","7243270280","","","","","","N","","","","","","N","","","","","","","","2","00051429","08"
"2015023482","05","1","5404 W 25TH AVE STE 101","","GARY","IN","46406","INTER FREIGHT INC","2193083749","080000","","","","","N","","","","","","N","","","","","","","","1","01196617","08"
"2015032848","99","1","PO BOX 3588","","WINCHESTER","VA","22604","VALLEY PROTEINS INC","8142331507","054499","","","","","N","","","","","","N","","","","","","","","1","00036807","05"
"2015032848","06","4","2255 RT 217 S","","BALIRSVILLE","PA","15717","TAYLOR SERVICES","7244598900","073280","","","","","N","","","","","","N","","","","","","","","7","00036807","00"
"2015082772","02","1","2814 FUNSTON ST","","HOLLYWOOD","FL","33020","KENNETH TORRES","2672312430","019500","","","","","N","","","","","099999999","N","","","","","","","","1","","03"
"2015118829","05","3","8225 FERNDALE ST APT 3","","PHILADELPHIA","PA","19111","BS 2000, INC","7735267330","080000","","","","","N","","","","","","N","","","","","","","","1","02797731","08"
"2015118829","05","3","4475 NE 3RD","","DES MOINES","IA","50313","BTI SPECIAL COMMODITIES INC","5152882675","080000","","","","","N","","","","","","N","","","","","","","","2","00159837","08"
"2015033567","05","1","4201 GRAND AVE","","PITTSBURGH","PA","15225","SOVEREIGN SVCS INC","4123316704","080000","","","","","N","","","","","","N","","","","","","","","2","00187669","08"
"2015130878","02","3","286 BONNIEBROOK RD","","BUTLER","PA","16002","CONCRETE CORING CO","7242839030","025500","","","","","N","","","","","","N","","","","","","","","2","01240710","03"
"2015091255","02","8","2235 BEAVER AVE","","PITTSBURGH","PA","15222","PORT AUTHORITY OF ALLEGHENY COUN","4124422000","","","","","","N","","","","","","N","","A-00976060","","","","","","1","","11"
"2015038274","05","2","2445 E SOUTHLAND BLVD S","","SOUTHLAKE","TX","76092","ANDREWS LOGISTICS","7243022365","080000","","","","","N","","","","","","N","","","","","","","","1","00736714","08"
"2015074853","02","1","368 S. PENNSYLVANIA AVE","","WEIRTON","WV","26062","G.E.T. TRUCKING CO","3042241512","000000","","","","","N","","","","","","N","","","","","","","","1","01850883","03"
"2015001460","99","99","UNKNOWN","UNKNOWN","UNKNOWN","ZZ","999999999","UNKNOWN","9999999999","","","","","","","","","","","","U","","","","","","","","1","","99"
"2015014734","99","8","200 HAHN RD","","PITTSBURGH","PA","15209","FIRST STUDENT INC","9999999999","","","","","","N","","","","","","N","","","","","","","","1","","10"
"2015068517","02","8","345 6TH AVENUE","3RD FLOOR","PITTSBURGH","PA","15222","PORT AUTHORITY OF ALLEGHENY CO","4124422000","","","","","","N","","","","","","N","","A-00976060","","","","","","2","","11"
"2015008939","05","3","566 MOOYN ROAD","","CARROLLTON","GA","30116","J&B TRUCKING INC","7708360416","080000","","","","","N","","","","","","N","","","","","","","","1","00948921","08"
"2015084501","02","8","1825 LIVERPOOL STREET","","PITTSBURGH","PA","15233","PGH TRANSPORTATION GROUP CHARTER","4124424773","014050","","","","","N","","","","","","N","","","","","","","","2","01164759","11"
"2015131017","03","1","109 DARK HOLLOW ROAD","","OAKMONT","PA","15139","TDF SERVICE INC","4127344900","080000","","","","","N","","","","","","N","","","","","","","","2","00945123","08"
"2015041549","03","1","4501 W BRADBURY AVENUE","","INDIANAPOLIS","IN","46241","HOGAN TRUCK LEASING INC","8664646426","","","","","","N","","","","","","N","","","","","","","","1","00086787","08"
"2015102263","03","1","PO BOX 1925","","NEW KINGSTOWN","PA","17072","ABF FREIGHT SYSTEM INC","4127219937","026000","","","","","N","","","","","","N","","","","","","","","3","00082866","04"
"2015101229","02","1","17TH & ARSENAL","","HARRISBURG","PA","17120","PENNDOT","9999999999","073280","","","","","N","","","","","","N","","","","","","","","2","","98"
"2015096245","02","1","415 REBECCA STREET","","MCKEESPORT","PA","15132","PENNSYLVANIA COACH LINES","4126724020","","","","","","N","","","","","","N","","","","","","","","2","00465361","02"
"2015033715","99","8","209 13TH ST","","PITTSBURGH","PA","15215","NORTHERN AREA MULTI SERVICE CENT","9999999999","","","","","","N","","","","","","N","","","","","","","","1","","10"
"2015097680","05","4","304 CLARKS PIKE ROAD","","TARENTUM","PA","15084","HLOZNIKS SALVAGE","7242247121","080000","","","","","N","","","","","","N","","","","","","","","1","02274514","08"
"2015062966","05","2","2841 W FM 117","","DILLEY","TX","78017","JC FODALE ENERGY SERVICES LLC","7408273129","079680","","","","","N","","","","","","N","","","","","","","","1","02074762","08"
"2015105896","02","8","415 REBECCA ST.","","MCKEESPORT","PA","15132","PENNSLYVANIA COACH","4126640911","026000","","","","","N","","","","","","N","","","","","","","","1","00465361","11"
"2015105896","03","8","2235 BEAVER AVE.","","PITTSBURGH","PA","15233","PORT AUTHORITY ALLEGHENY CO.","4125665214","026000","","","","","N","","","","","","N","","A-00976060","","","","","","2","","11"
"2015121648","05","3","225 SANDY CREEK RD","","VERONA","PA","15147","PVO","4127937347","080000","","","","","N","","","","","","N","","","","","","","","1","01148672","08"
"2015079523","02","1","200 WASHINGTON AVE","","DRAVOSBURG","PA","15034","RED WHITE & BLUE CRANE LLC","4124691776","","","","","","N","","","","","","N","","","","","","","","3","02152871","04"
"2015110142","04","3","116 E 1100 N","","CHERSTON","IN","46304","ADS LOGISTICS CO LLC","2198363900","","","","","","N","","","","","","N","","","","","","","","1","00213341","06"
"2015074472","03","4","1000 MADISON AVENUE","","WEST ELIZABETH","PA","15088","LEWINTER TRANSFER COMPANY","4123848420","073280","","","","","N","","","","","000065279","N","","","","","","","","1","00162073","04"
"2015043733","05","1","4080 JENKINS RD","","CHATTANOOGA","TN","37421","US XPRESS LEASING INC","7697982418","080000","","","","","N","","","","","","N","","","","","","","","1","00303024","08"
"2015025833","99","8","4 RIVER RD","","MCKEES ROCKS","PA","15136","COMMUNITY TRANSPORT INC DBA","9999999999","","","","","","N","","","","","","N","","","","","","","","2","","10"
"2015095461","02","1","850 WILMINGTON ST. UNIT","","WASHINGTON","PA","15301","NPL CONSTRUCTION CO.","7248840029","026000","","","","","N","","","","","000201077","N","","","","","","","","1","00116231","03"
"2015097680","02","2","722-3027","","HARRISBURG","PA","17120","PENNDOTT","8009324600","","","","","","N","","","","","","N","","A-99999999","","","","","","2","","03"
"2015096538","05","6","200 EAST MARLEY RD","","KANSAS CITY","KS","66612","JACK COOPER TRANSPORT","5173223212","","","","","","N","","","","","","N","","","","","","","","1","00006416","08"
"2015047273","03","3","502 NORTH STREET","","MIFFLINTOWN","PA","17059","TERRENCE WILLIS","7179536431","080000","","","","","N","","","","","","N","","","","","","","","2","00349869","08"
"2015124630","03","1","2311 W 15TH ST.","","ERIE","PA","16505","NATIONAL TRUCKLOAD INC.","8142406864","080000","","","","","N","","","","","","N","","A-00712696","","","","","","2","02028242","06"
"2015046240","02","1","200 HAHN RD","","PITTSBURGH","PA","15209","FIRST STUDENT","4128280226","015000","","","","","N","","","","","","N","","","","","","","","2","","02"
"2015116597","01","1","8 RIVER AVENUE","","MCKEES ROCKS","PA","15136","COMMUNITY TRANSPORTATION","4123314396","","","","","","N","","","","","","N","","","","","","","","2","","02"
"2015026556","99","4","414 GRANT ST","","PITTSBURGH","PA","15219","CITY OF PITTSBURGH","9999999999","025999","","","","","N","","","","","","N","","","","","","","","2","","09"
"2015007987","05","2","200 SPEARS ST","","BELLE VERNON","PA","15012","SOURCE ONE","7244833570","080000","","","","","N","","","","","","N","","","","","","","","2","00930620","08"
"2015098033","02","7","1500 HAYDEN BLVD","","ELIZABETH","PA","15037","WASTE MANAGEMENT OF PENNSYLVANIA","4128029289","073280","","","","","N","","","","","","N","","","","","","","","1","00344050","03"
"2015126585","03","1","3147 W 169TH PL","","HAMMOND","IN","46323","UNITED PARCEL SERVICE INC","9999999999","080000","","","","","N","","","","","","N","","","","","","","","2","00021800","08"
"2015100121","04","3","5952 HWY 350","","LAREDO","TX","78043","ARTURO CANU JR INC DBA HI-VALLEY","9567250084","028600","","","","","N","","","","","","U","","","","","","","","1","02020772","06"
"2015110274","02","1","1130 ROBERTSVILLE ROAD","","PUNXSUTAWNEY","PA","15767","FRANK ROBERTS AND SONS","7249385000","033000","","","","","N","","","","","","N","","","","","","","","2","00036301","03"
"2015095559","02","1","2000 SHEENA DRIVE","","PITTSBURGH","PA","15239","PUGLIANO CONSTRUCTION CO INC","4127989700","025950","","","","","N","","","","","","N","","","","","","","","1","01838148","03"
"2015123364","05","1","9412 NE 52ND AVE","","VANCOUVER","WA","98665","JACKO LOGISTICS LLC","3607737140","080000","","","","","N","","","","","","N","","","","","","","","1","02580906","08"
"2015118988","03","1","3552 ROUTE 66","","EXPORT","PA","15632","AD WEAVER SERVICE","4124961130","080000","","","","","N","","","","","","N","","","","","","","","5","00345017","08"
"2015116536","03","4","2255 PA-217 SOUTH","","BLAIRSVILLE","PA","15717","TAYLOR SERVICES","7244598901","073280","","","","","N","","","","","","N","","A-00108395","","","","","","1","00120871","04"
"2015035544","03","1","3805 CRESTWOOD PARWAY","SUITE 400","DULUTH","GA","30096","NATIONAL DCP,LLC","7703698600","080000","","","","","N","","","","","","N","","","","","","","","1","02258283","04"
"2015048696","05","3","55 MATCHETTE RD","","CLINTON","PA","15026","AIR-GROUND XPRESS","3043654985","","","","","","N","","","","","","N","","","","","","","","1","00259447","08"
"2015089185","05","1","7101 W. 17TH AVE.","","GARY","IN","46406","SCHNIEDER NATIONAL","8142214947","099999","","","","","N","","","","","","N","","","","","","","","2","00264184","08"
"2015074660","05","1","GOOSE HILL RD BOX 259","","JEFFERSON","ME","04348","UNIVERSITY CORPORATION","6144921144","080000","","","","","N","","","","","","N","","","","","","","","1","00200236","08"
"2015035706","02","8","200 HAHN ROAD","","PITTSBURGH","PA","15209","FIRST STUDENT INC","4122100300","","","","","","N","","","","","","N","","","","","","","","1","","11"
"2015038915","03","7","310 LEGER RD","","NORTH HUNTINGDON","PA","15642","WASTE MANAGEMENT","7248645536","073280","","","","","N","","","","","","N","","","","","","","","2","00344050","98"
"2015024052","02","8","345 6TH AVE 3RD FLOOR","","PITTSBURGH","PA","152222527","PORT AUTHORITY OF ALLEGHENY COUN","4124422000","","","","","","N","","","","","","N","","A-00976060","","","","","","2","","11"
"2015079828","05","0","920 BRUNSWICK ST.","","BALTIMORE","MD","21223","RYDER TRUCK RENTAL LT","7179279022","080000","","","","","N","","","","","","N","","","","","","","","1","00263421","08"
"2015116561","02","1","300 DISTRIBUTION CIRCLE","# A","FAIRFIELD","OH","45014","E.J. THOMAS COMPANY LLC.","6142555055","330000","","","","","N","","","","","","N","","","","","","","","1","02065726","03"
"2015123361","03","1","14507 FRONTIER RD","","OMAHA","NE","68138-3808","WERNER ENTERPRISES INC","8887047406","008000","","","","","N","","","","","","N","","","","","","","","1","00053467","08"
"2015123361","06","4","151 SECOND ST","","LOWELLVILLE","OH","44436","PENN OHIO SEALING CO. LLC","3305368133","732880","","","","","N","","","","","","N","","","","","","","","2","01773415","04"
"2015121475","03","1","4475 NE 3RD ST","","DES MOINES","IA","50313","BTI SPECIAL COMMODITIES INC","5757021572","034000","","","","","N","","","","","","U","","","","","","","","2","00159837","08"
"2015023121","05","1","1136 WESTERN AVE","","PITTSBURGH","PA","15233","UNITED STATES POSTAL SERVICE","4123597848","","","","","","N","","","","","","N","","","","","","","","2","","08"
"2015092799","02","8","345 6TH AVE 3RD FLOOR","","PITTSBURGH","PA","152222527","PORT AUTHORITY OF ALLEGHENY CO","4124422000","","","","","","N","","","","","","N","","A-00976060","","","","","","2","","11"
"2015116708","02","8","2235 BEAVER AVE","","PITTSBURGH","PA","15233","PORT AUTHORITY  OF ALLEGHENY CO","4124422000","","","","","","N","","","","","","N","","A-00976060","","","","","","2","","11"
"2015026579","02","8","415 REBECCA ST","PO BOX 3052","MCKEESPORT","PA","15134","PENNSYLVANIA COACH","4126640911","","","","","","N","","","","","","N","","","","","","","","1","","11"
"2015087438","04","7","2197 DUSS AVE","","AMBRIDGE","PA","15003","WASTE MANAGEMENT","7243859299","073280","","","","","N","","","","","","N","","","","","","","","2","00344050","04"
"2015092680","06","2","8712 E. LIBERTY DR","","SELMA","IN","47383","DAVIS MAIL SERVICES INC","3044575623","","","","","","N","","","","","","N","","","","","","","","1","01787026","03"
"2015083005","05","3","211 COLLEGE ST","","BUTLER","PA","16001","OWNER OPERATOR","4126031858","080000","","","","","N","","","","","","N","","","","","","","","2","00009999","08"
"2015059212","02","8","223 CLEVER RD","","MC KEES ROCKS","PA","15136","MONTOUR SCHOOL DISTRICT","4124906500","","","","","","N","","","","","","N","","","","","","","","2","","11"
"2015112965","99","1","101 OLD FRANKSTOWN RD","","PITTSBURGH","PA","15239","FIRST TRANSIT","4127939046","026001","","","","","N","","","","","","N","","","","","","","","2","01002211","02"
"2015009015","02","1","1463 SIMANTON STREET","","ASHLAND","OH","44805","NELSON TREE SERVICE INC.","8566949100","019000","","","","","N","","","","","","N","","","","","","","","1","00336944","03"
"2015048693","05","3","1466 MITCHEL AVE.","","ZANESVILLE","OH","43701","DARKSIDE TRUCKING","7408198358","080000","","","","","N","","","","","","N","","","","","","","","2","01242834","08"
"2015029214","05","1","4080 JENKINS ROAD","","CHATTANOOGA","TN","37421","US XPRESS INC","8662398603","080000","","","","","N","","","","","","N","","","","","","","","1","00303024","06"
"2015053457","02","4","2000 LINCOLN ROAD","","PITTSBURGH","PA","15235","JENDOCO CONSTRUCTION COMPANY","4123614500","","","","","","N","","","","","","N","","","","","","","","1","","00"
"2015071293","03","7","4859 STATE ROUTE 51 NOR","","BELLE VERNON","PA","15012","BIGS TRUCKING","7243794331","073280","","","","","N","","","","","","N","","","","","","","","1","01339470","04"
"2015071293","02","1","971 BRIARSDALE ROAD","","HARRISBURG","PA","17109","RYDER TRUCK RENTALS","0000000000","000000","","","","","N","","","","","","N","","","","","","","","2","00999999","03"
"2015096063","05","3","4010 COLUMBUS AVE","","SANDUSKY","OH","44870","SOUTH SHORE TRANSPORTATION CO","4196266267","","","","","","N","","","","","","N","","","","","","","","2","00247350","06"
"2015043665","02","1","300 CENTRE POINTE DRIVE","","VIRGINIA BEACH","VA","23462","BUDGET RENTAL","7574860050","026000","","","","","N","","","","","","U","","","","","","","","2","01092543","03"
"2015061635","02","8","400 HILLVUE LN","","PITTSBURGH","PA","15237","NORTH ALLEGHENY SCHOOL DISTRIC","4123695500","","","","","","N","","","","","","N","","","","","","","","2","","11"
"2015091615","02","1","1821 BEAVER AVE","","PITTSBURGH","PA","15233","UNITED PARCEL SERVICE","8007425877","016000","","","","","N","","","","","","N","","","","","","","","1","00021800","03"
"2015128407","05","1","2300 E. HIGGINS ROAD ST","","ELK GROVE VILLAGE","IL","60007","DELTA FREIGHT SYSYTEM LLC","5405886186","080000","","","","","N","","","","","","N","","","","","","","","1","01257876","08"
"2015089845","05","1","1221 RICHFIELD CT","","WOODRIDGE","IL","60517","NAVIGATION INC","6307059550","080000","","","","","N","","","","","","N","","","","","","","","2","02145070","08"
"2015092376","03","4","4993 OLD CLAIRTON RD","","PITTSBURGH","PA","15236","PITTSBURGH  ASPHALT COMPANY","4128813200","073280","","","","","N","","","","","","N","","","","","","","","1","02073216","09"
"2015092376","02","99","5711 RESEARCH DR","","CANTON","MI","48188","AERO COMMUNICATIONS INC","7344678121","017000","","","","","N","","","","","","N","","","","","","","","2","01234261","00"
"2015076340","03","7","197 SWAMP CREEK ROAD","","GILBERTSVILLE","PA","19525","WASTE MANAGEMENT OF PA","7243506740","073280","","","","","N","","","","","","N","","","","","","","","2","00344050","04"
"2015063417","99","1","928 TOOD DRIVE #2","","JANESVILLE","WI","53546","FORZACK INC","6082395347","","","","","","","","","","","","N","","","","","","","","1","","06"
"2015016040","03","8","5374 WILLIAM FLYNN HWY","","GIBSONIA","PA","15044","MONARK STUDENT TRANSPORT","7248983563","","","","","","N","","","","","","N","","A-00116335","","","","","","1","00856887","11"
"2015059250","03","99","755 BEECHNUT DRIVE","","PITTSBURGH","PA","152051803","TALON LOGISTICS","4129636200","080000","","","","","N","","","","","","N","","","","","","","","2","99999999","08"
"2015119543","02","4","1031 NEW CASTLE ROAD","`","PROSPECT","PA","16052","EISLER NURSERIES INC.","7248652030","033000","","","","","N","","","","","","N","","","","","","","","1","02125684","06"
"2015041678","02","8","2235 BEAVER AVENUE","","PITTSBURGH","PA","15233","PORT AUTHORITY OF ALLEGHENY COUN","4124422000","","","","","","N","","","","","","N","","A-00976060","","","","","","1","","11"
"2015105155","05","1","470 INDUSTRIAL PARK RD","","EBENSBURG","PA","15931","MCANEY BROTHERS","8005624979","080000","","","","","N","","","","","","N","","","","","","","","2","00056300","08"
"2015129252","02","1","2 PRESTLEY RD","","BRIDGEVILLE","PA","15027","THE LANE CONSTRUCTION CORP","4122214360","033000","","","","","N","","","","","","N","","","","","","","","1","00027913","03"
"2015101009","02","4","ONE MELE PLACE","","BRADDOCK","PA","15104","MELE & MELE & SONS","4123511234","021000","","","","","N","","","","","","N","","","","","","","","1","02045293","09"
"2015101009","02","3","ONE MELE PLACE","","BRADDOCK","PA","15104","MELE & MELE & SONS","4123511234","","","","","","N","","","","","","","","","","","","","","2","02045293","02"
"2015098434","02","8","13413 STATE RT 422","","KITTANNING","PA","16201","PATCO TRANSIT INC","7245485881","","","","","","N","","","","","","N","","A-00106393","","","","","","1","00281003","10"
"2015022798","03","1","916 BRUSH CREEK ROAD","","WARRENDALE","PA","15085","DANDY SERVICE CORP","8553133636","","","","","","N","","","","","000023035","N","","A-00111688","","","","","","2","00202393","04"
"2015022003","99","6","227 SANDY CREEK RD","","VERONA","PA","15147","DON KUHN AUTO BODY","9999999999","019500","","","","","","","","","","","N","","","","","","","","2","","09"
"2015110777","02","8","BEAVER & ISLAND AVE","","PITTSBURGH","PA","15233","PORT AUTHORITY OF ALLEGHENY COUN","4124764000","039600","","","","","N","","","","","","N","","A-00976060","","","","","","2","","11"
"2015065562","05","1","15 27TH STREET","","PITTSBURGH","PA","15208","PITT OHIO EXPRESS LLC","8006697488","080000","3","8","","","Y","1","1","","","000003567","N","","","","","","","","1","","08"
"2015131943","02","8","1615 MT NEBO RD","","SEWICKLEY","PA","15143","FIRST STUDENT INC","4127349288","099999","","","","","N","","","","","","N","","","","","","","","2","00354406","11"
"2015032249","01","1","3327 WEST CARSON ST","","PITTSBURGH","PA","15204","SIERRA TRANSPORTATION","4123310202","999999","","","","","N","","","","","","N","","A-00124177","","","","","","1","01856389","02"
"2015041159","02","99","N/A","","N/A","ZZ","99999","PENSKE LEASING COMPANY","1888234420","","","","","","N","","","","","","N","","","","","","","","2","01062707","08"
"2015075065","05","1","160 VELTRI DR","","WASHINGTON","PA","15301","VELTRI TRUCKING","7245041639","","","","","","N","","","","","004522360","N","","","","","","","","1","01077151","08"
"2015031232","03","8","2235 BEAVER AVENUE","","PITTSBURGH","PA","15233","PORT AUTHORITY OF ALLEGHENY COUN","4125665500","026000","","","","","N","","","","","","N","","A-00976060","","","","","","1","","11"
"2015128471","02","8","3640 OLD OAKDALE ROAD","1300 LT. WILL WAY","MCDONALD","PA","15057","SOUTH FAYETTE SCHOOL DISTRICT","4122214542","","","","","","N","","","","","","N","","","","","","","","1","99999999","11"
"2015021355","03","4","515 MILLERS RUN ROAD","","MORGAN","PA","15064","SOUTH FAYETTE TOWNSHIP","4122218700","","","","","","N","","","","","","N","","","","","","","","2","","04"
"2015082537","02","1","1349 SAW MILL RUN BLVD","","PITTSBURGH","PA","15226","BOWERHILL ROADSIDE LLC","4128330733","","","","","","N","","","","","","N","","","","","","","","1","01815674","03"
"2015017398","03","4","420 BURNS LANE","","RUFFS DALE","PA","15679","TR TRUCKING & EXCAVATING INC.","1234567899","080000","","","","","N","","","","","","N","","A-00117548","","","","","","1","01122214","04"
"2015090555","05","3","221 BUCHANAN PL APT B1","","PITTSBURGH","PA","15228","BAKHTIYR BINALI","4129796698","080000","","","","","N","","","","","","N","","","","","","","","2","02596206","04"
"2015126666","99","99","1118 3RD STREET","","NORTH VERSAILLES","PA","15137","BANKS GAS SERVICES","9999999999","025500","","","","","N","","","","","","N","","","","","","","","2","","05"
"2015093299","03","1","329 JEFFERSON","","ROCHESTER","NY","14623","RYDER","4125551212","026000","","","","","N","","","","","","N","","","","","","","","1","00016130","03"
"2015047305","05","1","211 HUFF AVE  STE G","","GREENSBURG","PA","15601","CATCH UP LOGISTICS","7248509001","080000","","","","","N","","","","","000374033","N","","","","","","","","1","00845977","08"
"2015069227","02","4","1636 WILLIAM FLYNN HW","","GLENSHAW","PA","15116","HIGHLAND MILLING","4124877000","026000","","","","","N","","","","","","N","","","","","","","","1","01116793","03"
"2015098367","03","8","9 CRESENT STREET","","PITTSBURGH","PA","15223","AKS","4127811184","000000","","","","","N","","","","","","N","","","","","","","","2","","11"
"2015051086","06","1","CURRIE ROAD","PO BOX 296","PORTERSVILLE","PA","16051","MCCLYMONDS SUPPLY AND TRANSIT CO","7243688040","080000","","","","","N","","","","","","N","","A-00105846","","","","","","2","00269478","08"
"2015093456","99","1","114 SOUTH WATER ST","","KITTANNING","PA","16201","BRADIGANS","7245487654","","","","","","N","","","","","","N","","","","","","","","2","00266946","08"
"2015051215","02","8","200 HAHN RD","","PITTSBURGH","PA","15209","FIRST STUDENT INC","4128313112","","","","","","N","","","","","","N","","","","","","","","2","","11"
"2016026731","05","1","2876 STATE ROUTE 286, P","","SALTZBURG","PA","15681","COORDINATORS INC","7249708364","080000","","","","","N","","","","","","N","","A-00125079","","","","","","2","00085150","08"
"2015006514","02","1","415 REBECCA STREET","","MCKEESPORT","PA","15232","PENNSYLVANIA COACH LINES","4126640911","","","","","","N","","","","","","N","","A-0110344","","","","","","2","00465361","02"
"2015123486","04","99","4925 C.W. LEACH ROAD","","ALLISTON","ON","L9R2B1","TRAILWOOD TRANSPORT LTD","5194557115","080000","","","","","N","","","","","","N","","","","","","","","1","00288405","08"
"2015098220","04","8","345 SIXTH AVENUE","","PITTSBURGH","PA","15222","ALLEGHENY COUNTY PORT AUTHORITY","4124422000","","","","","","N","","","","","","N","","A-00976060","","","","","","1","","11"
"2015069593","05","1","123 SOUTH FRONT STREET","","MEMPHIS","TN","38103","AUTOZONE TEXAS LLC","7404505670","","","","","","N","","","","","","N","","","","","","","","2","00288323","08"
"2015133609","04","1","800 ANDERSON ST","","NEW KENSINGTON","PA","15068","GALLI BEER DISR","7243373581","540000","","","","","N","","","","","","N","","","","","","","","1","00033787","08"
"2015079923","05","1","1535 NEW HOPE CHURCH RO","","TUNNEL HILL","GA","30755","US XPRESS","8006015500","080000","","","","","N","","","","","","N","","","","","","","","3","00303024","08"
"2015047466","02","8","345 6TH AVE THIRD FLOOR","","PITTSBURGH","PA","15222","PORT AUTHORITY OF ALLEGHENY CO","4124422000","","","","","","N","","","","","","N","","A-00976060","","","","","","2","","11"
"2015015246","05","99","2341 BERRYHILL STREET","","HARRISBURG","PA","17104","MUHAMMAD ASHRAF","7176089409","080000","","","","","N","","","","","","N","","","","","","","","1","02432918","08"
"2015087058","99","8","200 HAHN","","PITTSBURGH","PA","15209","FIRST STUDENT","9999999999","999999","","","","","N","","","","","","N","","","","","","","","2","","11"
"2015086982","02","6","114 RICCI ST","","SOUTHWEST","PA","15685","RAM TOWING","7244238006","","","","","","N","","","","","","N","","A-00119100","","","","","","1","00904046","04"
"2015086982","03","4","1504 ORANGEWOOD AVE","","PITTSBURGH","PA","15216","DARYL HOUSTON","4124755985","","","","","","N","","","","","","N","","00122456","","","","","","3","02102596","04"
"2015086151","02","1","1450 S WARFIELD STREET","","PHILADELPHIA","PA","19146","RYDER TRUCK RENTAL","4124718330","","","","","","N","","","","","","N","","","","","","","","2","00427365","03"
"2015076222","03","4","3501 NEVILLE ROAD","","PITTSBURGH","PA","15225","NEVILLE AGGREGATES COMPANY INC","4127714001","073280","","","","","N","","","","","","N","","","","","","","","1","02066579","04"
"2015117327","03","7","782 ANTRIM ROAD","","WELLSBORO, PA. 16901","PA","16901","WASTE MANAGEMENT","7135126200","030660","","","","","N","","","","","","N","","","","","","","","1","00344050","04"
"2015011860","01","0","155 AIRPORT RD.","","INDIANA","PA","15701","AZTEC WELL SERVICING CO","7245413406","008800","","","","","N","","","","","","N","","","","","","","","2","00240963","02"
"2015075176","05","3","908 BROADWAY AVENUE EXT","","MASURY","OH","44438","PI & I MOTOR EXPRESS INC","3304484035","080000","","","","","N","","","","","000112063","N","","","","","","","","1","00122443","08"
"2015009359","03","2","1401 RIPLEY ST","","LAKE STATION","IN","14274","SIMONS PATROLEUM LLC","7243889977","080000","","","","","N","","","","","","N","","","","","","","","1","00335576","09"
"2015055953","05","1","3200 INDUSTRIAL PARK RD","","VAN BUREN","AR","72956","USA TRUCK","8004740044","080000","","","","","N","","","","","","N","","","","","","","","1","00213754","08"
"2015118395","05","1","2268 LANDMEIER RD STE E","","ELK GROVE VILLAGE","IL","60007","CHICAGO AIR FREIGHT INC","2248753094","080000","","","","","N","","","","","","N","","","","","","","","1","02106977","08"
"2015078187","01","3","352 BALDWIN RD","","PITTSBURGH","PA","15207","PETER J CARUSO AND SONS INC","4124624500","014600","","","","","N","","","","","","N","","","","","","","","1","00374392","09"
"2015105427","05","1","2413 N SOONER RD","","OKLAHOMA CITY","OK","73141","CASPIAN TRANSPORTATION","4056806800","080000","","","","","N","","","","","","N","","","","","","","","1","02301295","08"
"2015135043","99","7","526 CITY COUNTY BLDG","","PITTSBURGH","PA","15219","CITY OF PITTSBURGH","4129999999","058400","","","","","N","","","","","","N","","","","","","","","2","","09"
"2015084323","05","1","3365 E 400TH N","","HARTFORD CITY","IN","47348","MCCAMMON TRUCKING INC.","7653480619","008000","","","","","N","","","","","MC-171534","N","","","","","","","","1","00070687","08"
"2015058383","02","3","962 9TH AVE","","BRACKENRIDGE","PA","15014-1106","TERRY'S TOWING SERVICE LLC","7242245588","026000","","","","","N","","","","","","N","","","","","","","","2","00653619","09"
"2015092851","02","8","2235 BEAVER AVE","","PITTSBURGH","PA","15233","PORT AUTHORITY","4124422000","","","","","","N","","","","","","N","","","","","","","","3","","11"
"2015116113","02","8","550 5TH ST EXT.","","TRAFFORD","PA","15146","STA OF PA","7244931697","000001","","","","","N","","","","","","N","","","","","","","","2","","11"
"2015102304","02","8","1110 MIDDLESEX  ST","","GIBSONIA","PA","15044","STA","7245024614","014292","","","","","N","","","","","","N","","","","","","","","1","","11"
"2015048695","03","4","2100 ROUTE 51","","LARGE","PA","15025","CATERPILLAR FINANCIAL SERVICES","4122876201","073280","","","","","N","","","","","","N","","","","","","","","2","20996604","04"
"2015006482","04","4","264  37TH STREET","","PITTSBURGH","PA","15201","TIM TRUKING LLC","4129658057","073280","","","","","N","","","","","","N","","","","","","","","3","02356106","04"
"2015113423","04","4","9152 ROUTE 22","","BLAIRSVILLE","PA","15717","WELL SERVICE GROUP INC","7247547978","073280","","","","","N","","","","","","N","","","","","","","","1","02307947","04"
"2015132090","04","4","150 KLEIN RD","","FREEDOM","PA","15042","JOHN GRAHM TRUCKING","7247754948","073280","","","","","N","","","","","","N","","","","","","","","1","00889016","04"
"2015067378","05","1","1000 SIMPSON RD","","ROCKFORD","IL","61102","LANDSTAR RANGER INC","8008729400","080000","","","","","N","","","","","","N","","","","","","","","2","00241572","08"
"2015016610","03","2","PO BOX 10","","HEBRON","OH","43025","MPW INDUSTRIAL SERVICES","7409278790","060000","","","","","N","","","","","000203878","N","","","","","","","","1","00249701","04"
"2015040318","03","1","655 NORTH RIVER ROAD","","WARREN","OH","44483","KELLOGGS","3303061520","","","","","","N","","","","","","N","","","","","","","","2","00732581","08"
"2015003640","05","99","UNKNOWN","","UNKNOWN","ZZ","99999","UNKNOWN","9999999999","","","","","","","","","","","","U","","","","","","","","1","99999999","99"
"2015012613","02","4","1788 SAXONBURG BLVD","","TARENTUM","PA","15084","SMULLIN ASPHALT","7242651939","","","","","","N","","","","","","N","","","","","","","","2","","03"
"2015002072","02","8","798 EKASTOWN ROAD","","SARVER","PA","16055","W L ROENIGK","7243531515","","","","","","N","","","","","","N","","A-00110238","","","","","","1","00153855","11"
"2015002072","02","0","1200 PENN AVE","","PITTSBURGH","PA","15222","+PITTSBURGH WATER AND SEWER AUTH","4122553423","","","","","","N","","","","","","N","","","","","","","","5","","05"
"2015033681","03","4","217 SHULTZ ROAD","","MT PLEASANT","PA","15666","T.R. SPIERS WELL SERVICE","7247872627","073280","","","","","N","","","","","","N","","","","","","","","2","02332693","04"
"2015041635","05","1","3209 W SMITH VALLEY RD","STE 900","GREENWOOD","IN","46143","INTEGRATED TRUCKING INC","3179143602","","","","","","N","","","","","","N","","","","","","","","1","02545149","08"
"2016013334","02","4","1623 MIDDLE ROAD EXT","","GIBSONIA","PA","15044","BETHS BARRICADES","7246812958","025300","","","","","N","","","","","","N","","","","","","","","2","01843685","03"
"2015060404","05","99","3825 US HWY 6 EAST","","WATERLOO","IN","46793","CRESTWOOD TRANSPORT","2608377826","","3","","","","Y","1","","","","","N","","","","","","","","1","00931372","08"
"2015073714","02","3","400 NAVE ROAD SE","","MASSILLON","OH","44646","A R E LOGISTICS LLC","3308307800","","","","","","N","","","","","000567964","N","","","","","","","","1","00329967","06"
"2015095260","02","1","4001 LEADENHALL","","MOUNT LAUREL","NJ","08054","ARI FLEET","8567781500","010000","","","","","N","","","","","","N","","","","","","","","2","","02"
"2015116534","02","1","7735 SALTSBURG ROAD","","PITTSBURGH","PA","15235","A. J. MEYERS","4127937000","012300","","","","","N","","","","","","N","","","","","","","","1","","02"
"2015111064","05","3","1001 INDUSTRIAL PKY","","MC DONOUGH","GA","30253","BENNETT MOTOR EXPRESS LLC","8008665500","080000","","","","","N","","","","","","N","","","","","","","","1","00092693","08"
"2015068920","03","99","563 PITTSBURGH PIKE","","RUFFSDALE","PA","15679","RONALD KELLY TRUCKING","7246402242","080000","","","","","N","","","","","000569312","N","","A-00116845","","","","","","2","01409289","06"
"2015133708","02","8","200 HAHN RD","","PITTSBUEGH","PA","15209","FIRST STUDENT INC","4129275343","","","","","","N","","","","","","N","","","","","","","","1","","11"
"2015011208","02","8","2235 BEAVER AVE","","PITTSBURGH","PA","15233","PORT AUTHORITY","4125665214","","","","","","N","","","","","","N","","A-00976006","","","","","","1","","11"
"2015014480","01","1","4668 DUNMANN WAY","","GROVE CITY","OH","43123","DAVID PASTOREK INC","6143745187","026000","","","","","N","","","","","000408940","N","","","","","","","","2","00951009","03"
"2015077360","03","4","2255 PA-217","","BLAIRSVILLE","PA","15717","TAYLOR TRUCKING","7244598900","073280","","","","","N","","","","","","N","","A-00108395","","","","","","1","00120871","04"
"2015020063","99","99","5900 BAUM BLVD","","PITTSBURGH","PA","15206","AAA EAST CENTRAL","9999999999","025500","","","","","N","","","","","","N","","","","","","","","2","","09"
"2015047373","03","4","102 SMITH DRIVE","","CLINTON","PA","15206","D&M WESTON TRUCKING","4216701887","073280","","","","","N","","","","","","N","","","","","","","","1","02072143","04"
"2015047373","03","4","1251 RUSSELLTON RD.","","CHESWICK","PA","15024","TESONE TRANSPORT INC.","7242742250","073280","","","","","N","","","","","","N","","","","","","","","2","00507931","04"
"2015089618","02","1","221 ALBANY ST","","PITTSBURGH","PA","15220","RC BROTHERS INC","4129218844","021000","","","","","N","","","","","","N","","","","","","","","1","","03"
"2015092513","04","5","109 DARK HOLLOW RD","","OAKMONT","PA","15139","A FOLINO CONSTRUCTION","4128202800","033000","","","","","N","","","","","","N","","","","","","","","1","01413297","04"
"2015124291","04","7","73 W NOBLESTOWN RD","","CARNEGIE","PA","15106","BFI WASTE SERVICES OF PENNSYLVAN","4124292600","079000","","","","","N","","","","","","N","","","","","","","","1","00962087","04"
"2015060245","02","4","1200 PENN AVE","","PITTSBURGH","PA","15222","PWSA","4122552423","000000","","","","","N","","","","","000000000","N","","","","","","","","1","00000000","03"
"2015008822","05","1","6720 NORTH NINTH STREET","","OMAHA","NE","68112","REINHART TRANSPORTATION","8007110362","080000","","","","","N","","","","","","N","","","","","","","","2","00088290","06"
"2015127804","03","1","971 BRIARSDALE RD.","","HARRISBURG","PA","17109","RYDER TRUCK RENTAL","8007538808","048000","","","","","N","","","","","","N","","","","","","","","1","01325605","04"
"2015127804","05","3","16052 GA HIGHWAY 129 N","","CLAXTON","GA","30417","CANOOCHEE TRANSPORT","9127397622","080000","","","","","N","","","","","","N","","","","","","","","2","00546116","08"
"2015080996","03","7","310 LEGER ROAD","","N. HUNTINGDON","PA","15642","WASTE MANAGEMENT","7135126200","073280","","","","","N","","","","","000715171","N","","","","","","","","1","00344050","04"
"2015015695","02","4","17TH & ARSENAL BLVD","","HARRISBURG","PA","17120","PENNDOT","4127813260","058400","","","","","N","","","","","","N","","","","","","","","1","","09"
"2015133787","02","1","150 S 24TH ST","","PITTSBURGH","PA","15203","NATIONAL UNION FIRE INS CO OF","4124318747","000000","","","","","N","","","","","","N","","","","","","","","1","00354406","02"
"2015049997","02","99","109 DARK HOLLOW RD","","OAKMONT","PA","15139","FOLINO CONSTRUCTION","4128202800","","","","","","N","","","","","","U","","","","","","","","2","","98"
"2015122367","01","99","1220 MCKEE ST","","MCKEES ROCKS","PA","15136","THE HOLDEN CORP","4127716330","999999","","","","","N","","","","","","N","","","","","","","","2","00364088","09"
"2015106721","03","2","242 SHEETZ WAY","","CLAYSBURG","PA","16625","CLI TRANSPORT LP","8146959475","080000","3","","","","Y","1","","","","","N","","A-00115902","","","","","","2","00811465","08"
"2015070806","03","3","4921 ROSETTA ST","","PITTSBURGH","PA","15224","ALLEN DEMOLITION AND EXCAVATION","4123617500","080000","","","","","N","","","","","","N","","","","","","","","1","02117476","08"
"2015089835","05","1","1011 LAKE AVE APT 10","","METAIRE","LA","70005","WAGON TRANSPORTATION LLC","5043396885","","","","","","N","","","","","","N","","","","","","","","2","02511808","06"
"2015086111","03","1","3100 CARSON ST","","PITTSBURGH","PA","15203","F.B FUHRER WHLS. CO.","4124888844","035000","","","","","N","","","","","","N","","","","","","","","2","20660691","09"
"2015077351","03","1","11250 BROOKPARK ROAD","","CLEVELAND","OH","44130","RYDER TRUCK RENTAL","8006783210","026000","","","","","N","","","","","","N","","","","","","","","1","00016130","04"
"2015032770","05","2","3952 PENDLETON WAY","","INDINA","IN","46226","TRANSPORT AMERICA","3143271908","080000","","","","","N","","","","","","N","","","","","","","","2","00183949","08"
"2015081212","02","8","345 6TH AVE 3RD FLOOR","","PITTSBURGH","PA","152222527","PORT AUTHORITY OF ALLEGHENY COUN","4124422000","","","","","","N","","","","","","N","","A-00976060","","","","","","2","","11"
"2015072835","02","8","2235 BEAVER AVE","","PITTSBURGH","PA","15233","PORT AUTHORITY OF ALLEGHENY COUN","4125665500","","","","","","N","","","","","","N","","A-00976060","","","","","","2","","11"
"2015088036","02","3","145 MOUNT PLEASANT RD","","WARRENDALE","PA","15086","SINGER CONSTRUCTION","7249352424","","","","","","N","","","","","","N","","","","","","","","2","02189540","09"
"2015071435","03","1","11250 BROOKPARK RD.","","CLEVELAND","OH","44130","RYDER TRUCK RENTAL","8002979337","","","","","","N","","","","","","N","","A-0119567","","","","","","2","01094779","08"
"2015051747","03","2","358 REIMER RD","","SARVER","PA","16055","GLASSMERE FUEL SERVICE INC","8002359054","080000","3","","","","Y","1","","","","","N","","A-00114860","","","","","","3","00276273","08"
"2015017981","05","2","7107 W. 17TH AVENUE","","GARY","IN","46406","SCHNEIDER BULK CARRIERS","7174622229","080000","","","","","N","","","","","","N","","","","","","","","2","01179113","08"
"2015122566","05","1","127 SHORT STREET","","BROOKHAVEN","MS","39603","LEAKENDRICK BRIDGES","8323012789","080000","","","","","N","","","","","","N","","","","","","","","1","00087865","08"
"2015047310","02","8","200 HAHN RD","","PITTSBURGH","PA","15209","FIRST STUDENT INC.","7248645018","","","","","","N","","","","","","N","","","","","","","","2","00354406","11"
"2015079432","03","4","586 THORN RUN ROAD","","CORAOPOLIS","PA","15108","C&R LAWN CARE","4123029024","073280","","","","","N","","","","","000000999","N","","","","","","","","1","00000999","04"
"2015134379","05","99","UNKNOWN","","UNKNOWN","ZZ","99999-9999","UNKNOWN","9999999999","080000","","","","","","","","","","","N","","","","","","","","2","99999999","08"
"2015117891","03","8","2235 BEAVER AVENUE","","PITTSBURGH","PA","15233","PORT AUTHORITY OF ALLEGHENY CO.","4125665500","","","","","","N","","","","","","N","","A-00976060","","","","","","2","","11"
"2015053394","99","7","2197 DUSS AVE","","AMBRIDGE","PA","15003","WASTE MANAGEMENT OF PENNSYLVANIA","7242662604","054800","","","","","N","","","","","","N","","","","","","","","2","00335239","05"
"2015095265","08","1","1 RICH HILL","","CHESWICK","PA","15024","ECM TRANSPORT","7243398800","080000","","","","","N","","","","","","N","","A-00109321","","","","","","1","00317494","08"
"2015077434","02","1","200 KINNEY STREET","","CARNEGIE","PA","15106","STA OF PENNSYLVANIA INC.","4122498370","012300","","","","","N","","","","","000000000","N","","","","","","","","1","","02"
"2015025486","05","1","318 EVERSON VALLEY RD","","CONNELLSVILLE","PA","15425","CAVANAUGH TRUCKING INC","9999999999","068000","","","","","N","","","","","","N","","","","","","","","1","00046021","08"
"2015022002","03","6","433 S HOBART BLVD 212","","LOS ANGELES","CA","90020","TES TRANSPORTATION INC","2133757073","080000","","","","","N","","","","","","N","","","","","","","","1","02187528","06"
"2015089264","04","2","541 HWY 413","","LYMAN","WY","82937","WISE SERVICES INC","6077422892","005000","","","","","N","","","","","","N","","","","","","","","1","01887558","09"
"2015134092","05","3","5800 NW 74TH AVE","","MIAMI","FL","33166","CLASS TRANSPORTATION CORP","3059871786","080000","","","","","N","","","","","","N","","","","","","","","1","02506846","06"
"2015114476","03","7","526 CITY COUNTY BUILDIN","","PITTSBURGH","PA","15219","CITY OF PITTSBURGH","4122552467","064000","","","","","N","","","","","","N","","","","","","","","1","","04"
"2017012787","99","3","171 7TH AVENUE","","VALENCIA","PA","16059","RUSSELL STANDARD CORP","9999999999","999999","","","","","N","","","","","","U","","","","","","","","1","00064940","08"
"2015061657","99","1","GREEN HILLS","","READING","PA","19603","PENSKE LEASING","8553457268","026000","","","","","N","","","","","","N","","","","","","","","1","","05"
"2015106789","05","1","618 SW 3RD ST. STE 140","","CAPE CORAL","FL","33991","CJ TRANS. INC.","2392054418","080000","","","","","","","","","","","N","","","","","","","","1","02254050","08"
"2015060619","03","8","2235 BEAVER AVE.","","PITTSBURGH","PA","152331143","PORT AUTHORITY OF ALLEGHENY CO.","4124422000","","","","","","N","","","","","","N","","A-00976060","","","","","","2","","11"
"2015052302","02","1","1821 BEAVER AVENUE","","PITTSBURGH","PA","15233","UNITED PARCEL SERVICE INC","8007425877","","","","","","N","","","","","","N","","","","","","","","2","","03"
"2015095263","05","2","777 MAIN ST SUITE 1600","","FORT WORTH","TX","76102","FTS INTERNATIONAL SERVICES LLC","8179015579","080000","","","","","N","","","","","","N","","","","","","","","1","01315580","06"
"2015121937","02","4","3041 CANTERBURY DRIVE","","ALLISON PARK","PA","15101","NICK SCOTTI CONCRETE CONTRACTOR","4124861962","025950","","","","","N","","","","","","N","","","","","","","","2","02109088","03"
"2015097669","02","1","830 PA-910","","INDIANOLA","PA","15051","FIRST STUDENT","4126088226","014500","","","","","N","","","","","","N","","","","","","","","1","00354406","02"
"2015064168","02","3","700 HARGROVE STREET","","PITTSBURGH","PA","15226","MCGANN AND CHESTER","4123819400","","","","","","N","","","","","","N","","","","","","","","2","00279905","03"
"2015087405","05","3","12641 N. LODOREE RD.","","AMELIA","VA","23002","GRUB HILL TRANSPORT INC","5404336470","080000","","","","","N","","","","","","N","","","","","","","","1","02261580","06"
"2015059581","02","1","1825 LIVERPOOL","","PITTSBURGH","PA","15233","AIRLINES ACQUISITION","4124444444","","","","","","N","","","","","","N","","A-00108743","","","","","","1","","02"
"2015127056","05","1","2305 S 900 W","","SALT LAKE CITY","UT","84119","ESTENSON LOGISTICS LLC","0000000000","800000","","","","","N","","","","","","N","","","","","","","","2","80011828","08"
"2015108134","03","7","RT 1 BX 717 LANDFILL RD","","SCOTTDALE","PA","15683","GREENRIDGE WASTE SERVICES","7248879400","073280","","","","","N","","","","","","N","","","","","","","","1","00960505","04"
"2015056323","02","1","2626 W COLISEUM BLVD","3200 INDUSTRIES RD","FT WAYNE","IN","46808","CON-WAY FREIGHT IN","4122997306","080000","","","","","N","","","","","","N","","","","","","","","4","00241829","06"
"2015099455","02","8","345 6TH AVE. 3RD FLOOR","","PITTSBURGH","PA","15222","PORT AUTHORITY OF ALLEGHENY CO","4124422000","","","","","","N","","","","","","N","","A-00976060","","","","","","1","","11"
"2015011184","03","4","5913 R E SMITHFIELD ST","","MCKEESPORT","PA","15135","FARKAS CONTRACTING","4125325908","048000","","","","","N","","","","","","N","","","","","","","","5","01988182","04"
"2015092364","02","1","1900 PROGRESS AVE","","COLUMBUS","OH","43207","ARAMARTK UNIFORM SERVICES","7402191142","","","","","","N","","","","","","N","","","","","","","","1","00221707","03"
"2015120829","05","1","1600 SE 66 STREET","","OKLAHOMA","OK","73149","JB HUNT TRANSPORT INC","4846884532","080000","","","","","N","","","","","","N","","","","","","","","1","00080806","08"
"2015011249","05","1","1 NORTH LINDEN AVENUE","","DUQUESNE","PA","11511","GREATER PITTSBURGH COMMUNITY FOO","4124603663","080000","","","","","N","","","","","","N","","","","","","","","2","01776943","08"
"2015116062","02","8","345 6TH AVE 3RD FLOOR","","PITTSBURGH","PA","152222527","PORT AUTHORITY OF ALLEGHENY CO","4124422000","","","","","","N","","","","","","N","","A-00976060","","","","","","2","","11"
"2015028670","02","1","1243 N.FRANKLIN ST","","PITTSBURGH","PA","15137","SOCIETY ST. VINCENT DEPAUL","4123211071","999999","","","","","N","","","","","","N","","","","","","","","2","99999999","03"
"2015069638","05","1","17 W 280 HILLSIDE LANE","","WILLOWBROOK","IL","60527","AGM TRANSPORT INC","2177851800","080000","","","","","N","","","","","","N","","","","","","","","2","01204798","06"
"2015095453","03","8","798 EKASTOWN ROAD","","SARVER","PA","16055","W/L. ROEGNIK","7242751232","","","","","","N","","","","","","N","","","","","","","","1","","11"
"2015056220","05","1","1515 GOSTLIN STREET","","HAMMOND","IN","46327","FED EX GROUND PACKAGE SYSTEM INC","4124753569","080000","","","","","N","","","","","","N","","","","","","","","3","00265752","08"
"2015082001","02","8","2235 BEAVER AVE.","","PITTSBURGH","PA","15233","PORT AUTHORITY OF ALLEGHENY COUN","4124422000","","","","","","N","","","","","","N","","","","","","","","2","","11"
"2015068953","05","3","6961 S. VINE ST APT 202","","INDIAN HEAD PARK","IL","60525","LIV ENTERPRISES INC","6307555420","080000","","","","","N","","","","","","N","","","","","","","","1","02484278","06"
"2015045087","02","1","1106 CALIFORNIA AVE","","NATRONA HEIGHTS","PA","15065","LARGENTS PALLETS & RECYCLING","4123779021","000000","","","","","N","","","","","","N","","","","","","","","2","02130431","03"
"2015049853","02","8","345 6TH AVENUE","3RD FLR","PITTSBURGH","PA","15222","PORT AUTHORITY POLICE OF ALLEGHE","4125665500","","","","","","N","","","","","","N","","A-00976060","","","","","","1","","11"
"2015029746","02","1","9 30TH ST.","","PITTSBURGH","PA","15201","AIM NATIONAL LEASE","4122810770","026000","","","","","N","","","","","","N","","","","","","","","2","00332295","03"
"2015057113","02","1","2682 BENJAMIN FRANKLIN","","EDINBURG","PA","16116","R & LS VAC SERVICE","7246524557","034000","","","","","N","","","","","","N","","","","","","","","1","","03"
"2015059403","03","1","2550 WESTBELT DR","","COLUMBUS","OH","43228","HOGAN TRUCK LEASING INC","6145291515","","","","","","","","","","","","N","","","","","","","","1","00330106","03"
"2015034045","04","3","5020 THOMS RUN ROAD","","BRIGEVILLE","PA","15071","INDEPENDANT EQUIPMENT TRANSFER C","4122570808","","","","","","N","","","","","","N","","","","","","","","1","00047950","04"
"2015075568","03","99","500 W 25TH  ST","","SPEEDWAY","IN","46224","COWAN SYSTEMS LLC","8008826929","","","","","","N","","","","","","N","","","","","","","","2","00548880","08"
"2015074667","02","99","200 INGRID PL","","CARNEGIE","PA","15106","RICK JOHN ROOFING","4129061571","999999","","","","","N","","","","","999999999","N","","9999999999","","","","","","1","99999999","05"
"2015013192","02","1","1001 CALIFORNIA AVENUE","","PITTSBURGH","PA","15290","UNITED STATES POSTAL SERVICE","9999999999","","","","","","","","","","","","N","","","","","","","","2","","03"
"2015024395","03","1","800 ROYAL RD","","MICHIGAN CITY","IN","46360","MIDWEST WHEELCOATERS","2198740099","080000","","","","","N","","","","","","N","","","","","","","","1","00912488","08"
"2015022697","02","1","1000 S MAIN ST.","","GREENSBURG","PA","15601","SCOTT ELECTRIC","8004428045","025995","","","","","N","","","","","000322639","N","","A-00114078","","","","","","2","00696383","03"
"2015060770","04","4","70 GRIMES RD","","CLAYSVILLE","PA","15323","JM TEAGARDEN LLC","7246639074","073280","","","","","N","","","","","","N","","","","","","","","1","02045018","04"
"2015060770","04","4","70 GRIMES RD","","CLAYSVILLE","PA","15323","JM TEAGARDEN LLC","7246639074","070000","","","","","","","","","","","N","","","","","","","","2","02045018","04"
"2015133181","03","7","10 - 29 1/2 AVRR","","PITTSBURGH","PA","15201","CITY OF PITTSBURGH LEASING","4122552790","063000","","","","","N","","","","","","N","","","","","","","","2","99999999","04"
"2015047939","02","8","345 SIXTH AVENUE","","PITTSBURGH","PA","15222","PORT AUTHORITY ALLEGHENY COUNTY","4124422000","","","","","","N","","","","","","N","","A-00976060","","","","","","2","","11"
"2015015936","99","1","UNKNOWN","","UNKNOWN","ZZ","99999","UNKNOWN","9999999999","","","","","","N","","","","","","N","","","","","","","","2","","08"
"2015065730","03","4","PO BOX 296 CURRIE RD.","","PORTERSVILLE","PA","16051","MCCLYMONDS SUPPLY","7243688040","000000","","","","","N","","","","","","N","","","","","","","","1","00269478","04"
"2015051195","02","8","798 EKASTOWN ROAD","","SARVER","PA","16055","W L ROENIGK INC","4127817906","050000","","","","","N","","","","","","N","","","","","","","","2","","11"
"2015006856","99","4","EQUIP 879-2069","17TH AND ARSENAL","HARRISBURG","PA","17120","PENN DOT","7177723838","","","","","","","","","","","","N","","","","","","","","2","","00"
"2015017846","05","1","4300 WILDWOOD PARKWAY","","ATLANTA","GA","30339","BLUE LINX CORPORATION","7249257285","080000","","","","","N","","","","","000486175","N","","A-00708824","","","","","","3","00123913","08"
"2015069572","02","1","4 RIVER ROAD","","MCKEES ROCKS","PA","15136","COMM TRANSPORT","9213460804","","","","","","N","","","","","","N","","","","","","","","1","02430646","02"
"2015017263","03","1","5000 W 25TH ST","","SPEEDWAY","IN","46224","COWAN SYSTEMS LLC","4102470800","080000","","","","","N","","","","","","N","","","","","","","","2","00548880","08"
"2015082758","05","6","10701 MIDDLEBELT RD","","ROMULUS","MI","48174","UNITED ROAD","8176650554","","","","","","N","","","","","","U","","","","","","","","1","00790261","08"
"2015000653","03","4","436 GRANT STREET","","PITTSBURGH","PA","15219","ALLEGHENY COUNTY PUBLIC WORKS","4123843411","","","","","","N","","","","","","N","","","","","","","","1","","04"
"2015089578","04","4","1235 MARGUERITE LAKE RD","","GREENSBURG","PA","15601","KK & COMPANY","9999999999","073280","","","","","N","","","","","","N","","","","","","","","1","02274928","09"
"2015115718","03","3","8003 E. EASTON AVE.","","OKLAHOMA CITY","OK","73149","BLUE LINE RENTAL","7247108795","058000","","","","","N","","","","","","N","","","","","","","","1","00703033","04"
"2015115718","02","1","3731 WILLIAM PENN HW","","MURRYSVILLE","PA","15668","ROTO ROOTER SERVICES","4124750014","019500","","","","","N","","","","","","N","","","","","","","","2","00652297","03"
"2015079351","02","1","12 MCCANDLESS AVENUE","","PITTSBURGH","PA","15201","DEAN TRANSPORTATION INC","4127810393","","","","","","N","","","","","","N","","A-99999999","","","","","","1","00999999","03"
"2015097041","04","3","3120 SPUR 482","","IRVING","TX","75062","UNITED RENTALS","7242256200","080000","","","","","N","","","","","","N","","","","","","","","2","00899748","09"
"2015076711","04","3","300 WEST CHICAGO AVE.","","EAST CHICAGO","IN","46312","UNITED RENTALS NORTH AMERICA INC","8448734948","080000","","","","","N","","","","","","N","","","","","","","","2","00899748","06"
"2015091900","05","1","103 MONTICELLO DR","","MONOREVILLE","PA","15146","PENN BARRELS INC","4129240555","080000","","","","","N","","","","","","N","","","","","","","","1","00140870","08"
"2016007752","05","1","55 MATCHETTE RD","","CLINTON","PA","15026","AIR GROUND EXPRESS","7246951110","068000","","","","","N","","","","","","N","","","","","","","","2","00259447","08"
"2015132436","02","8","798 EKASTOWN RD","","SARVER","PA","15055","W L ROENIGK LEASING INC","4124917643","","","","","","N","","","","","","N","","","","","","","","1","","11"
"2015032065","03","8","2235 BEAVER AVE","","PITTSBURGH","PA","15233","PORT AUTHORITY OF ALLEGHENY CO","4125665214","","","","","","N","","","","","","N","","A-00976060","","","","","","1","","11"
"2015003696","02","8","2235 BEAVER AVE.","","PITTSBURGH","PA","15233","PORT AUTHORITY ALLEGHENY CO.","4125665214","026000","","","","","N","","","","","","N","","A-00976060","","","","","","2","","11"
"2015087986","03","7","121 BRICKYARD RD","","MARS","PA","16046","VOGEL DISPOSAL SERVICES","7246251511","","","","","","N","","","","","","N","","","","","","","","1","00290052","04"
"2015013276","99","4","213 CRESTVIEW DR","","PITTSBURGH","PA","15236","SAL'S LANDSCAPING LLC","4126701031","026000","","","","","N","","","","","","N","","","","","","","","3","","09"
"2015129434","99","1","UNKNOWN","","UNKNOWN","ZZ","99999","UNKNOWN","9999999999","","","","","","N","","","","","","N","","","","","","","","1","09999999","08"
"2015068771","03","4","3000 WASHINGTON PIKE","","BRIDGEVILLE","PA","15017","GILLECE SERVICES L P","4126771451","026000","","","","","N","","","","","","N","","","","","","","","2","01925729","04"
"2015034864","05","1","1037 WINFIELD RD","","CABOT","PA","16023","RONALD GROSS INC","7245849494","080000","","","","","N","","","","","","N","","","","","","","","1","00429878","08"
"2015020029","06","7","526 CITY COUNTY BLDG","","PITTSBURGH","PA","15222","CITY OF PGH","4122552800","065000","","","","","N","","","","","","N","","","","","","","","2","","03"
"2015100278","02","1","1500 THOMPSON PARK DRIV","","CRANBERRY TWP","PA","16066","FEDEX","7245131264","000000","","","","","N","","","","","","N","","A-00112261","","","","","","2","00086876","03"
"2015100639","02","8","13413 STATE RTE 422","","KITTANNING","PA","16201","AJ MYERS & SON","7245485881","","","","","","N","","","","","","N","","A-00106393","","","","","","2","00281003","11"
"2015024475","99","6","UNKNOWN","","UNKNOWN","ZZ","99999","UNKNOWN","9999999999","999999","","","","","N","","","","","","U","","","","","","","","1","09999999","08"
"2015044682","05","1","153 MACRIDGE AVE","","JOHNSTOWN","PA","15904","W C MCQUAIDE INC","8004560292","080000","","","","","N","","","","","000116280","N","","","","","","","","1","00120694","08"
"2015000982","05","1","11385 N TRIMBLE RD.","PO BOX 8608","ROBINSON","IL","62454","MIDWEST TRANSPORT INC.","6185443399","080000","","","","","N","","","","","","N","","","","","","","","2","01084772","08"
"2015026139","03","99","535 FOREST AVE","","CARNEGIE","PA","15106","SHAMROCK BUILDING SERVICES INC","4124431038","000000","","","","","N","","","","","","N","","","","","","","","1","01232319","04"
"2015109384","04","7","200 RANGOS LANE","","WASHINGTON","PA","15310","WASTE MANAGEMENT","7242251589","073280","","","","","N","","","","","","N","","","","","","","","2","00337009","04"
"2015065993","03","4","606 MCCORMICK AVENUE, P","","CONNELLSVILLE","PA","15425","STONE AND COMPANY, INC","7246282200","073280","","","","","N","","","","","","N","","A-00115059","","","","","","1","00896842","04"
"2015049977","02","8","2235 BEAVR AVENUE","","PITTSBURGH","PA","15233","PORT AUTHORITY","4125665500","000000","","","","","N","","","","","000000000","U","","","","","","","","2","00000000","11"
"2015109030","02","4","157 RICHARD DR","","ALLIQUIPPA","PA","15001","CTM CONSTRUCTION","7243751099","038000","","","","","N","","","","","","N","","","","","","","","1","02284336","03"
"2015091407","03","4","301 CRICKETWOOD COURT","","CANONSBURG","PA","15317","TOP QUALITY CONCRETE","7244133727","027500","","","","","N","","","","","","N","","","","","","","","1","02796516","09"
"2015036024","04","7","2197 DUSS AVE","","AMBRIDGE","PA","15003","WASTE MANAGEMENT OF PA","7242662604","073280","","","","","N","","","","","","N","","","","","","","","2","00344050","04"
"2015130963","04","8","345 SIXTH AVE","","PITTSBURGH","PA","15222","ALLEGHENY COUNTY PORT AUTHORITY","4124422000","","","","","","N","","","","","","N","","A-00976060","","","","","","2","","11"
"2015122864","02","1","971 BRIARSDALE","","HARRISBURG","PA","17109","RYDER TRUCK RENTAL LTD","7175616022","014500","","","","","","","","","","","N","","","","","","","","1","00016130","03"
"2015065727","02","1","4242 WILLIAM FLYNN HWY","","ALLISON PARK","PA","15101","ABC TRANSIT","4127821222","","","","","","N","","","","","","N","","","","","","","","2","","02"
"2015051699","03","1","1500 TRUMBULL RD","","GIRARD","OH","44420","AIM LEASING CO","4122711310","","","","","","N","","","","","","N","","","","","","","","1","00030237","08"
"2015052456","02","1","8608 UNIVERSITY BLVD","","CORAOPOLIS","PA","15108","GLOBE CAR WASH","4122644373","","","","","","N","","","","","","N","","","","","","","","2","","02"
"2015090615","05","1","2750 EAST MAIN STREET","","GRAND PRAIRE","TX","75050","SOUTHERN OUTLAW TRUCKING LLC","9722621675","800000","","","","","N","","","","","000774551","Y","","","","","","","","1","02268456","08"
"2015119656","99","3","6629 RT 22, PO BOX 365","","DELMONT","PA","15626","KTM TRUCKING","7244688100","","","","","","N","","","","","000123375","N","","","","","","","","2","00088322","08"
"2015016858","02","8","200 HAHN RD","","PITTSBURGH","PA","15209","FIRST STUDENT","4128218744","026000","","","","","N","","","","","","N","","","","","","","","2","","11"
"2015099953","05","1","300 GRANT ST.","","MORGAN","PA","15064","FRANK POTECHKO JR","4122573185","080000","","","","","N","","","","","","N","","","","","","","","2","00120670","08"
"2015078579","06","6","145 N KANSAS STREET","","EDWARDSVILLE","IL","62025","CASSENS TRANSPORT COMPANY","6186552750","","","","","","N","","","","","000042537","N","","","","","","","","1","00124358","06"
"2015096727","03","1","1044 GARDEN ST","","GREENSBURG","PA","15601","TRANS PORTE INC DBA US FOODS INC","7248123392","068000","","","","","N","","","","","","N","","","","","","","","2","00745614","08"
"2015037531","99","99","1840 FORBES AVE","","PITTSBURGH","PA","15219","KENDALL LLC","9999999999","025500","","","","","N","","","","","","N","","","","","","","","2","","09"
"2015045175","03","1","700 W KEYSER AVE","","SCRANTON","PA","18504","BOLUS FREIGHT","7162257993","","","","","","N","","","","","","N","","","","","","","","2","00038073","06"
"2015032283","02","1","600 VINE STREET","","CINCINNATI","OH","452022400","FIRST TRANSIT INC.","5132412200","012500","","","","","N","","","","","","N","","","","","","","","1","01002211","00"
"2015082387","04","1","755 BEECHNUT DRIVE","","PGH","PA","15204","TALON LOGISTICS","4129837011","240000","","","","","N","","","","","","N","","","","","","","","2","00030237","06"
"2015023229","99","1","UNKNOWN","","UNKNOWN","ZZ","99999","UNKNOWN","9999999999","","","","","","N","","","","","","N","","","","","","","","2","99999999","08"
"2015048576","99","1","PO BOX 791","112920","READING","PA","19603","PENSKE LEASING AND RENTAL","8005292449","026000","","","","","","","","","","","N","","","","","","","","1","","04"
"2015061954","04","8","345 SIXTH AVE","","PITTSBURGH","PA","15222","ALLEGHENY COUNTY PORT AUTHORITY","4124422000","","","","","","N","","","","","","N","","A-00976060","","","","","","2","","11"
"2015014336","02","8","714 EKASTOWN RD","","SARVAR","PA","16055","ABC TRANSIT INC.","4127824118","029500","","","","","N","","","","","MC-833695","N","","A-6416227","","","","","","1","02420569","11"
"2015014702","01","1","1628 MIDDLE ROAD EXTENS","","GIBSONIA","PA","15044","RECOVER CARE LLC","7244432390","019500","","","","","N","","","","","","N","","","","","","","","1","01237394","03"
"2015085118","01","99","3447 EAST CARSON STREET","","PITTSBURGH","PA","15203","MATCON DIAMOND INC","4124810280","017500","","","","","N","","","","","","N","","","","","","","","1","00009999","99"
"2015012502","03","3","108 PLUNKET DRIVE","","ZELIENOPLE","PA","16063","REINSFELDER INC","4126287607","","","","","","N","","","","","999999999","N","","99999999","","","","","","2","","00"
"2015107867","03","8","2235 BEAVER AVE.","","PGH.","PA","15233","PORT AUTHORITY-ALLEGHENY CO.","4125665214","026000","","","","","N","","","","","","N","","A-00976060","","","","","","3","","11"
"2015062780","99","1","530 E 8TH AVE","","MUNHALL","PA","15120","THE JUMPY COMPANY PARTY RENTAL","9999999999","","","","","","N","","","","","","N","","","","","","","","1","","09"
"2015128209","02","1","6720 N 9TH ST","","OMAHA","NE","68112","REINHART TRANSPORT INC","4025971898","034000","","","","","N","","","","","","N","","A-00120250","","","","","","1","00882290","03"
"2015056843","03","99","1644 BEIGHLEY RD","","APOLLO","PA","15613","EXCAVATION CONTRACTING BY EREMIE","4122876896","062000","","","","","N","","","","","","N","","","","","","","","2","","04"
"2015123532","03","8","2235 BEAVER AVE","","PITTSBURGH","PA","15233","PORT AUTHORITY","4122551385","026000","","","","","N","","","","","","N","","A-00976060","","","","","","2","00000000","11"
"2015127548","02","6","1825 LIVERPOOL STREET","","PITTSBURGH","PA","15233","PITTSBURGH TRANSPORTATION GROU","4124424771","000000","","","","","N","","","","","","N","","A-00468282","","","","","","1","01164759","02"
"2015117458","04","4","3004 BABCOCK BLVD","","PITTSBURGH","PA","15237","DAROCO INC.","4123642776","","","","","","","","","","","","N","","","","","","","","1","01649908","04"
"2015064360","04","8","345 SIXTH AVE","","PITTSBURGH","PA","15222","ALLEGHENY COUNTY PORT AUTHORITY","4124422000","","","","","","N","","","","","","N","","A-00976060","","","","","","1","","11"
"2015073982","03","1","3380 COUNTRY CLUB ROAD","","MT.PLEASANT","PA","15666","JOHN HELMS JR.","7249897583","080000","","","","","N","","","","","","U","","","","","","","","1","00123652","06"
"2015105320","01","1","240 CRESCENT PINE DR","","VERONA","PA","15147","EXPERT SHIPPING & LOGISTICS INC","7045778326","025500","","","","","N","","","","","","N","","","","","","","","1","00184394","05"
"2015084964","04","4","632 HUNT VALLEY CIRCLE","","NEW KENSINGTON","PA","15068","SWANK CONSTRUCTION LLC","7243356000","073280","","","","","N","","","","","","N","","","","","","","","2","00245870","04"
"2015021166","02","1","1300 ISLAND AVE","","MCKEES ROCKS","PA","15136","NYWP ENTERPRISE","4127872000","025995","","","","","N","","","","","","N","","","","","","","","1","01852909","09"
"2015028359","02","8","345 6TH AVE","","PITTSBURGH","PA","15222","PORT AUTHORITY ALLEGHENY CO","4124422000","","","","","","N","","","","","","N","","A-00976060","","","","","","2","","11"
"2015028359","02","8","345 6TH AVE","","PITTSBURGH","PA","15222","PORT AUTHORITY ALLEGHENY CO","4124422000","","","","","","N","","","","","","N","","A-00976060","","","","","","3","","11"
"2015080783","03","8","2235 BEAVER AVE","","PITTSBURGH","PA","15233","PORT AUTHORITY OF ALLEGHENY","4122551385","000000","","","","","N","","","","","","N","","","","","","","","2","00000000","11"
"2015057384","01","8","345 6TH AVE","","PITTSBURGH","PA","15222","PORT AUTHORITY ALLEGHENY COUNTY","4124422000","039500","","","","","N","","","","","","N","","A-00976060","","","","","","2","","11"
"2015111659","02","4","636 E. MCMURRAY RD","","MCMURRAY","PA","15317","B PEPENELLA","7249419832","025950","","","","","N","","","","","","N","","","","","","","","1","02404065","03"
"2015003717","02","4","526 CITY COUNTY BLDG","","PITTSBURGH","PA","15219","CITY OF PITTSBURGH","9999999999","","","","","","","","","","","","N","","","","","","","","2","","03"
"2015032795","05","3","298 OLD LEBANON CHURCH","","PITTSBURGH","PA","15236","WALSHASK TRUCK SERVICE","2392335753","","","","","","N","","","","","","N","","","","","","","","2","00562943","08"
"2015005657","05","2","1200 BUTLER RD","","FREEPORT","PA","16229","FREEPRT TRANSPORTATION INC","7242952181","080000","","","","","N","","","","","","N","","","","","","","","1","00085533","08"
"2015126983","02","8","2235 BEAVER AVE.","","PITTSBURGH","PA","15233","PORT AUTHORITY OF ALLEGHENY COUN","4124422000","999999","","","","","N","","","","","","N","","A-00976060","","","","","","2","","11"
"2015122041","02","99","625 SOUTH FIFTH AVENUE","","LEBANON","PA","17042","NEW PENN MOTOR EXPRESS","4127712500","","","","","","N","","","","","","N","","A-99999999","","","","","","2","00099999","99"
"2015090514","05","1","446 ESTELLE DRIVE","","LANCASTER","PA","17601","LEMCO TRUCKING LLC","7176150969","080000","","","","","N","","","","","","N","","","","","","","","2","02397846","08"
"2015031142","03","4","CURRIE RD PO BOX 296","","PORTERSVILLE","PA","16051","MM LEASING INC","7244481509","073280","","","","","N","","","","","","N","","","","","","","","1","00757900","04"
"2015054973","02","1","2319 WEST HARDIES RD","","GIBSONIA","PA","15044","JUST TRUCKIN PACKAGES INC","4122879945","022000","","","","","N","","","","","","N","","","","","","","","2","00265752","03"
"2015129038","03","1","UNKNOWN","","UNKNOWN","IN","99999","FED EX","9999999999","099999","","","","","N","","","","","","N","","A-99999999","","","","","","2","99999999","04"
"2015050231","05","1","15910 S US169 HWY","","OLATHE","KS","66062","TRANS AM TRUCKING","9137825300","080000","","","","","N","","","","","","N","","","","","","","","1","00315503","08"
"2015044592","02","8","798 EKASTOWN RD","","SARVER","PA","16055","W.L. ROENICH LEASING INC","7242261141","","","","","","N","","","","","000000000","N","","","","","","","","1","","11"
"2015005426","03","4","436 GRANT STREET","SUITE 206","PITTSBURGH","PA","15219","COUNTY OF ALLEGHENY","4123504005","000000","","","","","N","","","","","","N","","","","","","","","2","10009234","04"
"2015031698","05","1","2195 BOUL HYMUS","","DORVAL","QC","H9P1J8","LES ENTERPRISES","4384038440","080000","","","","","N","","","","","","N","","","","","","","","2","00670154","08"
"2015118044","05","1","30688 QUAIL POINT ROAD","","GRANGER","IN","46530","WALTER PIANO TRANSPORT","5746746139","080000","","","","","","","","","","000223057","N","","","","","","","","2","00357103","08"
"2015064355","02","1","630 RIDGEMONT LN","","PITTSBURGH","PA","15220","UPS","4127285529","","","","","","N","","","","","","N","","","","","","","","2","99999999","03"
"2015034038","03","1","500 OLD DOMINION WAY","","THOMASVILLE","NC","27360","OLD DOMINION FREIGHT LINE INC.","7247875391","050000","","","","","N","","","","","","N","","","","","","","","1","00090849","08"
"2015136681","02","8","2235 BEAVER AVE","","PITTSBURGH","PA","15233","PORT AUTNORITY OF ALLEGHENY CO","4125665500","","","","","","N","","","","","","N","","A-00976060","","","","","","2","","11"
"2015023516","02","8","2235 BEAVER AVENUE","","PITTSBURGH","PA","15206","PORT AUTHORITY","4124422000","","","","","","N","","","","","","N","","","","","","","","3","","11"
"2015024651","05","1","755 BEECHNUT DR.","","PITTSBURGH","PA","15205","TALON LOGISTICS","4129280584","080000","","","","","N","","","","","","N","","","","","","","","3","00030237","08"
"2015063154","04","8","345 SIXTH AVE","","PITTSBURGH","PA","15222","ALLEGHENY COUNTY PORT AUTHORITY","4124422000","","","","","","N","","","","","","N","","A-00976060","","","","","","2","","11"
"2015079245","02","1","3343 COLISEUM BLVD.","","FORT WAYNE","IN","46808","UPS GROUND FREIGHT INC","8042318000","080000","","","","","N","","","","","","N","","","","","","","","1","00121058","06"
"2015082224","05","1","5300 RICHMOND RD","","BEDFORD HEIGHTS","OH","44146","TALON LOGISTICS","8122850219","080000","","","","","N","","","","","","N","","","","","","","","2","00030237","06"
"2015020395","02","1","8051 STEUBENVILLE PIKE","","OAKDALE","PA","15071","NAPPIES FOOD SERVICE","7246953500","033001","","","","","N","","","","","","N","","","","","","","","2","00984105","09"
"2015134207","02","3","400 FIFTH AVENUE","","CORAOPOLIS","PA","15108","TOTAL EQUIPMENT COMPANY","4122690999","013200","","","","","","","","","","","N","","","","","","","","2","01180483","03"
"2015101575","02","4","215 MCKEAN STREET","","PITTSBURGH","PA","15219","ALLEGHENY COUNTY","4127931167","","","","","","N","","","","","","N","","","","","","","","2","02317915","03"
"2015037156","03","4","17TH & ASENAL BLVD","","HARRISBURG","PA","17120","PENNDOT","4123220500","073280","","","","","N","","","","","","N","","","","","","","","1","06338077","04"
"2015074322","02","8","2235 BEAVER AVEUE","","PITTSBURGH","PA","15233","PORT AUTHORITY OF ALLEGHENY COUN","4124422000","","","","","","N","","","","","","N","","A-00976060","","","","","","1","","11"
"2015053317","05","1","UNKNOWN","","UNKNOWN","OK","74402","TRUCKS FOR YOU, INC","9999999999","014000","","","","","N","","","","","","U","","","","","","","","2","00060380","08"
"2015122538","03","1","971 BRIARSDALE RD","","HARRISBURG","PA","17109","RYDER TRUCK RENTAL LT","9999999999","012000","","","","","N","","","","","","N","","","","","","","","2","01031772","04"
"2015006995","05","2","2710 PARK ROYAL DR","","WINDERMERE","FL","34786","EXPRESS RELIANCE TRANSPRTATION","4075088489","000000","","","","","N","","","","","","N","","","","","","","","2","02204669","08"
"2015068706","02","4","700 PARIS ST","","NORTH VERSAILLES","PA","15132","CARMEN BARONE AND SONS INC","4128234355","018750","","","","","N","","","","","","N","","","","","","","","2","02078614","03"
"2015109741","09","1","3513 ADAMS CENTER ROAD","","FORT WAYNE","IN","46806","YRC INC","3308020708","080000","","","","","N","","","","","","N","","","","","","","","1","00071821","08"
"2015109741","05","1","4000 CLINE AVE","","EASTCHICAGO","IN","46312","PENSKE TRUCK LEASING","4702186687","080000","","","","","N","","","","","","N","","","","","","","","2","01674643","08"
"2015041227","03","1","500 OLD DOMINION WAY","","THOMASVILLE","NC","27360","OLD DOMINION FREIGHT LINE INC","8009386335","080000","","","","","N","","","","","","N","","","","","","","","1","00090849","08"
"2015029234","03","8","2235 BEAVER AVENUE","","PITTSBURGH","PA","15233","PORT AUTHORITY, ALLEGHENY COUNTY","4125665500","026000","","","","","N","","","","","","N","","A-00976060","","","","","","7","","11"
"2015105088","03","1","1436 WARD TRUCKING DR.","","ALTOONA","PA","16602","WARD TRUCKING LLC","8149440803","073280","","","","","N","","","","","","N","","","","","","","","1","00084850","09"
"2015103823","05","3","1802 SIR LANCELOT DRIVE","","COLLINSVILLE","IL","62234","MERCER TRANSPORTAION INC","7177721558","050000","","","","","N","","","","","","N","","","","","","","","1","00154712","08"
"2015095817","02","1","200 KENDALL ST","","CORAOPOLIS","PA","15108","STA OF PENNSYLVANIA INC","4122782667","","","","","","","","","","","","N","","","","","","","","2","00818076","02"
"2015100086","01","2","UNKNOWN","","UNKNOWN","ZF","00000","UNKNOWN","0000000000","","","","","","","","","","","000000000","","","00000000","","","","","","3","","05"
"2015029084","06","99","405 BEECHWOOD DRIVE","","WESTMONT","IL","60559","TOTAL LOGISTICS GROUP","7083872353","080000","","","","","N","","","","","","U","","","","","","","","1","03052014","06"
"2015053388","05","99","3180 ROUT 6N","","WATERFORD","PA","16441","ROHRER TRUCKING INC.","8147966747","080000","","","","","N","","","","","0MC241918","N","","A-00117553","","","","","","1","00391316","08"
"2015076339","04","4","1230 W PORTERSVILLE RD.","","PORTERSVILLE","PA","16051","DALE MCCLYMONDS INC.","7243688911","073270","","","","","N","","","","","","N","","","","","","","","1","00738455","04"
"2015051768","02","4","214 NEELY SCHOOL RD","","AVELLA","PA","15312","MANGIN LANDSCAPE","7249483831","002600","","","","","N","","","","","","N","","","","","","","","1","02136209","09"
"2015051768","02","2","109DARK HOLLOW RD","","OAKMONT","PA","15139","FOLINO CONSTRUCTION","7249251426","003300","","","","","N","","","","","","N","","","","","","","","2","01413297","09"
"2015009817","03","8","2235 BEAVER AVENUE","","PITTSBURGH","PA","15233","PORT AUTHORITY OF ALLEGHENY CO","4125665500","","","","","","N","","","","","","N","","A-00976060","","","","","","2","","11"
"2015098332","02","1","7701 LEGACY DRIVE","","PLANO","TX","75024","ROLLING FRITO LAY SALES LP","9723347000","011030","","","","","N","","","","","","N","","","","","","","","2","00926150","02"
"2015065700","02","4","4016 CRESTWOOD DR","","GIBSONIA","PA","15044","ARTISTIC TRREE & LANDSCAPE CREAT","4123034443","019500","","","","","N","","","","","","N","","","","","","","","1","02270209","03"
"2015098121","03","99","104B BROTHERS BLVD","","RED OAK","TX","75154","BRINKS SECURITY","9725762629","053000","","","","","N","","","","","","N","","","","","","","","2","00076054","04"
"2016017724","03","0","13606 BLUE LICK ROAD","","MEMPHIS","IN","47143","GREAT AMERICAN LEASING LLC","8002348787","080000","","","","","N","","","","","","N","","","","","","","","1","00098019","07"
"2015041648","02","8","345 6TH AVE 3RD FLOOR","","PITTSBURGH","PA","15222","PORT AUTHOIRTY OF ALLEGHENY CO","4124422000","","","","","","N","","","","","","N","","A-00976060","","","","","","2","","11"
"2015062190","06","0","9503 E.33RD ST","","INDIANOPOLIS","IN","46235","CELADON TRUCKING SERVICES INC","8002352366","","","","","","N","","","","","","N","","","","","","","","1","00261902","04"
"2015072766","02","99","770 BEECHNUT DR","","PITTSBURGH","PA","15205","ABF U-PACK","4129288270","","","","","","N","","","","","","N","","","","","","","","2","00082866","06"
"2015084771","03","3","900 GEORGIA AVE","","DEER PARK","TX","77536","HYDROCHEM LLC","7133935600","040000","","","","","N","","","","","","N","","","","","","","","2","02035145","04"
"2015070507","02","8","345 6TH AVENUE","","PITTSBURGH","PA","15233","PORT AUTHORITY OF ALLEGHENY COUN","4125665500","","","","","","N","","","","","","N","","A-00976060","","","","","","1","","11"
"2015039503","02","8","345 6TH AVE 3RD FL","","PITTSBURGH","PA","152222527","PORT AUTHORITY OF ALLEGHENY CO","4124422000","","","","","","N","","","","","","N","","A-00976060","","","","","","1","","11"
"2015077969","02","8","2235 BEAVER AVENUE","","PITTSBURGH","PA","15233","PORT AUTHORITY OF ALLEGHENY COUN","4125665500","","","","","","N","","","","","","N","","","","","","","","2","","11"
"2015026945","99","99","UNKNOWN","","UNKNOWN","ZZ","99999","UNKNOWN","9999999999","","","","","","","","","","","","","","","","","","","","1","00000000","99"
"2015026945","02","1","235 LONGFELLOW ST","","VANDERGRIFT","PA","15690","C & S AMBULANCE SERVICES","7245683864","","","","","","","","","","","","N","","","","","","","","2","00000000","00"
"2015074176","02","8","2235 BEAVER AVE.","","PITTSBURGH","PA","15233","PORT AUTHORITY OF ALLEGHENY CO.","4124422000","","","","","","N","","","","","","N","","A-00976060","","","","","","1","","11"
"2015125659","03","8","5374 WILLIAM FLYNN HIGHWAY","","GIBSONIA","PA","15044","MONARK STUDENT TRANSPORTATION CO","7246954000","033000","","","","","N","","","","","","N","","","","","","","","2","00856887","11"
"2015008961","01","0","89 EASTPOINTE RIDGE DRI","","COLUMBUS","OH","43213","JORGE SERVICES","4124827102","","","","","","N","","","","","","N","","","","","","","","1","00009999","99"
"2015077704","02","8","345 6TH AVE 3RD FL","","PITTSBURGH","PA","152222527","PORT AUTHORITY OF ALLEGHENY CO","4124422000","","","","","","N","","","","","","N","","A-00976060","","","","","","1","","11"
"2015035850","03","8","9 CRESCENT ST","","PITTSBURGH","PA","15223","AKS","4126225740","036000","","","","","N","","","","","","N","","","","","","","","1","05233765","11"
"2015052229","05","2","661 ANDERSON DR.","","PITTSBURGH","PA","15220","AMEX TRANSPORT INC","4129229100","080000","8","","","","Y","1","","","","","N","","","","","","","","1","01289839","08"
"2015099913","02","3","470 TEMPLE RIDGE RD","","WAYNESBURG","PA","15370","DH SERVICES LLC","7246277800","026700","","","","","N","","","","","","N","","","","","","","","1","02380360","03"
"2015054250","02","8","345 6TH AVENUE 3RD FLR","","PITTSBURGH","PA","15222","PORT AUTHORITY OF ALLEGHENY CO","4125665500","","","","","","N","","","","","","N","","A-00976060","","","","","","1","","11"
"2015079168","05","1","1535 NEW HOPE CHURCH RD","","TUNNEL HILL","GA","30755","US XPRESS","5703620478","","","","","","N","","","","","","N","","","","","","","","2","00303024","08"
"2015031254","05","7","RD1 BOX 717","","SCOTTDALE","PA","15683","ALLIED WASTE","7248872858","073280","","","","","N","","","","","999999999","N","","A-99999999","","","","","","2","99999999","04"
"2015132089","05","1","15910 S HIGHWAY 169","","OLATHE","KS","66062","TRANS AM TRUCKING","8008726726","080000","","","","","N","","","","","","N","","","","","","","","1","00315503","08"
"2015049919","03","1","600 GILLIAM RD","","WILMINGTON","OH","45177","R&L TRANSFER INC","3304825800","","","","","","N","","","","","","N","","","","","","","","2","00063391","08"
"2015018864","02","3","109 MCCLURE ST","","DRAVOSBURG","PA","15034","C&D TOWING","4124699380","025500","","","","","N","","","","","","N","","","","","","","","2","00536207","03"
"2015054470","02","3","400 LOCUST STREET","","MCKEES ROCKS","PA","15136","RUTHRAUFF LLC","4127716800","025995","","","","","N","","","","","","N","","","","","","","","2","01497943","03"
"2015039979","02","8","415 REBECCA ST","","MCKEESPORT","PA","15132","PENNSYLVANIA COACH LINES","4123842400","012300","","","","","N","","","","","","N","","","","","","","","1","","11"
"2015124290","99","7","73A WEST NOBLESTOWN ROA","","CARNEGIE","PA","15106","REPUBLIC SERVICES","4127213490","073280","","","","","N","","","","","","N","","","","","","","","2","00962087","05"
"2015077008","02","99","2899 GRAND AVENUE","","PITTSBURGH","PA","15225","OIL SERVICE INC","4128743629","","","","","","N","","","","","000009999","U","","A-9999999","","","","","","3","","99"
"2015078410","02","3","1664 OBLOCK RD","","PGH","PA","15239","CERCHIARO","4122928236","020000","","","","","N","","","","","","N","","","","","","","","1","00123456","03"
"2015130629","05","1","5601 BELLEVILLE ROAD","","CANTON","MI","48188","A D TRANSPORT EXPRESS INC","7343977100","080000","","","","","N","","","","","","N","","","","","","","","1","00296052","08"
"2015011172","03","4","100 RIVER RD","","MCKEES ROCKS","PA","15136","ROX TRUCKING INC","4123811170","","","","","","N","","","","","","U","","","","","","","","1","","05"
"2015114094","02","1","202 CYPRESS STREET","","MONONGAHELA","PA","15063","SLEITH TRUCKING","7243791406","011000","","","","","","","","","","","N","","","","","","","","2","01088476","03"
"2015117176","05","2","104 RIVER ROAD","","MCKEESPORT","PA","15132","ALLEGHENY PETROLEUM PRODUCTS","4128291990","050000","","","","","N","","","","","","N","","","","","","","","2","00332287","06"
"2015047804","99","1","1092 SAXONBURG BLVD","","SAXONBURG","PA","16056","ALM INDUSTRIES INC","7248410234","026000","","","","","N","","","","","","N","","","","","","","","1","","05"
"2015032564","02","1","3100 EAST CARSON STREET","","PITTSBURGH","PA","15203","FRANK FUHRER","4126575287","035000","","","","","N","","","","","","N","","","","","","","","1","02066069","09"
"2015071347","05","1","2305 S 900W","","SALT LAKE CITY","UT","841191515","ESTENSON LOGISTICS LLC","7406325018","080000","","","","","N","","","","","","N","","","","","","","","2","00801828","06"
"2015086288","02","0","2500 CLYDE AVENUE","","NORTH VERSAILLES","PA","15137","S AND S TRANSIT","4128297627","","","","","","N","","","","","","N","","","","","","","","1","08914037","02"
"2015076611","02","4","1500 COCHRAN RD APT 600","","PITTSBURGH","PA","15243","JOHN ANGLE","4126280615","","","","","","N","","","","","","N","","","","","","","","2","02456020","03"
"2015123335","03","3","1237 FREEDOM RD. PO BOX","","CRANBERRY TWP.","PA","16066","NICKLAS SUPPLY INC","8304910481","025999","","","","","N","","","","","","N","","","","","","","","1","02207825","04"
"2015020776","02","3","73 W NOBLESTOWN ROAD","","CARNEGIE","PA","15106","BFI WASTE SERVICES OF PA LLC","4129061441","019500","","","","","N","","","","","","N","","","","","","","","2","00962087","03"
"2015050613","05","99","11510 SOUTH AVE","","NORTH LIMA","OH","44452","ASSOCIATED PAPTER STOCK","3305495311","080000","","","","","N","","","","","000174139","N","","","","","","","","2","00182291","08"
"2015072671","99","1","160 VELTRI DRIVE","","WASHINGTON","PA","15301","VELTRI TRUCKING INC","8562321700","","","","","","N","","","","","","N","","","","","","","","2","00170771","08"
"2015017304","05","1","3200 INDUSTRIES ROAD","","RICHMOND","IN","47374","CON-WAY","3303405820","080000","","","","","N","","","","","","N","","","","","","","","1","00241829","04"
"2015130734","05","1","119 RIVER ROAD","","FAIRLESS HILLS","PA","19030","COVAR TRANSPORTAION LLC","7272403366","080000","","","","","N","","","","","","N","","","","","","","","1","02559392","08"
"2015041655","03","1","9 CAMBRIA POINT","","PITTSBURGH","PA","15209","RICCIS","4128499179","732800","","","","","N","","","","","000362075","N","","A-00116004","","","","","","2","00815528","06"
"2015028750","03","8","2235 BEAVER AVE.","","PITTSBURGH","PA","15233","PORT AUTHORITY OF ALLEGHENY CO.","4125665214","026000","","","","","N","","","","","","N","","A-00976060","","","","","","2","","11"
"2015100872","03","8","550 5TH ST. EXTENSION","","MONROEVILLE","PA","15146","STUDENT TRANSPORTATION OF AMERIC","4126464711","","","","","","N","","","","","","N","","","","","","","","2","","11"
"2015119599","03","4","109 DARK HOLLOW ROAD","","PITTSBURGH","PA","15139","T D F SERVICES INC","4128202800","080000","","","","","N","","","","","","N","","","","","","","","1","00945123","04"
"2015056063","04","5","SO 3RD MCKEAN","","PITTSBURGH","PA","15219","FRANK BRYAN INC","4123311630","073280","","","","","N","","","","","","N","","","","","","","","1","01672873","04"
"2015003692","02","8","154 SANDY CREEK RD","","VERONA","PA","15147","A-1 VAN SERVICE","4127816170","","","","","","N","","","","","","N","","","","","","","","2","","11"
"2015089300","05","4","8020 ROWAN RD","","CRANBERRY TWP","PA","16066","CRANBERRY SUPPLY CO.","7247761610","073280","","","","","N","","","","","000382822","N","","A-00116854","","","","","","1","00834695","09"
"2015089300","02","1","55 MATCHETTE RD","PO BOX 438","CLINTON","PA","15026","AIR GROUND XPRESS INC","8002471188","033000","","","","","N","","","","","000268342","N","","A-00104009","","","","","","2","00259447","98"
"2015094858","02","1","8892 SUSQ TRL S    PO B","","LOGANVILLE","PA","17342","BROWNS ORCHARDS & FARM MARKET","7174282036","026000","","","","","N","","","","","","N","","","","","","","","1","01019487","03"
"2015094858","05","1","94 WALDOBORO RD","","JEFFERSON","ME","04348","R & L TRANSFER INC","8005435589","080000","","","","","N","","","","","","N","","","","","","","","3","00063391","08"
"2015080916","05","1","109 WESTMINSTER DRIVE","","VERONA","PA","15147","BROOKS TRUCK","4127312086","080000","","","","","N","","","","","","N","","A-00106098","","","","","","2","00186375","06"
"2015090725","02","8","415 REBECCA ST","","MCKEESPORT","PA","15132","SUN COACH LLC","4126640911","","","","","","N","","","","","","N","","","","","","","","2","","11"
"2015133607","03","2","6017 EAST CALLA ROAD","","NEW MIDDLETOWN","OH","44442","VENEZIA BULK TRANSPORT INC","3309624662","","","","","","N","","","","","","N","","A-0105332","","","","","","1","01079986","06"
"2015005997","02","1","5020 THOMS RUN RD","","OAKDALE","PA","15071","TRANSPORT U LLC","4122818350","000011","","","","","N","","","","","","N","","A-00123251","","","","","","2","01594477","02"
"2015025170","02","8","798 EKASTOWN ROAD","","SARVAR","PA","16055","W.L. ROENIGK INC.","7243531515","","","","","","N","","","","","","N","","","","","","","","2","","11"
"2015063318","04","4","5 SHINGISS ST","","MCKEES ROCKS","PA","15136","SEARIGHT EXCAVATING INC","4127600923","073280","","","","","N","","","","","","N","","","","","","","","2","02065949","04"
"2015089070","02","4","122 BROKAW AVENUE","","DONORA","PA","15033","BUD'S BOYS CONSTRUCTION INC","7243797217","033000","","","","","N","","","","","","N","","","","","","","","1","","09"
"2015063159","02","1","5020 THOMAS RUN RD","","PITTSBURGH","PA","15201","TRANSPORT U LLC","4122818350","","","","","","N","","","","","","N","","","","","","","","3","","02"
"2015103692","02","1","RT 10 GREEN HILLS, PO B","","READING","PA","19603","PENSKE TRUCK LEASING","3154514568","080000","","","","","N","","","","","","N","","","","","","","","1","00327574","08"
"2015085034","02","8","8041 HOSBROOK ROAD SUIT","","CINCINNATI","OH","45236","NATIONAL EXPRESS TRANSIT CORP","4128658880","","","","","","N","","","","","","N","","","","","","","","1","02430646","11"
"2015016307","02","7","139 VICTORY ROAD","","SAXONBURG","PA","16056","MORROW REFUSE","7242652491","","","","","","N","","","","","","N","","","","","","","","2","00400538","98"
"2015027893","05","3","192 SWANSON DR","","LAWRENCVILLE","GA","30043","MYLES TRUCKING","7702373200","080000","","","","","N","","","","","","N","","","","","","","","1","00914633","08"
"2015049916","02","1","11650 PENN HILLS DR","","PGH","PA","15235","UNITED STATES POSTAL SERVICE","4127315987","022000","","","","","N","","","","","","N","","","","","","","","2","06618363","08"
"2015084779","02","0","7211 WOLF RD","","INDIAN HEAD","IL","60525","VITO LLC","6302300980","","","","","","N","","","","","","N","","","","","","","","1","01977904","08"
"2015026424","05","1","4080  JENKINS RD","","CHATTANOOGA","TN","37421","U S XPRESS LEASING INC","4235103000","080000","","","","","N","","","","","","N","","","","","","","","1","00303024","08"
"2015083817","04","4","1807 SHENANGO RD","","NEW GALILEE","PA","16141","PVM  TRUCKING LLC","4124481070","224000","","","","","N","","","","","","N","","","","","","","","1","01489817","04"
"2015083817","99","1","526 CITY COUNTY BLDG","","PITTSBURGH","PA","15219","CITY OF PITTSBURGH EQUIPMENT LEA","4122552640","","","","","","N","","","","","","N","","","","","","","","2","","05"
"2015132959","04","8","345 SIXTH AVE","","PITTSBURGH","PA","15222","ALLEGHENY COUNTY PORT AUTHORITY","4124422000","","","","","","N","","","","","","N","","A-00976060","","","","","","1","","11"
"2015090530","04","5","606 MCCORMICK STREET","PO BOX 776","CONNELLSVILLE","PA","15425","STONE AND COMPANY INC","7246282200","073280","","","","","N","","","","","","N","","","","","","","","2","00896842","04"
"2015013782","99","6","UNKNOWN","","UNKNOWN","ZZ","99999","UNKNOWN","9999999999","","","","","","N","","","","","","N","","","","","","","","1","99999999","08"
"2015035433","02","4","800 HOPE HOLLOW RD","","CARNEGIA","PA","15106","FITZGERALD BROTHERS","4124296065","021000","","","","","N","","","","","","N","","","","","","","","1","02496059","03"
"2015059528","02","1","5873 CENTRE AVENUE","","PITTSBURGH","PA","15206","GUARDIAN STORAGE SOLUTIONS","4124417368","011500","","","","","N","","","","","","N","","","","","","","","2","0UNKNOWN","03"
"2015084499","02","4","1000 BEAVER GRADE ROAD","","MOON","PA","15108","MOON TOWNSHIP","4122621700","019500","","","","","N","","","","","","N","","","","","","","","1","","03"
"2015103910","02","1","971 BRAIRSDALE RD","","HARRISBURG","PA","17109","RYDER TRUCK RENTAL","7175616022","033000","","","","","","","","","","","N","","","","","","","","1","00030943","03"
"2015100335","03","4","4068 MT ROYAL ROAD","","ALLISON PARK","PA","15101","CR CONSTRUCTION","4124920344","","","","","","N","","","","","","N","","A-9999999","","","","","","2","02180033","04"
"2015092764","02","1","860 RIDGE LAKE BLVD","","MEMPHIS","TN","38120","TRUGREEN LIMITED PARTNERSHIP","9015977078","014500","","","","","N","","","","","","N","","","","","","","","1","00342305","03"
"2015092764","02","1","633 OLD LEECHBURG RD","","PLUM","PA","15239","WILLIAM BONURA JR","4127936790","011000","","","","","N","","","","","","N","","","","","","","","3","","03"
"2015095136","05","3","952 N. FAIRFIELD #1S","","CHICAGO","IL","60622","AVA EXPRESS INC","2177851800","080000","","","","","N","","","","","","N","","","","","","","","1","02465552","08"
"2015003526","02","1","PO BOX 16288","","PGH","PA","15242","CELLONS BAKERY","7246121333","","","","","","N","","","","","000000000","N","","A-9999999","","","","","","4","","05"
"2015056586","02","1","7053 UNIVERSITY BLVD","","MOON TOWNSHIP","PA","15108","GARZONYS INC","4122623941","","","","","","N","","","","","","N","","","","","","","","2","","03"
"2015104858","02","3","1508 BRINTON AVE.","","NORTH BRADDOCK","PA","15104","ALLEGHENY ROAD SERVICE","4128235000","010000","","","","","N","","","","","","N","","","","","","","","1","01538202","98"
"2015041876","99","1","1243 THOMPSON AVE","","MCKEES ROCKS","PA","15136","HAUL FOR HIRE","4123313203","064000","","","","","N","","","","","","N","","","","","","","","2","00071821","08"
"2015033432","02","8","200 HAHN ROAD","","PITTSBURGH","PA","15209","FIRST STUDENT INC","4128210300","","","","","","N","","","","","","N","","","","","","","","1","00354406","11"
"2015096925","02","7","18500 NORTH ALLIED WAY","","PHOENIX","AZ","85054","BFI WASTE SERVICES OF PA LLC","4806272700","064180","","","","","N","","","","","","U","","","","","","","","1","00962087","04"
"2015090940","02","8","2235 BEAVER AVE","","PITTSBURGH","PA","15233","PORT AUTHORITY OF ALLEGHENY CO","4124422000","","","","","","N","","","","","","N","","","","","","","","1","","11"
"2015090940","02","4","826 OHIO AVENUE","","GLASSPORT","PA","15045","MENDLOWITZ TRUCKING","4126724116","","","","","","N","","","","","","N","","","","","","","","2","","03"
"2015135549","03","99","526 CITY COUNTY BUILDING","","PITTSBURGH","PA","15219","CITY OF PGH EQUIPMENT AUTHORITY","4122552290","043000","","","","","N","","","","","","N","","","","","","","","1","","98"
"2015103845","05","1","220 SOUTH HANCOCK ST","","MCADOO","PA","18237","VANHOEKELEN GREENHOUSE INC","5709292022","080000","","","","","N","","","","","","N","","","","","","","","2","00381097","09"
"2015016498","03","8","110 LENZNER CT","","SEWICKLEY","PA","15143","LENZNER COACH LINES","4127617000","","","","","","N","","","","","","N","","A-00112590","","","","","","1","00583785","11"
"2015087436","99","99","615 J B HUNT CORPORATE","","LOWELL","AR","72745","J B HUNT TRANSPORT INC","4798200000","","","","","","N","","","","","","N","","","","","","","","1","00080806","98"
"2015046685","05","1","3513 ADAMS CENTER RD","","FORT WAYNE","IN","46806","YRC INC","3306650231","080000","9","9","","","Y","1","1","","","","N","","","","","","","","1","00071821","08"
"2015133120","03","99","3661 RT 28 N","","BROOKVILLE","PA","15825","BARBER TRUCKING INC","8149131527","","","","","","N","","","","","","N","","","","","","","","1","00387544","08"
"2015041210","03","1","311 EUCLID AVENUE","","CANNONSBURG","PA","15317","JOHN WUDKWYCH JR.","4128499491","080000","","","","","N","","","","","","N","","A-0012256","","","","","","1","00078631","08"
"2015026866","02","3","109 MCCLURE ST","","DRAVOSBURG","PA","15034","C & D TOWING","4127511323","019500","","","","","N","","","","","","N","","A-00123372","","","","","","1","00536207","03"
"2015075844","01","8","2235 BEAVER AVE.","","PGH,","PA","15233","POT AUTHORITY TRANSIT","4125665500","030000","","","","","N","","","","","","N","","","","","","","","3","","11"
"2015119071","02","3","570 VISTA PARK DR","","PITTSBURGH","PA","15205","HYDROCHEM LLC","7133935600","019500","","","","","N","","","","","","N","","A-0547892","","","","","","1","00547892","03"
"2015043991","04","4","923 WEIMER LN","","SALTSBURG,","PA","15681","VISIONARY EQUIPMENT CORP","7244598901","073280","","","","","N","","","","","","N","","A-00108395","","","","","","1","00012087","04"
"2015010825","05","7","1500 TRUMBULL RD.","","GIRARD","OH","44420","AIM LEASING INC","7403816753","080000","","","","","N","","","","","","N","","","","","","","","1","00332295","08"
"2015128191","02","8","345 6TH AVE 3RD FLOOR","","PITTSBURGH","PA","152222527","PORT AUTHORITY OF ALLEGHENY CO","4124422000","","","","","","N","","","","","","N","","A-00976060","","","","","","2","","11"
"2015006382","05","1","516 HOUSEL CRAFT RD.","","BRISTOLVILLE","OH","44402","STANLEY W. BOLLINGER","3308892421","080000","","","","","N","","","","","","N","","","","","","","","2","01947800","08"
"2015014721","05","99","PO BOX 1449","","TAVARES","FL","32778","SUNSTATE CARRIES","3523436711","064000","","","","","N","","","","","","N","","","","","","","","1","00947398","08"
"2015088069","05","99","2250 INDUSTRIAL ST","","CONNESVILLE","PA","15425","PLEASANT TRUCKING INC.","7246034043","080000","","","","","N","","","","","","N","","","","","","","","2","00027429","08"
"2015042646","01","4","121 BRICKYARD ROAD","","MARS","PA","16046","VOGEL DISPOSAL SERVICE","4128596132","","","","","","N","","","","","000000000","Y","","","","","","","","2","","99"
"2015061322","99","7","234 LANDFILL ROAD","","SCOTTSDALE","PA","15683","GREENRIDGE WASTE SERVICES LLC","8777889400","073280","","","","","N","","","","","","N","","","","","","","","1","","05"
"2015127462","02","8","13413 STATE RT 422","","KITTANING","PA","16201","PATCO TRANSIT","4126462320","","","","","","N","","","","","","N","","","","","","","","1","00281003","11"
"2015002647","05","1","2702 PAOLI PIKE STE. 57","","NEW ALBANY","IN","47150","TORRES TRANPORT LLC","5022710710","080000","","","","","N","","","","","","N","","","","","","","","1","02484503","08"
"2015048594","01","8","2235 BEAVER AVE","","PGH","PA","15232","PORT AUTHORITY ALLEGHENY COUNTY","4124422000","039500","","","","","N","","","","","","N","","A-00976060","","","","","","2","","11"
"2015045084","02","1","210 COMMERCE PARK DRIVE","","CRANBERRY","PA","16066","RED BULL DIST COMPANY","3015038515","019500","","","","","N","","","","","000000000","N","","A-00000000","","","","","","1","01873218","03"
"2015000651","03","7","310LEDGER RD.","","N. HUNTINGTON","PA","15642","WASTE MANAGEMENT OF PENNSYLVANIA","8669094458","073280","","","","","N","","","","","","N","","","","","","","","1","00344050","04"
"2015040122","03","1","5831 CROSS CREEK DRIVE","","FORT WAYNE","IN","46818","GFS TRANSPORT LLC","2604908609","080000","","","","","N","","","","","LB1254108","N","","A-00359460","","","","","","2","00175852","06"
"2015129909","04","7","2197 DUSS AVE","","AMBRIDGE","PA","15003","WASTE MANAGEMENT OF PA","7242662604","073280","","","","","N","","","","","","N","","A-1908518","","","","","","2","00344050","04"
"2015119975","02","8","2235 BEAVER AVE","2235 BEAVER AVENUE","PITTSBURGH","PA","15233","PORT AUTHORITY OF ALLEGHENY COUN","4124222000","","","","","","N","","","","","","N","","","","","","","","1","","11"
"2015033213","04","99","107 BURRELL LN","","IRWIN","PA","15642","BURRELL TRAILER INC","7345233370","","","","","","N","","","","","","U","","","","","","","","1","02172947","08"
"2015022151","01","8","2235 BEAVER AVENUE","","PITTSBURGH","PA","15233","PORT AUTHORITY OF ALLEGHENY COUN","4124422000","","","","","","N","","","","","","N","","A-00976060","","","","","","1","","11"
"2015107905","03","0","1 ABC PARKWAY","","BELOIT","WI","53511","AMERICAN BUILDERS AND CONTRACTOR","4122785190","999999","","","","","N","","","","","","N","","","","","","","","1","00251000","05"
"2015084755","02","1","174 ONEIDA VALLEY ROAD","","BUTLER","PA","16001","HUNTER LEASING LLC","7245865770","","","","","","N","","","","","","N","","","","","","","","1","02383163","03"
"2015023290","06","0","7135 CENTENNIAL PLACE","","NASHVILLE","TN","37209","DAIMLER TRUST","2849916700","","","","","","","","","","","","N","","","","","","","","1","00011991","06"
"2015119758","02","1","429 POST RD","","BUCHANAN","MI","49107","XPO EXPRESS INC","2696952700","033000","","","","","N","","","","","","N","","","","","","","","1","00460019","03"
"2015119758","03","3","3409 DEMOCRAT RD","","MEMPHIS","TN","38118","PODS ENTERPRISES, INC","8134333227","048000","","","","","N","","","","","","N","","","","","","","","2","01397252","06"
"2015038531","02","8","415 REBECCA ST.","","MCKEESPORT","PA","15132","PENNSYVANIA COACH LINES","4126640911","021000","","","","","N","","","","","","N","","","","","","","","1","00465361","11"
"2015062205","04","1","4907 OTTAWA COURT","","GIBSONIA","PA","15044","JAMES ELLIS","4124787003","019500","","","","","N","","","","","","N","","","","","","","","2","00000000","05"
"2015057736","04","4","P.O. BOX 250","","CHESWICK","PA","15024","TESONE TRANSPORT INC","7242742250","073280","","","","","N","","","","","","N","","","","","","","","1","00507931","04"
"2015069323","03","7","5005 SECOND AVE","","PGH","PA","15207","JADELL MINNIEFIELD CONSTRUCTION","4124521192","019000","","","","","N","","","","","","N","","","","","","","","2","01159419","09"
"2015013800","02","8","4351 WILLIAM PENN HWY","","MURRYSVILLE","PA","15668","ELITE COACH LINES LIMOUSINES INC","7243252626","","","","","","N","","","","","","N","","A-00114509","","","","","","2","01041814","11"
"2015097813","03","3","P.O. BOX 586","","LAUREL","MS","39441","HOWARD TRANSPORTATION INC","6014772080","080000","","","","","N","","","","","","N","","","","","","","","1","00089586","08"
"2015078838","05","1","755 BEACHNUT DRIVE","","PITTSBURGH","PA","15205","TALON LOGISTICS","4129280363","080000","","","","","N","","","","","999999999","N","","A-00704489","","","","","","2","00030237","06"
"2015101678","02","8","2235 BEAVER AVE","","PITTSBURGH","PA","15233","PORT AUTHORITY OF ALLEGHENY COUN","4124422000","","","","","","N","","","","","","N","","A-00976060","","","","","","1","","11"
"2015005313","99","99","518 PERKINS JONES RD.","","WARREN","OH","44483","BIG BLUE TRUCKING INC.","3303721712","","","","","","N","","","","","000493232","N","","A-1509470","","","","","","1","01259709","06"
"2015107914","05","1","2306 NORTH 35TH STREET","","FORT SMITH","AR","72904","PERAZA TRUCKING","4792188753","080000","","","","","N","","","","","","N","","","","","","","","1","02521459","08"
"2015109489","02","8","200 HAHN ROAD","","PITTSBURGH","PA","15209","FIRST STUDENT INC","4127939600","","","","","","N","","","","","","N","","","","","","","","1","00354406","11"
"2015029529","05","1","PO BOX 1775","","BRANTFORD","ON","N3T5W4","BELL CITY TRANSPORT SYSTEMS","6136571244","080000","","","","","N","","","","","","N","","","","","","","","1","02334841","08"
"2015004350","03","8","110 LENZNER CT","","SEWICKLEY","PA","15143","LENZNER","4123219822","","","","","","N","","","","","A00112590","N","","","","","","","","1","00583785","11"
"2015069850","03","4","357 KID LONG RD.","","GALLITZIN","PA","16641","DJ NILESKI","8148867995","073280","","","","","N","","","","","","N","","","","","","","","1","00301133","04"
"2015079117","04","4","390 GLADE MILL RD","","VALENCIA","PA","16059","WILLIAM J. BROWN TRUCKING","7248983175","073280","","","","","N","","","","","","N","","","","","","","","2","00231458","04"
"2015044311","99","1","51 FINK LANE, PO BOX 63","","LATROBE","PA","15650","UNITY HAULING INC","7245322280","","","","","","N","","","","","","N","","","","","","","","1","","00"
"2015023081","99","1","795 HARTMAN ST","","MCKEESPORT","PA","15132","LIDETTE SALAS","9999999999","030000","","","","","N","","","","","","N","","","","","","","","2","","09"
"2015093874","05","99","865 2ND AVE,","","CORAOPOLIS","PA","15108","PENN TANK LINES","4126440333","080000","3","","","","Y","1","","","","099999999","N","","A-09999999","","","","","","1","00264473","08"
"2015036012","05","2","10 INDUSTRIAL HWY.","","LESTER","PA","19029","SONOCO INC.","4127843483","080000","3","","","","Y","1","","","","","N","","","","","","","","1","00010328","08"
"2015062965","02","4","629 WISES GROVE RD","","NEW BRIGHTON","PA","15066","FRYER EXCAVATING LLC","7245442343","033200","","","","","N","","","","","","N","","","","","","","","1","02127165","03"
"2015048087","99","99","UNKNOWN","","UNKNOWN","ZZ","99999","UNKNOWN","9999999999","","","","","","","","","","","000999999","U","","","","","","","","3","","99"
"2015072408","02","1","824 WHITMER","","SLIGO","PA","16255","CLARION RIVER ORGANICS","8142056060","","","","","","N","","","","","000000000","N","","","","","","","","1","00000000","99"
"2015123399","02","8","2235 BEAVER AVE","","PITTSBURGH","PA","15233","PORT AUTHORITY OF ALLEGHENY CO","4125665214","","","","","","N","","","","","","N","","A-00976060","","","","","","1","","11"
"2015127042","05","1","703 WALL AVE","","WALL BOROUGH","PA","15148","EVANS DELIVERY CO","4123725160","080000","","","","","N","","","","","","N","","","","","","","","1","00038111","08"
"2015047274","03","1","3100 CARSON ST","","PITTSBURGH","PA","15203","FRANK B FUHRER","4124888844","080000","","","","","N","","","","","","N","","","","","","","","4","02066069","08"
"2015013170","99","1","RT 10 GRN HILL BX 791","","READING","PA","19603","PENSKE LEASING AND RENTAL","8553457268","026000","","","","","N","","","","","","N","","","","","","","","2","","09"
"2015071742","05","6","1600 INDUSTRIAL DRIVE","","MENDOTA","IL","613429409","ADVANCED DRAINAGE SYSTEMS, INC","3303474000","065000","","","","","N","","","","","","N","","","","","","","","2","00019949","08"
"2015076862","99","4","5123 MAIN ST","","LA JOSE","PA","15753","MATTHEW HUGILL","8142776622","073280","","","","","N","","","","","","N","","","","","","","","1","00999999","00"
"2015006866","02","0","178 ONEIDA STREET","","PITTSBURGH","PA","15211","AMY GALFORD","4123288288","","","","","","N","","","","","","","","","","","","","","5","000000/0","02"
"2015054425","02","8","345 6TH AVE 3RD FLOOR","","PITTSBURGH","PA","152222527","PORT AUTHORITY OF ALLEGHENY CO","4124422000","","","","","","N","","","","","","N","","A-00976060","","","","","","1","","11"
"2015054425","02","8","345 6TH AVE 3RD FLOOR","","PITTSBURGH","PA","152222527","PORT AUTHORITY OF ALLEGHENY CO","4124422000","","","","","","N","","","","","","N","","A-00976060","","","","","","2","","11"
"2015054425","03","8","345 6TH AVE 3RD FLOOR","","PITTSBURGH","PA","152222527","PORT AUTHORITY OF ALLEGHENY CO","4124422000","","","","","","N","","","","","","N","","A-00976060","","","","","","3","","11"
"2015004899","02","4","414 GRANT ST","","PITTSBURGH","PA","15219","PITTSBURGH PUBLIC WORKS","4122558850","","","","","","N","","","","","","N","","","","","","","","1","","03"
"2015059065","02","3","1000 WASHINGTON AVE","","CARNEGIE","PA","15106","ERIC HAMILTON TOWING & ROAD SVC","4128496781","025500","","","","","N","","","","","","N","","","","","","","","1","02107768","03"
"2015027654","03","4","1251 RUSSELLTON RD","","CHESWICK","PA","15024","TESONE  TRANSPORT","7242742250","","","","","","N","","","","","","N","","A-00109950","","","","","","1","00507931","04"
"2015103977","02","4","105 DARK HOLLOW ROAD","","OAKMONT","PA","15139","TDF SERVICES INC","4127088353","077200","","","","","N","","","","","","N","","A-00114665","","","","","","2","00945123","03"
"2015122736","05","4","1690 WINDOVER AVE.","","ELLWOOD CITY","PA","16117","A R OLIASTRO TRUCKING INC","7247585215","073280","","","","","N","","","","","","N","","A-00108557","","","","","","1","00381085","04"
"2015088065","02","0","4 RIVER RD","","MC KEES ROCKS","PA","15136","ACCESS TRANSPORTATION","4125625353","","","","","","N","","","","","","N","","","","","","","","2","02430646","00"
"2015021557","04","8","345 SIXTH AVE","","PITTSBURGH","PA","15222","ALLEGHENY COUNTY PORT AUTHORITY","4124422000","","","","","","N","","","","","","N","","A-00976060","","","","","","2","","11"
"2015054336","04","4","1010 OHIO RIVER BLVD","","PITTSBURGH","PA","15202","H&M SERVICE INC","7243443500","073280","","","","","","","","","","","N","","","","","","","","3","00809659","04"
"2015057801","02","99","124 ENGER AVENUE","","PITTSBURGH","PA","15214","SEVILLE VOLUNTEER FIRE DEPARTMEN","4127661440","041940","","","","","N","","","","","","N","","","","","","","","1","","09"
"2015064176","05","3","148 PENNSYLVANIA AVE","","SCOTTDALE","PA","15683","GREEN ACRES CONTRACTING","7248878096","080000","","","","","N","","","","","","N","","","","","","","","2","00157810","06"
"2015116701","02","8","345 6TH AVE 3RD FLOOR","","PITTSBURGH","PA","152222527","PORT AUTHORITY OF ALLEGHENY COUN","4124422000","","","","","","N","","","","","","N","","A-00976060","","","","","","2","","11"
"2015037732","05","1","725 OPPORTUNITY DR.","","SAINT CLOUD","MN","56301","ATS INC","3202557400","081000","","","","","N","","","","","","N","","","","","","","","1","00606920","08"
"2015101087","02","8","2235 BEAVER AVE","","PITTSBURGH","PA","15233","PORT AUTHORITY OF ALLEGHENY CO","4124422000","","","","","","N","","","","","","N","","A-00976060","","","","","","2","","11"
"2015026266","99","1","4011 DICKEY RD","","GIBSONIA","PA","15044","RICHLAND TOWNSHIP","9999999999","040000","","","","","","","","","","","N","","","","","","","","1","","09"
"2015013439","02","8","2235 BEAVER AVENUE","","PITTSBURGH","PA","15233","PORT AUTHORITY ALLEGHENY COUNTY","4124422000","","","","","","N","","","","","","N","","A-00976060","","","","","","1","","11"
"2015089974","04","4","457 DAVIDSON ROAD","","PLUM","PA","15239","CALIBER LOGISTICS LLC","4127983048","073280","","","","","N","","","","","","N","","","","","","","","1","02274928","04"
"2015134099","05","3","2417 EASTBROOK RD","","NEW CASTLE","PA","16105","HAULIN JACK SHIPPING SERVICE INC","7248565114","","","","","","N","","","","","","N","","","","","","","","1","02383172","06"
