"CRN","AXLE_CNT","CARGO_BD_TYPE","CARRIER_ADDR_1","CARRIER_ADDR_2","CARRIER_ADDR_CITY","CARRIER_ADDR_STATE","CARRIER_ADDR_ZIP","CARRIER_NM","CARRIER_TEL","GVWR","HAZMAT_CD1","HAZMAT_CD2","HAZMAT_CD3","HAZMAT_CD4","HAZMAT_IND","HAZMAT_REL_IND1","HAZMAT_REL_IND2","HAZMAT_REL_IND3","HAZMAT_REL_IND4","ICC_NUM","OSIZE_LOAD_IND","PERMITTED","PUC_NUM","SPECIAL_SIZING1","SPECIAL_SIZING2","SPECIAL_SIZING3","SPECIAL_SIZING4","TYPE_OF_CARRIER","UNIT_NUM","USDOT_NUM","VEH_CONFIG_CD"
"2008116291","02","1","1821 BEAVER AVE","","PITTSBURGH","PA","15233","UPS","7243491535","016000","","","","","N","","","","","","N","","","","","","","","1","00024796","02"
"2008116291","02","1","1821 BEAVER AVE","","PITTSBURGH","PA","15233","UPS","7243491535","014500","","","","","N","","","","","","N","","","","","","","","2","00024796","02"
"2008094774","02","3","700 HARGROVE ST","","PITTSBURGH","PA","15226","MCGANN & CHESTER","4123819400","019500","","","","","N","","","","","000265298","N","","A-00118499","","","","","","1","00279905","03"
"2008010622","02","1","4489 CAMPBELLS RUN ROAD","","PITTSBURGH","PA","15205","ENTERPRISE RENT A CAR","4122243907","","","","","","N","","","","","","","","","","","","","","1","00528529","03"
"2008078269","03","8","2001 BALLPARK ROAD","","EXPORT","PA","15642","MYERS COACH LINE","7248618909","","","","","","N","","","","","","N","","","","","","","","1","","11"
"2008019765","99","99","2336 CATHY DR","","CANTON","OH","44705","DEDICATED TRANSPORT","9999999999","999999","","","","","N","","","","","","N","","","","","","","","2","","98"
"2008068694","02","8","345 6TH AVE","","PITTSBURGH","PA","152222527","PORT AUTHORITY OF ALLEGHENY CO","4124422000","","","","","","N","","","","","","N","","","","","","","","1","","11"
"2008047253","05","3","9321 RAMEY RD","","MARSHALL","VA","20115","WINE TRUCKING INC","8003642173","080000","","","","","N","","","","","000173811","N","","","","","","","","2","00037969","08"
"2008041531","03","1","1504 ST JAMES ST","","LACROSSE","WI","54602","REINHART TRANSPORTATION LLC","999999999","480000","","","","","N","","","","","","N","","","","","","","","1","00882290","08"
"2008052294","03","7","RD 1 BOX 717","","SCOTTDALE","PA","15683","GREENRIDGE WASTE","7248879400","073280","","","","","N","","","","","","N","","A-00960505","","","","","","2","","04"
"2008027319","99","3","200 FIRST AVENUE","","CARNEGIE","PA","15106","JG DRYWALL","4122797802","","","","","","N","","","","","","N","","","","","","","","1","","99"
"2008081359","02","8","1850 GILL HALL RD","","FINLEYVILLE","PA","15332","MATTHEWS BUS CO","4123848810","","","","","","N","","","","","","N","","","","","","","","1","","11"
"2008067089","05","3","3","CAPITAL DR","EDEN PRAIRIE","MN","55416","GELCO CORPORATION","4122051500","800000","","","","","N","","","","","021993","N","","","","","","","","2","0088311","08"
"2008094791","02","99","3413 BABCOCK BLVD","","PITTSBURGH","PA","15237","PITELL CONTRACTING","4123649411","","","","","","N","","","","","","N","","","","","","","","2","0928419","06"
"2008127808","02","8","1061 MAIN STREET","","NORTH HUNTINDON","PA","15642","LAIDLAW TRANSIT INC","7242654779","999999","","","","","N","","","","","","N","","","","","","","","2","","10"
"2008077809","02","8","100 EDGEWOOD DR","","TURTLE CREEK","PA","15145","T/C UNLIMITED","9999999999","014050","","","","","N","","","","","","N","","","","","","","","1","","11"
"2008073014","05","3","2313 STATE RT 18 PO BOX","","WAMPUM","PA","16157","DOREN INC","7245354397","080000","","","","","N","","","","","","N","","","","","","","","1","1456045","08"
"2008104580","05","3","100 PGT WAY","","MONACA","PA","15061","PGT TRUCKING","8008326748","067100","","","","","N","","","","","","N","","","","","","","","2","0192897","08"
"2008041850","03","99","UNKNOWN","","UNKNOWN","ZZ","99999","UNKNOWN","9999999999","","","","","","N","","","","","","N","","","","","","","","1","00000000","09"
"2008081384","04","99","510 WARSAW ST","","PITTSBURGH","PA","15221","DBA DIGGS TKG","4126704309","073280","","","","","N","","","","","","N","","","","","","","","1","1693563","99"
"2008091555","04","8","345 6TH AVE","3RD FLR","PITTSBURGH","PA","152222527","PORT AUTHORITY OF ALLEGHENY COUN","4125665500","","","","","","N","","","","","","N","","","","","","","","1","","11"
"2008068239","05","99","1999 FRANKSTOWN RD","","JOHNSTOWN","PA","15902","S AUTO SALVAGE","8145362249","080000","","","","","N","","","","","","N","","","","","","","","2","1381582","08"
"2008077791","05","1","971 BRIARSDALE RD","","HARRISBURG","PA","17109","RYDER TRUCK RENTAL","4126921221","065000","","","","","N","","","","","","N","","A-00116468","","","","","","1","00588938","08"
"2008031420","99","0","441 SMITHFIELD ST","","PITTSBURGH","PA","15222","PITTSBURGH WATER & SEWER AUTHOR","9999999999","037600","","","","","N","","","","","","N","","","","","","","","4","9999999","05"
"2008027893","03","1","140 POPLAR RD.","","MILLVILLE","PA","17846","RONALD EUGENE ROUGH","5704586103","080000","","","","","N","","","","","","N","","","","","","","","1","00970046","08"
"2008027893","03","3","2607 BRICK CHURCH PIKE","","NSHVILLE","TN","37207","TN STEEL HAULERS","8044784605","080000","","","","","N","","","","","","N","","","","","","","","2","00159317","08"
"2008132311","02","8","345 6TH AVENUE","3RD FLR","PITTSBURGH","PA","15222","PORT AUTHORITY OF ALLEGHENY CTY","4124422000","","","","","","N","","","","","","N","","A-00976060","","","","","","1","","11"
"2008115754","05","1","405 LAIRD ROAD","","GUELPH","ON","N1G4P7","MACKINNON TRANSPORT INC","8002650444","999999","","","","","N","","","","","","N","","","","","","","","1","00469269","08"
"2008051186","99","99","1133 NORTHWEST ST","","RICHMOND","IN","47374","TRANSCO INC","9999999999","999999","","","","","N","","","","","","N","","","","","","","","2","","98"
"2008059999","05","1","11041 W. MITCHELL ST.","","MILWAUKEE","WI","53214","DIRECT DRIVE EXPRESS","8884539222","080000","","","","","N","","","","","","N","","","","","","","","1","0550608","08"
"2008077083","05","3","606 MCCORMICK AVE PO BO","","CONNELLSVILLE","PA","15425","STONE AND COMPANY INC","7248361400","073280","","","","","N","","","","","","N","","A-00115059","","","","","","1","0896842","09"
"2008055554","02","8","110 LENZNER COURT","","SEWICKLEY","PA","15143","LENZNER COACH LINES","4123219822","032770","","","","","N","","","","","","N","","A-00112590","","","","","","2","00583785","11"
"2008093419","04","99","1825 BARRETT LAKES BLVD","","KENNESAW","GA","30144","J. HOC INC.DBA PREMIER TRANSPORT","8009276460","065000","","","","","N","","","","","196518","N","","","","","","","","1","0282577","08"
"2008041467","99","99","UNKNOWN","","UNKNOWN","ZZ","99999","UNKNOWN","9999999999","999999","","","","","","","","","","","U","","","","","","","","1","9999999","99"
"2008110833","03","99","145 HEAVEN LN","","MARS","PA","16046","SHIELDS ASPHALT PAVING","7244433294","064000","","","","","N","","","","","","N","","","","","","","","2","9999999","04"
"2009000030","02","4","PENNDOT EQUIPMENT","17TH AND ARSENAL BLVD","HARRISBURG","PA","17120","PENNDOT","7249913640","","","","","","N","","","","","000000000","U","","A-00000000","","","","","","1","00000000","03"
"2008019816","02","99","4560 PERRY HWY","","VOLANT","PA","16156","GADA TRUCKING CO","9242903792","065000","","","","","N","","","","","","U","","A-00891311","","","","","","1","8288064","08"
"2008027270","02","8","100 EDGEWOOD DR","","TURTLE CREEK","PA","15145","TRANSPORTATION SOC","9999999999","999999","","","","","N","","","","","","N","","","","","","","","3","","11"
"2008007910","99","7","4201 ARNOLD AVE","","LOWER BURRELL","PA","15068","SHANK SANITATION","7242268320","062000","","","","","N","","","","","","N","","","","","","","","1","","09"
"2008091360","02","1","1801 LINCOLN HWY","","NORTH VERSAILLES","PA","15137","MAROADI TRANSFER & STORAGE","4122434343","120000","","","","","N","","","","","","N","","A-00097588","","","","","","2","","03"
"2008056452","02","8","345 6TH AVE","","PGH","PA","15233","PORT AUTHORITY OF ALLEGHENY COUN","4125665500","","","","","","N","","","","","","N","","","","","","","","2","","11"
"2008072894","03","7","200 RANGOS LANE","","WASHINGTON","PA","15301","WASTE MANAGEMENT OF PA INC.","7242662604","073280","","","","","N","","","","","","N","","","","","","","","2","0344050","04"
"2008001104","05","3","2481 MICKANIN RD","","N HUNTINGDON","PA","15642","W TRUCKING","4125584344","080000","","","","","N","","","","","","N","","","","","","","","2","00216939","06"
"2008047703","03","2","14841 SPERRY RD","","NEWBURY","OH","44065","DISTRIBUTION TECH","9999999999","","","","","","N","","","","","171284","N","","","","","","","","2","0120099","08"
"2008134876","05","1","2826 WINTER STREET","","SUPERIOR","WI","54880","SUE VINJE TRUCKING","8773890080","080000","","","","","N","","","","","000779371","N","","A-00111111","","","","","","2","00779371","08"
"2008070353","04","4","965 EAST MAIN ST.","","MERIDIAN","CT","06450","LANE CONSTRUCTION CORP.","7242740471","073280","","","","","N","","","","","","N","","","","","","","","2","0027913","04"
"2008103288","02","8","345 6TH AVE","","PITTSBURGH","PA","152222527","PORT AUTH OF ALLEG. CO.","4124422000","","","","","","N","","","","","","N","","","","","","","","2","","11"
"2008092143","03","4","2 MELE PL.","","BRADDOCK","PA","15104","MELEE LANDSCAPE CONTRACTORS IN","4123511234","025950","","","","","N","1","","","","","N","","","","","","","","2","","04"
"2008126688","99","1","5250 OLD MAUMEE ROAD","","FORT WAYNE","IN","99999","PENSKE","9999999999","","","","","","","","","","","","U","","","","","","","","1","","05"
"2008104816","05","1","101 KAPPA DR","","PITTSBURGH","PA","15238","TALON LOGISTICS INC","4129375661","080000","","","","","N","","","","","","N","","","","","","","","1","0030237","08"
"2009029597","02","1","460 NORTH GULPH ROAD","MARKET 5","KING OF PRUSSIA","PA","19406","D. L. PETERSON TRUST","7248371110","","3","","","","Y","1","","","","","N","","","","","","","","2","00388004","03"
"2008082696","05","99","225 SANDY CREEK ROAD","","VERONA","PA","15147","PBO EXPRESS","8005454235","800000","","","","","N","","","","","016832","N","","A-00104390","","","","","","1","0887643","06"
"2008114146","02","4","6600 LEECHBURG ROAD","12245 FRANKSTOWN ROAD","PITTSBURGH","PA","15235","MUNICIPALITY OF PENN HILLS","4127982151","034700","","","","","N","","","","","","N","","","","","","","","2","","03"
"2008022826","02","8","1850 GILL HALL ROAD","","FINLEYVILLE","PA","15332","RAYMOND MATTHEW BUS CO. INC","4123418288","","","","","","N","","","","","000000000","N","","","","","","","","1","00000000","11"
"2008041659","99","99","51ST AND RAILROAD ST","","PITTSBURGH","PA","15201","CLEAN TEXTILE SYSTEM","9999999999","025500","","","","","","","","","","","U","","","","","","","","1","","05"
"2008031444","99","99","10 GREEN HILLS","PO BOX 405","READING","PA","19603","PENSKE TRUCK LEASING CO","9999999999","025500","","","","","","","","","","","U","","","","","","","","1","","05"
"2008119343","02","6","910 SHERATON  DR","","MARS","PA","16046","STAR LIMOUSINE","4123815800","","","","","","N","","","","","","N","","","","","","","","1","","98"
"2008119343","02","8","345 6TH AVE","3RD FLR","PITTSBURGH","PA","152222527","PORT AUTH OF ALLEGHENY CO","4125665500","","","","","","N","","","","","","N","","","","","","","","4","","11"
"2008119326","02","8","345 6TH AVE 3RD FL","","PITTSBURGH","PA","152222527","PORTAUTHORITY","4124422000","","","","","","N","","","","","","N","","A-00976060","","","","","","1","","11"
"2008106084","05","1","PO BOX 88","","WOODLAND","PA","16881","BUTLER TRUCKING","7243364201","080000","","","","","N","","","","","","N","","","","","","","","3","0120883","06"
"2008127784","02","8","345 6TH AVE","","PITTSBURGH","PA","15222","PORT AUTHORITY OF ALLEGHENY COUN","4122377000","","3","","","","Y","2","","","","","N","","A-00976060","","","","","","1","","11"
"2008044743","02","99","2202 NORTH FIFTH AVE","","UNKNOWN","ND","99999","BERGRAIN PRODUCE","9999999999","999999","","","","","N","","","","","","N","","","","","","","","2","","08"
"2008121361","02","8","345 6TH AVE 3RD FL","","PITTSBURGH","PA","152222507","PORT AUTHORITY ALLEGHENY COUNTY","4124422000","","","","","","N","","","","","","N","","","","","","","","1","","11"
"2008030874","03","8","3600 OLD OAKDALE ROAD","","MCDONALD","PA","15057","SOUTH FRYETTE SCHOOL DISTRICT","4122214542","999999","","","","","N","","","","","","N","","","","","","","","2","","11"
"2008084037","02","1","RT 10 GREEN HILLS","PO BOX 405","READING","PA","19603","PENSKE TRUCK LEASING","9999999999","025500","","","","","N","","","","","","N","","","","","","","","1","","03"
"2008091946","02","1","10 BEN AVON HGT","","PITTSBURGH","PA","15202","SERVICE EQUIPTMENT COMPANY","0000000000","000000","","","","","N","","","","","","N","","","","","","","","2","","02"
"2008043601","03","1","7732 VALLEY VIEW AV","","HARRISBURG","PA","17112","PITT OHIO","8006697488","","","","","","N","","","","","","U","","A-00102471","","","","","","2","00190180","08"
"2008077789","99","1","469 E CLAUSS AVE","","VINCENNES","IN","47591","RUBY WILKIN TRUCKING","8128860819","","","","","","N","","","","","","N","","","","","","","","1","0679746","08"
"2009006311","03","1","4944 BELMONT AV","","YOUNGSTOWN","OH","44505","FALCON TRANSPORT CO","8009350481","800000","","","","","N","","","","","MC 148604","N","","A112635","","","","","","1","00260165","08"
"2008129534","02","8","1061 MAIN STREET","","N HUNTINGDON","PA","156422426","LAIDLAW TRANSIT INC","4129210212","","","","","","N","","","","","","N","","","","","","","","2","","11"
"2008080724","02","4","559 BROUGHTON RD","","BETHEL PARK","PA","15102","MARK GILLECE PLUMBING","4128336304","015000","","","","","N","","","","","","N","","A-00999999","","","","","","1","","03"
"2008058489","02","8","200 HAHN RD","","PITTSBURGH","PA","15209","FIRST STUDENT","4128210300","026001","","","","","N","","","","","","N","","","","","","","","2","","11"
"2008116204","02","8","2235 BEAVER AVE","","PITTSBURGH","PA","15233","PORT AUTHORITY OF ALLEGHENY CO","4125665500","","","","","","N","","","","","","N","","","","","","","","1","","11"
"2008054813","03","7","121 BRICKYARD RD","","MARS","PA","16046","VOGEL DISPOSAL","7246251511","080000","","","","","N","","","","","","N","","","","","","","","2","2900052","04"
"2008122874","99","8","1430 LINCOLN AVE","","PITTSBURGH","PA","15206","GAYLES INC","4124417511","","","","","","N","","","","","","U","","","","","","","","2","","11"
"2008065248","02","8","200 HAHN RD","","PITTSBURGH","PA","15209","LAIDLAW","4123672164","026001","","","","","N","","","","","","N","","","","","","","","2","","11"
"2008135112","03","7","121 BRICKYARD ROAD","","MARS","PA","16046","VOGEL DISPOSAL","7244430861","052000","","","","","N","","","","","","N","","","","","","","","2","00290052","09"
"2008084031","02","3","15 INGRAM AVENUE","","PITTSBURGH","PA","15205","RYDER TRANSPORTATION","4129284162","065000","","","","","","","","","","","N","","","","","","","","1","00016130","08"
"2008062401","02","1","64 PROGRESS AVE","","CRANBERRY TOWNSHIP","PA","16066","DT REALL DBA MR.ROOTER PLUMBIN","7247762266","009500","","","","","N","","","","","","N","","","","","","","","2","0018600","02"
"2008023407","02","1","940 RIDGEBROOK DR","","SPARKS","MD","21152","BRINKS COMPANY","4124907360","010000","","","","","N","","","","","","N","","","","","","","","1","00076054","03"
"2008049634","05","2","7745 W 59TH STREET","PO BOX 425","SUMMIT","IL","60501","QUALITY CARRIERS INC","8772035963","800000","1","8","6","6","Y","1","1","1","1","026729","N","","","","","","","","1","0076600","08"
"2008082087","03","3","1103 STATION ST","","CORAOPOLIS","PA","15108","MCKUNKIN RED MAN","4126701283","033500","","","","","N","","","","","","N","","","","","","","","3","0085655","09"
"2008104135","02","8","2235 BEAVER AVENUE","","PITTSBURGH","PA","15233","PORT AUTHORITY ALLEGHENY CO.","4124422000","","","","","","N","","","","","","N","","","","","","","","1","","11"
"2008031430","99","0","4489 CAMPBELLS RUN RD","","PITTSBURGH","PA","15205","ENTERPRISE RENT A CAR","9999999999","025999","","","","","N","","","","","","N","","","","","","","","3","9999999","05"
"2008061108","99","1","PO BOX 1553","","ALTOONA","PA","16603","WARD","4129299600","280000","","","","","N","","","","","065916","N","","A-00068795","","","","","","2","0084850","08"
"2008110885","02","8","2235 BEAVER AVENUE","","PITTSBURGH","PA","15233","PORT AUTHORITY OF ALLEGHENY COUN","9999999999","999999","","","","","N","","","","","","N","","","","","","","","3","","11"
"2008078423","05","3","107 NEHI RD","","ELLISVILLE","MS","39437","HOWARD TRANSPORT","8006370215","080000","","","","","N","","","","","164923","N","","","","","","","","1","0089586","08"
"2008026141","99","99","UNKNOWN","","UNKNOWN","ZZ","UNKNOWN","UNKNOWN","9999999999","","","","","","N","","","","","000000099","","","","","","","","","3","","99"
"2008097253","02","4","106 EDGAR LN","","VENETIA","PA","15367","PASQUALE AND SONS","7249416776","017000","","","","","N","","","","","","N","","","","","","","","1","","03"
"2008076759","05","1","1549 BOUFFARD RD","","LA SALLE","ON","N9J1H1","IAN R PARE","5199780042","","","","","","N","","","","","","","","","","","","","","4","00100969","08"
"2008019818","99","99","2000 MCKEES ROCKS RD","","MCKEES ROCKS","PA","15136","BRYAN EQUIPMENT","9999999999","999999","","","","","N","","","","","","N","","","","","","","","2","","98"
"2008052821","02","8","345 6TH AVE","","PITTSBURGH","PA","152222527","PORT AUTH. OF ALLEG. CO","4124422000","","","","","","N","","","","","","N","","","","","","","","2","","11"
"2008101469","02","1","P.O. BOX 21508","","PHOENIX","AR","85036","U-HAUL OF ARIZONA","4122298051","011000","","","","","N","","","","","","N","","","","","","","","1","","02"
"2008099084","02","8","345 6TH AVE 3RD FL","","PITTSBURGH","PA","15222","PORT AUTHORITY OF ALLEGHENY CO","4124422000","999999","","","","","N","","","","","","N","","","","","","","","1","","11"
"2009009106","03","7","200 RANGOS LANE","","WASHINGTON","PA","15301","WASTEMANAGEMENT OF PA","7242251589","584000","","","","","N","","","","","","N","","","","","","","","2","00344050","04"
"2008042468","03","1","1920 S SR 3","","RUSHVILLE","IN","46173","FRALEY & SCHILLING INC","8003389023","080000","","","","","N","","","","","","N","","A-00116934","","","","","","1","0125465","08"
"2008116897","02","1","3202SPRINGGARDENAVENUE","","PITTSBURGH","PA","15212","LINCOTRUCKINGCOINC","9999999999","","","","","","N","","","","","","N","","","","","","","","1","00451975","03"
"2008022924","05","2","2500 N TIBBS","","INDIANAPOLIS","IN","46222","BP PRODUCTS OF NORTH AMERICA","7242624422","080000","3","","","","Y","1","","","","","N","","","","","","","","2","00033731","08"
"2008119902","05","1","1220 H HILLSMITH DRIVE","3641 ELM RD. NE","WOODLAWN","OH","452150000","PANERA BREAD LLC","3307186687","080000","","","","","N","","","","","","N","","","","","","","","2","00689949","08"
"2008090153","02","8","345 SIXTH AVENUE","3RD FL","PITTSBURGH","PA","15222","PORT AUTHORITY OF ALLEGHENY CO","4124422000","","","","","","N","","","","","","N","","","","","","","","1","","11"
"2008066524","04","8","345 SIXTH AVE","","PITTSBURGH","PA","15222","PORT AUTHORITY/ALLEGHENY COUNTY","4124422000","","","","","","N","","","","","","N","","","","","","","","2","","11"
"2008076815","04","4","GAS VALLEY RD #2342","","NEW MANCHESTER","WV","26056","N. C. SANITATION","8007435215","068000","","","","","N","","","","","244907","N","","","","","","","","1","0093963","04"
"2008124382","02","1","604 OFC.PARKWAY","","WESTERVILLE","OH","43082","RELIABLE APPLIANCE","4124904863","025500","","","","","N","","","","","000329696","N","","","","","","","","1","00716581","03"
"2008068304","03","0","1147 MARBLE ST.","BOX 239","ALIQUIPPA","PA","15001","KEVIN WHITAKER","5555551212","012000","","","","","N","","","","","","N","","A-00000000","","","","","","4","","07"
"2008046551","05","2","999 AIRBRAKE AVE","","WILMERDING","PA","15148","ALLEGHENY PETROLEUM PROD","4128291990","080000","","","","","N","","","","","","N","","","","","","","","1","3322852","08"
"2008046551","03","3","999 AIRBRAKE AVE","","TURTLE CREEK","PA","15145","PA EQUIP RENTAL","4128328890","056000","","","","","N","","","","","","N","","","","","","","","5","0345875","04"
"2008077787","05","1","11510 SOUTH AVE EXTENSI","ON","NORTH LIMA","OH","444520000","ASSOCIATED PAPER STOCK","3305495311","080000","","","","","N","","","","","000174139","N","","","","","","","","2","00174139","08"
"2008047245","05","1","2528 STATE RT 380","","AVONMORE","PA","15618","D  VENSEL","9999999999","080000","","","","","N","","","","","335285","N","","","","","","","","2","0171031","08"
"2008038418","05","1","2150 ROSWELL DR","","PITTSBURGH","PA","15205","NABLE DISTRIBUTING EAST","4129999999","060000","","","","","N","","","","","","N","","","","","","","","2","01345647","08"
"2008107323","","8","2235 BEAVER AVE","","PITTSBURGH","PA","15233","PAT AUT","4122377000","","","","","","N","","","","","","N","","","","","","","","4","","11"
"2008066132","03","8","PO BOX 81172","","CLEVELAND","OH","44181","LAKEFRONT LINES INC","6144663392","","","","","","N","","","","","","N","","","","","","","","1","","11"
"2008113254","99","99","139 RIDGE DRIVE","","KARNS CITY","PA","16041","TERRY DEAL","9999999999","999999","","","","","N","","","","","","N","","","","","","","","1","","98"
"2008106542","99","99","LOVEDALE RD","PO BOX305","ELIZABETH","PA","15037","HYDRO TECHNICAL SERVICES INC","9999999999","","","","","","N","","","","","","N","","","","","","","","1","","05"
"2008094790","02","3","4160 WASHINGTON ROAD","","CANONSBURG","PA","15317","W J  DILLNER TRANSFER COMPANY","4124626500","073280","","","","","N","","","","","","Y","","","","","","","","1","0853927","08"
"2008059336","02","8","1500 ARDMORE BLVD","SUITE 504","PITTSBURGH","PA","152210000","MIL TRANSPORTATION","4126824110","012000","","","","","N","","","","","","N","","","","","","","","1","","11"
"2008116346","04","4","14260 STATE ROUTE 30","","N HUNTINGDON","PA","15642","SCHERBICK EXCAVATION","4127594283","073280","","","","","N","","","","","","N","","","","","","","","2","01169138","04"
"2008071687","03","1","400 NORTHWEST 56TH ST","","LINCOLN","NE","68528","CRETE CARRIER CORPORATION","4024759521","460000","","","","","N","","","","","","N","","","","","","","","1","0073705","08"
"2008063053","02","8","1825 LIVERPOOL ST","","PITTSBURGH","PA","15233","AIRLINES ACQUISITION","9999999999","999999","","","","","N","","","","","","N","","","","","","","","2","","11"
"2008078425","05","1","121 GEBHARDT RD PO BOX","","BLACK RIVER FALLS","WI","54615","MILLIS TRANSFER INC","8006777977","080000","","","","","N","","","","","","N","","","","","","","","1","0046749","08"
"2008068236","05","1","3742 TYNDALE","","MEMPHIS","TN","38125","ORGILL INC","9017548850","080000","","","","","N","","","","","","N","","","","","","","","1","0086820","08"
"2008068236","04","7","242 N HAMILTON AVE","","GREENSBURG","PA","156010848","MILLER INC","7248341500","073280","","","","","N","","","","","","N","","","","","","","","2","00562392","04"
"2008058425","02","7","W NOBLESTOWN RD","","CARNEGIE","PA","15106","BFI WASTE SERVICES","4124292600","","","","","","N","","","","","","N","","","","","","","","2","0962087","03"
"2008021207","02","8","345 6TH AVE 3RD FLOOR","","PITTSBURGH","PA","15222","PORT AUTHORITY","4124422000","","","","","","N","","","","","","N","","","","","","","","1","","11"
"2008021207","99","99","2100 SMALLMAN STREET","SUITE 221","PITTSBURGH","PA","15222","GREAT MIDWEST NEWS LLC","9999999999","025500","","","","","","","","","","","U","","","","","","","","2","","05"
"2008089358","02","8","209 13TH ST","","PITTSBURGH","PA","15215","NORTHERN AREA MULTI SERVICE CTR","4127617779","","","","","","","","","","","","N","","","","","","","","1","","10"
"2008071515","05","1","2215 85 FL3","","BROOKLYN","NY","11214","NPC EXPRESS INC","7188361826","080000","","","","","N","","","","","","N","","","","","","","","2","01244519","08"
"2008065741","03","4","158 LINDSAY RD","","ZELIENOPLE","PA","16063","IA CONSTRUCTION","7244528621","026000","","","","","N","","","","","","N","","","","","","","","1","0273896","04"
"2008093424","05","1","55 GLEN LAKE PARKWAY","","ATLANTA","GA","30328","UNITED PARCEL SERVICE INC","7249254867","080000","","","","","N","","","","","","N","","","","","","","","2","0024796","08"
"2008054746","03","1","1506 MARS-EVANS CITY RD","","EVANS CITY","PA","16033","MARBURGER FARM CO","7245388474","033000","","","","","N","","","","","","U","","","","","","","","2","00921015","04"
"2008034103","05","1","3910 EAST HARRISON ST","","DECATUR","IL","62524","YELLOW TRANSPORTATION","8002332621","080000","","","","","N","","","","","","N","","","","","","","","2","00065616","08"
"2008129669","02","8","705 CENTRAL AVE","","CINNCINNATI","OH","45202","FIRST STUDENT","9999999999","","","","","","N","","","","","","N","","","","","","","","2","","11"
"2008035132","02","3","304 CLARKS PK ROAD","","TARENTUM","PA","15084","HLOZNIK'S SLAVAGE","7243121495","019000","","","","","N","","","","","","N","","","","","","","","1","00000000","03"
"2008035132","02","8","309 COLLINS DRIVE","","PITTSBURGH","PA","15235","PENN HILLS SCHOOL DISTRICT","4127930136","029800","","","","","N","","","","","","N","","","","","","","","2","00000000","11"
"2008113696","02","8","200 HAHN ROAD","","PITTSBURGH","PA","15209","LAIDLAW TRANSIT INC.","4128280226","","","","","","N","","","","","","N","","","","","","","","2","","11"
"2008043145","05","1","1012 ASHBROOK CIRCLE","","BOLINGBROOK","IL","60440","DMS TRANSPORT INC","6309862200","080000","","","","","N","","","","","","N","","","","","","","","1","01390389","08"
"2008093243","18","3","908 BROADWAY ST EXT","","MASURY","OH","44438","PI&I MOTOR EXPRESS","8003212733","800000","","","","","N","","","","","","U","","A-00110077","","","","","","1","0122443","08"
"2008036145","99","1","UNKNOWN","","UNKNOWN","ZZ","99999","UNKNOWN","9999999999","","","","","","","","","","","","U","","","","","","","","1","99999999","08"
"2008027302","03","7","414 GRANT ST","","PITTSBURGH","PA","15219","CITY OF PITTSBURGH","4122552330","660000","","","","","","","","","","","N","","","","","","","","1","","04"
"2008067237","06","1","400 MAIN ST","","BELLE VERNON","PA","15012","PITTSBURGH-FAYETTE EXPRESS INC","7249292220","080000","","","","","N","","","","","","N","","A-00100948","","","","","","2","0088361","08"
"2008067237","06","2","12475 ROUTE 119 HWY N","","ROCHESTER MLS","PA","15771","SATTERLEE LEASING INC","7243497070","080000","","","","","N","","","","","189830","N","","","","","","","","3","0039309","08"
"2008092243","07","1","3343 COLISEUM BLVD","","FT. WAYNE","IN","46808","UPS FREIGHT","8009999999","080000","","","","","N","","","","","","N","","","","","","","","1","0121058","06"
"2008120325","03","4","17TH AND ARSENAL BLVD","","HARRISBURG","PA","17121","PENNDOT","4127813260","038000","","","","","N","","","","","","N","","","","","","","","2","00008473","04"
"2008031031","02","8","309 COLLINS DRIVE","","PITTSBURGH","PA","15235","PENN HILLS SCHOOL DISTRICT","9999999999","999999","","","","","N","","","","","","N","","","","","","","","1","","11"
"2008074187","05","2","P O BOX 474","","CARNEGIE","PA","15106","COMPANY INC","8002452757","080000","","","","","N","","","","","","N","","","","","","","","1","00192055","08"
"2008014493","02","8","345 6TH AVE 3RD FLR","","PITTSBURGH","PA","152222527","PORT AUTHORITY OF ALLEGHENY CO","4125665500","999999","","","","","N","","","","","","N","","","","","","","","2","","11"
"2008136475","03","4","186 HARVEY RD","","SARVER","PA","15656","MARK MAROMONTE TRUCKING","7243532585","073280","","","","","N","","","","","","N","","A-00115725","","","","","","2","","04"
"2008065534","02","1","441 TECHNOLOGY DRIVE","","CANNONSBURG","PA","15317","HEETER PRINTING COMPANY","7247468900","025500","","","","","N","","","","","","N","","","","","","","","2","00916600","03"
"2008080551","03","0","205 E MAIN ST BOX 8608","","ROBINSON","IL","62454","MIDWEST TRANSPORT INC","6185535122","054999","","","","","N","","","","","","N","","","","","","","","1","1084722","07"
"2009003725","02","1","110 NICHOL AVE","","MCKEES ROCKS","PA","15136","BUTLER GAS PRODUCTS","4127717660","051500","","","","","N","","","","","A-0999999","N","","A-00999999","","","","","","1","99999999","03"
"2008123125","02","8","2235 BEAVER AVE","","PITTSBURGH","PA","15223","PORT AUTHORITY","4124422000","","","","","","N","","","","","","N","","","","","","","","1","","10"
"2008110848","02","8","345 6TH AVE","","PITTSBURGH","PA","152222527","PORT AUTH OF ALLEG. CO","4124422000","","","","","","N","","","","","","N","","","","","","","","1","","11"
"2008058615","02","3","1003 JEFFESONHGTS RD","","PITTSBURGH","PA","15235","CHARLES CATLEY","4123170933","080000","","","","","N","","","","","","N","","","","","","","","2","0728469","08"
"2008049007","03","99","17H & ARSENAL BLVD","","HARRISBURG","PA","17120","PENNDOT","4127813260","058400","","","","","N","","","","","","N","","","","","","","","1","00000009","04"
"2008029512","02","0","507 ALLEGHENY AVENUE","","OAKMONT","PA","15139","MAURO SERVICE STATION","4128289944","007000","","","","","N","","","","","","N","","","","","","","","1","0000999","00"
"2009022680","99","99","2640 YATES CROSSING RD","","ONA","WV","25545","TLC EXPEDITE CO","9999999999","999999","","","","","N","","","","","","N","","","","","","","","1","","98"
"2008087674","02","1","1614 BROWNSVILLE RD","","PITTSBURGH","PA","15210","CARL COLTERYAH","8002759180","520000","","","","","N","","","","","","N","","","","","","","","1","0962906","03"
"2008106854","05","1","5305 BAILEYTOWN RD.","","GREENEVILLE","TN","37745","DNC TRANSPORT","4236382925","080000","","","","","N","","","","","","N","","","","","","","","1","1556908","08"
"2008091267","04","2","7101 W 17TH AVE","","GARY","IN","46406","SCHNEIDER NATIONAL BULK CARRIE","8005586767","000000","","","","","N","","","","","133655","N","","","","","","","","1","","08"
"2008078621","02","1","5250 OLD MAUMEE ROAD","","FT. WAYNE","IN","46803","PENSKE TRUCK LEASING CO. LP","7245132505","","","","","","N","","","","","","N","","","","","","","","2","","03"
"2008081690","01","1","530 MOON CLINTON RD","","CORAOPOLIS","PA","15108","PITT EXPRESS SYSTEMS","4129221651","025999","","","","","N","","","","","163814","N","","A-00100609","","","","","","1","0432918","03"
"2008116622","02","99","798 EKASTOWN RD","","SARVER","PA","16055","WL ROENIGK","0000000000","000000","","","","","N","","","","","","N","","","","","","","","2","","02"
"2008028185","05","3","609 RENEE CIRCLE","","WAXHAW","NC","28173","S TRUCKING","7045070769","080000","","","","","N","","","","","","N","","","","","","","","2","00309237","08"
"2008077188","03","4","115 THIRD AVE","","LEETSDALE","PA","15056","LATIMORE TRUCKING","7242510620","312000","","","","","N","","","","","288984","N","","A-00111972","","","","","","2","0599090","04"
"2008083142","05","1","5550 BLAZER PKWY STE 30","","DUBLIN","OH","43017","THE SYGMA NETWORK","7342412890","080000","","","","","N","","","","","","N","","","","","","","","1","0014811","08"
"2008059335","05","2","7101 W 17TH AVE","","GARY","IN","46406","SCHNEIDER NATIONAL BULK CARRIERS","3307080202","800000","","","","","N","","","","","","N","","","","","","","","1","0164311","08"
"2008106711","99","99","3300 PREBLE AVENUE","","PITTSBURGH","PA","15233","ALCOSAN ALLEGHENY COUNTY SANITAR","9999999999","016500","","","","","","","","","","","U","","","","","","","","2","","05"
"2008029523","02","99","1820 MCLAUGHLIN RUN RD","","UPPER ST CLAIR","PA","15241","TOWNSHIP OF UPPER ST CLAIR","4128319000","","","","","","N","","","","","","N","","","","","","","","1","","98"
"2008081421","99","3","1023 NORTH AVE","","PITTSBURGH","PA","15209","HASER TRUCKING INC","4128211395","080000","","","","","N","","","","","","Y","","A-00093559","","","","","","2","0098019","06"
"2008062626","02","8","1820 MCLAUGHLIN RUN RD","","UPPER ST CLAIR","PA","15241","UPPER ST CLAIR SCHOOL DISTRICT","4128331600","","","","","","","","","","","","N","","","","","","","","1","","11"
"2008047409","02","1","886 BOULDER DR","","BETHEL PARK","PA","15102","STEVEN SPEGAL","4128318925","011000","","","","","N","","","","","","N","","","","","","","","1","","03"
"2008010908","02","99","RT 837 PO BOX 505","","WEST ELIZABETH","PA","15088","ALL CRANE RENTAL OF PA","4123824200","009600","","","","","N","","","","","","N","","","","","","","","1","00797466","00"
"2008010908","02","3","STRAWBERRY SQ","10TH FL","HARRISBURGH","PA","17101","VERIZON NORTH INC","7247468440","042820","","","","","N","","","","","","N","","","","","","","","2","00951433","03"
"2008113566","02","99","940 RIDGEBROOK ROAD","","SPARKS GLENCO","MD","21152","D L PETERSON TRUST","8005583230","009000","","","","","N","","","","","","U","","","","","","","","2","00006061","02"
"2008106386","02","99","1500 TRUMBULL ROAD","","GIRARD","OH","444203492","AIM LEASING COMPANY","3307590438","","","","","","N","","","","","","U","","","","","","","","1","00335464","06"
"2008022843","03","4","17TH & ARSENAL BLVD","","HARRISBURGH","PA","17120","PENNDOT EQUIP","4127813260","038000","","","","","N","","","","","","N","","","","","","","","1","","04"
"2008063490","02","8","345 6TH AVE","","PITTSBURGH","PA","15222","PORT AUTH OF ALLEG. CO","4124422000","","","","","","N","","","","","","N","","","","","","","","1","","11"
"2008076770","02","1","27681 CUMMINGS RD","","MILLBURY","OH","43447","TRI STATE EXPEDITED SERVICE","8003671692","025900","","","","","N","","","","","","N","","","","","","","","2","0244311","09"
"2008030502","03","99","201 HEPBURN ST","","WILLIAMSPORT","PA","17701","STALMAN RECYCLING CORPORATION","5703239494","800000","","","","","N","","","","","","U","","","","","","","","1","00956230","06"
"2008041649","02","8","100 EDGEWOOD DR","","TURTLE CREEK","PA","15145","TRANSPORTATION SOLUTIONS INC","4126974826","140500","","","","","N","","","","","","N","","A-00123482","","","","","","1","01090075","11"
"2008016876","05","3","9430 STATE ROUTE 309","","KENTON","OH","43326","AG BRADLEY INC","4196752130","080000","","","","","N","","","","","","N","","","","","","","","2","00291299","08"
"2008034049","02","8","345 SIXTH AVE","","PITTSBURGH","PA","15222","PORT AUTH OF ALLEG CO","4124422000","","","","","","N","","","","","","N","","A-00976060","","","","","","2","","11"
"2008042599","05","1","3108 INDUSTRIAL PARK RD","","VAN BUREN","AR","72956","USA TRUCK INC","8003340648","008000","","","","","N","","","","","000161412","N","","A-00067752","","","","","","1","00213754","06"
"2008007732","04","3","650 NORTH MERIDIAN RD","","YOUNGSTOWN","OH","44509","FALCON TRANSPORT COMPANY","8005335505","080000","","","","","N","","","","","000000000","N","","A-00112635","","","","","","1","00260165","08"
"2008062381","02","8","345 6TH AVE","","PITTSBURGH","PA","15222","PORT AUTH OF ALLEG. CO","4124422000","","","","","","N","","","","","","N","","","","","","","","1","","11"
"2008065890","04","4","5404 UNIVERSAL ROAD","","PITTSBURGH","PA","15235","MASSARELLI EXCAVATING LLC","4127950303","732800","","","","","N","","","","","","N","","","","","","","","1","","04"
"2008128394","02","1","230 EAST MAIN S","","CARNEGIE","PA","15106","STUDENT TRANSPORTATION OF AMER","4122782667","000000","","","","","N","","","","","","N","","A-00117073","","","","","","2","00818076","10"
"2008131792","04","3","110 MEADOW LANE","","GLASGOW","PA","16644","MATTHEWS TRUCKING","3148864148","054000","","","","","N","","","","","0MC277971","N","","","","","","","","2","00452593","08"
"2008060132","03","99","29 HARRISON ROAD","","ELIZABETH","PA","15037","DEBRA BETTERS","4120000000","073280","","","","","N","","","","","","N","","","","","","","","2","","04"
"2008101745","04","7","73 A WEST NOBLESTOWN RD","","CARNEGIE","PA","15106","BFI WASTE SERVICES OF PA LLC","4125051011","073280","","","","","N","","","","","","N","","","","","","","","1","00962087","04"
"2008113385","99","99","3147 W 169TH PLACE","","HAMMOND","IN","463230000","UNITED PARCEL SERVICE INC","7249254863","720000","","","","","N","","","","","008230530","U","","","","","","","","1","00024796","03"
"2008095634","02","99","1825 LIVERPOOL STREET","","PITTSBURGH","PA","15233","YELLOW CAB","4123218100","","","","","","N","","","","","","N","","A-00049926","","","","","","2","","00"
"2008078582","04","5","409 SAXONBURG BLVD.","","SAXONBURG","PA","16056","THROWER TRUCKING COMPANY","7243529421","073280","","","","","N","","","","","","N","","A-00095865","","","","","","1","","04"
"2008001142","02","4","4839 CAMPBELLS RUN RD","","PITTSBURGH","PA","15205","MOSITES CONSTRUCTION","4129232255","011000","","","","","N","","","","","","Y","","","","","","","","1","00363872","05"
"2008087713","05","1","400 MAIN STREET","","BELLE VERNON","PA","15012","PITTSBURGH FAYETTE EXPRESS INC","8002421441","080000","","","","","N","","","","","","N","","A-00100948","","","","","","2","0088361","00"
"2008084599","03","4","104 JOYCE RD","","MCMURRAY","PA","15317","DEBLASIO DEVELOPMENT","7247966119","073280","","","","","N","","","","","","N","","","","","","","","4","0122937","04"
"2008046827","03","1","1243 THOMPSON AVENUE","","MCKEES ROCKS","PA","15136","GRIMM MOTOR EXPRESS INC","4123315554","080000","","","","","N","","","","","000096899","N","","","","","","","","1","00497257","08"
"2008093132","03","1","6041 BENORE ROAD","","TOLEDO","OH","43612","NST-LOGISTICS","8663262417","080000","","","","","N","","","","","000151224","U","","","","","","","","2","00154454","08"
"2008130144","05","1","GOOSEHILL RD","BOX 259","JEFFERSON","ME","04348","COMMERCIAL TRAILER LEASING INC","3012231146","545000","","","","","N","","","","","","N","","","","","","","","2","01215023","06"
"2008049296","02","8","345 SIXTH AVE 3RD FL","","PITTSBURGH","OR","152222527","PORT AUTHORITY OF ALLEGHENY CO","4125665500","","","","","","N","","","","","","N","","","","","","","","1","","11"
"2008014588","05","4","114 BAUER RD","","MONACA","PA","15061","TOM SIPES DEMOLITION","7244952712","080000","","","","","N","","","","","","N","","","","","","","","2","01034499","08"
"2008018329","05","1","2143 BATTLE RD","","ASHFORD","AL","36312","OLS","7274183328","052000","","","","","N","","","","","","N","","","","","","","","1","0809314","08"
"2008042749","05","1","4401 W 62 ND ST","","INDIANAPOLIS","IN","46268","D M BOWMAN","3012231070","080000","","","","","N","","","","","","N","","","","","","","","2","00135530","08"
"2008132903","02","8","345 SIXTH AVE.","","PITTSBURGH","PA","152222527","PORT AUTHORITY OF ALLEGHENY CO.","4124422000","039000","","","","","N","","","","","","N","","","","","","","","1","","11"
"2008126201","02","8","345 SIXTH AVE.","","PITTSBURGH","PA","152222527","PORT AUTHORITY ALLEGHENY CO.","4124422000","039000","","","","","N","","","","","","N","","A-00976060","","","","","","1","","11"
"2008033247","04","4","911 RAILROAD ST BOX 141","","SPRINGDALE","PA","15144","CO CO TRUCKING INC","7247812860","073280","","","","","N","","","","","","N","","","","","","","","1","00100694","04"
"2009000016","05","1","61485 PROFESSIONAL DR","","BARNESVILLE","OH","43713","STENGER TRUCKING","8008378364","","","","","","N","","","","","000209124","N","","","","","","","","2","00390725","00"
"2008085541","05","1","6575 DAVIS INDUSTRIAL P","","SOLON","OH","44139","ANDERSON DUBOSE","4122789797","080000","","","","","N","","","","","","N","","","","","","","","2","1703984","06"
"2008052984","02","8","345 6TH AVE","","PITTSBURGH","PA","15222","PORT AUTH. OF ALLEG. CO","4124422000","","","","","","N","","","","","","N","","","","","","","","1","","11"
"2008084057","99","1","2101 HARDY PARKWAY ST","","GROVE CITY","OH","43123","PITT-OHIO EXPRESS","4193454930","073280","","","","","N","","","","","000030136","N","","","","","","","","1","00190180","08"
"2008081079","99","1","5250 OLD MAUMEE RD","","FORT WAYNE","IN","","PENSKE TRUCK LEASING CO","","","","","","","N","","","","","","N","","","","","","","","2","","06"
"2008088873","05","1","60 E MAIN ST","PO BOX 546","LEOLA","PA","17540","DTX","7176562236","606000","","","","","N","","","","","","N","","A-00108837","","","","","","1","0217295","98"
"2008039640","02","1","4489 CAMPBELLS RUN RD.","","PITTSBURGH","PA","15205","ENTERPRISE RENT A CAR","4125054000","025999","","","","","N","","","","","","N","","","","","","","","2","","03"
"2008073482","02","8","13413 STATE RD 422","","KITTANNING","PA","16201","A J MEYERS & SONS INC","7244529470","","","","","","N","","","","","","N","","","","","","","","1","","11"
"2008023371","05","1","1955 JAMES PARKWAY","","HEBRON","OH","43056","ROBERT M NEFF INC","8003340703","080000","","","","","N","","","","","","N","","","","","","","","2","00420581","08"
"2009000252","05","1","7101 WEST 17TH AVE","","GARY","IN","46406","SCHNEIDER NATIONAL CARRIERS","8005581330","080000","","","","","N","","","","","","N","","","","","","","","1","00264184","08"
"2008061432","03","8","150 S. 24TH ST.","","PITTSBURGH","PA","15203","FIRST STUDENT TRAVEL","4124316628","029500","","","","","N","","","","","","N","","A-00108982","","","","","","1","00071176","11"
"2008038949","02","8","345 6TH AVE","","PITTSBURGH","PA","15219","PORT AUTHORITY OF ALLEGHENY CO","4124422000","","","","","","N","1","","","","","N","","A-00976060","","","","","","1","","11"
"2008091822","02","8","345 6TH AVE","","PITTSBURGH","PA","152222527","PORT AUT. OF ALLEG. CO.","4124422000","","","","","","N","","","","","","N","","","","","","","","1","","11"
"2008064028","03","2","PO BOX 187","","CURTISVILLE","PA","15032","GLASSMORE FUEL SERVICE","8002359054","","","","","","N","","","","","","N","","A-00114860","","","","","","2","0276273","04"
"2008077788","99","99","55 MATCHETTE ROAD","","CLINTON","PA","15026","AIR GROUND EXPRESS","9999999999","025995","","","","","","","","","","","U","","","","","","","","3","","05"
"2008091668","06","99","1300 BRUSSELLS","","ST MARYS","PA","15857","EAGLE EXPRESS TRUCKING INC.","0000000000","000000","","","","","N","","","","","459787","N","","A-00011917","","","","","","1","1130633","08"
"2008061319","05","1","1318 E236THST","","ACADIA","IN","46030","HOOSIER TRADEWINDS","8008316097","330000","","","","","N","","","","","185859","N","","","","","","","","1","0666953","08"
"2008055331","03","4","3742 W 26TH ST","","ERIE","PA","16506","MILLCREEK TRANSPORT INC","8148381602","073280","","","","","N","","","","","191534","N","","A-00109523","","","","","","1","0345406","00"
"2008112750","99","3","1 PGT WAY","","MONACA","PA","15061","PGT TRUCKING INC","7249871757","170000","","","","","N","","","","","","N","","A-00105584","","","","","","1","00192897","08"
"2008125511","02","99","5250 OLD MAUMEE RD","","FORT WAYNE","IN","00000","PENSKE TRUCK LEASING","8005260798","065000","","","","","N","","","","","","N","","","","","","","","1","00168778","08"
"2008119333","04","7","P.O.BOX 448","","CARNEGIE","PA","15106","BFI WASTE SERVICES OF PA LLC","8004642120","","","","","","N","","","","","","N","","","","","","","","2","00962087","04"
"2008040581","02","4","12245 FRANKSTOWN RD","","PITTSBURGH","PA","15235","MUNICIPALITY OF PENN HILLS","4127931000","","","","","","N","","","","","","N","","","","","","","","1","","09"
"2008101464","03","7","234 LANDFILL ROAD","","SCOTTDALE","PA","15638","ALLIED WASTE","7248879400","073280","","","","","N","","","","","","N","","","","","","","","1","00960505","04"
"2008101464","05","99","P.O. BOX 248","","LANGHORN","PA","19047","MAWSON & MAWSON","4123821300","080000","","","","","N","","","","","","N","","A-00070697","","","","","","2","00113529","08"
"2008081902","05","3","#3 CRAFTON SQUARE","","PITTSBURGH","PA","15205","BALKAN","4124989078","080000","","","","","N","","","","","","N","","","","","","","","1","0447280","08"
"2008034102","03","1","P.O. BOX 1290","","GIBSONIA","PA","15044","PJAX INC","8002451244","080000","","","","","N","","","","","","N","","","","","","","","1","00202526","08"
"2008034102","03","2","2500 N TIBBS RD.","","INDIANOPOLIS","IN","46222","BP PRODUCTS","4122624422","072000","","","","","N","","","","","","N","","","","","","","","3","00033731","08"
"2008061913","05","99","1 GLADE PARK","","KITTANNING","PA","16201","MARK ANN INDUSTRIES","7242973685","080000","","","","","N","","","","","","N","","","","","","","","2","","99"
"2008097283","02","8","1850 GILL HALL ROAD","","FINLEYVILLE","PA","15132","MATTHEWS BUS COMPANY, INC.","4123848810","","","","","","N","","","","","","N","","","","","","","","2","","11"
"2008090667","02","8","345 SIXTH AVE.","","PITTSBURGH","PA","15222","PORT AUTHORITY","9999999999","","","","","","N","","","","","","N","","","","","","","","1","","11"
"2008090667","04","99","200 HUNT VALLEY ROAD","","NEW KENSINGTON","PA","15068","SWANK ASSPCIATED COMPANIES, INC","9999999999","054999","","","","","","","","","","","U","","","","","","","","3","","04"
"2008134046","99","99","UNKNOWN","","UNKNOWN","ZZ","99999","UNKNOWN","9999999999","","","","","","","","","","","","U","","","","","","","","2","","08"
"2008014463","05","1","212MANSION ST","PITTSBURGH","PITTSBURGH","PA","15207","JADELLMINNIEFIELDCONSTRUCTIONINC","4124212185","","","","","","N","","","","","000247629","N","","A-00110247","","","","","","2","00134762","07"
"2008094799","02","8","345 6TH AVE","","PITTSBURGH","PA","15222","PORT AUTH OF ALLEG CO","4124422000","","","","","","N","","","","","","N","","","","","","","","1","","11"
"2009000372","02","8","345 SIXTH AVE","","PITTSBURGH","PA","15222","PORT AUTHORITY","4124422000","","","","","","N","","","","","","N","","A-00976060","","","","","","2","","11"
"2008075513","02","8","345 6TH AVE","","PITTSBURGH","PA","152222527","PORT AUTH OF ALLEG. CO","4124422000","","","","","","N","","","","","","N","","","","","","","","2","","11"
"2008113901","05","3","P.O. BOX 787","","TUPPER LAKE","NY","12986","TIM FULLER TRUCKING","5187593380","080000","","","","","N","","","","","","N","","","","","","","","1","00423053","06"
"2008076627","02","1","4819 DARBYSHIRE COURT","","CANFIELD","OH","44406","J. PAUL LONSWAY","3305070664","011050","","","","","N","","","","","","N","","A-00999999","","","","","","1","","03"
"2008035550","05","1","1968 GULF ST NW,","","UNIONTOWN","OH","44685","MUFFET TRUCKING EXPRESS LLC","4403273221","080000","","","","","N","","","","","","","","","","","","","","1","00327574","08"
"2008137570","04","1","2081 KRAMER ROAD","","GIBSONIA","PA","15044","FED EX","8004046297","033000","","","","","N","","","","","","N","","","","","","","","1","00239039","06"
"2008056416","05","99","960 PERRY HIGHWAY","","HARMONY","PA","16037","TALON LOGISTIC","8005438211","015432","","","","","N","","","","","297936","N","","","","","","","","2","0030237","08"
"2008104463","99","99","5250 OLD MAUMEE ROAD","","FORT WAYNE","IN","46803","PENSKE TRUCK LEASE","2604365369","999999","","","","","N","","","","","","N","","","","","","","","2","99999999","03"
"2008026878","02","8","3680 OLD OAKDALE RD","","MCDONALD","PA","15057","SOUTH FAYETTE TOWNSHIP","9999999999","999999","","","","","N","","","","","","N","","","","","","","","2","","11"
"2008067399","03","4","9200 ROUTE 119 HWY S","","BLAIRSVILLE","PA","15717","D TRUCK LINES INC","7242483474","073200","","","","","N","","","","","","N","","A-00119389","","","","","","1","01074573","04"
"2008059873","05","99","901 MOSSIDE BLVD.","","WALL","PA","15148","AGX INTERMODAL","4128253324","","","","","","N","","","","","","N","","A-00899525","","","","","","1","1712031","08"
"2008044809","89","99","12158 SOUTH STONY ISLAN","AVE","CHICAGO","IL","60633","TRIMAC TRANSPORTATION EAST INC","9999999999","999999","","","","","N","","","","","","N","","","","","","","","2","","98"
"2008069010","05","4","4100 GRAND AVE","","PITTSBURGH","PA","15225","RECYCLE MANAGEMENT","4124752808","080000","","","","","N","","","","","","N","","","","","","","","2","0735267","08"
"2008089651","05","1","1037 WINFIELD RD","","CABOT","PA","16023","RONALD GROSS INC","7243521270","080000","","","","","N","","","","","150544","N","","","","","","","","2","0429878","08"
"2008115594","05","1","5631 NE 17TH","","DES MOINES","IA","50313","BLUELINX CORPORATION","7249257285","080000","","","","","N","","","","","","N","","","","","","","","1","01231913","08"
"2008136030","05","1","131 GEORGE ST","","RANDOLPH","WI","53956","WILLIAMS TRUCKING LLC","9202105014","080000","","","","","N","","","","","","N","","","","","","","","2","00781059","08"
"2008026146","05","1","1000 SIMPSON RD.","","ROCKFORD","IL","61102","LANSTAR RANGER INC.","8008729400","080000","","","","","N","","","","","","N","","","","","","","","1","00241572","08"
"2008008848","99","99","UNKNOWN","","UNKNOWN","ZZ","00000","UNKNOWN","9999999999","000009","","","","","N","","","","","","U","","","","","","","","2","00000009","99"
"2008031513","05","4","7225 NOBLESTOWN ROAD","","OAKDALE","PA","15071","D ALI TRUCKING","4125515517","080000","","","","","N","","","","","","N","","A-00108332","","","","","","2","","08"
"2008112744","02","99","527 STATEROUTE 217","","LATROBE","PA","15650","TWIN RIDGE MATERIALS","7245397025","330000","","","","","N","","","","","","U","","","","","","","","1","","03"
"2008104254","02","8","2235 BEAVER AVENUE","","PITTSBURGH","PA","15233","PORT AUTHORITY OF ALLEGHENY CO","4122377000","","","","","","N","","","","","","N","","","","","","","","2","","11"
"2008120688","99","99","13036 CR21-2 PO BOX 63","","FAYETTE","OH","43521","HAROLD BRACKMAN","9999999999","999999","","","","","N","","","","","","N","","","","","","","","1","","98"
"2008087611","99","2","2100 RIVERSIDE DR","","GREEN BAY","WI","154301","LCL BULK TRANSPORT","8002844321","","","","","","N","","","","","268465","N","","","","","","","","2","0540009","08"
"2008123348","05","7","114 BAUER ROAD","","MONACA","PA","15061","TOM SIPES","7244952712","080000","","","","","N","","","","","","N","","","","","","","","2","01034499","08"
"2008012864","05","1","402 N MAIN STREET","","HUNTSVILLE","MO","65259","TRYIN' HARD TRUCKIN' INC","6602774018","080000","","","","","N","","","","","","N","","","","","","","","1","01329862","08"
"2008079841","06","1","14949 ST RT 28 W","","ALEXANDRIA","IN","46001","L TRANSFER INC","8005435589","072000","","","","","N","","","","","","N","","","","","","","","1","00172598","08"
"2008079841","03","8","13413 RTE 422 EAST","","KITTANNING","PA","16201","MYERS BROTHERS LLC","8777331045","","","","","","N","","","","","","","","","","","","","","2","00852310","11"
"2008126910","02","1","1821 BEAVER AVE","","PITTSBURGH","PA","15233","UNITED PARCEL SERVICE","4122376645","020000","","","","","N","","","","","","N","","","","","","","","2","00024796","02"
"2008037591","03","1","3400 EDGEFIELD COURT","","GREENSBORO","NC","27409","EPES TRANSPORT SYSTEM","8005767358","080000","","","","","N","","","","","","N","","","","","","","","1","0120195","05"
"2008082036","03","4","420 BURNS LANE","","RUFFSDALE","PA","15679","TR TRUCKING AND EXCAVATING","7247224434","073280","","","","","N","","","","","","N","","","","","","","","1","1122214","04"
"2008081644","02","8","345 6TH AVE 3RD FL","","PITTSBURGH","PA","152222527","PORT AUTHORITY","4124422000","","","","","","N","","","","","","N","","","","","","","","1","","11"
"2008081644","99","7","526 CITY COUNTY BLDG","","PITTSBURGH","PA","15219","CITY OF PITTSBURGH/EQUIP OF LEAS","9999999999","017950","","","","","","","","","","","U","","","","","","","","2","","05"
"2008065347","04","7","4748 CHILD DR.","","PITTSBURGH","PA","15236","CASCIATO BROS.","4128842777","073280","","","","","N","","","","","","N","","U-00999999","","","","","","1","","04"
"2008052794","05","99","4003 VISTA VIEW ST","","WEST MIFFLIN","PA","15122","MARTIN, EDWARD","4124641471","080000","","","","","N","","","","","999999","N","","A-00700697","","","","","","2","","06"
"2008041615","04","4","5020 THOMS RUN RD","","OAKDALE","PA","15071","INDEPENDENT EQUIP TRANSFER CO","4122570808","732800","","","","","N","","","","","","N","","","","","","","","1","00479580","04"
"2008067282","02","8","1000 CHURCHILL RD","","VENETIA","PA","15367","LAIDLAW TRANSIT","4128313112","014000","","","","","N","","","","","","N","","","","","","","","2","","10"
"2008066623","02","8","223 CLEVER ROAD","","MCKEES ROCKS","PA","15136","MONTOUR SCHOOL DISTRICT","9999999999","999999","","","","","N","","","","","","N","","","","","","","","2","","11"
"2008078153","04","4","PO BOX 2603","","WEIRTON","WV","26062","DURA SEAL ASPHALT PAVING & CONST","3047978667","063800","","","","","N","","","","","","N","","","","","","","","1","0748623","04"
"2008125915","02","1","9000 MIDLANTIC","","MT LAUREL","NJ","08054","FEDERAL EXPRESS CORPORATION","8004633339","016000","","","","","N","","","","","","N","","A-00112261","","","","","","1","00086876","03"
"2008087498","02","1","100 OLD POND RD","","BRIDGEVILLE","PA","15017","BBL FLEET COMPANY","9999999999","850000","","","","","N","","","","","","N","","","","","","","","2","","02"
"2008042504","05","1","7101 W 17TH AVE","","GARY","IN","46406","SCHNEIDER NATIONAL","3307691138","080000","","","","","","","","","","","N","","","","","","","","2","00264184","08"
"2008070095","02","4","5855 GRUBBS ROAD","","GIBSONIA","PA","15044","ALBERT CROSKEY","7244432659","030000","","","","","N","","","","","","N","","","","","","","","1","0000000","03"
"2009007552","02","8","2030 SWALLOW HILL ROAD","","PITTSBURGH","PA","15220","CHARTIERS VALLEY SCHOOL DISTRICT","4124297011","","","","","","N","","","","","","N","","","","","","","","2","01129751","11"
"2008127731","03","2","165 MORRIS ST","","NORTH CAMBRIA","PA","15714","WOODS TRUCKING","8147202382","021000","","","","","N","","","","","","N","","A-00122433","","","","","","1","","04"
"2008120327","05","1","2920 NEW BEAVER AVE","","PITTSBURGH","PA","15233","XPEDX","4127327589","065000","","","","","N","","","","","","N","","","","","","","","2","00297334","08"
"2008028556","05","2","12158 SOUTH STONEY ISLA","","CHICAGO","IL","32402","TRI MAC INC","4127596660","800000","","","","","N","","","","","","N","","","","","","","","2","00105214","08"
"2008030390","05","1","9810 S. RIDGEVIEW DR.","","OAK CREEK","WI","53154","DIAMOND EXPRESS INC.","8667665555","080000","","","","","N","","","","","","N","","","","","","","","1","00912044","08"
"2008028699","05","1","PO BOX 16091","","JACKSONVILLE","FL","32245","COASTAL INDUSTRIES INC","8006053970","080000","","","","","N","","","","","","N","","","","","","","","2","00339168","08"
"2008008988","02","8","345 6TH AVE","","PITTSBURGH","PA","152222527","PORT AUTH OF ALLEG CO","4124422000","","","","","","N","","","","","","","","A-00976060","","","","","","1","","11"
"2008057061","99","8","345 6TH AVE 3RD FL","","PITTSBURGH","PA","15222","PORT AUTHORITY","4122551350","","","","","","N","","","","","","N","","A-00976060","","","","","","3","","11"
"2008104589","02","8","2235 BEAVER AVENUE","","PITTSBURGH","PA","15233","PORT AUTHORITY ALLEGHENY COUNTY","4124422000","","","","","","N","","","","","","N","","","","","","","","1","","11"
"2008010141","02","3","601 ANN ST","","HOMESTEAD","PA","15120","L & S TOWING","4124616194","","","","","","N","","","","","000513682","N","","","","","","","","1","01329753","03"
"2008135529","05","1","466 HIGHWAY 52","","DUNDAS","ON","L9H5E2","CANADA LIMITED","5195954670","080000","","","","","N","","","","","","N","","","","","","","","1","00100696","08"
"2008048982","05","4","61485 PROFESSIONAL DR","","BARNESVILLE","OH","43713","JW STENGER TRUCKING INC","7404251155","080000","","","","","N","","","","","","N","","","","","","","","2","0390725","08"
"2008043850","99","99","3690 ROUTE 30","","LATROBE","PA","15650","FOX AND JAMES INC DBA","9999999999","999999","","","","","N","","","","","","N","","","","","","","","1","","98"
"2008101678","05","1","16 CROSS HILL RD","","AUGUSTA","ME","04330","MHF INC","8886433388","080000","","","","","N","","","","","","N","","","","","","","","1","1228708","06"
"2008024644","02","8","545 REBECCA STR","","MCKEESPORT","PA","15132","PENNSYLVANIA COACH LINES","8009352442","","","","","","N","","","","","","N","","","","","","","","2","00000000","11"
"2008113428","05","3","2613 HIWAY 9 EAST PO BO","","CLIO","SC","29525","PACIFIC MDF PRODUCTS INC","8435862935","080000","","","","","N","","","","","","N","","","","","","","","1","00092321","08"
"2008066215","99","99","1 JOHN STREET","","MCKEES ROCKS","PA","15136","RTS TRUCKING CO","9999999999","999999","","","","","N","","","","","","N","","","","","","","","2","","98"
"2008077977","03","3","3710 TULANE RD","","MEMPHIS","TN","38116","BUILDERS TRANSPORTATION COMPANY","9012460942","800000","","","","","N","","","","","","N","","","","","","","","1","00000531","08"
"2008077998","99","99","5201 BLUE MOUND RD","","FORT NORTH","TX","76106","NEW BERN TRANSPORT COMPANY","8142621150","","","","","","N","","","","","","N","","","","","","","","1","0692947","08"
"2008085478","02","1","23E DEWEY LANE","P.O. BOX 1017","GIBSONIA","PA","15044","ADLER TREE SERVICE INC.","7244433744","032000","","","","","N","","","","","","N","","","","","","","","1","","03"
"2008139910","05","1","3408 101ST ST","","URBANDALE","IA","50322","MAIL CONTRACTORS OF AMERICA INC.","8003828093","080000","","","","","N","","","","","","N","","","","","","","","2","00448797","08"
"2008083512","05","3","1000 JOHN ROEBLING WY","","SAXONBURG","PA","16056","BRAYMAN CONSTRUCTION CORP","7244431533","073280","","","","","N","","","","","","N","","","","","","","","1","0278559","08"
"2008091034","99","99","251 CEMETARY RD","","UNKNOWN","ZZ","99999","JOHN COLEMAN","9999999999","999999","","","","","N","","","","","","N","","","","","","","","1","","98"
"2008042744","05","3","5173 SOUTHWESTERN BLVD","","HAMBURG","NY","14075","DAILY EXPRESS","8007353136","080000","","","","","N","","","","","","Y","","","","","","","","2","0010558","08"
"2008116188","03","4","734 HAPPY HOLLOW RD","","ELIZABETH","PA","15037","WILHELM CONCRETE","4123843000","026002","","","","","N","","","","","","N","","","","","","","","1","","09"
"2008127138","02","8","1825 LIVERPOOL ST","","PITTSBURGH","PA","15233","AIRLINES ACQUISITION CO","9999999999","","","","","","N","","","","","","N","","A-00108743","","","","","","1","00385606","11"
"2008102515","01","1","4 DEPOT STREET","","PENN","PA","15675","PERFECT INDUSTRIAL CLEANING","7245234300","026000","","","","","N","","","","","","N","","A-00000000","","","","","","2","","09"
"2008010397","99","3","UNKNOWN","","UNKNOWN","ZZ","UNK","UNKNOWN","9999999999","","","","","","N","","","","","009999999","N","","","","","","","","1","","08"
"2008097719","02","8","345 SIXTH AVE.","","PITTSBURGH","PA","15222","PORT AUTHORITY","4125665000","","","","","","N","","","","","","N","","","","","","","","2","","11"
"2008093406","03","8","2235 BEAVER AVENUE","","PITTSBURGH","PA","15233","PORT AUTHORITY OF ALLEGHENY CO","4129999999","","","","","","N","","","","","","N","","","","","","","","1","","11"
"2008072881","03","3","798 EKASTOWN RD.","","SARVER","PA","16005","WLR COMPANY","7243531515","","","","","","N","","","","","","Y","","","","","","","","1","1131786","06"
"2008139623","03","1","1506 MARS EVANS CITY RD","","EVANS CITY","PA","16033","MARBURGER DAIRY FARM INC.","8003311295","033000","","","","","N","","","","","","N","","","","","","","","3","","99"
"2008119792","03","1","3711 KENNEBEC DR SUT100","","EAGAN","MN","55122","RESTAURANT TECHNOLOGIES INC","6123333323","540000","","","","","N","","","","","","N","","","","","","","","1","00868454","04"
"2008086048","05","3","4230 S ELWOOD AVE","","TULSA","OK","74107","ARROW TRUCKING CO","8007592009","080000","","","","","N","","","","","","N","","","","","","","","2","0034180","08"
"2008127776","03","8","1289 DIV HIGHWAY","","EPHRATA","PA","17522","MELARD COACH LLC","7177384870","044000","","","","","N","","","","","","N","","","","","","","","2","38597717","11"
"2008029223","05","1","1938 COMMERCIAL WAY","","GREEN BAY","WI","54311","PACKERLAND TRANSPORT","9204684000","080000","","","","","N","","","","","","N","","","","","","","","1","00184843","08"
"2008080187","04","4","2412 MARBURY RD","","PITTSBURGH","PA","15221","M. GOODMAN MANAGMENT LLC.","4126706279","073280","","","","","N","","","","","","N","","","","","","","","2","","04"
"2008089371","03","1","2315 BABCOCK BLVD","","PITTSBURGH","PA","15237","J4 EVENT SYSTEMS","4129312021","019500","","","","","N","","","","","","N","","","","","","","","2","01585675","03"
"2008013028","02","8","345 6TH AVE 3RD FLOOR","","PITTSBURGH","PA","155552527","PORT AUTHORITY OF ALLEGHENY CO","4124422000","","","","","","","","","","","","N","","A-00976060","","","","","","1","","11"
"2008045837","02","8","345 6TH AVE","","PGH","PA","15222","PORT AUTHORITY","4122377000","","","","","","N","","","","","","N","","A-00976060","","","","","","1","","11"
"2008045205","02","1","5325 PERRY HWY","","PITTSBURGH","PA","15229","ROSS WEST VIEW EMSA","4129318200","045000","","","","","N","","","","","","N","","","","","","","","2","0000000","03"
"2008073012","02","8","2235 BEAVER AVENUE","","PITTSBURGH","PA","15233","PORT AUTHORITY ALLEGHENY COUNTY","4125665214","","","","","","N","","","","","","N","","","","","","","","1","","11"
"2008135527","05","2","1077 RT 119 HWY N","","INDIANA","PA","15701","FORCE INC","7244659399","080000","","","","","N","","","","","","N","","","","","","","","3","09999999","08"
"2008043563","99","8","200 HAHN ROAD","","PITTSBURGH","PA","15209","LAIDLAW TRANSIT","9999999999","","","","","","","","","","","","U","","","","","","","","2","","10"
"2008118086","05","1","1814 HOLLINS RD. NE","","ROANOKE","VA","24012","FLEETMASTER EXPRESS INC.","8004761050","080000","","","","","N","","","","","","N","","","","","","","","1","00404732","08"
"2008063736","02","1","RTE 10 GREEN HILLS","BOX 405","READING","PA","19603","PENSKE TRUCK LEASING","4126702626","025950","","","","","N","","","","","000000","N","","","","","","","","2","0000000","02"
"2008107478","06","3","1 PGT WAY","","MONACA","PA","15061","PGT TRUCKING","2057967349","800000","","","","","N","","","","","","N","","","","","","","","1","","08"
"2008107478","02","99","1825 LIVERPOOL STREET","","PITTSBURGH","PA","15233","YELLOW CAB COMPANY","9999999999","","","","","","N","","","","","","N","","A-00049926","","","","","","2","","98"
"2009002962","05","3","3690 ROUTE 30","","LATROBE","PA","15650","TECHNOPRET","7244596811","080000","","","","","N","","","","","","N","","","","","","","","1","00005165","08"
"2008032019","02","8","200 HAHN RD","","PITTSBURGH","PA","15209","LAIDLAW TRANS","4122710300","014050","","","","","N","","","","","","N","","A-00108982","","","","","","2","","11"
"2008131620","02","8","110 LENZNER CT","","SEWICKLEY","PA","15143","TRANSPORTATION MANAGEMENT","4123219822","","","","","","N","","","","","","N","","","","","","","","2","00583785","10"
"2008061874","02","8","345 6TH AVE","","PITTSBURGH","PA","152222527","PORT AUTHORITY OF ALLEGHENY COUN","4124422000","","","","","","N","","","","","","N","","","","","","","","1","","11"
"2008061874","03","99","7556 CLEVELAND","","WOOSTER","OH","41469","LOGISTIC LEASING INC","3303458475","","","","","","N","","","","","","N","","","","","","","","2","","08"
"2008053394","02","8","345 6TH AVE 3RD FLR","","PITTSBURGH","PA","15108","PORT AUTHORITY OF ALLEGHENY CO","4125665500","","","","","","N","","","","","","N","","","","","","","","1","","11"
"2008009120","03","0","44-2","","DANBURY","CT","06810","GENERAL ELECTRIC CAPITAL CORP","8002523831","073280","","","","","N","","","","","","N","","A-00114941","","","","","","1","00745614","08"
"2008084968","05","1","1715 AARON BRENNER DR","","MEMPHIS","TN","38120","FED EX","4127718005","080000","","","","","N","","","","","","N","","","","","","","","2","1535278","08"
"2008116414","02","8","798 EKASTOWN RD","","SARVER","PA","15055","WL ROENIGK","7242261141","999999","","","","","N","","","","","0MC165100","N","","A-00102577","","","","","","1","00269878","11"
"2008067880","02","4","51 FOX CHAPEL ROAD","","PITTSBURGH","PA","15238","PENN DOT","4127815260","038000","","","","","N","","","","","","N","","","","","","","","2","","03"
"2008073614","05","3","12827 GOSHEN RD","","SALEM","OH","44460","GRAYSON MITCHELL INC","1800883632","008000","","","","","N","","","","","187492","N","","","","","","","","1","0291180","08"
"2008118466","02","8","2235 BEAVER AVENUE","","PITTSBURGH","PA","15233","PORT AUTHORITY ALLEGHENY COUNTY","4124422000","","","","","","N","","","","","","N","","","","","","","","1","","11"
"2008118466","99","99","UNKNOWN","","UNKNOWN","ZZ","99999","LATIMORE TRUCKING AND SUPPLY","9999999999","999999","","","","","N","","","","","","N","","","","","","","","2","","98"
"2008024153","99","4","809 TALBOT","","BRADDOCK","PA","15104","D J DEMO","9999999999","275000","","","","","N","","","","","","U","","","","","","","","2","","98"
"2008070693","03","7","310 LEGER","","IRWIN","PA","15642","WASTE MANAGEMENT OF PA","7248646476","058400","","","","","","","","","","","","","","","","","","","2","00344050","04"
"2008034790","05","1","45 WESTONA ST","","ETOBICOKE","ON","L469E","NORTH AMERICAN CARRIERS","9999999999","048000","","","","","N","","","","","","N","","","","","","","","1","01574967","08"
"2009013112","05","1","26560 MEADOW ROAD","","MENIFEE","CA","92584","BK TRUCKING","6262363499","080000","","","","","N","","","","","","N","","","","","","","","4","01309495","06"
"2008091268","05","1","3716 CROTON AVENUE","","CLEVELAND","OH","44115","SANSON COMPANY","8003219014","000000","","","","","N","","","","","","N","","","","","","","","3","0212195","08"
"2008096886","03","3","73C NOBLESTOWN ROAD","","CARNEGIE","PA","15106","ROOFING SUPPLY GROUP OF PGH","4124299789","","","","","","N","","","","","","N","","","","","","","","2","1158410","04"
"2008117038","05","3","1 PGT WAY","","MONACA","PA","15061","PGT TRUCKING INC","8008371748","080000","","","","","N","","","","","","N","","","","","","","","1","00192897","06"
"2008040667","05","1","6205 BLUE STAR HWY","","SAUGATUCK","MI","49453","PROVISION","6168366335","800000","","","","","N","","","","","000248817","N","","","","","","","","1","00444127","08"
"2008031876","02","8","1061 MAIN ST","","N HUNTINGDON","PA","15642","LAIDLAW TRANSIT INC","4128280226","","","","","","N","","","","","","N","","A-00108982","","","","","","2","","11"
"2008048221","02","8","400 OAKBROOK DR","","GREENSBURG","PA","15601","LAIDLAW TRANSIT INC","4128248210","140000","","","","","N","","","","","","N","","A108982","","","","","","1","","11"
"2008135781","04","8","345 SIXTH AVE","","PITTSBURGH","PA","15222","PORT AUTHORITY OF ALLEGHENY CONU","4124422000","","","","","","N","","","","","","N","","A-00976060","","","","","","1","","11"
"2008058473","02","8","2235 BEAVER AVE.","","PITTSBURGH","PA","15233","PORT AUTHORITY","4122551385","","","","","","N","","","","","","N","","","","","","","","2","","11"
"2008133669","05","3","UNKNOWN","","UNKNOWN","ZZ","99999","UNKNOWN","9999999999","999999","","","","","N","","","","","","N","","","","","","","","1","99999999","08"
"2008128340","02","8","400 OAKBROOK DRIVE","","GREENSBURG","PA","15601","LAIDLAW TRANSIT INC","7248373766","","","","","","N","","","","","","N","","","","","","","","1","","10"
"2008036438","05","1","4100 S COUNCIL ROAD","","OKLAHOMA CITY","OK","73179","JB HUNT TRANSPORT INC","4798200000","080000","","","","","N","","","","","","N","","","","","","","","2","00080806","08"
"2008114813","99","99","UNKNOWN","","UNKNOWN","ZZ","99999","TDF SERVICES INC","9999999999","999999","","","","","N","","","","","","N","","","","","","","","2","","98"
"2008113656","03","7","2197 DUSS AVE","","AMBRIDGE","PA","15003","WASTE MANAGEMENT OF PA INC","7242662604","058400","","","","","N","","","","","","N","","","","","","","","1","00344050","04"
"2008140759","05","1","PO BOX 857","","AUGUSTA","ME","04332","CROSS KEYS LEASING INC","2076234128","080000","","","","","N","","","","","","N","","","","","","","","1","00327574","08"
"2008115018","03","1","HWY 412 W","PO BOX 188","TOITOWN","AR","72770","PAM TRANSPORTATION INC","8002835192","","","","","","N","","","","","","U","","","","","","","","1","00616877","08"
"2008119801","05","3","PO BOX 265","","WAVERLY","WV","26184","CARR CONCRETE CORP","3044644441","180000","","","","","N","","","","","","U","","","","","","","","2","00302309","06"
"2008122490","05","1","1608 COMMERCE RD.","","RICHMOND","VA","23224","CXPRESS TRUCKING INC.","8042332403","080000","","","","","N","","","","","","N","","","","","","","","1","00296384","08"
"2008059353","05","3","908 BROADWAY ST EXT","","MASURY","OH","44438","PIANDI MOTOR EXPRESS INC","8003212733","800000","","","","","N","","","","","","N","","","","","","","","1","0122443","08"
"2008113384","02","8","705 CENTRAL AVE","","CINCINNATI","OH","45202","FIRST STUDENT INC","9999999999","999999","","","","","N","","","","","000191534","N","","","","","","","","1","00354406","11"
"2008128917","05","1","400 SOUTH MCCLEARY ROAD","","EXCELSIOR SPRINGS","MO","64024","WALLER TRUCK COMPANY","2176381968","800000","","","","","N","","","","","000059444","N","","A-00086676","","","","","","2","00089164","06"
"2008132112","03","1","P.O BOX 493","","LAWRENCE","PA","15055","ALLEGHENY MIIWORK CO","4128846910","","","","","","N","","","","","","N","","","","","","","","2","00439866","08"
"2009001067","99","3","908 BROADWAY ST EXT","","MASURY","OH","444380000","PIANDIMOTORINC","0000000099","990000","","","","","N","","","","","000002833","N","","A00110077","","","","","","2","00122443","08"
"2008023992","03","3","ONE PGT WY","","MONACA","PA","15061","PGT TRUCKING INC","8008326748","080000","","","","","N","","","","","","N","","A-00105584","","","","","","1","0192897","06"
"2008080545","02","3","2250 STEPHENSON ROAD","","LITHONIA","GA","30058","QUIKRETE","8007766049","","","","","","N","","","","","","N","","","","","","","","2","0051938","06"
"2008041841","05","1","4555 HOLLINS FERRY RD.","","BALTIMORE","MD","21227","COWENS SYSTEMS LLC.","3304251327","080000","","","","","N","","","","","","N","","","","","","","","1","00548880","06"
"2008075124","03","3","200 1ST","","CARNEGIE","PA","15106","WHOLESALE BUILDERS SUPPLY","4128354785","058400","","","","","N","","","","","","N","","","","","","","","2","0457932","04"
"2008138176","02","8","2235 BEAVER AVE","","PGH","PA","15223","PORT AUTHORITY ALLEGHENY COUNTY","4124422000","026000","","","","","N","","","","","","N","","A-00976060","","","","","","3","","11"
"2008084281","99","99","UNKNOWN","","UNKNOWN","ZZ","99999","UNKNOWN","9999999999","","","","","","","","","","","","U","","","","","","","","1","","08"
"2008021166","02","8","345 6TH AVE","3RD FLR","PITTSBURGH","PA","152222527","PORT AUTH OF ALLEGHENY COUNTY","4125665500","","","","","","N","","","","","","","","","","","","","","1","00000000","11"
"2008027942","02","8","345 6TH AVE 3RD FLOOR","","PITTSBURGH","PA","152222527","PORT AUTHORITY ALLEGHENY COUNTY","4124422000","","","","","","N","","","","","","N","","A-00976060","","","","","","1","","11"
"2008101985","06","1","120 WEBSTER RD","","NEW KENSINGTON","PA","15068","PARK PRODUCTS","7242247014","","","","","","N","","","","","","N","","","","","","","","1","2605580","09"
"2008065635","02","0","3190 MCCLURE AV","","PITTSBURGH","PA","15212","CONSOLIDATED DISP","9999999999","022000","","","","","N","","","","","","N","","","","","","","","2","","03"
"2008046967","02","8","345 6TH AVE 3RD FLOOR","","PITTSBURGH","PA","152222527","PORT AUTHORITY ALLEGHENY COUNTY","4124422000","","","","","","N","","","","","","","","A-00976060","","","","","","1","","11"
"2008012823","02","8","345 6TH AVE","3RD FLOOR","PITTSBURGH","PA","15222","PORT ATHORITY OF ALLEGHENY CO.","4124422000","","","","","","N","","","","","","N","","A-00976060","","","","","","2","","11"
"2008030473","02","7","100 RANGO LANE","","WASHINGTON","PA","15301","PA WASTE MANAGEMENT","4124292600","999999","","","","","N","","","","","","N","","","","","","","","1","0344050","03"
"2008035547","05","1","611 KINGSLEY DR","","NORMAL","IL","61761","MELTON TRUCK SERVICE","3096641800","080000","","","","","N","","","","","","N","","","","","","","","2","00312891","08"
"2008136438","02","8","1820 MCLAUGHLIN RUN ROA","","PITTSBURGH","PA","15241","UPPER ST. CLAIR SCHOOL DIST","4128331600","030000","","","","","N","","","","","","N","","","","","","","","2","","11"
"2008120248","05","1","2101 HILL AVE","","TOLEDO","OH","43607","NORTHERN TRANSPORTATION","4193815505","080000","","","","","N","","","","","0MC151224","N","","O-00021811","","","","","","2","00154454","08"
"2008115841","03","7","W.NOBLESTOWN ROAD","PO BOX 448","CARNEGIE","PA","15106","BFI WASTE SERVICES LLC","4124292600","073280","","","","","N","","","","","","N","","","","","","","","1","00962087","04"
"2008074564","02","4","PO BOX 117","","COLUMBUS","OH","43216","COLUMBIA GAS OF PENNSYLVANIA","7243217236","026000","","","","","N","","","","","","N","","","","","","","","2","0085212","03"
"2008104899","05","99","2255 RT 217","","BLAIRSVILLE","PA","15717","TAYLOR SERVICES INC","7244221453","080000","","","","","N","","","","","","N","","","","","","","","1","0120871","08"
"2008045417","05","1","60 TRANSCO PARK DR","","RUSSELLVILLE","AZ","72802","TRANSCO LINES INC.","8004465568","080000","","","","","N","","","","","","N","","","","","","","","2","00260968","08"
"2008100055","02","3","965 E. MAIN ST","","MERIDEN","CT","06450","LANE CONSTRUCTION CORPORATION","4129378097","073280","","","","","N","","","","","","N","","","","","","","","2","0027913","06"
"2008122484","05","1","1431 GREENWAY DRIVE, SU","","IRVING","TX","75038","ANDREWS LOGISTICS INC.","4123277882","080000","","","","","N","","","","","","N","","","","","","","","1","00736714","08"
"2008015191","03","1","1498 EVANS CITY ROAD","","EVANS CITY","PA","16153","THREE RIVERS ICE CREAM","7245389190","017500","","","","","N","","","","","000335464","N","","A-00115533","","","","","","1","00335464","06"
"2008009831","02","4","300 WETZEL ROAD","","GLENSHAW","PA","15116","SHALER TOWNSHIP","4124869700","033000","","","","","","","","","","","","","","","","","","","2","","98"
"2008048029","05","3","6600 BESSEMER AVE","","CLEVELAND","OH","44127","KAPLAN TRUCKING","2163413322","080000","","","","","N","","","","","000002304","N","","","","","","","","2","00120670","08"
"2008073206","05","2","14502 EAST LIVERPOOL RO","","EAST LIVERPOOL","OH","43920","FILLMORE FREIGHT LINES LLC","8003210094","","","","","","N","","","","","","N","","A-00011447","","","","","","1","","08"
"2008047990","99","8","798 EKASTOWN RD","","SARVER","PA","16055","WL ROENICK","4127817906","","","","","","","","","","","","N","","","","","","","","1","","11"
"2008079400","99","99","673 COLBERT AVENUE","","OIL CITY","PA","16301","SCHAKE INDUSTRIES","9999999999","999999","","","","","N","","","","","","N","","","","","","","","1","","98"
"2008085471","06","8","2235 BEAVER AVE","","PITTSBURGH","PA","15233","PORT AUTHORITY OF ALLEGHENY CO","4122377000","999999","","","","","N","","","","","","N","","","","","","","","2","","11"
"2008117041","03","7","3311 PENN AVENUE","","PITTSBURGH","PA","15201","AAA SCRAP IRON AND METAL","4126213405","345000","","","","","N","","","","","","N","","","","","","","","2","","04"
"2008128972","05","3","2121 JAY RD","","CLEARVILLE","PA","15535","JT ENTERPRISES TRUCKING","8147843465","800000","","","","","N","","","","","000538982","N","","A-00114479","","","","","","1","00850235","06"
"2009001535","02","3","109 MCCLURE STREET","","DRAVOSBURG","PA","15034","C&D TOWING INC","4124699380","025505","","","","","N","","","","","","N","","","","","","","","2","00536207","03"
"2008092970","02","99","11320 151 ST","","EDMONTON","AB","T5M4A","NORTH YANKE TRANSFER","8006677988","","","","","","N","","","","","","N","","","","","","","","2","0193143","08"
"2008106806","06","4","8063 SOUTHERN BLVD","","YOUNGSTOWN","OH","44512","R AND J TRUCKING","8002629365","080000","","","","","N","","","","","","N","","","","","","","","2","0255968","08"
"2008032392","05","1","130 ARMSTRONG ROAD","","PITTSTON","PA","18640","TRL INC","5706545400","080000","","","","","N","","","","","","N","","","","","","","","1","00003706","08"
"2008072972","05","1","P. O. BOX 6424","","FORT SMITH","AR","72903","CARMAN INC.","8007623411","080000","","","","","N","","","","","000186076","N","","","","","","","","1","00262981","08"
"2008027278","05","99","278 WEST TAGGART","","EAST PALESTINE","OH","44413","JASAR RECYCLING","3308533098","080000","","","","","N","","","","","","U","","","","","","","","2","0748650","08"
"2008117675","03","1","913 RAILROAD STREET","","SPRINGDALE","PA","15144","THREE RIVERS TRUCKING","7242747050","080000","","","","","N","","","","","0MC248064","N","","A-00097347","","","","","","2","00731375","06"
"2008083881","04","8","345 SIXTH AVE","","PITTSBURGH","PA","15222","PORT AUTHORITY OF ALLEGHENY","4124422000","","","","","","N","","","","","","N","","","","","","","","1","","11"
"2008083881","04","8","345 SIXTH AVE","","PITTSBURGH","PA","15222","PORT AUTHORITY OF ALLEGHENY","4124422000","","","","","","N","","","","","","N","","","","","","","","2","","11"
"2008018328","99","99","763 7TH STREET","","TRAFFORD","PA","15085","AMD PAPER SALVAGE","9999999999","999999","","","","","N","","","","","","N","","","","","","","","1","","98"
"2008033362","02","8","345 6TH AVE.","","PITTSBURGH","PA","15222","PORT AUTH OF ALLEGHENY CO.","4125665500","","","","","","N","","","","","","N","","A-00976060","","","","","","2","","11"
"2008101943","02","8","345 6TH AVE 3RD FLOOR","","PITTSBURGH","PA","152222527","PORT AUTHORITY","4124422000","000000","","","","","N","","","","","","N","","","","","","","","1","","11"
"2008027264","02","1","1325 BROOKLINE BLVD","","PITTSBURGH","PA","15226","ARNEL HOBZIC","0000000412","110000","","","","","N","","","","","","N","","","","","","","","2","00265752","03"
"2008132499","04","3","8589 DARRON ROAD","","TWINSBURG,","OH","44087","ALL STATES FREIGHT SYSTEMS INC.","3304051000","080000","","","","","N","","","","","000021032","N","","A-00120564","","","","","","2","00465035","08"
"2008022709","03","4","PO BOX 67676","","HARRISBURG","PA","17106","PA TURNPIKE COMMISSION","8009320586","038000","","","","","N","","","","","","N","","","","","","","","2","00075184","04"
"2008088349","03","0","1415 MARAS STREET","","SHAKOPEE","MN","55379","VALLEY RIDGE LSG","9524458718","","","","","","N","","","","","","","","","","","","","","1","0191719","07"
"2008019455","05","99","PO BOX 167","","PLEASANT VIEW","TN","37146","OLD SOUTH FREIGHT SERVICE INC","8007756737","080000","","","","","N","","","","","000157902","N","","","","","","","","2","00201752","08"
"2008041483","99","4","414 GRANT STREET","","PITTSBURGH","PA","15219","CITY OF PITTSBURGH","4122550743","","","","","","N","","","","","","U","","","","","","","","2","","99"
"2008049010","99","1","UNKNOWN","","UNKNOWN","ZZ","99999","UNKNOWN","9999999999","999999","","","","","N","","","","","999999999","N","","","","","","","","1","99999999","08"
"2008112310","05","1","3501 W OLD LINCOLN WAY","","WOOSTER","OH","44691","WOOSTER MOTOR WAYS","3302647690","080000","","","","","N","","","","","","N","","","","","","","","1","00157262","08"
"2008031930","05","1","3901 W BROAD ST","","RICHMOND","VA","23230","ESTES EXPRESS LINES","8043531900","080000","","","","","N","","","","","","N","","","","","","","","2","00121018","06"
"2008102514","02","99","200 HUNT VALLEY ROAD","","NEW KENSINGTON","PA","15068","SWANK ASSOCIATED COMPANIES","7243356000","017950","","","","","N","","","","","","N","","","","","","","","1","0304915","03"
"2008025316","05","2","7431 STATE ROUTE 7","","KINSMAN","OH","44428","L T HARNETT TRUCKING INC","8008980112","080000","3","","","","Y","1","","","","","N","","","","","","","","2","00239562","08"
"2009014551","04","8","345 SIXTH AVE","","PITTSBURGH","PA","15222","PORT AUTHORITY OF ALLEGHENY","4124422000","","","","","","N","","","","","","N","","A-00976060","","","","","","2","","11"
"2008061383","02","1","1017 PAINTERTOWN ROAD","","IRWIN","PA","15642","ALLIED","4128842914","260000","","","","","N","","","","","","N","","","","","","","","1","0076235","03"
"2008083836","03","1","920 IRWIN RUN RD","","WEST MIFFLIN","PA","15122","LIBERTY CANDY CO","4124612700","054700","","","","","N","","","","","524020","N","","","","","","","","1","","04"
"2008087644","05","1","PO BOX 68","","CEDAR RAPIDS","IA","52404","CRST VAN XPEDITED INC","3193964400","800000","","","","","N","","","","","","N","","","","","","","","1","00053773","08"
"2008087174","02","8","345 6TH AVE","","PITTSBURGH","PA","152222527","PORT AUTHORITY","4124422000","","","","","","N","","","","","","N","","","","","","","","1","","11"
"2008087679","05","1","245 CASTLE HEIGHTS AVE","","LEBANON","TN","37087","PFG TRANSCO INC","8007477728","301850","","","","","N","","","","","208086","N","","A-00018256","","","","","","1","0035568","08"
"2008052669","02","3","3901 GREENWOOD RD.","","NEW KENSINGTON","PA","15068-0744","FREDERICK WAREHOUSING CO.","7243376343","025500","","","","","N","","","","","","N","","","","","","","","1","00000000","03"
"2008021689","03","3","8067 MERCER PIKE","","MEADEVILLE","PA","16335","BIGUSIAK TRUCKING","8144258131","080000","","","","","N","","","","","000266242","N","","A-00108508","","","","","","2","00309237","08"
"2008090089","05","99","UNKNOWN","","UNKNOWN","ZZ","99999","UNKNOWN","9999999999","080000","","","","","N","","","","","","U","","","","","","","","1","00000009","99"
"2009005815","02","8","2235 BEAVER AVE","","PITTSBURGH","PA","15233","PORT AUTHORITY","9999999999","999999","","","","","N","","","","","","N","","","","","","","","1","","11"
"2009001795","02","8","345 SIXTH AVE","","PGH","PA","15222","PORT AUTHORITY","4122377000","","","","","","N","","","","","","N","","A-00976060","","","","","","1","","11"
"2008108079","02","8","2235 BEAVER AVENUE","","PITTSBURGH","PA","15233","PORT AUTHORITY ALLEGHENY COUNTY","4126652659","","","","","","N","","","","","","N","","","","","","","","1","","11"
"2008018572","02","8","8100 PENN AVE","","NORTH HUNTINGTON","PA","15642","STATE OF PENNSYLVANIA","9999999999","999999","","","","","N","","","","","","N","","","","","","","","2","","11"
"2009000253","02","1","6427 DAHLEM PLACE","","PITTSBURGH","PA","15206","VERIZON","4125554833","048000","","","","","N","","","","","","N","","","","","","","","1","00033234","03"
"2008111751","03","0","3301 SMALLMAN ST","","PITTSBURGH","PA","15201","PITTSBURGH TIRE SERVICE INC.","4126837800","066000","","","","","N","","","","","","N","","","","","","","","2","0362243","04"
"2008033229","05","99","3924 CLOCK POINTE TRAIL","","STOW","OH","44224","RUAN LOGISTICS CORP.","5152455468","080000","","","","","N","","","","","","N","","","","","","","","2","00098098","06"
"2008098723","02","8","BEAVER & ISLAND AVE.","","PITTSBURGH","PA","15233","PORT AUTHORITY OF ALLEGHENY CO.","4128514900","033000","","","","","N","","","","","","N","","","","","","","","3","","11"
"2008101847","01","4","1342 CATHELL RD.","","PITTSBURGH","PA","15236","BALDWIN ASPHALT PAVING INC.","4128844414","047900","","","","","N","","","","","","N","","","","","","","","2","","06"
"2008055383","02","8","345 6TH AVE","","PITTSBURGH","PA","15222","PORT AUTH OF ALLEG. CO","4124422000","","","","","","N","","","","","","N","","","","","","","","2","","11"
"2008104262","99","99","PO BOX 88","","WOODLAND","PA","16881","BUTLER TRUCKING CO","9999999999","999999","","","","","N","","","","","","N","","","","","","","","3","","98"
"2008128371","04","4","384 OLD CURRY HOL RD","","PITTSBURGH","PA","15236","POSTY TRUCKING CO. INC.","4126557313","080000","","","","","N","","","","","","N","","A-00100443","","","","","","2","","04"
"2008097701","05","1","400 MAIN ST","","BELLE VERNON","PA","15012","PITTSBURGH-FAYETTE EXPRESS INC","7249292220","080000","","","","","N","","","","","","N","","A-00100948","","","","","","2","0088361","08"
"2008099051","02","8","UNKNOWN","","UNKNON","ZZ","99999","UNKNOWN","9999999999","999999","","","","","","","","","","","N","","","","","","","","2","","11"
"2008022804","03","8","200 HAHN ROAD","","PITTSBURGH","PA","15209","LAIDLAW TRANSIT INC.","4127939600","013573","","","","","N","","","","","","N","","","","","","","","2","00000000","11"
"2008041445","05","1","PO BOX 3520","","DECATUR","IL","62524","MCLEOD EXPRESS LLC","2177065042","500000","","","","","N","","","","","","N","","","","","","","","1","00992986","06"
"2008099969","03","8","2235 BEAVER AVE.","","PITTSBURGH","PA","15233","PORT AUTHORITY OF ALLEGHENY CO","4125665500","","","","","","N","","","","","","N","","","","","","","","2","","11"
"2008092142","03","1","3377 ST RT 224","","WILLARD","OH","44890","DUTCH MAID LOGISTICS INC","5672243009","080000","","","","","N","","","","","","N","","A-00064370","","","","","","2","","08"
"2008068695","05","3","8201 104TH ST SUITE 100","","PLEASENT PRAIRE","WI","53158","DALLAS MAVIS SPECIALIZED CAR","8007812050","","","","","","N","","","","","","N","","A-00000000","","","","","","2","","08"
"2008135919","02","8","345 SIXTH AVENUE","","PITTSBURGH","PA","15222","PORT AUTHORITY","4125665200","","","","","","N","","","","","","N","","A-00976060","","","","","","2","","11"
"2008124344","02","8","1820 MCLAUGHLIN RUN ROA","","UPPER ST. CLAIR","PA","15241","UPPER ST. CLAIR SCHOOL DISTRICT","4128331600","","","","","","N","","","","","","N","","","","","","","","1","","11"
"2008031566","99","8","UNKNOWN","","UNKNOWN","ZZ","99999","UNKNOWN","9999999999","099999","","","","","","","","","","","U","","","","","","","","2","","11"
"2008051072","02","3","600 PENN AVE.","","PITTSBURGH","PA","15221","FLYNN CONSTRUCTION MANAGEMENT","8004347759","017500","","","","","N","","","","","","U","","A-00000000","","","","","","2","","09"
"2008045419","02","8","573 BRADDOCK AVENUE","","EAST PITTSBURGH","PA","15112","PRN PARATRANSIT SERVICES INCORP","8886348774","","","","","","N","","","","","","N","","","","","","","","2","","10"
"2008058405","02","8","345 SIXTH AVENUE","3RD FLOOR","PITTSBURGH","PA","15222","PORT AUTHORITY OF ALLEGHENY COUN","4124422000","","","","","","N","","","","","","N","","","","","","","","2","","11"
"2008083302","04","8","345 SIXTH AVE","","PITTSBURGH","PA","15222","PORT AUTHORITY OF ALLEGHENY","4124422000","","","","","","N","","","","","","N","","","","","","","","2","","11"
"2008043161","05","4","4818 EAST NEW MARKET","ROAD POB 82","RHODESDALE","MD","99999","ADAMS EXPRESS","4109409017","800000","","","","","N","","","","","000258333","N","","","","","","","","1","00503025","06"
"2008009117","03","2","113 TOY RD","","KITTANNING","PA","16201","BOWSER TRUCKING","7242975520","073280","","","","","N","","","","","","N","","A-00116614","","","","","","1","00561189","04"
"2008093595","01","1","OLD 6TH AVE RD","","DUNCANSVILLE","PA","16635","ALLEGHENY SUPPLY & MAINTENANCE","8146961315","026001","","","","","N","","","","","","N","","","","","","","","1","00369992","03"
"2008041458","03","1","2700 S KAUFMAN ST","","EMMS","TX","75119","TRANS-PORTE INC","8004426414","142000","","","","","N","","","","","","N","","A-00114940","","","","","","1","00745614","08"
"2008062805","02","4","323 CAROUTHERS AVE","","CARNEGIE","PA","15106","EDWARD ODONNEL","4124909497","011000","","","","","N","","","","","","N","","","","","","","","2","","03"
"2008030486","03","4","101 ATLANTIC AVENUE","","ELIZABETH","PA","15037","ELIZABETH LUMBER","4122923546","732800","","","","","N","","","","","","N","","A-00113466","","","","","","3","","04"
"2008057433","03","3","250 SHADOW OAKS LANE","","WAYNESBURG","PA","15370","BECKER HAULING","7246240262","800000","","","","","N","","","","","","N","","","","","","","","1","0942074","08"
"2008082090","02","1","13204 PLEASANT VALLEY R","","WOODSTOCK","IL","60098","PPF EXPRESS TRUCKING","8153373991","026000","","","","","N","","","","","","N","","","","","","","","3","00688721","03"
"2008096474","05","1","101 KAPPA DR.","","PITTSBURGH","PA","15238","TALON LOGISTICS","4125378891","080000","","","","","N","","","","","","N","","","","","","","","2","0030237","06"
"2008041637","99","1","625 WATERCREST WAY","","CHEWICK","PA","15024","HEALTH CARE SOLUTIONS","7242742247","","2","","","","Y","1","","","","","N","","","","","","","","3","00114309","02"
"2008127141","03","7","2197 DUSS AVE","","AMBRIDGE","PA","15003","WASTE MANGEMENT OF PENNSYLVANIA","7242662604","073280","","","","","N","","","","","999999999","N","","","","","","","","2","00344050","04"
"2008077655","05","1","3800 NORTH RODNEY PARHA","","LITTLE ROCK","AR","72212","MAIL CONTRACTORS OF AMERICA","8003828093","080000","","","","","N","","","","","","N","","","","","","","","1","0448797","08"
"2008058531","99","99","215 MCKEAN ST","","PITTSBURGH","PA","15219","COUNTY OF ALLEGHENY","9999999999","032000","","","","","N","","","","","","N","","","","","","","","2","9999999","05"
"2008129579","99","8","7180 HIGHLAND DR","","PITTSBURGH","PA","15206","VA HOSPITAL","4123654900","999999","","","","","N","","","","","","N","","","","","","","","2","","11"
"2008112790","99","1","1 JOHN  STREET","","MCKEES ROCKS","PA","15136","RED DIAMOND TRUCKING CO INC","4127788877","025500","","","","","N","","","","","","N","","","","","","","","2","01738977","05"
"2008018790","83","2","2500 N TIBBS STREET","","INDIANAPOLIS","IN","46222","BP PRODUCTS NORTH AMERICA INC","4122624422","800000","1","2","0","3","Y","1","1","1","1","","N","","","","","","","","1","0033731","08"
"2008102998","02","1","27 51ST ST","","PITTSBURGH","PA","15201","3PD","4124753079","026000","","","","","N","","","","","","N","","","","","","","","4","00016130","03"
"2008031270","02","8","200 HAHN RD","","PITTSBURGH","PA","1520","LAIDLAW TRANSIT","9999999999","099999","","","","","N","","","","","","N","","","","","","","","1","","10"
"2008114183","02","8","345 6TH AVE","P","PGH","PA","15222","PORT AUTHORITY","4122377000","","","","","","N","","","","","","N","","","","","","","","1","","11"
"2008029943","01","4","500 FIFTH AVENUE","","MCKEESPORT","PA","15132","CITY OF MCKEESPORT","4126755062","009200","","","","","N","","","","","","N","","","","","","","","1","","03"
"2008083491","04","1","124 PLUNKETT DR","","ZELIENOPLE","PA","16063","PLUNKETT MOTOR FREIGHT","7247725300","060000","","","","","N","","","","","","N","","","","","","","","1","","08"
"2008063639","04","8","2235 BEAVER AVENUE","","PITTSBURGH","PA","15233","PORT AUTHORITY","4122551350","000000","","","","","N","","","","","","N","","","","","","","","1","","11"
"2008110503","02","2","1220 MCKEE AVE","","PITTSBURGH","PA","15225","THE HOLDEN CORP","4124982898","","","","","","N","","","","","","N","","","","","","","","1","00364088","03"
"2008026042","02","8","200 HAVEN RD.","","PITTSBURGH","PA","15209","LAIDLAW TRANSIT","4127939600","013537","","","","","N","","","","","000000000","N","","A-00009999","","","","","","2","00000000","11"
"2008112713","99","1","3400 EDGEFIELD CT","","GREENSBORO","NC","27409","EPES TRANSPORT SYSTEM INC","9999999999","800000","","","","","","","","","","","U","","","","","","","","2","0120195","08"
"2008131104","02","8","2235 BEAVER AVE","","PITTSBURGH","PA","15233","PORT AUTHORITY OF ALLEG. CO.","4128208215","","","","","","N","","","","","A-0099999","N","","A-00999999","","","","","","2","","11"
"2008122612","02","1","7539 STATE ROUTE 13","","BELLVILLE","OH","44813","DAIMLER TRUST","9999999999","610000","","","","","N","","","","","","N","","","","","","","","1","","02"
"2008116572","05","0","41 E ST RD","","SCOTTSBURG","IN","47170","TRANSPORT COR OF AMERICA INC","6516862500","033000","","","","","N","","","","","000151556","N","","","","","","","","1","00183949","08"
"2008046465","05","1","715 W 172ND ST BOX348","","S.HOLLAND","IL","60473","EAGLE EXPRESS LINES INC","8888682501","073280","","","","","N","","","","","","N","","A-00999999","","","","","","2","0649914","08"
"2008132315","02","4","200 CIVIC CENTER","","COLUMBUS","OH","43216","COLUMBIA GAS OF PA INC","7243217528","015000","","","","","N","","","","","","N","","","","","","","","2","00085212","03"
"2008097847","04","4","221 ALLEGHENY AVE","","OAKMONT","PA","15139","TDF SERVICES INC","9999999999","732800","","","","","N","","","","","","N","","","","","","","","2","0945123","04"
"2008071476","02","8","2235 BEAVER AVE","","PGH","PA","15233","PORT AUTHORITY","4125665500","","","","","","","","","","","","N","","","","","","","","2","","11"
"2008064053","02","8","345 6TH AVE 3RD FL","PITTSBURGH","PITTSBURGH","PA","152222527","PORT AUTHORITY","4124422000","","","","","","N","","","","","","N","","","","","","","","2","","11"
"2008022479","02","6","1510 SO 700 W","","SALT LAKE CITY","UT","84104","SPIDER TRANSPORT","8007086079","080000","","","","","N","","","","","","N","","","","","","","","1","1138495","09"
"2008077903","03","2","PO BOX 909","","ROVERSFORD","PA","19468","VENEZIA LIQUID TANKLINES INC","8008829691","800000","","","","","N","","","","","","N","","A-00105332","","","","","","2","1079977","08"
"2008109796","03","3","7533 TIOGA STREET","","PITTSBURGH","PA","15208","ANTHONY PHILLIPS HAULING","4122413355","000005","","","","","N","","","","","","N","","","","","","","","1","0905328","04"
"2008036732","02","1","1821 BEAVER AVE","","PITTSBURGH","PA","15233","UNITED PARCEL SERVICE","4122376649","021000","","","","","N","","","","","","N","","","","","","","","2","00024796","09"
"2008029547","02","1","8175 STEUBENVIL","","IMPERIAL","PA","15126","SANTIAGO DISTRIBUTING CO. INC.","7246957289","030000","","","","","N","","","","","","N","","","","","","","","2","","03"
"2008132322","02","2","1137 WASHINGTON BLVD","","PITTSBURGH","PA","15206","MONARCH OIL COMPANY","4126611300","033000","3","","","","Y","1","","","","","N","","","","","","","","2","00276137","98"
"2008010323","02","8","345 6TH AVE 3RD FL","","PITTSBURGH","PA","152222527","PORT AUTHORITY","4124424000","","","","","","N","","","","","","","","A-00976060","","","","","","1","00000000","11"
"2008030019","04","7","PO BOX 448","","CARNEGIE","PA","15106","BFI","4124292600","073280","","","","","N","","","","","","N","","","","","","","","2","00962087","09"
"2008114054","03","3","PO BOX 836","238 MOON CLINTON RD","MOON","PA","15108","AMERICAN ROAD LINES INC","8002454722","","","","","","N","","","","","","Y","","","","","","","","2","00186375","06"
"2008052535","05","99","POST OFFICE BOX 129","","HILLIARD","OH","43026","ARCTIC EXPRESS INC","6148764008","080000","","","","","N","","","","","","N","","","","","","","","1","0193073","08"
"2008084653","02","8","345 SIXTH AVE 3RD FL","","PITTSBURGH","PA","152222527","PORT AUTHORITY OF ALLEGHENY CO","4125665500","","","","","","N","","","","","","N","","","","","","","","1","","11"
"2008110996","05","1","9400 NW 10TH ST","","OKLAHOMA","OK","73127","SWIFT LEASING CO","7242656292","080000","","","","","N","","","","","","N","","","","","","","","1","","08"
"2008029960","03","4","798 EKASTOWN RD","","SARVER","PA","16055","WL ROENIGK","7243531515","073280","","","","","N","","","","","000142709","N","","A-00110238","","","","","","1","01131786","05"
"2008034563","02","8","2235 BEAVER AVE","","PITTSBURGH","PA","15233","PORT AUTHORITY","4125665500","","","","","","N","","","","","","N","","A-00976060","","","","","","1","","11"
"2008067867","02","1","900 MARKET ST","","MCKEESPORT","PA","15132","JAMES MOVING COMPANY","4128827705","031000","","","","","","","","","","","N","","A-00110867","","","","","","2","0962166","03"
"2008033091","02","8","345 6TH AVE","","PITTSBURGH","PA","15222","PORT AUTH OF ALLEG. CO","4124422000","","","","","","N","","","","","","N","","A-00976060","","","","","","2","","11"
"2008089528","05","1","PO BOX 50800","","INDIANAPOLIS","IN","46250","WHEATON VAN LINES IN","8009327799","072000","","","","","N","","","","","","N","","","","","","","","1","00070719","08"
"2008089528","02","1","4720 MCKNIGHT R","","PITTSBURGH","PA","15237","U-HAUL MCKNIGHT RD","4123670300","011000","","","","","N","","","","","","N","","","","","","","","2","00428517","03"
"2008116251","04","1","650 WESTTOWN ROAD","P.O BOX 564","WEST CHESTER","PA","19381","A DUIE PYLE INC.","4124986693","080000","","","","","N","","","","","","N","","A-00107226","","","","","","1","00113594","08"
"2008107324","02","8","232 N AIKEN AVE","","PITTSBURGH","PA","15206","RICKETT TRANSPORTATION INC","4123238909","","","","","","N","","","","","","N","","","","","","","","2","","11"
"2008048357","02","8","1825 LIVERPOOL ST","","PITTSBURGH","PA","15233","AIRLINE AQUISITION","9999999999","999999","","","","","N","","","","","","N","","","","","","","","1","","11"
"2008061758","06","3","1827 SANDUSKY ST.","","FOSTORIA","OH","448300000","BOWLING TRANSPORTATION INC.","4409750309","","","","","","N","","","","","999999","U","","A-00000000","","","","","","2","1234567","08"
"2008066491","05","1","251 MONROE AVE","","KENILWORTH","NJ","070331106","FLEXI VAN LEASING","8887447249","","","","","","N","","","","","335285","N","","A-00899525","","","","","","2","1712031","08"
"2008025307","05","1","901 N KANSAS AVENUE","","NORTH LIBERTY","IA","52317","HEARTLAND EXPRESS INC","8004414953","034000","","","","","N","","","","","","N","","","","","","","","2","00134697","08"
"2008120487","05","99","3690 US STAE RT 30","","LATROBE","PA","15650","FOX AND JAMES INC","7245393561","080000","","","","","N","","","","","099999999","N","","","","","","","","2","","06"
"2008091262","02","8","345 SIXTH AVE","3RD FL","PGH","PA","15222","PORT AUTHORITY OF ALLEGHENY CO","4122377000","","","","","","N","","","","","","N","","","","","","","","1","","11"
"2008061341","99","99","4794 COUNTY RD 43","","STEUBENVILLE","OH","43951","ABSOLUTE TRANSPORTATION INC","8006263751","","","","","","N","","","","","","U","","","","","","","","2","00394620","08"
"2008031807","02","8","309 COLLINS DRIVE","","PITTSBURGH","PA","15235","PENN HILLS SCHOOL DISTRICT","4127930136","034000","","","","","N","","","","","","N","","","","","","","","2","00000000","11"
"2008114052","05","4","311 FIELDING DRIVE","","PITTSBURGH","PA","15235","THOMAS DIDIANO AND SON","4123638226","584800","","","","","N","","","","","","N","","","","","","","","1","","06"
"2008128048","05","1","67 TULIP LA","","ALTOONA","WI","54720","MICHAEL D FRANCE","7158344622","080000","","","","","N","","","","","","N","","","","","","","","2","00923274","08"
"2008034962","03","4","17TH & ARSENAL BOULEVAR","","HARRISBURG","PA","17120","PENNDOT EQUIPMENT 133-08076","4127813260","058400","","","","","N","","","","","","N","","","","","","","","2","","04"
"2008041840","05","99","RR 1 BOX 37 M","","AVONMORE","PA","15618","LLS LEASING","7244499335","080000","","","","","N","","","","","000294541","N","","","","","","","","1","00614150","08"
"2008113294","05","2","999 AIRBRAKE AVE","","WILMERDING","PA","15148","ALLEGHENY PETROLIUM PRODUCTS","4128291990","050000","","","","","N","","","","","","N","","","","","","","","1","00332287","08"
"2008128339","02","8","345 6TH AVE","","PITTSBURGH","PA","152222527","PORTAUTHORITY","4124422000","","","","","","N","","","","","","N","","A-00976060","","","","","","1","","11"
"2008080318","02","8","200 HAHN RD","","PITTSBURGH","PA","15209","LAIDLAW TRANSIT","9999999999","","","","","","N","","","","","","U","","","","","","","","1","","11"
"2008110932","05","4","1306 MAIN ST","","CRESCENT","PA","15046","IRON CITY EXPRESS","7244572727","080000","","","","","N","","","","","325352","N","","","","","","","","1","0508426","06"
"2008063047","02","1","2002 RT 18","","ALIQUIPPA","PA","15001","UNGER FREIGHT SERVICE","4122641954","330000","","","","","N","","","","","277201","N","","A-00117986","","","","","","1","0570166","00"
"2008105168","05","1","160 VELTRI DR","","WASHINGTON","PA","15301","VELTRI TRUCKING INC","7242289381","080000","","","","","N","","","","","","N","","","","","","","","2","1077151","08"
"2008011430","02","8","2235 BEAVER AVENUE","","PITTSBURGH","PA","15233","PORT AUTHORITY OF ALLEGHENY COUN","4122551385","009999","","","","","N","","","","","","N","","A-00976060","","","","","","2","","11"
"2008043304","99","1","GOOSEHILL RD BOX 259","","JEFFERSON","ME","04348","NEW PENN MOTOR EXPRESS INC","8002097893","","","","","","N","","","","","","N","","","","","","","","1","00010670","06"
"2008030403","99","3","UNKNOWN","","UNKNOWN","ZZ","UNKNOWN","UNKNOWN","9999999999","","","","","","","","","","","","","","","","","","","","2","00999999","06"
"2008110928","05","1","4619 REDWOOD DR","","BRUNSWICK","OH","44212","GABY'S TRUCKING INC.","2162760399","080000","","","","","N","","","","","","N","","","","","","","","2","1243472","08"
"2008110286","02","7","73 WEST NOBLESTOWN RD","","CARNEGIE","PA","15106","BFI WASTE SERVICES OF PA LLC","4124292600","073250","","","","","N","","","","","","N","","","","","","","","1","00962087","03"
"2008032406","02","1","700 ONEIL BLVD","","MCKEESPORT","PA","15131","REED SAUL INC-GREEN GROCER","4126787806","255000","","","","","N","","","","","","N","","","","","","","","3","00973585","03"
"2008081587","05","4","681 MILL RUN RD","","MILL RUN","PA","15464","ARSENBERGER TRUCKING CO","7244552826","080000","","","","","N","","","","","","N","","","","","","","","1","0261279","08"
"2008088368","99","99","5607 CENTURY AVE","","PITTSBURGH","PA","15207","PRIVATE","4124616853","115000","","","","","N","","","","","","N","","","","","","","","1","","09"
"2008088368","99","7","7533 TIOGA ST","","PITTSBURGH","PA","15208","ANTHONY PHILLIPS","4122413355","","","","","","N","","","","","","N","","","","","","","","2","","08"
"2008122529","05","1","1276 CONWAY BAY","","PALATINE","IL","60634","FALOBOR TRANSPORT INC","7738956338","080000","","","","","N","","","","","","N","","","","","","","","1","01479206","08"
"2008112164","99","99","UNKNOWN","UNKNOWN","UNKNOWN","ZZ","9999","UNKNOWN","9999999999","","","","","","N","","","","","","U","","","","","","","","2","","99"
"2008131776","05","99","UNKNOWN","","UNKNOWN","ZZ","UNKNOWN","UNKNOWN","9999999999","","","","","","N","","","","","000999999","N","","","","","","","","2","","08"
"2008123721","03","1","212","BLACKHORSE LN","NORTH BRUNSWICK","NJ","08902","EASTERN","9089650100","080000","","","","","N","","","","","","U","","A-00113373","","","","","","1","00580793","08"
