"CRN","AXLE_CNT","CARGO_BD_TYPE","CARRIER_ADDR_1","CARRIER_ADDR_2","CARRIER_ADDR_CITY","CARRIER_ADDR_STATE","CARRIER_ADDR_ZIP","CARRIER_NM","CARRIER_TEL","GVWR","HAZMAT_CD1","HAZMAT_CD2","HAZMAT_CD3","HAZMAT_CD4","HAZMAT_IND","HAZMAT_REL_IND1","HAZMAT_REL_IND2","HAZMAT_REL_IND3","HAZMAT_REL_IND4","ICC_NUM","OSIZE_LOAD_IND","PERMITTED","PUC_NUM","SPECIAL_SIZING1","SPECIAL_SIZING2","SPECIAL_SIZING3","SPECIAL_SIZING4","TYPE_OF_CARRIER","UNIT_NUM","USDOT_NUM","VEH_CONFIG_CD"
"2013075590","05","99","100 GILLINGHAM LN MD08","","SUGAR LAND","TX","77478","SCHLUMBERGER TECHNOLOGY CORP","5709556047","080000","","","","","N","","","","","","N","","","","","","","","1","00052767","06"
"2013028017","05","1","4402 SW 44TH STREET","","OKLAHOMA CITY","OK","73119","US XPRESS LEAAING","8002516291","080000","","","","","N","","","","","","N","","","","","","","","1","00303024","08"
"2013117754","99","99","602 BECKS RUN RD","","PITTSBURGH","PA","15210","PITT ELECTRIC","9999999999","","","","","","N","","","","","","U","","","","","","","","3","","99"
"2013128788","05","99","3200 INDUSTRIES ROAD","","RICHMOND","IN","47324","CON WAY FREIGHT","8004266929","080000","","","","","N","","","","","000165377","N","","A-00999999","","","","","","3","00241829","06"
"2013092519","05","1","1500 BLAINE STREET","","HELENA","MT","59601","WATKINS & SHEPARD LEASING LLC","8008240913","080000","","","","","N","","","","","","N","","","","","","","","2","00230991","08"
"2013099089","05","1","237 CRAGLE HILL ROAD","","SHICKSHINNY","PA","18655","DAWN BOWMAN","5704175548","080000","","","","","N","","","","","000260022","N","","","","","","","","1","00508627","08"
"2013004324","05","3","PO BOX 296 CURRIE ROAD","","PORTERSVILLE","PA","16051","MCCLYMONDS SUPPLY & TRANSIT CO.","7243688040","080000","","","","","N","","","","","000159918","N","","A-00105846","","","","","","1","00269478","08"
"2013078633","02","7","121 BRICKYARD RD","","MARS","PA","16046","VOGEL DISPOSAL SERVICE","7246251511","066000","","","","","N","","","","","","N","","","","","","","","1","00000485","03"
"2013068425","02","3","1500 N. MANTUA ST","","KENT","OH","44240","DAVEY TREE EXPERT CO","8004458733","","","","","","N","","","","","","N","","","","","","","","2","00093861","03"
"2013089377","03","4","221 ALLEGHENY AVENUE","","OAKMONT","PA","15139","CARD TRANSPORT LLC","7248879323","","","","","","N","","","","","","N","","","","","","","","2","01377857","04"
"2013089498","01","8","200 HAHN RD","","PITTSBURGH","PA","15209","FIRST STUDENT","4128210300","","","","","","N","","","","","","N","","","","","","","","1","","11"
"2013058272","05","99","157 CADENZA CT","","LOUISVILLE","KY","40229","MICHAEL W HOUSE","8595527562","080000","","","","","N","","","","","","N","","","","","","","","1","02339455","08"
"2013119280","03","3","1 JOHN ST","","MCKEES ROCKS","PA","15136","RED DIAMOND TRUCKING","4127888989","","","","","","N","","","","","","N","","","","","","","","2","","04"
"2013008067","02","1","1313 STADIUM ST","","BERLIN","PA","15530","SNYDER OF BERLIN","4125842782","012000","","","","","N","","","","","999999999","N","","","","","","","","2","99999999","03"
"2013121633","05","1","755 BEECHNUT DRIVE","","PITTSBURGH","PA","15205","TALON LOGISTICS INC","4122813353","068000","","","","","N","","","","","","N","","","","","","","","1","00030237","08"
"2013032374","03","4","606 MCCORMICK AVE","","CONNELLSVILLE","PA","15425","STONE AND COMPANY INC","4126780100","026000","","","","","N","","","","","","N","","A-00115059","","","","","","2","00400780","04"
"2013010346","05","1","1280 BLUE KNOB RD.","","MARIETTA","OH","45750","R.O. WETZ TRANS. CO.","7403732472","080000","","","","","N","","","","","","N","","","","","","","","1","00103886","08"
"2013022543","06","1","PO BOX #10","","RUTHVEN","ON","N9E3N5","STINGER EXPRESS","5197966526","080000","","","","","N","","","","","","N","","","","","","","","1","00600146","08"
"2013039539","05","1","P.O. BOX 1119","","SPOTSYLVANIA","VA","22553","ALSOP TRUCKING INC","5408342118","","","","","","N","","","","","","N","","","","","","","","1","01425222","08"
"2013029022","05","3","1277 RED RUN RD","","STEVENS","PA","17578","LAMAR HUBER","8004228335","080000","","","","","N","","","","","","N","","","","","","","","2","01409885","08"
"2013042306","03","8","2235 BEAVER AVE","","PITTSBURGH","PA","15233","PORT AUTHORITY OF ALLEGHENY COUN","4125665500","","","","","","N","","","","","","N","","A-00976060","","","","","","2","","11"
"2013070760","03","7","W NOBLESTOWN ROAD","","CARNEGIE","PA","15106","BFI","4124292600","060000","","","","","N","","","","","","N","","","","","","","","1","","04"
"2013088817","03","99","2833 NEW BEAVER AVE","","PITTSBURGH","PA","15233","DUQUESNE LIGHT CO.","7246749778","","","","","","N","","","","","","N","","","","","","","","1","00413803","04"
"2013045481","05","1","4437 W 87TH ST","","HOMETOWN","IL","60456","ATKINS TRUCKING","7083727172","080000","","","","","N","","","","","","N","","","","","","","","2","01323818","06"
"2013105421","04","3","517 DALLY ROAD","","COAL CENTER","PA","15423","WILLIAM S. SABO","7249382948","073280","","","","","N","","","","","","N","","","","","","","","1","00120670","08"
"2013055269","02","8","345 SIXTH AVE","","PITTSBURGH","PA","152222527","PORT AUTHORITY OF ALLEGHENY CO.","4124422000","039000","","","","","N","","","","","","N","","A-00976060","","","","","","1","","11"
"2013110400","03","1","400 BIRMINGHAM HWY","","CHATANOOGA","TN","37422","COVENANT TRANSPORT INC","8007215202","080000","","","","","N","","","","","","N","","","","","","","","1","00273818","08"
"2013045598","03","4","1025 MT NEBO RD","","PITTSBURGH","PA","15237","FLINT PAVING","7243556564","","","","","","N","","","","","000005248","N","","","","","","","","1","00235648","09"
"2013049234","05","1","55 36TH STREET","","PITTSBURGH","PA","15201","PARAGON WHOLE FOODS CORP","4126212626","065000","","","","","N","","","","","","N","","","","","","","","2","00435939","08"
"2013103512","03","99","1600 SE 66TH STREET","","OKLAHOMA","OK","73149","JB HUNT TRANSPORT INC","4056708262","080000","","","","","N","","","","","","N","","","","","","","","2","00324590","08"
"2013063737","05","3","908 BROADWAY ST. EXT.","","MASURY","OH","44438","P.I. & I. MOTOR EXPRESS, INC.","3034484422","","","","","","N","","","","","","N","","","","","","","","2","99999999","08"
"2013028170","01","3","1798 BABCOCK BL","","PITTSBURGH","PA","15209","JEFF CRITCHLOW AUTO BODY","4128211864","019500","","","","","N","","","","","","N","","","","","","","","2","01014653","03"
"2013121047","02","8","2235 BEAVER AVE","","PITTSBURGH","PA","15233","PORT AUTHORITY","4124422000","","","","","","N","","","","","","N","","A-00976060","","","","","","2","","11"
"2013022018","03","3","143 BAKER DR","","MCKNIGHT","PA","15237","ANDREW T KUSHNER","4124801455","080000","","","","","N","","","","","000317137","N","","","","","","","","2","00681178","08"
"2013125297","04","1","1200-225","","WARREN","MI","48089","CENTRAL TRANSPORT","5869397000","080000","","","","","N","","","","","000123016","N","","A-00119738","","","","","","1","00661173","08"
"2013111209","03","7","1616 MOUNT NEBO ROAD","","SEWICKLEY","PA","15143","LONGVIEW WASTE SYSTEMS","4127711000","062000","","","","","","","","","","","N","","","","","","","","2","","05"
"2013000918","02","1","737 LINDWOOD DR","","GREENSBURG","PA","15601","LANDMARK LEASING INC","4122986709","","","","","","N","","","","","","N","","","","","","","","1","00254513","03"
"2013048404","03","0","PO BOX 220 TOLLESON","","TOLLESON","AZ","853530220","MANGAT","6239324265","080000","","","","","N","","","","","","N","","","","","","","","2","01337475","06"
"2013042606","03","1","153 MACRIDGE AVE","","JOHNSTOWN","PA","15904","WC MCQUAIDE","8142696000","065000","","","","","N","","","","","","N","","","","","","","","2","00120964","06"
"2013115115","03","8","798 EKASTOWN RD","","SARVER","PA","16055","WL ROENIGK","7243531515","","","","","","N","","","","","","N","","","","","","","","2","","11"
"2013116617","02","8","121 WALL STREET","","WILMERDING","PA","15148","WOODLAND HILLS SCHOOL DISTRICT","4128248192","","","","","","N","","","","","009999999","N","","","","","","","","2","09999999","11"
"2013102130","04","0","PO BOX 403","","PORTERSVILLE","PA","16051","DON MARTIN TRUCKING","7243688040","073280","","","","","N","","","","","","N","","A-00115051","","","","","","1","00757900","09"
"2013089995","02","99","199 PURITY ROAD","","PITTSBURGH","PA","15235","STUMPF MOVING","4129527221","015000","","","","","N","1","","","","000170278","N","","","","","","","","3","00242182","99"
"2013103091","04","3","11 OLIVER ST","","MCDONALD","PA","15057","KEYSTONE CONTAINMENT CONTRACTORS","7242181725","025600","","","","","N","","","","","","N","","","","","","","","1","02104929","09"
"2013018310","05","0","901 N.KANSAS AVE","","NORTH LIBERTY","IA","52317","HEARTLAND EXPRESS INC.OF IOWA","8005536240","080000","","","","","N","","","","","","N","","","","","","","","1","00134697","08"
"2013013079","01","8","60 38TH STREET","","PITTSBURGH","PA","15201","MIL TRANSIT","4126824110","","","","","","N","","","","","","N","","","","","","","","4","","11"
"2013081603","02","3","2025 MILFORD DR","","BETHEL PARK","PA","15102","BOWERHILL ROADSIDE LLC","4128330733","012000","","","","","N","","","","","000000000","N","","","","","","","","2","00000000","03"
"2013069797","01","0","910 SHERATON DR","","MARS","PA","16046","CLASSY CAB CO","4123225080","003350","","","","","N","","","","","","U","","","","","","","","3","00000934","00"
"2013075010","02","1","17TH AND A","","HARRISBURG","PA","17120","PENN DOT","4127813260","058400","","","","","N","","","","","","N","","","","","","","","1","","04"
"2013101979","03","4","2255 RT 217 SOUTH","","BLAIRSVILLE","PA","15717","TAYLOR LEASING INC","7245493324","073220","","","","","N","","","","","","N","","","","","","","","2","00120871","04"
"2013091812","05","1","101 KAPPA DRIVE","","PITTSBURGH","PA","15238","TALON LOGISTICS","4129636200","080000","","","","","N","","","","","","N","","","","","","","","2","00030237","06"
"2013097203","03","99","2500 MCDOUGH STREET","","ST PAUL","MI","66456","NORTHERN LINE REFRIDGERATION","8887854677","030000","","","","","N","","","","","0MC769073","N","","","","","","","","1","02254124","08"
"2013027871","05","3","3540 DARLINGTON RD","","DARLINGTON","PA","16115","DILLAN WELL DRILLING INC.","8888058693","080000","","","","","N","","","","","","N","","","","","","","","2","00348384","06"
"2013042878","04","3","4315 KENNYWOOD BLVD","","WEST MIFFLIN","PA","15120","HARSCO METAL","4124649360","078280","","","","","N","","","","","000012514","N","","","","","","","","1","00005793","04"
"2013044036","02","7","4859 STATE ROUTE 51N","","BELLE VERNON","PA","15012","BIGS SANITATION INC.","7243794780","068000","","","","","N","","","","","","N","","","","","","","","1","02099338","04"
"2014002904","05","3","4010 COLUMBUS AVE","","SANDUSKY","OH","44870","SOUTH SHORE TRANSPORTATION","4196266267","080000","","","","","N","","","","","","N","","","","","","","","1","00247350","06"
"2013123421","01","1","351 3ND ST","","PITTSBURGH","PA","15201","FEDERAL EXPRESS COMPANY","8004633339","016000","","","","","N","","","","","","U","","","","","","","","1","00086876","05"
"2013014015","02","4","525 PLEASANT HILL RD","","WARRENDALE","PA","15086","MARSHALL TOWNSHIP","7249353090","040600","","","","","N","","","","","000000000","N","","","","","","","","2","00000000","09"
"2013030056","02","8","1232 COLLIER ROAD","","ACCIDENT G","MD","21520","WAYNE COLLINS INC","3017468174","026001","","","","","N","","","","","000009999","N","","","","","","","","1","00999999","11"
"2013117407","05","4","402 SAMPSON STREET","","NEW CASTLE","OA","16101","MECHINO PAVING COMPANY","7249712341","073280","","","","","N","","","","","","N","","","","","","","","2","02064170","04"
"2013050160","03","99","45 REAR ROBINSON ST","","NEW KENSINGTON","PA","15058","WILLIAM MITCHELL","9999999999","","","","","","N","","","","","","N","","","","","","","","2","","08"
"2013050160","03","99","101 W GLOUCESTER PIKE","","BARRINGTON","NJ","08007","DANIEL DESALIS","9999999999","","","","","","N","","","","","","N","","","","","","","","4","","08"
"2013089347","05","99","971 BRIARSDALE RD","","HARRIDBURG","PA","17109","BUTLER GAS","9999999999","009999","9","","","","Y","1","","","","000009999","N","","","","","","","","1","00009999","06"
"2013038883","03","1","2525 STEMMONS FREEWAY","","DALLAS","TX","75356","TRINITY LOGISTICS GROUP INC.","1806283408","090000","","","","","N","","","","","","N","","A-00108601","","","","","","1","00151375","06"
"2013116236","02","1","111 PENANT DRIVE","","PITTSBURGH","PA","15239","ROLLING FRITO-LAY SALES LP","7247795000","011030","","","","","N","","","","","","N","","","","","","","","1","00926150","03"
"2013116236","99","99","UNKNOWN","UNKNOWN","UNKNOWN","ZZ","999999999","UNKNOWN","9999999999","","","","","","","","","","","","","","","","","","","","2","0UNKNOWN","99"
"2013056929","02","8","345 SIXTH AVE","","PITTSBURGH","PA","15222","PORT AUTHORITY","4124422000","","","","","","N","","","","","","N","","A-00976060","","","","","","2","","11"
"2013083720","05","1","101 KAPPA DR.","","PITTSBURGH","PA","15238","TALON LOGISTICS INC.","8005438211","080000","","","","","N","","","","","","N","","","","","","","","2","00030237","08"
"2013114162","02","1","1000 HARBOR CT","","SUDLERSVILLE","MD","21668","HARBOR SALES","4107585461","026000","","","","","N","","","","","","N","","","","","","","","2","00311856","03"
"2013026071","99","7","3730 SANDHURST DRIVE","","YORK","PA","17406","RREPUBLIC SERVICES OF PA","4129061587","099999","","","","","N","","","","","","N","","","","","","","","2","","00"
"2013118052","02","1","1860 E. THIRD ST","","WILLAIMSPORT","PA","17701","VALLEY FARMS TRANSPORT","5703262021","035000","","","","","N","","","","","","N","","","","","","","","2","00550131","09"
"2013062003","03","99","711 W. WABASH AVE","","EFFINGHAM","IL","62401","CONTRACT TRANS SYSTEM CO","7242887344","","","","","","N","","","","","","N","","","","","","","","2","00240297","08"
"2013030337","05","1","400 DAVIDSON STREET","","NASHVILLE","TN","37213","TENNESSEE LOGISTICS LLC","6159152748","","","","","","","","","","","","N","","","","","","","","1","02357974","08"
"2013097523","05","99","1155 STOOPS FERRY RD","","MOON TWP","PA","15108","ARL TRANSPORT LLC","4125073091","080000","","","","","N","","","","","","N","","","","","","","","2","00186375","08"
"2014006441","05","1","1180 FEWSTER DR","","MISSISSAUGA","ON","L6X0L6","SAFRON LOGISTICS","8004344461","080000","","","","","N","","","","","","N","","","","","","","","1","01022326","06"
"2013058771","02","8","345 6TH AVE","3RD FLOOR","PITTSBURGH","PA","152222527","PORT AUTHORITY ALLEGHENY COUNTY","4124422000","","","","","","N","","","","","","N","","A-00976060","","","","","","1","","11"
"2013089094","05","2","3651 S. NOAH DRIVE","","SAXONBURG","PA","16056","RAM TRANSIT LINE INC","7243603200","080000","","","","","N","","","","","","N","","","","","","","","2","00547856","08"
"2013119337","02","8","330 POPLAR ST","","PITTSBURGH","PA","15223","W.L. ROENIGK INC","4127817906","","","","","","N","","","","","000142709","N","","A-00110238","","","","","","2","00153855","11"
"2013005423","02","8","345 6TH AVE. 3RD FL.","","PITTSBURGH","PA","152222527","PORT AUTHORITY ALLEGHENY CO.","4125665214","026000","","","","","N","","","","","","N","","A-00976060","","","","","","2","","11"
"2013029908","05","1","6500 W. INDUSTRIAL HWY.","","GARY","IN","46406","SWIFT TRANSPORTATION","8005551212","080000","","","","","N","","","","","","N","","","","","","","","1","00543869","08"
"2013070790","99","4","6512 ADMIRAL PEARY HWY","","LORETTO","PA","15940","HIGH COUNTRY MOTORS LLC","8148869375","073280","","","","","N","","","","","","N","","","","","","","","1","01093944","04"
"2013070790","99","4","6512 ADMIRAL PEARY HWY","","LORETTO","PA","15940","HIGH COUNTRY MOTORS LLC","8148869375","073280","","","","","N","","","","","","N","","","","","","","","2","01093944","04"
"2013125249","02","8","200 KENDALL STREET","","CORAOPOLIS","PA","15108","STUDENT TRANSPORTATION O AMERICA","4122699970","","","","","","N","","","","","","N","","A-00117073","","","","","","2","00818076","11"
"2013066769","05","1","235 TAYLER PAIGE DRIVE","","BOX SPRINGS","GA","31801","TUCKER FARMS ENTERPRISES LLC","6784283489","","","","","","N","","","","","000750298","N","","","","","","","","1","02100652","08"
"2013107157","02","8","415 REBECCA ST","","MCKEESPORT","PA","15132","PENNSYLVANIA COACH LINES","4128724936","","","","","","N","","","","","","N","","","","","","","","2","00465361","11"
"2013111229","03","7","4859 STATR RT 51 NORTH","","BELLE VERNON","PA","15012","BIGS SANATATION INC","7243794331","058400","","","","","N","","","","","","N","","","","","","","","1","02099338","04"
"2013085888","05","1","1750 STEELES AVE EAST","","BRAMPTON","ON","Z9Z9Z9","A.S.T. & LOGISTICS INC","8776435777","043000","","","","","N","","","","","","N","","","","","","","","1","01511888","08"
"2013000510","03","3","2455 PACES FERRY ROAD","","ATLANTA","GA","30339","HOME DEPOT USA INC","7704329930","014500","","","","","N","","","","","","N","","","","","","","","3","00187774","04"
"2013115640","02","1","1500 TRUMBULL AVE","","GIRARD","OH","44420","AIM NATIONAL LEASE","3307590438","","","","","","N","","","","","","N","","","","","","","","1","02073880","03"
"2013052266","03","4","8850 CRAWFORDSVILLE RD","","INDIANAPOLIS","IN","43234","MILLER PIPELINE LLC","9999999999","","","","","","N","","","","","","N","","","","","","","","1","","04"
"2013109575","05","99","400 NW 56TH ST.","","LINCOLN","","68528","CRETE CARRIER CORP","4024759521","080000","","","","","N","","","","","","N","","","","","","","","1","00073705","08"
"2013063856","02","1","3685 PENN AVE.","","WEIRTON","WV","26062","GET TRUCKING","3042241515","026000","","","","","N","","","","","","N","","","","","","","","2","01850883","03"
"2013041924","02","8","200 HAHN ROAD","","PITTSBURGH","PA","15209","FIRST STUDENT INC","5132412200","","","","","","N","","","","","","N","","","","","","","","2","","10"
"2013093765","05","1","2081 KRAMER ROAD","","GIBSONIA","PA","15044","FED EX FREIGHT","7244491155","080000","","","","","N","","","","","","N","","","","","","","","1","00239039","08"
"2013053803","03","2","7101 W 17TH STREET","","GARY","IN","46406","SCHNEIDER NATIONAL LEASING INC.","8005587010","080000","","","","","N","","","","","","N","","","","","","","","1","00164311","08"
"2013002488","02","8","345 6TH AVE 3RD FL","","PITTSBURGH","PA","15222","PORTAUTHORITY OF ALLEGHENY COUNT","4124422000","","","","","","N","","","","","","N","","A-00976060","","","","","","1","","11"
"2013007749","03","8","2235 BEAVER AVE","","PITTSBURGH","PA","15233","PORT AUTHORITY","4124422000","026000","","","","","N","","","","","","N","","A-00976060","","","","","","2","","11"
"2013114513","05","2","117 NU ENERGY","","LAREDO","TX","76008","FTS INTERNATIONAL LOGISTICS LLC.","4802037336","080000","","","","","N","","","","","","N","","","","","","","","2","01837543","08"
"2013022971","06","2","526 CITY COUNTY BLGD","","PITTSBURGH","PA","15219","CITY OF PITTSBURGH-EQUIPMENT","4122552290","042000","","","","","N","","","","","","Y","","","","","","","","1","","03"
"2013104911","03","1","WEST 584 CITY ROAD H","","LOMIRA","WI","53048","MITTELSTADT TRUCKING","9202694268","080000","","","","","N","","","","","000417437","N","","A-00417437","","","","","","1","00771906","08"
"2013007638","03","3","100 INDUSTRY STREET","","PITTSBURGH","PA","15275","AETNA FREIGHT LINER","3305383409","","","","","","N","","","","","","N","","","","","","","","2","00459728","04"
"2013046578","02","0","451 FIFTH STREET EXT","","VERONA","PA","15147","RONALD S KOZERA","4128186654","006950","","","","","N","","","","","012345678","N","","","","","","","","2","","02"
"2013041988","02","8","4780 LIBRARY RD","","BETHEL PARK","PA","15102","FIRST TRANSIT","9999999999","","","","","","N","","","","","","N","","","","","","","","2","","11"
"2013051337","04","7","526 CITY COUNTY BLDG","","PITTSBURGH","PA","15219","CITY OF PITTSBURGH","4122552779","066000","","","","","N","","","","","","N","","","","","","","","1","","04"
"2013004332","02","1","150 MEADOWLANDS PARKWAY","","SECAUCUS","NJ","07094","JOSEPH COREY LLC","2017951000","026000","","","","","N","","","","","","N","","","","","","","","2","00327574","03"
"2013038060","02","8","798 EKASTOWN RD","","SARVER","PA","16055","W L ROENIGK","7244435355","","","","","","N","","","","","","N","","","","","","","","2","","11"
"2013036904","02","3","5695 WEST US 6","","KENDALLVILLE","IN","46755","AMERIGAS PROPANE L P","3303688988","033000","3","","","","Y","1","","","","","N","","","","","","","","3","00388004","03"
"2013013081","02","99","825 WILSON AVE","","NEWARK","NJ","07105","DARLING INTERNATIONAL INC","7246951212","","","","","","N","","","","","","N","","","","","","","","2","00471318","02"
"2013033479","05","2","7101 W. 17TH AVE","","GARY","IN","46406","SCHNEIDER BULK CARRIERS INC","8005581184","080000","3","","","","Y","1","","","","","N","","","","","","","","1","00164311","08"
"2013022525","02","0","3401 GRAND AVE","","PITTSBURGH","PA","15225","SSM INDUSTRIES INC","9999999999","","","","","","N","","","","","","N","","","","","","","","2","","99"
"2013026695","02","8","2235 BEAVER AVENUE","","PITTSBURGH","PA","15233","PORT AUTHORITY OF ALLEGHENY CO","4126305703","","","","","","N","","","","","","N","","","","","","","","1","","11"
"2013026695","02","0","526 CITY COUNTY BLDG","","PITTSBURGH","PA","15219","CITY OF PITTSBURGH","4124226520","","","","","","N","","","","","","N","","","","","","","","2","","98"
"2013028139","02","1","5 COMMERCE DRIVE","","PLUM","PA","15239","FEDERAL EXPRESS CORPORATION","8004633339","016000","","","","","N","","","","","","N","","","","","","","","2","00265752","03"
"2013124033","02","8","200 HAHN RD","","PITTSBURGH","PA","15209","FIRST STUDENT","4128211763","","","","","","N","","","","","","N","","","","","","","","1","","10"
"2013010865","05","3","400 KECK ST","","SEWARD","PA","15954","M AND C TRUCKING","8144464441","080000","","","","","N","","","","","000143801","N","","A-0100693","","","","","","2","00163516","08"
"2013129978","01","0","1825 LIVERPOOL ST","","PITTSBURGH","PA","15233","YELLOW CAB CO OF PITTSBURGH","4123218100","","","","","","N","","","","","","N","","","","","","","","2","","98"
"2013093384","02","1","4000 CLINE AVE","","EAST CHICAGO","IN","46312","PENSKE TRUCK LEASING","9374328542","003200","","","","","N","","","","","","N","","","","","","","","1","02266165","03"
"2013093384","05","3","PO BOX 317","","MAYBROOK","NY","12543","EASTERN ALLOY INC","8454272151","080000","","","","","N","","","","","","N","","","","","","","","2","00102526","06"
"2013088598","04","2","420 UHL ROAD","","KERSEY","PA","15846","BEIMEL TRANSPORTATION INC.","8148858990","073280","","","","","N","","","","","","N","","","","","","","","1","01037590","04"
"2013042608","04","4","5 SHINGISS ST","","MCKEES ROCKS","PA","15136","W F SEARIGHT EXCAVATING","4127715576","","","","","","N","","","","","","N","","","","","","","","2","07065949","04"
"2013070815","05","1","184 MASSILLION RD","","GIRARD","OH","44420","CROSSETT PRODUCE","3307336669","080000","","","","","N","","","","","","N","","","","","","","","2","00332295","08"
"2013073791","03","1","82422 COUNTRY RD 9","","SACRED HEART","MN","56285","DONALD MITCHELL","6123883603","080000","","","","","N","","","","","","N","","","","","","","","2","00659311","08"
"2013038879","03","5","1105 9YH STREET","","VIENNA","WV","26105","ESSROC READY MIX CORPORATION","4124316001","060000","","","","","N","","","","","0A5556878","N","","A-99999999","","","","","","1","99999999","04"
"2013100154","05","99","RBS ASSET FINANCE INC","2101 HARDY PARKWAY ST","GROVE CITY","OH","43123","PITT OHIO EXPRESS","8003667488","","","","","","N","","","","","000030136","N","","A-0102471","","","","","","2","00190180","08"
"2013099291","02","8","345 6TH AVENUE","","PITTSBURGH","PA","15222","PORT AUTHORITY OF ALLEGHENY CNTY","4124422000","017693","","","","","","","","","","","U","","","","","","","","1","","11"
"2013129117","02","1","1500 TRUMBULL RD.","","GIRARD","OH","44420","AIM LEASING CO.","4126212626","033000","","","","","N","","","","","KYU094108","N","","","","","","","","2","00332295","03"
"2013004737","04","3","PO BOX 9","","BLISSFIELD","MI","49228","SMITH TRUCKING INC","4198418676","","","","","","N","","","","","0MC288857","N","","","","","","","","2","00602541","08"
"2013045827","04","4","801 MCNEILLY RD","","PITTSBURGH","PA","15226","MICHAEL FACIANO","4123445503","","","","","","N","","","","","","N","","","","","","","","2","02091728","04"
"2013111246","02","1","DUANE STREET","","SAINT REGIS FALLS","NY","12980","PARKS TRUCKING","5188569344","025995","","","","","N","","","","","","N","","","","","","","","1","00255447","03"
"2013086473","03","99","2328 EVAN CITY RD","","ZELIENOPLE","PA","16063","HIGHWAY COMMERCIAL SERVICES","7246375127","080000","","","","","N","","","","","0MC173643","N","","","","","","","","1","00251334","08"
"2013038797","05","99","1876 W BRITTON RD","","BURBANK","OH","44214","RON BURGE TRUCKING INC","3303178859","080000","","","","","N","","","","","","N","","","","","","","","1","00281747","06"
"2013082762","04","7","PO BOX 448","W. NOBLESTOWN RD","CARNEGIE","PA","15106","B.F.I. WASTE SERVICES","7246503801","","","","","","N","","","","","","N","","","","","","","","1","00962087","04"
"2013098280","02","99","201 N TREMONT AVE","","GREENSBURG","PA","15601","COMCAST","4129652309","","","","","","N","","","","","000056199","N","","","","","","","","2","","02"
"2013039848","02","1","11055 PARKER STREET","","N HUNTINGTON","PA","15642","DAVID R. ENERPRISES","7242174562","","","","","","N","","","","","","N","","","","","","","","1","00012500","05"
"2013126404","02","99","7600 FIRST PLACE","","OAKWOOD","OH","44146","ARHAUS FURNITURE/ PENSKE LEASING","2169521896","260000","","","","","N","","","","","","N","","","","","","","","1","00319796","09"
"2013091379","03","1","2250 PILOT KNOB ROAD","","MENDOTA HEIGHTS","MN","55120","RESTAURANT TECHNOLOGIES INC","6517961600","054600","","","","","N","","","","","","U","","","","","","","","1","00868454","04"
"2013114345","02","8","345 6TH AVE 3RD FLR","","PITTSBURGH","PA","152222527","PORT AUTHORITY OF ALLEGHENY CO","4125665500","026000","","","","","N","","","","","","N","","A-00976060","","","","","","1","","11"
"2013095589","02","1","3515 SOUTH PARK RD","","BETHEL PARK","PA","15227","KIMDO ORIENTAL GROCERY","4123386588","022000","","","","","N","","","","","","U","","","","","","","","1","","03"
"2013048522","02","1","3685 PENNSYLVANIA AVE","","WEIRTON","WV","26062","GET TRUCKING","3042241512","025999","","","","","N","","","","","","N","","","","","","","","1","01850883","03"
"2013043977","05","3","125 N 6TH AVE","","MANVILLE","NJ","08835","ERG TRANSPORT","9085788299","080000","","","","","N","","","","","000615241","N","","","","","","","","1","01673074","08"
"2013073345","02","8","701 FLAUGHERTY RUN RD","","CORAOPOLIS","PA","15108","CFS 2907 PITTSBURGH LLC","4122628188","","","","","","N","","","","","","N","","","","","","","","2","02351261","10"
"2013022019","05","3","1275 PENNSYLVANIA AVE.","","E LIVERPOOL","OH","43920","PGD","8008326748","080000","","","","","N","","","","","","N","","A-0105584","","","","","","2","00192897","06"
"2014001766","04","1","12225 STEPHENS RD.","","WARREN","MI","48089","CENTRAL TRANSPORT LLC","5864671900","080000","","","","","N","","","","","","N","","","","","","","","2","00661173","08"
"2013098672","05","3","PO BOX 4805","","DES MOINES","IA","50306","BTI SPECIAL COMMODITIES","8002288040","","","","","","N","","","","","","N","","","","","","","","1","00159837","06"
"2013125164","01","8","798 EKASTOWN ROAD","","SARVER","PA","16055","W.L. ROENIGK INC","4123188100","","","","","","N","","","","","","N","","","","","","","","1","","11"
"2013071209","03","0","737 LINDWOOD DRIVE","","PITTSBURGH","PA","15601","LANDMARK LEASING INC.","9999999999","080000","","","","","N","","","","","","N","","","","","","","","2","","07"
"2013028021","02","99","316 W GRANT AVE","","DUQUESNE","PA","15110","KEYSTONE CAPITAL DEMOLITION INC","4124668866","","","","","","N","","","","","","","","","","","","","","2","02353679","08"
"2013102953","03","3","828 SIXTY RD","","BALDWINSVILLE","NY","13027","GYPSUM EXPRESS LTD","7243757771","","","","","","N","","","","","","N","","","","","","","","1","00623098","06"
"2013102953","02","1","6950 AVIATION BLVD.","","GLEN BURNIE","MD","210612529","J.J. HAINES CO. INC.","8009229248","","","","","","N","","","","","","N","","","","","","","","2","00016130","08"
"2013117419","02","1","3379 STAFFORD ST","","PITTSBURGH","PA","15204","BEITLER TRUCKING INC","4127714207","000000","","","","","N","","","","","","N","","","","","","","","2","00735267","03"
"2013081119","99","99","1313 STADIUM ST","","BERLIN","PA","15530","SNYDER OF BERLIN","9999999999","999999","","","","","","","","","","","N","","","","","","","","2","","98"
"2013037274","02","7","WEST NOBLESTOWN RD","","CARNEGIE","PA","15106","BFI WASTE SERVICES","4124292600","070000","","","","","N","","","","","","N","","","","","","","","1","00962087","03"
"2013089099","03","8","4351 WILLIAM PENN HIGHW","","MURRYSVILLE","PA","15668","ELITE COACH LIMOUSINE INC","7243252246","","","","","","N","","","","","","N","","","","","","","","1","01041814","10"
"2013126586","02","3","929 W. ADAMS ST.","","CHICAGO","IL","60607","WALSH CONSTRUCTION","7245790553","026000","","","","","N","","","","","","N","","","","","","","","2","00374649","03"
"2013092307","03","1","3004 EAST 14TH AVENUE","","COLUMBUS","OH","43219","TRUE WORLD FOODS COLUMBUS LLC","6143407575","999999","","","","","N","","","","","","N","","","","","","","","2","01628428","04"
"2013092307","05","2","200 SPEERS STREET","","BELLE VERNON","PA","15012","SOURCE ONE TRANSPORTATION LLC","7244833570","080000","3","","","","Y","1","","","","","N","","","","","","","","3","00930620","08"
"2013071855","05","1","999 FREEPORT RD","","FREEPORT","PA","16229","TIMBERLINE","7244944058","080000","","","","","N","","","","","","N","","A-00103064","","","","","","2","00192874","08"
"2013094730","99","8","2636 SUNSET DR","","WEST MIFFLIN","PA","15222","CELEBRITY LIMOUSINE","9999999999","","","","","","N","","","","","","N","","","","","","","","2","","11"
"2013017465","05","1","150 VILLAGE COURT","","CAROL STREAM","IL","60188","BLACK HORSE CARRIERS INC.","7243521110","080000","","","","","N","","","","","","N","","","","","","","","2","00807505","08"
"2013079289","05","1","1426 40TH ST N","","FARGO","ND","58102","FARGO CARGO","7013649119","080000","","","","","N","","","","","","N","","","","","","","","1","01529251","06"
"2013109587","02","8","2235 BEAVER AVENUE","","PITTSBURGH","PA","15233","PORT AUTHORITY OF ALLEGHENY COUN","4125665500","026000","","","","","N","","","","","","N","","A-00976060","","","","","","1","","11"
"2013024417","02","8","600 VINE ST","","CINCINATTI","OH","45202","FIRST STUDENT INC","5134193258","","","","","","N","","","","","","N","","","","","","","","2","00354406","11"
"2013013778","03","8","2235 BEAVER AVENUE","","PITTSBURGH","PA","15233","PORT AUTHORITY","4124422000","","","","","","N","","","","","","N","","","","","","","","1","","11"
"2013007505","02","1","1150 SECOND AVE","","NEW KENSINGTON","PA","15068","UNIFIRST CORPORATION","7243391077","014500","","","","","N","","","","","","N","","","","","","","","3","00063904","02"
"2013007161","06","3","124 PLUNKETT DRIVE","","ZELIENOPLE","PA","16063","PLUNKETT MOTOR FREIGHT","9999999999","073000","","","","","N","","","","","000052008","N","","A86542","","","","","","2","00098010","06"
"2013128780","02","1","2200 ELDO RD","","MONROEVILLE","PA","15146","MARSH USA INC","8008327839","026000","","","","","N","","","","","","N","","","","","","","","2","00093340","03"
"2013070780","99","2","3761 CANAL ST","","EAST CHICAGO","IN","46312","KEMIRA LOGISTICS INC","2164869100","071000","","","","","N","","","","","","N","","","","","","","","2","00710251","08"
"2013115867","03","99","13549 WOODWORTH RD","","NEW SPRINGFIELD","OH","44445","ODEGOATZ TRUCKING","8007562562","","","","","","N","","","","","","N","","","","","","","","1","00265752","08"
"2013013591","05","1","3958 W CHAUVEZ RD","","LUDINGTON","MI","49431","GREAT LAKES TRUCKING LLC","8007480177","080000","","","","","N","","","","","","N","","","","","","","","2","01378487","08"
"2013061179","05","1","5005 S PIONEER RD","","GIBSONIA","PA","15044","CARL M. TORMENTO","4122988660","080000","","","","","N","","","","","000463751","N","","A-00120019","","","","","","1","01148672","06"
"2013084386","03","3","732 MCCLELLANDTOWN RD","REAR","UNIONTOWN","PA","15401","UNITED RENTALS NORTH AMERICA","4122666010","024000","","","","","N","","","","","","N","","","","","","","","1","00899748","06"
"2013045290","01","8","101 OLD FRANKSTOWN RD","","PITTSBURGH","PA","15239","FIRST STUDENT","4127939600","014050","","","","","N","","","","","","N","","","","","","","","1","00354406","10"
"2013133094","02","4","1234 WAKEFIELD ROAD","","JEFFERSON HILLS","PA","15025","GREEN LEAF LANDSCAPE AND LAWNCAR","4125895127","013000","","","","","N","","","","","","N","","","","","","","","2","02327335","03"
"2013048856","05","99","1250 RT 34","","OSWEGO","IL","60543","EQUITY TRANSPORTATION COM","8006884123","000000","","","","","N","","","","","000150301","N","","","","","","","","1","00190081","08"
"2013120609","04","4","2930 AVE","","AMBRIDGE","PA","15003","DIAMOND HEAD TRUCKING","7242665266","073280","","","","","N","","","","","999999999","N","","A-08913415","","","","","","1","02127975","04"
"2013084254","05","99","CURRIE ROAD  P.O. BOX 2","","PORTERSVILLE","PA","16051","MCCLYMONDS SUPPLY & TRANSIT CO.","7243688084","080000","","","","","N","","","","","","N","","","","","","","","2","00269478","08"
"2013009804","02","4","12245 FRANKSTONW ROAD","","PITTSBURGH","PA","15235","MUNC OF PENN HILLS","4127953500","195000","","","","","N","","","","","","N","","","","","","","","1","","03"
"2013057715","05","2","1077 RTE 119 HWY NORTH","","INDIANA","PA","15701","FORCE TRUCKING INC.","7243979399","073280","","","","","N","","","","","","N","","A-00117672","","","","","","1","01900875","04"
"2013119682","05","1","3206 HAMMONDS FERRY ROA","","BALTIMORE","MD","21227","PENSKE LEASING","8882344201","080000","","","","","N","","","","","","N","","","","","","","","1","00327574","08"
"2013119103","05","1","300 S PRATT ROAD","","MONTICELLO","WI","53570","PREFERRED TRANSIT INC","6089381641","080000","","","","","N","","","","","","N","","","","","","","","2","00795918","06"
"2013126892","03","8","200 WEST WASHINGTON ST","","ROCHESTER","PA","15074","BEAVER COUNTY TRANSIT","7247284255","","","","","","N","","","","","","N","","","","","","","","2","","11"
"2013038632","99","1","101 CREEKSIDE ROAD","","WEST COLUMBIA","SC","291721966","CDJ BULK EXPRESS INC","8038228229","","","","","","","","","","","","N","","","","","","","","2","00491211","08"
"2014006368","05","3","415 BENEDUM DR","","BRIDGEPORT","WV","26330","LIGHTENING TRUCKING SERVICE","3049336987","008000","","","","","N","","","","","","N","","","","","","","","2","02272873","06"
"2013044562","02","99","2455 PACES FERRY RD","","ATLANTA","GA","31339","HOME DEPOT","7704338211","","","","","","N","","","","","","N","","","","","","","","2","00334286","98"
"2013006032","05","1","341 GRANT STREET","","SAEGERSTOWN","PA","16433","ARISTOCRAT SPRING WATER INC DB","8142821523","080000","","","","","N","","","","","000000000","N","","A-00119238","","","","","","2","01045087","08"
"2013015126","02","4","1790 PITTSBURGH RD","PO BOX 78","WALTERSBURG","PA","15488","PICCOLOMINI CONTRACTORS INC","7243220608","015000","","","","","N","","","","","999999999","N","","A-99999999","","","","","","1","99999999","03"
"2013116174","06","3","PO BOX 21","","SODUS","NY","14551","NUTTALL GOLF CARS INC.","3154830760","018000","","","","","N","","","","","","N","","","","","","","","3","01512680","06"
"2013038905","01","1","2319 W. HARDIES RD","","GIBSONIA","PA","15044","JUST TRUCKIN PACKAGES","8435096430","014050","","","","","N","","","","","000012208","N","","","","","","","","1","00265752","05"
"2013085258","04","8","345 SIXTH AVE","","PITTSBURGH","PA","15222","ALLEGHENY PORT AUTHORITY","4124422000","","","","","","","","","","","","N","","A-00976060","","","","","","1","","11"
"2013035319","02","4","112 ASBURY CT","","MONROEVILLE","PA","15146","W. A. PETRAKIS CONTRACTING & L","4124800860","000000","","","","","N","","","","","","","","","","","","","","2","02338985","03"
"2013093760","05","1","PO BOX 3166","","COOKEVILLE","TN","385023166","AVERITT EXPRESS INC","9315263306","080000","","","","","N","","","","","000121600","N","","","","","","","","1","00036684","08"
"2013008910","05","1","60 BELFORD BLVD","","MILTON","PA","17847","WATSONTOWN TRUCKING COMPANY","8145056725","080000","","","","","N","","","","","","N","","","","","","","","2","00010715","08"
"2013021163","02","8","12 MCCANDLESS AVENUE","","PITTSBURGH","PA","15201","MONARK STUDENT TRANSPORTATION","7248983563","","","","","","N","","","","","999999999","N","","","","","","","","2","99999999","11"
"2013083309","04","99","407 JEFFERSON RD.","","WAYNESBURG","PA","15370","ELITE OIL FIELD SERVICES","7246276060","073280","","","","","N","","","","","","N","","","","","","","","3","02115024","04"
"2014000202","02","99","176 N VALLEY ST","","DERRY","PA","15627","SHUMAR TRUCKING INC","9999999999","","","","","","N","","","","","","N","","","","","","","","1","","99"
"2013094712","05","1","NICHOLE AVE MRIE","BLDG 164","MCKEES ROCKS","PA","15136","SAGAR ENTERPRISES INC","4123312850","080000","","","","","N","","","","","","N","","","","","","","","1","00348632","08"
"2013104678","04","2","GOOSE HILL RD BOX 259","","JEFFERSON","ME","04348","WAYNE HARMAN TRUCKING","2075497541","080000","","","","","N","","","","","","N","","","","","","","","1","01894787","06"
"2013043000","04","4","510 WARSAW STREET","","PITTSBURGH","PA","15221","DIGGS TRUCKING","4126704309","073280","","","","","N","","","","","","N","","","","","","","","1","01693563","04"
"2013074587","18","1","3516 HOULAND AVE","","SIOUX FALLS","SD","57107","WINDWALKER TRANSPORTATION","6053322622","","","","","","N","","","","","","N","","","","","","","","2","00928809","06"
"2013004613","02","99","4000 CLINE AVENUE","","EAST CHICAGO","IN","46312","PENSKE TRUCK LEASING","4197065633","","","","","","N","","","","","","N","","","","","","","","2","11576745","08"
"2013033173","04","3","908 BROADWAY ST EXT","","MASURY","OH","44438","P I AND I MOTOR EXPRESS INC","7402191142","","","","","","N","","","","","","N","","","","","","","","2","00122443","08"
"2013034981","01","1","5301 LEGACY DR.","","PLANO","TX","75024","SPLASH TRANSPORT","4129258005","033000","","","","","N","","","","","","U","","","","","","","","1","01765150","05"
"2013058517","02","1","1150 2ND AVE","","NEW KENSINGTON","PA","15068","UNIFIRST CORPORATION","7168254252","017000","","","","","N","","","","","","N","","","","","","","","1","00063904","02"
"2013131931","05","1","116 TYROLLA DRIVE","","MONROEVILLE","PA","15146","DAVID DONOFORIO","4126136140","080000","","","","","N","","","","","","N","","","","","","","","3","01153292","06"
"2013011640","05","3","1025 LANTERN LANE","","GOSHEN","IN","46526","FLJ TRANSPORT LLC","5745387137","030000","","","","","N","","","","","","N","","","","","","","","2","01561411","08"
"2013086567","03","5","1263 CHARTIERS AVE","","MCKEES ROCKS","PA","15136","FRANK BRYAN INC","4124312700","073280","","","","","N","","","","","","N","","A-8912458","","","","","","1","01672873","04"
"2013045368","05","3","2003 SHEFFIELD ROAD","","ALIQUIPPA","PA","15001","PITTSBURGH BRICK&STONE","4126168905","","","","","","N","","","","","","N","","","","","","","","1","02262395","03"
"2013112321","02","99","798 EKASTOWN RD","","SARVER","PA","16055","WL ROEGNIK","7243531515","","","","","","N","","","","","","N","","","","","","","","2","","99"
"2013120723","02","6","15 CLARK AVENUE","P.O. BOX 50","SPRING CHURCH","PA","15686","RAE-LYN ENTERPRISES INC.","7244783700","","","","","","N","","","","","","N","","","","","","","","1","00008549","09"
"2013092995","04","7","73 W NOBLESTOWN RD","","CARNEGIE","PA","15106","BFI WASTE SERVICES OF PGH D","4124292600","073280","","","","","N","","","","","","N","","","","","","","","1","00962087","04"
"2013068953","02","1","5700 CLARK AE","","BETHEL PARK","PA","15102","BOBS LOCAL EXPRESS INC","4124802557","022000","","","","","N","","","","","","N","","","","","","","","2","","05"
"2013064580","06","1","2150 ROSWELL DRIVE","","PITTSBURGH","PA","15219","AIRGAS","4129283739","032000","2","","","","Y","1","","","","","N","","","","","","","","2","00299712","03"
"2013127904","02","1","6205 BLUE STATE HWY","","SAUGATUCK","MI","49453","PRO VISION TRANSPORT","2693775829","","","","","","N","","","","","0A-999999","N","","A-9999999","","","","","","3","","04"
"2013047052","04","7","211 BRUNNER RD","","ZELIENOPLE","PA","16063","JOSEPH BRUNNER INC","7247756665","073280","","","","","N","","","","","","N","","","","","","","","1","00236447","04"
"2013030820","02","8","2235 BEAVER AVE.","","PGH","PA","15233","PORT AUTHORITY TRANSIT","4124422000","","","","","","N","","","","","","N","","A-00976060","","","","","","1","","11"
"2013058061","05","1","185 CHATHAM LANE","","ROSELLE","IL","60172","MAINLINE TRANS. INC.","6307420678","080000","","","","","N","","","","","","N","","","","","","","","2","02339870","08"
"2013108053","01","8","1850 GILL HALL ROAD","","JEFFERSON HILLS","PA","15025","MATTHEWS BUS COMPANY","4123848810","","","","","","N","","","","","","N","","A-00121306","","","","","","2","01245654","11"
"2013131044","05","2","2525 STEMMONS FRWY","","DALLAS","TX","75356","TRINITY LOGISTICS GROUP","2145897505","080000","","","","","N","","","","","","N","","","","","","","","2","00151375","06"
"2013083208","01","1","501 W OTTERMAN ST","","GREENSBURGH","PA","15601","MEDCARE EQUIPMENT","3306076147","","","","","","N","","","","","","N","","","","","","","","1","99999999","00"
"2013097335","06","4","242 WHITETAIL LANE","","EBENSBURG","PA","15931","JAMES HITE TRUCKING","7244220562","080000","","","","","N","","","","","","N","","A-00108162","","","","","","2","01046269","08"
"2013083497","03","1","6450 POE AVE SUITE 311","","DAYTON","OH","45414","DAYTON FREIGHT LINES","7249290171","","","","","","N","","","","","000000000","N","","A-00999999","","","","","","2","99999999","06"
"2013027448","02","8","345 6TH AVE","","PITTSBURGH","PA","15222","PORTAUTHORITY OF ALLEGHENY CO","4124422000","","","","","","N","","","","","","N","","A-00976060","","","","","","1","","11"
"2013076956","03","3","971 BRAIRSDALE RD","","HARRISBURG","PA","17109","RYDER RENTALS","7176975133","070000","","","","","N","","","","","","N","","","","","","","","3","00016130","06"
"2013127086","05","7","334 EAST MAIN ST.","","STOYSTOWN","PA","15563","LM&B INDUSTRIAL SERVICES INC.","8144425581","073280","","","","","N","","","","","","N","","","","","","","","1","00838770","04"
"2013118777","02","1","611 E PGH MCKEESPORT BL","","N VERSAILLES","PA","15137","CINTAS","4122571896","000000","","","","","N","","","","","","N","","","","","","","","1","01457995","03"
"2013091413","01","1","9000 MIDLANTIC DR.","","MOUNT LAUREL","NJ","08064","FEDERAL EXPRESS CORP.","4122817475","016000","","","","","N","","","","","000009930","N","","A-00112261","","","","","","2","00086876","05"
"2013111242","02","3","40 N DUANE STREET","","PITTSBURGH","PA","15205","THEODORE TRIESCHOCK","4128535848","025950","","","","","N","","","","","","N","","","","","","","","1","02143934","03"
"2013026064","02","8","1380 PITTSBURGH ROAD","","VALENCIA","PA","16059","MONARK STUDENT TRANSPORT","4127812424","010000","","","","","N","","","","","","N","","","","","","","","1","","10"
"2013020277","02","1","1825 LIVERPOOL ST","","PGH","PA","15233","YELLOW CAB","4123218100","","","","","","N","","","","","","N","","","","","","","","2","","98"
"2013009575","02","0","2235 BEAVER AVENUE","","PITTSBURGH","PA","15233","PORT AUTHORITY OF ALLEGHENY COUN","4122377000","","","","","","N","","","","","","","","A-00976060","","","","","","2","","03"
"2014003615","02","8","600 VINE STREET","","CINCINNATTI","OH","45202","FIRST STUDENT INC","5132426600","","","","","","N","","","","","","N","","","","","","","","1","","11"
"2013019859","02","99","241 WOODLAND ROAD","","EVANS CITY","PA","16033","JMX LLC","7248220280","033000","","","","","N","","","","","","N","","","","","","","","2","00101381","04"
"2013014874","05","1","101 KAPPA DR","","PITTSBURGH","PA","15238","GIANT EAGLE/TALON LOGISTISCS","4128710615","","","","","","N","","","","","","N","","","","","","","","3","00030237","08"
"2013131051","02","99","658 NEW CASTLE RD","","BUTLER","PA","16001","ALLOY OXYGEN","4129152326","","","","","","N","","","","","","N","","","","","","","","2","00517506","09"
"2013059494","03","3","1 LIBERTY PLAZA","","LIBERTY","MO","64068","FERIL GAS LLP","8167921600","","2","","","","Y","1","","","","","N","","","","","","","","4","00089243","04"
"2013007760","03","8","2235 BEAVE AVE","","PITTSBURGH","PA","15233","PORT AUTHORITY","4124422000","002600","","","","","N","","","","","","N","","A-00976060","","","","","","2","","11"
"2013114373","05","1","GOOSE HILL RD","BOX 259","JEFFERSON","ME","04348","TRANSERVICE LOGISTICS INC","7854934296","054000","","","","","","","","","","","N","","","","","","","","1","00620402","06"
"2013114373","05","1","2797 FREEDLAND RD","","HERMITAGE","PA","16148","ALPONT TRANSPORTATION LLC","7249814198","080000","8","3","","","Y","1","1","","","","N","","","","","","","","2","00819614","06"
"2013121009","03","8","7559 WALTON DRIVE","","ROCKFORD","IL","61108","CAOCH LEASING","8774626342","059500","","","","","N","","","","","0MC643228","N","","A-6412531","","","","","","2","01759030","11"
"2013098590","02","8","600 VINE STREET","","CINCINNATI","OH","45202","FIRST STUDENT","4128313112","","","","","","","","","","","","N","","","","","","","","2","","10"
"2013025211","05","1","11552 BUCKSKIN DR","","ZIONSVILLE","IN","46077","MARTIN TRANSPORT LTD","7159264216","080000","","","","","N","","","","","","N","","","","","","","","1","00074432","08"
"2013039952","04","2","3000 OLD AIRPORT ROAD","","WOOSTER","OH","44691","SOCI PETROLEUM","3306232042","013000","","","","","","","","","","","U","","","","","","","","2","01014266","08"
"2013075379","04","3","15 E. UNION AVE","","E. RUTHERFORD","NJ","07073","ALLIED BUILDING PRODUCTS","2015078400","070000","","","","","N","","","","","","N","","","","","","","","2","00160249","04"
"2013073068","02","7","W NOBLESTOWN RD","","PITTSBURGH","PA","15106","BFI WASTE OF PA","4128127175","052000","","","","","N","","","","","","N","","","","","","","","2","00962087","04"
"2013048161","01","99","1400 STATION ST","","CORAOPOLIS","PA","15108","MCGOWAN STAUFFER INC","4122643500","","","","","","N","","","","","","N","","","","","","","","2","02298124","09"
"2013075027","03","7","W. NOBLESTOWN RD. PO BO","","CARNEGIE","PA","15100","BFI WASTE SERVICES OF PA","4124292600","080000","","","","","N","","","","","","N","","","","","","","","2","00962087","04"
"2014013406","03","4","825 WILSON AVENUE","","NEWARK","NJ","07105","DARLING INTERNATIONAL","8004388752","033001","","","","","N","","","","","","N","","","","","","","","2","00471318","04"
"2013124922","05","1","4080 JENKINS ROAD","","CHATTANOOGA","TN","37421","US EXPRESS INC","4235103000","080000","","","","","N","","","","","000188121","N","","","","","","","","1","00303024","08"
"2013069161","02","0","118 WILLIAMSBURG RD","","IMPERIAL","PA","15126","K B TOWING LLC","9999999999","","","","","","N","","","","","","N","","","","","","","","2","","03"
"2013003589","02","1","1821 BEAVER AVENUE","","PITTSBURGH","PA","15233","UNITED PARCEL SERVICE","4122376657","","","","","","","","","","","","N","","","","","","","","3","00021800","00"
"2013120747","03","1","9800 CROSSPOINT BLVD","SUITE 300","INDIANAPOLISIS","IN","46256","NEW BERN TRANSPORT CORP","7242617589","","","","","","N","","","","","","N","","","","","","","","2","00692947","06"
"2013058167","02","8","200 HAHN ST","","PITTSBURGH","PA","15209","FIRST STUDENT INC","0000000000","","","","","","N","","","","","000000000","N","","A-99999999","","","","","","2","00000000","11"
"2013122634","03","4","3447 E CARSON ST","","PITTSBURGH","PA","15203","MATCON DIAMOND","4122923242","058400","","","","","N","","","","","","N","","","","","","","","2","01924791","04"
"2013065735","02","8","2235 BEAVER AVE","","PGH","PA","15233","PORT AUTHORITY","4125665600","","","","","","","","","","","","N","","A-00976060","","","","","","3","","11"
"2013002646","03","3","1250 MCKEE ROAD","","OAKDALE","PA","15071","BIBER'S GARAGE","7246939421","025000","","","","","N","","","","","","N","","","","","","","","3","00404085","04"
"2013043480","06","3","115 JOHNS AVE","","MCDONALD","PA","15057","ULC OIL & GAS","7249264800","080000","","","","","N","","","","","000683306","N","","A-00891145","","","","","","1","01902113","08"
"2013079371","99","1","3100 E CARSON ST","","PITTSBURGH","PA","15203","FRANK B FUHRER HOLDING","4124888844","","","","","","N","","","","","","N","","","","","","","","2","02066069","05"
"2013041925","03","4","4821 BUTTERMILK HOLLOW","","WEST MIFFLIN","PA","15122","R&B CONTRACTING&EXCAVATING INC","4123260027","073280","","","","","N","","","","","","N","","A-00115329","","","","","","2","02081801","04"
"2013066315","04","8","311 MAHONING AVE","","NEW CASTLE","PA","16102","NEW CASTLE TRANSIT AUTHORITY","7246543130","","","","","","N","","","","","","N","","","","","","","","2","","11"
"2013006549","02","1","51 ST AND A V R R","","PITTSBURGH","PA","152010330","CLEAN TEXTILES SYSTEM","4126877900","025500","","","","","N","","","","","","N","","","","","","","","1","00394016","03"
"2013037817","02","8","500 BROWN AVE.","","TURTLE CREEK","PA","15146","A.J. MYERS & SONS INC.","4126462320","","","","","","N","","","","","","N","","","","","","","","1","99999999","11"
"2013012613","05","1","15 27TH STREET","","PITTSBURGH","PA","15222","PITT OHIO EXPRESS, LLC","8003667488","073280","","","","","N","","","","","","N","","","","","","","","2","00190180","08"
"2013058981","05","1","1700 N. OLD US 31","","ROCHESTER","IN","46975","DEAN FOODS COM.","7249628680","080000","","","","","N","","","","","","N","","A-00115224","","","","","","2","00714483","08"
"2013061767","02","1","RT 283 P O BOX 67676","","HARRISBURG","PA","17106","PA TURNPIKE COMMISSION","7179399551","038000","","","","","N","","","","","","N","","","","","","","","2","","09"
"2013121177","05","1","5000 W 25TH ST","","SPEEDWAY","IN","46224","COWAN SYSTEMS  INC","3172414158","","","","","","N","","","","","","N","","","","","","","","1","00548880","08"
"2013108951","02","6","3064 OLD ENON VALLEY RD","","ENON VALLEY","PA","16120","FEEZLE'S AUTO WRECKING","3305546342","","","","","","N","","","","","","N","","","","","","","","1","01164984","05"
"2013100062","03","1","101 CREEKSIDE ROAD","","WEST COLUMBIA","SC","291721966","CDJ BULK EXPRESS","8009554963","080000","","","","","N","","","","","000419211","N","","A-0219158","","","","","","1","00491211","06"
"2013076603","05","1","300 S. PRATT RD","","BRODHEAD","WI","53520","PREFERRED TRANSIT INC","0000000000","","","","","","N","","","","","","N","","","","","","","","2","","08"
"2013091423","02","4","252-260 MILLERS RUN RD.","","BRIDGEVILLE","PA","15017","LIMESTONE PRODUCTS","4122215120","","","","","","N","","","","","","N","","","","","","","","1","02088919","09"
"2013090705","06","8","2636 SUNSET DR.","","WEST MIFFLIN","PA","15122","PITTSBURGH TOUR COMPANY","4123818687","","","","","","","","","","","","N","","A-6411208","","","","","","2","","11"
"2013093863","03","3","28 MCCANDLESS AVE","","PITTSBURGH","PA","15201","PRAXAIR DIST INC","4127814750","054000","2","","","","Y","1","","","","","N","","","","","","","","2","00664776","04"
"2013014369","02","8","13413 ST RT 422","","KITTANNING","PA","16201","AJ MEYERS","4126462398","029900","","","","","N","","","","","","N","","A-00106393","","","","","","1","00281003","11"
"2013094728","02","1","4850 STREETS RUN RD","","PITTSBURGH","PA","15236","OPTION INSULATION CO","4125086677","011000","","","","","","","","","","0PA013215","N","","","","","","","","1","","03"
"2013094728","05","2","4747 MCLANE PARKWAY","","TEMPLE","TX","76504","MCLANE COMPANY,INC./TRANSCO INC.","7033936122","","","","","","N","","","","","","N","","","","","","","","2","01062707","08"
"2013056025","03","5","404 WALNUT ST","","ZELIENOPLE","PA","16063","FRANKENSTEIN BUILDERS","7244526960","","","","","","N","","","","","999999999","N","","","","","","","","2","02256061","04"
"2013042415","02","1","2021 FLEUR DE LIS","","ARLINGTON","TX","76012","MOROTHI TRANSPORT LLC","4093240930","","","","","","N","","","","","","N","","","","","","","","1","01977743","03"
"2013082419","03","6","700 HARGROVE","","PITTSBURGH","PA","15226","MCGANN AND CHESTER","4123819400","080000","","","","","N","","","","","000265298","N","","A-00118499","","","","","","2","00279905","09"
"2013014952","03","3","489 ROSEMONT ROAD","","NORTH JACKSON","OH","44451","POINT 2 POINT LLC","3305384080","072000","","","","","N","","","","","","N","","","","","","","","2","01983626","04"
"2013106222","05","1","920 IRWIN RUN ROAD","","WEST MIFFLIN","PA","15122","LIBERTY USA INC","4124612700","","","","","","N","","","","","","N","","","","","","","","3","","08"
"2013114843","05","99","949 COBUN CK RD","","MORGANTOWN","WV","26508","DALTON","3042910535","080000","","","","","N","","","","","","N","","","","","","","","1","00676273","08"
"2013114843","05","99","6487 HWY 175 268","","ALLENTOWN","WI","53002","KREILKAMP","8005581724","080000","","","","","N","","","","","","N","","","","","","","","2","00100139","09"
"2013020705","03","8","2235 BEAVER AVE","","PITTSBURGH","PA","15232","PORT AUTHORITY OF ALLEGHENY COUN","4125565500","","","","","","N","","","","","","N","","A-00976060","","","","","","2","","11"
"2013066067","05","3","4944 BELMONT AVE","","YOUNGSTOWN","OH","44505","FALCON TRANSPORT","3307931345","080000","","","","","N","","","","","","N","","","","","","","","1","00260165","08"
"2013085881","05","1","765 GUYS RUN ROAD","","PITTSBURGH","PA","15238","BJP'S","4124433122","080000","","","","","N","","","","","","N","","","","","","","","1","00979375","08"
"2013123945","03","0","6500 W INDUSTRIAL HWY","","GARY","IN","46406","SWIFT TRANSPORTATION","8008002200","014200","","","","","N","","","","","","N","","","","","","","","1","00054283","08"
"2013061285","06","99","345 6TH AVENUE 3RD FL","","PITTSBURGH","PA","15222","PORT AUTHORITY","4125665500","","","","","","N","","","","","","N","","A-00976060","","","","","","2","","98"
"2013038618","03","4","1617 WARREN AVE","","NILES","OH","44446","BDB TRUCKING LLC","3303033335","080000","","","","","N","","","","","","N","","","","","","","","1","00898265","08"
"2013120330","03","1","225 SANDY CREEK RD","","VERONA","PA","15147","PVO EXPRESS","4127937347","016268","","","","","N","","","","","","N","","","","","","","","2","01148672","08"
"2013115475","05","3","1019 E BAKERSVILLE EDIE","","SOMERSET","PA","15501","HOTTLE BROS TRUCKING","8144455794","080000","","","","","N","","","","","","N","","","","","","","","1","00366060","08"
"2013119753","02","8","110 LENZER CT","","SEWICKLEY","PA","15143","LENZER COACH LINES","4123219822","","","","","","N","","","","","","N","","","","","","","","2","00583785","11"
"2013131216","02","4","1463 SIMANTON RD","","ASHLAND","OH","44805","NELSON TREE SERVICE","9372941313","033000","","","","","N","","","","","","N","","","","","","","","1","00336944","03"
"2013034641","99","0","111 KELSO RD.","","MC DONALD","PA","15057","LAND CLEARING SPECIALIST INC","7246780616","025500","","","","","N","","","","","","N","","","","","","","","3","01612326","09"
"2013061583","02","1","5808 S RICE AVE","","HOUSTON","TX","77081","PV LEASING LLC","7247664805","014500","","","","","N","","","","","","N","","","","","","","","2","02087503","03"
"2013096866","02","8","200 HAHN RD","","PITTSBURGH","PA","15209","FIRST STUDENT","4128210300","","","","","","N","","","","","","N","","","","","","","","2","","11"
"2013039962","02","8","415 REBECCA ST","","MCKEESPORT","PA","15132","PENNSYLVANIA COACH LINES INC","4123842400","","","","","","","","","","","","N","","","","","","","","1","","10"
"2013014951","02","1","23 WHITMER RD","","SLIGO","PA","16255","CLARION RIVER ORGANICS","8146031022","025000","","","","","N","","","","","","N","","","","","","","","1","02101240","09"
"2013029175","02","8","415 REBECCA STREET","","MCKEESPORT","PA","15132","PA COACH LINES","4126640911","","","","","","N","","","","","","N","","","","","","","","1","00465361","11"
"2013100575","02","8","200 HAHN RD","","PITTSBURGH","PA","15209","FIRST STUDENT INC","4127939600","029800","","","","","N","","","","","","N","","","","","","","","1","00354406","11"
"2013100575","02","8","200 HAHN RD","","PITTSBURGH","PA","15209","FIRST STUDENT INC","4127939600","029000","","","","","N","","","","","","N","","","","","","","","2","00354406","11"
"2013072120","03","1","604 BORDER STREET","","WEST ELIZABETH","PA","15088","HARRY HAWK","4129538109","080000","","","","","N","","","","","","N","","","","","","","","1","01148672","08"
"2013049711","05","7","1306 MAIN ST CRESENT","","CRESENT","PA","15046","IRON CITY EXPRESS","7244572727","080000","","","","","N","","","","","","N","","","","","","","","3","00508426","08"
"2013088040","02","1","329 BROADWAY AVE","","MCKEES ROCKS","PA","15236","JOHN CHUJKO","4129067585","017950","","","","","N","","","","","","N","","","","","","","","1","01244221","03"
"2013083721","05","1","P.O. BOX 427","","BEDFORD PARK","IL","60499","D-B EQUIPMENT","8149325692","080000","","","","","N","","","","","","N","","","","","","","","2","00375784","08"
"2013113883","02","8","345 6TH AVE","3RD FLOOR","PITTSBURGH","PA","152222527","PORT AUTHORITY OF ALLEGHENY COUN","4124422000","","","","","","N","","","","","","N","","A-00976060","","","","","","1","","11"
"2013027870","05","1","1056 GEMINI RD","","EAGAN","MN","55121","LESSORS INC","8002331865","080000","","","","","N","","","","","","N","","","","","","","","1","00265891","08"
"2013058453","03","3","260 MEADOWLANDS BLVD.","","WASHINGTON","PA","15301","TERRA TESTING INC.","7247469100","","","","","","N","","","","","","N","","","","","","","","1","00862207","03"
"2013012968","05","3","258 RUFFDALE RD.","","RUFFSDALE","PA","15679","MARSH AUTOMOTIVE INC","8883129798","068000","","","","","N","","","","","","N","","","","","","","","2","02182175","08"
"2013036456","03","99","PO BOX 685","","SHARON","PA","16146","P I & I MOTOR EXPRESS INC","3304484035","080000","","","","","N","","","","","MC-112063","N","","A-00110077","","","","","","2","00122443","08"
"2013083389","03","4","1595 FRANK ROAD","","COLUMBUS","OH","43223","STRAWSER CONSTRUCTION","9899424561","","","","","","N","","","","","","N","","","","","","","","2","01833085","04"
"2013109897","02","1","8325 ARDWICK ARDMORE BD","","LANDOVER","PA","20785","UNITED PARCEL SERVICE","8007425877","002500","","","","","N","","","","","","N","","","","","","","","1","00021800","03"
"2013019623","02","8","1500 ARDMORE BLVD.","","PITTSBURGH","PA","15221","MIL TRANSIT, INC","4122473500","","","","","","N","","","","","","N","","","","","","","","1","","11"
"2013060125","02","0","573 BRADDOCK AVE RT 309","KEYSTONE COMMONS","E. PITTSBURGH","PA","15112","PRN PARATRANSIT INC","4128242181","000000","","","","","N","","","","","000000000","N","","A-9999999","","","","","","1","00000000","00"
"2014007209","99","8","RD 9 BOX 6C","RT 422","KITTANNING","PA","16201","PATCO TRANSIT INC","9999999999","999999","","","","","","","","","","","U","","","","","","","","1","","11"
"2013124958","02","1","34 BLVD OF THE ALLIES","","PITTSBURGH","PA","15222","PG PUBLISHING DBA PGH POST GAZ","4129131610","014100","","","","","N","","","","","","N","","","","","","","","1","00358261","03"
"2013072904","99","1","6929 N LAKEWOOD AVENUE","","TULSA","OK","74117","EAN HOLDINGS INC","9999999999","025999","","","","","N","","","","","","N","","","","","","","","1","","05"
"2013057865","03","4","1251 RUSSELTON RD","","CHESWICK","PA","15024","TESONE TRANSPORT INC","7242727426","073280","","","","","N","","","","","","N","","","","","","","","1","00507931","09"
"2013111555","02","3","1145 STATE ROUTE 31","","MT PLEASANT","PA","15666","GULISEK CONSTRUCTION LLC","7246963341","025500","","","","","N","","","","","","N","","","","","","","","1","00705015","09"
"2013099444","05","99","4231 HILTY ROAD","","EXPORT","PA","15632","DALE W CATLEY","4126006333","","","","","","N","","","","","000858547","N","","A-78578547","","","","","","2","","08"
"2013087809","06","1","2626 W COLISEUM BLVD","","FT WAYNE","IN","46808","CON-WAY FREIGHT, INC","8885551212","080000","","","","","N","","","","","","N","","","","","","","","1","00241829","09"
"2013045133","05","99","5805 LONES RD","","KNOXVILLE","TN","37909","PILOT TRANSPORTATION","8005626210","080000","","","","","N","","","","","","N","","","","","","","","2","00091805","08"
"2013049005","05","1","375 VICTORIA RD","","YOUNGSTOWN","OH","44515","GIANT EAGLE/TALON LOGISTICS","3307923811","080000","","","","","N","","","","","","N","","","","","","","","2","00030237","06"
"2013106412","05","1","GOOSE HILL RD BOX 259","","JEFFERSON","ME","04348","D D I TRANSPORTATION INC","4137371114","080000","","","","","N","","","","","","N","","","","","","","","2","00239956","08"
"2013110305","05","1","1000 SEMMES AVE","","RICHMOND","VA","232181216","UPS GROUND FREIGHT INC","8042318000","080000","3","","","","Y","1","","","","000109533","N","","","","","","","","1","00121058","08"
"2013076503","05","3","908 BROADWAY AVE EXT","","MASURY","OH","44438","PI & I MOTOR EXPRESS","3304484035","080000","","","","","N","","","","","","N","","","","","","","","1","00122443","08"
"2013125790","02","1","4481 JOHNSTON PKWY","","CLEVELAND","OH","44128","WESTERN RESERVE TRUCKING","7243281631","","","","","","N","","","","","","N","","","","","","","","2","02132337","03"
"2013067983","01","99","1147 LOVEDALE ROAD","","PITTSBURGH","PA","15037","HYDRO TECHNICAL SERVICES","4126920415","","","","","","N","","","","","000999999","U","","","","","","","","2","","99"
"2013122684","04","7","121 BRICKYARD ROAD","","MARS","PA","16046","VOGEL DISPOSAL SERVICES INC","7246251511","073280","","","","","N","","","","","","N","","","","","","","","2","00290052","04"
"2013028313","03","99","PO BOX 71","","BLAIRSVILLE","PA","15717","BARKLEY DEVELOPMENT","7244593553","073280","","","","","N","","","","","","N","","","","","","","","1","01919133","09"
"2013079051","02","8","345 SIXTH AVE. 3RD FL","","PGH","PA","15222","PORT AUTHORITY TRANSIT","4124422000","","","","","","N","","","","","","N","","A-00976060","","","","","","1","","11"
"2013010699","02","7","W. NOBLESTOWN RD. BX448","","CARNEGIE","PA","15106","BFI WASTER SERVICES OF PA, LLC","4124292600","073280","","","","","N","","","","","","N","","","","","","","","2","00962087","03"
"2013021969","04","1","3630 HACKS CROSS RD","","MEMPHIS","TN","38125","FEDERAL EXPRESS CORP","4124728180","074000","","","","","N","","","","","","N","","","","","","","","2","00086876","08"
"2013016111","02","3","107 CEDAR BROOK CRT","PO BOX 572","IMPERIAL","PA","15126","ROLAND TRUCKING","4128123805","066000","","","","","N","","","","","","N","","A-00111519","","","","","","2","00670458","03"
"2013027490","03","4","PO BOX 2586","","GLASSPORT","PA","15045","MEDDLOWITZ TRUCKING","4126724116","073280","","","","","N","","","","","","N","","","","","","","","1","01270703","04"
"2013065988","05","3","4010 COLUMBUS","AVE","SANDUSKY","OH","44870","SOUTH SHORE TRANSPORTATION INC","4196267079","000000","","","","","N","","","","","","N","","","","","","","","1","00247350","06"
"2013114163","06","8","345 6TH AVE","","PITTSBURGH","PA","15222","PORT AUTHORITY","4122554000","","","","","","N","","","","","","N","","","","","","","","2","","11"
"2013012581","02","1","600 MIFFLIN ROAD","","PITTSBURGH","PA","15207","DAGOSTINO ELECTRONICS SRVCS.,INC","4123067335","","","","","","N","","","","","","N","","","","","","","","1","00001000","02"
"2013091051","02","8","400 HILLVUE LN","","PITTSBURGH","PA","15237","NORTH ALLEGHENY SCHOOL DISTRICT","4123695846","","","","","","N","","","","","","N","","","","","","","","1","","11"
"2013072154","05","1","73 RAILSIDE DR.","","WEYERS CAVE","VA","244862416","IDM TRUCKING","5402349185","","","","","","N","","","","","","N","","","","","","","","2","","08"
"2013089538","03","8","2235 BEAVER AVENUE","","PITTSBURGH","PA","15223","PORT AUTHORITY OF ALLEGHENY COUN","4125665500","","","","","","N","","","","","","N","","A-00976060","","","","","","2","","11"
"2013053238","05","3","4944 BELMONT AVE","","YOUNGSTOWN","OH","44505","FALCON TRANSPORT CO","3137997647","072000","","","","","N","","","","","","N","","","","","","","","1","00260165","08"
"2013127567","02","1","73 BUCK ROAD","","HUNTINGTON VALLEY","PA","19006","K TRANS EXPRESS","2672663151","","","","","","N","","","","","","U","","","","","","","","1","02448079","08"
"2013114647","01","8","1000 CHURCHHILL RD","","VENETIA","PA","15367","FIRST STUDENT","4128313112","014050","","","","","N","","","","","","N","","","","","","","","1","00354406","10"
"2013129290","05","1","160 VELTI DR","","WASHINGTON","PA","15301","VELTRI TRCUKING INC.","7242289381","016213","","","","","N","","","","","","N","","","","","","","","2","01077151","08"
"2013005120","02","8","200 HAHN ROAD","","PITTSBURGH","PA","15209","FIRST STUDENT INC","4128313112","000000","","","","","N","","","","","","N","","","","","","","","2","00354406","10"
"2013117246","05","1","ONE WHITNEY DR, PO BOX","","HARMONY","PA","16037","SYSCO PITTSBURGH","8143415007","080000","","","","","N","","","","","","N","","","","","","","","1","00287351","08"
"2013063965","03","1","26661 BUNERT","","WARREN","MI","48089","LIPARI FOODS OPERATING COMPANY L","9999999999","080000","","","","","N","","","","","","N","","","","","","","","1","00252402","08"
"2013057280","02","8","345 6TH AVE","","PGH","PA","15222","PORT AUTHORITY","4124222000","014600","","","","","N","","","","","","N","","A-00976060","","","","","","2","","11"
"2013100157","99","8","798 EKASTOWN RD","","SARVER","PA","16055","WL ROENIGK LEASING INC,WL ROEN","9999999999","999999","","","","","N","","","","","","N","","","","","","","","3","","10"
"2013027437","03","8","2235 BEAVER AVENUE","","PITTSBURGH","PA","15233","PORT AUTHORITY OF ALLEGHENY COUN","4124422000","","","","","","N","","","","","","N","","A-00976060","","","","","","1","","11"
"2013113027","05","1","P O BOX 2128 MD6901","","DALTON","GA","30722","SHAW TRANSPORT INC","8668936681","080000","","","","","N","","","","","","N","","","","","","","","1","00188556","08"
"2013129908","02","1","137 S. BRISTOL STREET","","SUN PRAIRIE","WI","53590","NESTLE TANSPORTATION COMPANY","8157542611","033000","","","","","N","","","","","","N","","","","","","","","1","00009640","03"
"2013063167","05","0","PO BOX 915","","FORT DODGE","IA","50501","DECKER TRUCK LINE INC","5155764141","080000","","","","","N","","","","","","N","","","","","","","","1","00053824","08"
"2013125730","02","0","700 LONG RUN ROAD","","MCKEESPORT","PA","15132","ZEKES AUTO WRECKERS","4127350413","","","","","","N","","","","","","N","","","","","","","","2","","03"
"2013077363","03","8","798 EKASTOWN RD","","SARVER","PA","16055","WL ROENIGK LEASING INC","4127827907","","","","","","N","","","","","","N","","","","","","","","1","","11"
"2013040542","03","4","5646 WILLOW TARRACE","","BETHEL PARK","PA","15102","ARNOLD ANTHONY","4124277656","","","","","","N","","","","","","N","","","","","","","","1","02179249","04"
"2013096388","02","1","1860 EAST THIRD ST","726 FRANK ST.PGHPA15227","WILLIAMSPORT","PA","17701","VALLEY FARMS TRANSPORT INC","4128813525","035000","","","","","N","","","","","","N","","","","","","","","1","02153816","03"
"2013078918","05","1","11510 SOUTH AVENUE EXT.","","NORTH LIMA","OH","44452","ASSOCIATED PAPER STOCK","7245389884","080000","","","","","N","","","","","000174139","N","","","","","","","","1","00182291","08"
"2013050954","03","2","5617 CLYUDE RHYNE RD","","SANFORD","NC","27330","NOBILE OIL SERVICES","9197748180","066000","2","","","","Y","2","","","","","N","","","","","","","","2","00385422","04"
"2013081767","04","7","1055 ATHALIA AVE","","MONESSEN","PA","15062","COUNTY HAULING","7245508300","","","","","","N","","","","","","N","","","","","","","","2","01658374","04"
"2013039357","02","8","204 FOX RUN DR","","VENETIA","PA","15367","E&S PARKING AND TRANSPORTATION","7247475238","","","","","","N","","","","","","N","","","","","","","","1","","11"
"2013065631","05","1","253 GRINGE INDEPENDENCE","","ALIQUIPPA","PA","15001","GEO DRAIN INC","4123756879","080000","","","","","N","","","","","","N","","","","","","","","1","01151959","06"
"2013080070","05","1","3663 CLAY AVENUE SW","","GRAND RAPIDS","MI","495483008","RYDER TRUCK RENTAL LT","2699294108","080000","","","","","N","","","","","","N","","","","","","","","2","00886667","06"
"2013105564","03","4","17TH & ARSENAL BLVD","","HARRISBURG","PA","17120","PENNDOT","8009324600","","","","","","N","","","","","","N","","","","","","","","1","","04"
"2013092508","99","1","UNK","","UNK","ZZ","99999","UNK","9999999999","","","","","","","","","","","","N","","","","","","","","1","00999999","08"
"2013129227","03","7","310 LEGER RD","","NORTH HUNTINGTON","PA","15642","WASTE MANAGEMENT","7248646476","073280","","","","","N","","","","","","N","","","","","","","","1","00344050","04"
"2013098729","02","1","5808 S. RICE AVE.","","HOUSTON","TX","77081","PV LEASING LLC","7247664805","","","","","","N","","","","","","N","","","","","","","","2","02087503","03"
"2013005875","02","8","345 SIXTH AVE","","PITTSBURGH","PA","152222527","PORT AUTORITY","4124422000","039000","","","","","N","","","","","","N","","A-00976060","","","","","","1","","11"
"2013114349","99","7","121 BRICKYARD RD","","MARS","PA","16046","VOGEL DISPOSAL SERVICES INC","7246251511","","","","","","N","","","","","","U","","","","","","","","1","","04"
"2013103323","02","1","236 OSCEOLA DRIVE","","BRIDGEVILLE","PA","15017","UNKNOWN","4122214277","012300","","","","","N","","","","","","N","","","","","","","","1","","05"
"2013066172","04","1","750 US HIGHWAY 84","","E.CAIRO","GA","39828","ROCKDALE TRANSPORT SERVICES INC.","2293771691","","","","","","N","","","","","0MC262850","U","","","","","","","","2","00522194","08"
"2013049111","02","3","7565 ROUTE 30","","IRWIN","PA","15642","COORDINATORS INC","7248647840","008000","","","","","N","","","","","000000000","N","","A-00113971","","","","","","2","00058886","08"
"2013081675","99","8","2500 CLYDE AVENUE","","NORTH VERSAILLES","PA","15137","S & S TRANSIT","4128246936","014500","","","","","N","","","","","","N","","","","","","","","1","","10"
"2013039383","05","1","149 NICHOLS AVE","","MCKEES ROCKS","PA","15136","PENN WASTE SYSTEMS","4127711000","080000","","","","","N","","","","","","N","","","","","","","","1","01469297","08"
"2013084359","99","99","555 B VALLEY KITCHEN DR","","MT PLEASANT","PA","15666","ASPLUNDH TREE EXPERT CO","9999999999","","","","","","N","","","","","","U","","","","","","","","2","","99"
"2013103740","05","3","3710 TULANE RD.","","MEMPHIS","TN","38116","BUILDERS TRANSPORTATION CO.","8652325289","080000","","","","","N","","","","","","N","","","","","","","","2","00000531","08"
"2013115175","05","3","5593 HAMILTON MIDDLETOW","","MIDDLETOWN","OH","45044","OHIO TRANSPORT","5132657771","080000","","","","","N","","","","","000058561","N","","","","","","","","1","00384170","08"
"2013003628","05","1","3813 BROADWAY","","BUFFALO","NY","14227","KING'S EXPRESS OF WESTERN NY","4408161100","054999","","","","","N","","","","","","N","","","","","","","","2","00303932","08"
"2013027148","02","4","831 JUSTINE DR","","PITTSBURGH","PA","15239","ALLEN LANSCAPING CO","4126095420","001200","","","","","N","","","","","","N","","","","","","","","1","99999999","02"
"2013106265","02","1","154 SANDY CREEK RD","","VERONA","PA","15147","A1 VAN SERVICE","4122616170","037000","","","","","N","","","","","999999999","N","","","","","","","","3","00960139","02"
"2013069991","03","3","321 29TH ST","","PITTSBURGH","PA","15132","DANIEL KARDOS","4123520085","","","","","","N","","","","","001363911","N","","","","","","","","2","00098019","04"
"2013048123","02","1","1904 POLK AVE","","CLAIRTON","PA","15025","WILSONS TRI STATE DELIVERY","4124016097","025994","","","","","N","","","","","","N","","","","","","","","2","02259357","03"
"2013061668","03","4","1 43RD ST.","","PITTSBURGH","PA","15201","43RD ST. INC.","4126217815","","","","","","N","","","","","","N","","","","","","","","2","02099631","04"
"2013122673","03","8","2235 BEAVER AVE","","PITTSBURGH","PA","15233","PORT AUTHORITY OF ALLEGHENY COUN","4125665500","","","","","","N","","","","","","N","","A-00976060","","","","","","2","","11"
"2013075651","03","4","5131 N. PIONEER RD","","GIBSONIA","PA","15044","HAMPTON SUPPLY YARD","4124864818","026000","","","","","N","","","","","","N","","","","","","","","1","02136748","04"
"2013068665","02","4","104 IVANS LANE","","TARENTUM","PA","15084","WILLIAM R. LAWRENCE","7243099518","026000","","","","","N","","","","","","N","","","","","","","","2","02257321","03"
"2013132204","02","1","311 CENTER ST","","MARTINS FERRY","OH","43935","BRINKS INC","8002316024","025999","","","","","N","","","","","","N","","","","","","","","1","00076054","03"
"2013123533","02","8","13413 STATE RD 422","","KITTANING","PA","16201","AJ MYERS & SON  INC","4128530020","","","","","","","","","","","000000000","N","","","","","","","","2","","11"
"2013105846","05","1","563 ASPEN DR","","RIGBY","ID","83442","STOWELLS OUTLAW SERVICES LLC","2086045172","080000","","","","","N","","","","","000000000","N","","A-00000000","","","","","","1","00000000","06"
"2013098841","03","0","136 LOOP RD","","WAYNESBURG","PA","15370","2ND GENERATION INC","7246274943","016300","","","","","N","","","","","","N","","","","","","","","2","01052960","07"
"2013125083","05","6","6566 ANDASOL AVENUE","","LAKE BALBOA","CA","91406","MARANA TRUCKING","3108507116","080000","","","","","N","","","","","000360323","N","","","","","","","","3","00810054","08"
"2013119085","03","99","161 PLAIN GROVE RD","","SLIPPERY ROCK","PA","16057","COMMERCIAL ASPHALT SUPPLY INC","7245302611","000000","","","","","N","","","","","","N","","","","","","","","2","01895370","04"
"2013049534","02","99","NORTH AVE. EAST","","ELIZABETH","NJ","07201","NEW ENGLAND MOTOR FREIGHT","8005628058","060000","","","","","N","","","","","","N","","A-00107258","","","","","","1","00031120","08"
"2013076554","05","3","407 HOLLISTER LN","","NEW ALEXENDRIA","PA","15640","CHESTNUT RIDGE CONSTRUCTION INC","7246687007","073280","","","","","N","","","","","","N","","","","","","","","1","01079221","06"
"2013130146","04","4","113 OLIVER ROAD","","UNIONTOWN","PA","15401","QUALITY TRUCK SERVICE LLC","7244391080","000000","","","","","N","","","","","","N","","","","","","","","1","","04"
"2013130146","04","4","113 OLIVER ROAD","","UNIONTOWN","PA","15401","QUALITY TRUCK SERVICE LLC","7244391080","000000","","","","","N","","","","","","N","","","","","","","","3","","04"
"2013026863","02","8","345 6TH AVE","","PITTSBURGH","PA","152222527","PORT AUTHORITY OF ALLEGHENY COUN","4122377000","","","","","","N","","","","","","N","","A-00976060","","","","","","1","","11"
"2013072413","05","1","ARCH ST","PO BOX 170","CONNELLSVILLE","PA","15425","DH PRODUCE","7249843530","","","","","","N","","","","","000659305","N","","","","","","","","2","01092373","06"
"2013059290","02","1","1821 BEAVER AVE","","PITTSBURGH","PA","15233","UNITED PARCEL SERVICE","4129215569","016000","","","","","N","","","","","","N","","","","","","","","2","00021800","02"
"2013093252","05","1","1150 2ND AVE","","NEW KENSINGTON","PA","15068","UNIFIRST CORP","7243391077","012290","","","","","N","","","","","","N","","","","","","","","2","00063904","08"
"2013073108","05","3","7 GRAND AVENUE","","KITCHENER","ON","N2K1B2","B AND N SPECIALIZED TRANSPORTATI","5197444260","055000","","","","","N","","","","","","N","","","","","","","","2","02054235","08"
"2013123509","02","1","351 32ND ST","","PITTSBURGH","PA","15201","FED EX","4125135420","012000","","","","","N","","","","","000086876","N","","A-00112261","","","","","","1","00086876","02"
"2013070830","05","1","142 WHITTEN ROAD","","AUGUSTA","ME","44004","STOUGHTON TRAILERS ACCEPTANCE","2076234128","","","","","","N","","","","","","U","","","","","","","","2","01096405","06"
"2013009340","04","8","345 SIXTH AVE","","PITTSBURGH","PA","15222","PORT AUTHORITY OF ALLEGHENY COUN","4124422000","","","","","","N","","","","","","N","","A-00976060","","","","","","2","","11"
"2013068489","05","99","4555 HOLLINS FERRY RD","","BALTIMORE","MD","21227","COWANS SYSTEMS","8668870440","080000","","","","","N","","","","","000271882","N","","","","","","","","2","00548880","08"
"2013124276","02","8","119 BUS LN","","PUNXSUTAWNEY","PA","15767","STA OF PA INC","4126464711","012300","","","","","N","","","","","","N","","","","","","","","2","00818076","11"
"2013040061","04","2","1967 SAXONBURG BLVD.","","CURTISVILLE","PA","15032","GLASSMERE FUEL SERVICE INC.","7242654646","","3","","","","Y","1","","","","","N","","A-00114860","","","","","","2","00276273","08"
"2013087150","02","3","1723 CENTER ST","","GROVE CITY","PA","16127","SEIVERS CONCESSIONS","4126385087","028900","","","","","N","","","","","","N","","","","","","","","1","01941715","03"
"2014009012","03","4","45 THOMS RUN RD","","BRIDGEVILLE","PA","15017","PENN DOT","4127813260","","","","","","N","","","","","","N","","","","","","","","2","","04"
"2013070716","02","1","4920 BUTTERMILK HOLLOW","RD.","WEST MIFFLIN","PA","15122","DAFIX ENTERPRISES INC.","7244532810","026000","","","","","N","","","","","","N","","","","","","","","1","","03"
"2013044676","02","8","2235 BEAVER AVE","","PITTSBURGH","PA","15233","PORT AUTHORITY","4125665214","","","","","","N","","","","","","N","","","","","","","","1","","11"
"2013060827","04","99","6200 E HIGHWAY 62 #300","JEFFERSONVILLE","JEFFERSONVILLE","IN","471308769","HYDRO TECHNOLOGIES INC","8122849376","","","","","","N","","","","","999999999","N","","9999999999","","","","","","2","99999999","09"
"2013023219","05","99","4684 NATIONAL PIKE","","FARMINGTON","PA","15437","GNC TRUCKING","7243290998","080000","","","","","","","","","","000261943","N","","A-0118972","","","","","","2","00515908","08"
"2013081624","04","3","409 BUTLER ROAD","","KITTANNING","PA","16201","MDS ENERGY","7242549960","","","","","","N","","","","","000000001","N","","","","","","","","1","00000001","08"
"2013128732","02","8","200 HAHN RD","","PITTSBURGH","PA","15209","FIRST STUDENT","4128210300","","","","","","N","","","","","","N","","","","","","","","2","","11"
"2013069269","02","3","700 HARGROVE","","PITTSBURGH","PA","15226","MCGANN & CHESTER","4123819400","","","","","","N","","","","","MC-265298","N","","A-00118499","","","","","","2","00279905","03"
"2013044670","02","1","200 KENDALL ST","","CORAOPOLIS","PA","15108","STA","4122699970","","","","","","N","","","","","","N","","","","","","","","1","","02"
"2013131440","03","1","9782 LOONEY RD","","PIQUA","OH","45356","PIQUA TRANSFER AND STORAGE","9377733743","080000","","","","","N","","","","","","N","","","","","","","","2","00081418","08"
"2013083238","02","8","345 6TH AVE 3RD FLOOR","","PITTSBURGH","PA","152222527","PORT AUTHORITY OF ALLEGHENY CO.","4124422000","","","","","","N","","","","","","N","","A-00976060","","","","","","2","","11"
"2013122680","04","1","P O BOX 2992","","GRAND RAPIDS","MI","49501","GFS TRANSPORT LLC","6165307000","073280","","","","","N","","","","","000544312","N","","","","","","","","2","00175852","08"
"2013080322","02","4","738 ROUTE 481","","MONONGAHELIA","PA","15063","VICTOR PAVING & CONSTRUCTION INC","7242583067","","","","","","N","","","","","","N","","","","","","","","2","02176279","04"
"2013108113","02","0","333 TECHNOLOGY DRIVE SU","","CANONSBURG","PA","15317","WALSH CONSTRUCTION","4124221873","025999","","","","","N","","","","","","N","","","","","","","","3","00374649","09"
"2013019209","02","3","2950 CLAY PIKE ROAD","","IRWIN","PA","15642","WHAEATON AND SONS","4123510405","017500","","","","","N","","","","","","N","","","","","","","","1","02306733","03"
"2013108790","05","99","225 SANDY CREEK RD","","VERONA","PA","15147","PVO EXPRESS INC","4127937347","067000","","","","","N","","","","","","N","","","","","","","","1","01148612","08"
"2013008782","01","8","110 LENZNER COURT","","SEWICKLY","PA","15143","LENZNER COACH LINES","4123216697","","","","","","N","","","","","","N","","","","","","","","1","","11"
"2013130536","02","8","798 EKASTOWN RD","","SARVER","PA","16055","W.L. ROEGNIK INC","7243531515","","","","","","N","","","","","000000000","N","","","","","","","","2","00000000","11"
"2013127666","03","8","2235 BEAVE AVE","","PITTSBURGH","PA","15233","ALLEGHENY COUNTY PORT AUTHORITY","4124422000","","","","","","","","","","","","N","","A-00976060","","","","","","2","","11"
"2013109936","02","1","3300 OFFICE PARK DR","","DAYTON","OH","45439","NELSON TREE SERVICE","4122603673","037000","","","","","N","","","","","","N","","","","","","","","2","00336944","03"
"2013100008","02","8","2235 BEAVER AVENUE","","PITTSBURGH","PA","15233","PORT AUTHORITY OF ALLEGHENY COUN","4122377000","","","","","","N","","","","","","N","","A-00976060","","","","","","1","","11"
"2013039798","02","1","354 COMMERCE AVE","","NEW CASTLE","PA","16101","SDD DISTRIBUTION SYSTEM INC","8004584000","012000","","","","","N","","","","","A-9999999","N","","A-99999999","","","","","","1","99999999","03"
"2013126478","03","3","1300 51ST ST","","NASHVILLE","TN","37205","P&S TRANSPORTATION","4342109962","010000","","","","","N","","","","","000123456","N","","","","","","","","2","00123456","06"
"2013126237","02","1","1 ST JOHN STREET","","MCKEES ROCKS","PA","15136","RED DIAMOND TRUCKING INC","4122160214","026000","","","","","N","","","","","","N","","","","","","","","1","01738977","05"
"2013122001","02","8","13413 STATE ROUTE 422","","KITTANNING","PA","16201","A J MYERS & SONS INC","7245485881","","","","","","N","","","","","MC-183752","U","","","","","","","","1","00281003","11"
"2013007705","02","8","345 SIXTH AVE 3RD FL","","PITTSBURGH","PA","15222","PORT AUTHORITY OF ALLEGEHNY CO","4124422000","","","","","","N","","","","","","N","","A-00976060","","","","","","2","","11"
"2013041906","03","99","1345 EL CAMINO VERDE DR","","LINCOLN","CA","95648","AAA TRANSPORT","9167640995","800000","","","","","N","","","","","","N","","","","","","","","2","01626716","08"
"2013092868","05","2","1300 E POLAND POBOX 67","","BESSEMER","PA","16112","MARTIN","8009229819","080000","","","","","N","","","","","000105886","N","","","","","","","","1","00088339","08"
"2013107095","02","3","15278 WATERWHEEL TER","","WOODBRIDGE","VA","22191","A&H TRUCKING 6 CORP","3477283606","","","","","","N","","","","","","N","","","","","","","","1","01954515","99"
"2013022478","02","4","12245 FRANKSTOWN ROAD","","PITTSBURGH","PA","15235","MUNICIPALITY OF PENN HILLS","4127953500","034700","","","","","N","","","","","","N","","","","","","","","1","","03"
"2013113892","03","3","5300 PAXTON ST","PO BOX 2335","HARRISBURG","PA","17105","CLEVELAND BROTHERS EQUIPMENT","8004822378","080000","","","","","N","","","","","","Y","","","","","","","","1","00384960","06"
"2013097623","03","1","1 WHITNEY DR","","HARMONY","PA","16037","SYSCO FOOD SERVICE","7244522100","056000","","","","","N","","","","","","N","","","","","","","","2","00287351","08"
"2013011641","03","1","1400  INTERNATIONAL DR","","OAK CREEK","WI","53154","ALLSTATES TRUCKING","4147646600","080000","","","","","N","","","","","","N","","","","","","","","2","00323887","08"
"2013087183","99","1","P O BOX 609 ROUTE 51,CO","","PERRYOPOLIS","PA","15473","HERR FOODS INC","9999999999","999999","","","","","N","","","","","","N","","","","","","","","2","","05"
"2013059465","01","8","345 6TH AVE","","PITTSBURGH","PA","15222","PORT AUTHORITY","4124422000","014000","","","","","N","","","","","","N","","","","","","","","2","","11"
"2013130935","02","8","1850 GILL HALL RD","","FINLEYVILLE","PA","15025","MATTHEWS BUS COMPANY","4123848810","","","","","","N","","","","","","N","","","","","","","","1","01245654","11"
"2013031605","02","1","1 JOHN STREET","","MCKEES ROCKS","PA","15136","RED DIAMOND TRUCKING","4127788877","025999","","","","","N","","","","","","N","","","","","","","","2","01738977","03"
"2013080828","03","8","345 6TH AVE 3RD FL","","PITTSBURGH","PA","15222","PORT AUTHORITY","4124422000","","","","","","N","","","","","","N","","","","","","","","2","","11"
"2013047146","02","8","2235 BEAVER AVENUE","","PITTSBURGH","PA","15233","PORT AUTHORITY ALLEGHENY COUNTY","4124422000","","","","","","N","","","","","","N","","A-00976060","","","","","","1","","11"
"2013096298","03","1","150 S BYHALIA RD","","COLLIERVILLE","TN","38017","NEWBERN TRANSPORT CO","9999999999","","","","","","N","","","","","","N","","","","","","","","2","","08"
"2013030483","02","8","1825 LIVERPOOL STREET","","PITTSBURGH","PA","15233","AIRLINES ACQUISTION CO.","4126059391","015000","","","","","N","","","","","","N","","","","","","","","2","00385606","10"
"2013080898","02","4","4821 BUTTERMILK HOLLOW","","WEST MIFFLIN","PA","15122","R&B TRUCKING SERVICES","9999999999","012000","","","","","N","","","","","","N","","","","","","","","4","02081801","05"
"2014000275","03","3","381 DONNELLVILLE RD","","NATRONA HTS","PA","15065","BACHMAN TRUCKING INC","7243531733","080000","","","","","N","","","","","","N","","","","","","","","2","00901016","06"
"2013134729","05","1","2740 N. MAYFAIR","","SPRINGFIELD","MO","65803","NEW PRIME INC.","8777746346","80,000","","","","","N","","","","","","N","","","","","","","","2","00630346","08"
"2013031603","03","4","2940 LEECHBURGH RD","","PLUM BORO","PA","15913","GENTILE TRUCKING","4127956611","028600","","","","","N","","","","","","N","","A-0109712","","","","","","1","02072495","04"
"2013084749","08","3","423 FRANKFORT AVE","","MONACA","PA","15061","PGT TRUCKING","8008326748","080000","","","","","N","","","","","","N","","A-00105584","","","","","","1","00192897","08"
"2013009813","01","0","1825 LIVERPOOL ST.","","PITTSBURGH","PA","15233","YELLOW CAB","4123234710","","","","","","N","","","","","","N","","A-0049926","","","","","","1","","00"
"2013048111","02","8","1500 ARDMORE BLVD","","PITTSBURGH","PA","15221","MIL TRANSPORT","4126824110","012000","","","","","","","","","","","N","","","","","","","","1","","11"
"2013131655","02","6","1655 DORR ST","","TOLEDO","OH","43607","FIRST STEP AUTO FINANCE","4195316633","010000","","","","","N","","","","","","N","","","","","","","","1","00847777","06"
"2013001873","02","8","119 WALL AVENUE","","WILMERDING","PA","15148","FIRST STUDENT","4128248210","","","","","","","","","","","","N","","","","","","","","1","00354406","10"
"2013025366","03","2","1 TYLER COURT","","CARLISLE","PA","17015","EQUIPMENTTRANSPORTATION","7243093095","073280","","","","","N","","","","","","N","","","","","","","","1","01758904","05"
"2013025366","03","2","1 TYLER COURT","","CARLISLE","PA","17015","EQUIPMENTTRANSPORTATION","7243093095","073280","","","","","N","","","","","","N","","","","","","","","2","01758904","04"
"2013090726","02","1","971 BRIARSDALE ROAD","","HARRISBURG","PA","17109","RYDER RENTAL","7244381819","","","","","","N","","","","","","N","","","","","","","","1","00016130","03"
"2013013519","03","8","2235 BEAVER AVE","","PITTSBURGH","PA","15233","PORT AUTHORITY OF ALLEGHENY CO","4124038021","","","","","","N","","","","","","N","","","","","","","","1","","11"
"2013111663","02","8","2235 BEAVER AVENUE","","PITTSBURGH","PA","15233","PORT AUTHORITY ALLEGHENY COUNTY","4124422000","","","","","","N","","","","","","N","","A-00976060","","","","","","1","","11"
"2013095875","02","8","5374 WILLIAM FLYNN HGWY","","GIBSONIA","PA","15044","MONARCH STUDENT TRANSPORTATION","7248982472","012300","","","","","N","","","","","","N","","A-00116335","","","","","","2","00856887","11"
"2013012917","02","8","345 6TH AVENUE","","PITTSBURGH","PA","15222","PORT AUTHORITY ALLEGHENY CO","4125665500","","","","","","N","","","","","","N","","A-00976060","","","","","","3","","11"
"2013000563","02","8","5374 WILLIAM FLYNN HIGH","","GIBSONIA","PA","15044","MONARK STUDENT TRANSPORTATION","4127812424","032000","","","","","N","","","","","","N","","","","","","","","1","","11"
"2013043581","02","8","2235 BEAVER AVE.","","PGH.","PA","15233","PORT AUTHORITY-ALLEGHENY CO.","4125665214","026000","","","","","N","","","","","","N","","A-00976060","","","","","","1","","11"
"2013092517","99","99","PO BOX 40","","MOUNT MORRIS","PA","15349","MT STATE AUTO AUCTION","3045925300","045000","","","","","N","","","","","","N","","","","","","","","2","00515082","08"
"2013035431","02","8","345 6TH AVE 3RD FLOOR","","PITTSBURGH","PA","152222527","PORT AUTHORITY ALLEGHENY COUNTY","4124422000","","","","","","N","","","","","","N","","A-00976060","","","","","","1","","11"
"2013105323","03","7","1121 MCPHERSON AVE","","CLAIRTON","PA","15025","NICKOLICH SANITATION LLC","4122338666","062000","","","","","N","","","","","","N","","","","","","","","2","02105470","04"
"2013035920","05","3","P O BOX 915","","FORT DODGE","IA","505010915","DECKER TRUCK LINE INC","5155764141","080000","","","","","N","","","","","","N","","","","","","","","1","00053824","08"
"2013049027","02","0","1600 S. POINT DRIVE","","ZANESVILLE","OH","43701","BOB SUMEREL TIRE","4126065260","018000","","","","","N","","","","","","N","","","","","","","","2","00196324","99"
"2014003093","03","7","4830 GRAND AVENUE","","PITTSBURGH","PA","15225","ABITIBI PAPER RECYCLE","4122641552","066000","","","","","N","","","","","","N","","","","","","","","1","00823571","04"
"2014003093","03","4","45 THOMS RUN RD","","BRIDGEVILLE","PA","15017","PENN DOT","4127813260","058400","","","","","N","","","","","","N","","","","","","","","2","01918087","04"
"2013053485","02","1","124 PLUNKETT DRIVE","","ZELIENOPLE","PA","16063","PLUNKETT MOTOR FREIGHT","7244526240","019500","","","","","N","","","","","000052008","N","","A-00086542","","","","","","1","00098010","03"
"2013005599","02","1","40 ABELE ROAD","","BRIDGEVILLE","PA","15017","CST LLC","4122218870","010000","","","","","N","","","","","","N","","","","","","","","2","01457995","03"
"2013024845","02","99","910 SHERATON DR.","","MARS","PA","16046","AIR STAR TRANSPORT AND LIMOSINE","4128022973","","","","","","N","","","","","","N","","A-99999999","","","","","","2","","98"
"2013065277","02","0","1101 BEAVER AVE","","PITTSBURGH","PA","15214","YELLOW CAB OF PITTSBURGH","4123218100","","","","","","N","","","","","","N","","A-00049926","","","","","","2","","98"
"2013063401","02","3","991 AIRBRAKE AV","","WILMERDING","PA","15148","TRI STATE REBAR","4128244000","","","","","","N","","","","","","N","","","","","","","","1","00700478","03"
"2013082489","02","3","3 LEWIS AVE","","CORAOPOLIS","PA","15108","ALLEGHENY PIPE & SUPPLY CO","4122647100","016500","","","","","N","","","","","","N","","","","","","","","2","00365709","03"
"2013128078","02","8","200 HAHN RD","","PITTSBURGH","PA","15209","FIRST STUDENT","4128210300","000000","","","","","N","","","","","","N","","A-00109523","","","","","","1","00354406","11"
"2013128078","02","1","3100 E CARSON ST","","PITTSBURGH","PA","15203","FUHRER WHOLESALE CO.","4124888844","045000","","","","","N","","","","","","N","","","","","","","","4","02066069","08"
"2013032683","05","1","250 NORTH AVENUE","","ELIZABETH","NJ","07201","DCE TRUCKING CORPORATION","9088624770","080000","","","","","N","","","","","","N","","","","","","","","1","02375162","06"
"2013032683","05","1","1 SYGMA DRIVE","","PRYOR","OK","74361","SYGMA NETWORK","9187323200","080000","","","","","N","","","","","","N","","","","","","","","2","00014811","06"
"2013030395","04","99","775 RD 11","","POWELL","WY","82435","WATTS WELDING","3072480198","","","","","","","","","","","","N","","","","","","","","1","","99"
"2013072863","02","8","345 6TH AVE","3RD FLR","PITTSBURGH","PA","152222527","PORT AUTHORITY OF ALLEGHENY CO","4125665500","026000","","","","","N","","","","","","N","","A-00976060","","","","","","1","","11"
"2013002126","06","1","1515 GOSTLIN STREET","","HAMMOND","IN","46327","FEDEX GROUND PACKAGE SYSTEN INC","8002437244","080000","","","","","N","","","","","","N","","","","","","","","3","00265752","08"
"2013105696","02","1","1509 PARKWAY VIEW ROAD","","PITTSBURGH","PA","15205","LAUREL LINEN","4122602178","","","","","","N","","","","","004567546","N","","","","","","","","2","00065647","03"
"2013128839","05","1","2697 STATE ROUTE 39","","PERRYSVILLE","OH","44864","COWEN TRUCK LINE INC","4199383401","000000","","","","","N","","","","","","N","","","","","","","","1","00186075","06"
"2013052842","10","1","1640 MONAD ROAD","","BILLINGS","MT","591013200","DIVERSIFIED TRANSFER & STORAGE","8778963458","065000","","","","","N","","","","","","N","","","","","","","","1","00357293","06"
"2013117429","04","8","2235 BEAVER AVENUE","","PITTSBURGH","PA","15233","PORT AUTHORITY OF ALLEGHENY COUN","4125665500","026000","","","","","N","","","","","","N","","A-00976060","","","","","","1","","11"
"2013007049","02","8","EAST UNION RD POB10","","RUSSELLTON","PA","15076","DEER LAKES SCHOOL DISTRICT","7248403121","","","","","","N","","","","","","N","","","","","","","","2","","11"
"2013035713","02","8","345 6TH AVE 3RD FLOOR","","PITTSBURGH","PA","152222527","PORT AUTHORITY ALLEGHENY COUNTY","4124422000","","","","","","N","","","","","","N","","A-00976060","","","","","","2","","11"
"2013069963","99","99","103 E INDIANOLA AVE","","YOUNGSTOWN","OH","44507","BANNER SUPPLY CO","9999999999","999999","","","","","N","","","","","","N","","","","","","","","1","","98"
"2013019309","02","1","2765 SOUTH PARK ROAD","","BETHEL PARK","PA","15102","US POST OFFICE","4128357129","000000","","","","","N","","","","","","N","","","","","","","","2","04870684","03"
"2013051848","03","8","345 6TH AVE 2ND FL","","PITTSBURGH","PA","15222","PORT AUTHORITY","4122554000","","","","","","N","","","","","","N","","","","","","","","1","","11"
"2013010509","03","99","2586 LINCOLN BLVD","PO BOX B","GLASSPORT","PA","15045","LOURON INC","4129511339","073280","","","","","N","","","","","","U","","A-0094461","","","","","","1","","09"
"2013049529","02","3","658 NEW CASTLE RD","","BUTLER","PA","16001","ALLOY OXYGEN WELDING SUPPLY CO.","4123819595","","1","0","7","5","Y","1","","","","","N","","","","","","","","2","00517506","03"
"2013027267","03","2","101 KAPPA DR.","","PITTSBURGH","PA","15238","TALON LOGISTICS INC","4121111111","080000","","","","","","","","","","000012345","N","","","","","","","","1","","04"
"2013008060","02","8","600 VINE ST SUITE 1400","","CINCINATI","OH","45202","FIRST STUDENT INC","5134193258","","","","","","N","","","","","","N","","","","","","","","2","00354406","11"
"2013074576","02","1","1105 PRESTON RD.","","NORTH VERSAILLES","PA","15137","PETER G. FAIRISH","4123350077","017950","","","","","N","","","","","","N","","","","","","","","1","02111342","05"
"2013082429","04","1","34 BLVD OF THE ALLIES","","PITTSBURGH","PA","15230","PRESS ACQUISITION CORP","8002286397","046460","","","","","N","","","","","","N","","","","","","","","1","00358261","04"
"2013093462","05","1","BLDG 15A BUNCHER INDUST","","LEETSDALE","PA","15056","GNC TRANSPORT LLC","8006781514","080000","","","","","N","","","","","","N","","","","","","","","2","00085096","08"
"2013118034","05","3","PO BOX 1774","","DES MOINES","IA","50306","TMC","8002472460","099999","","","","","N","","","","","","N","","","","","","","","2","00087409","08"
"2013051163","05","2","PO BX 65","","CIRCLEVILLE","WV","26804","HINKLE TRUCKING INC","3046682902","080000","","","","","N","","","","","","N","","","","","","","","2","00085216","08"
"2013107636","02","3","4489 CAMPBELLS RUN RD","","PITTSBURGH","PA","15205","WELLS SERVICE GROUP","7245494245","","","","","","N","","","","","","N","","","","","","","","1","02307947","02"
"2013071244","02","8","345 6TH AVE","","PITTSBURGH","PA","15222","PORT AUTHORITY ALLEGHENY COUNTY","4122318414","","","","","","N","","","","","","U","","A-00976060","","","","","","2","","11"
"2013016954","03","1","10182 OLD HWY","","DUDLY","MD","63936","WW WOOD PRODUCTS","5734214194","078000","","","","","N","","","","","","N","","","","","","","","1","00342126","06"
"2013032075","99","6","145 N KANSAS ST BOX 468","","EDWARDSVILLE","IL","62025","CASSENS TRANSPORT CO","7162850701","","","","","","N","","","","","","N","","","","","","","","2","00124358","06"
"2013038851","03","4","140 SANDY CREEK RD","","VERONA","PA","15147","SANDY CREEK SUPPLY","4127938303","073280","","","","","N","","","","","","N","","","","","","","","2","02082763","04"
"2013130549","02","8","154 SANDY CREEK RD","","VERONA","PA","15147","A1 TRANSIT","4127932700","","","","","","N","","","","","","N","","","","","","","","1","99999999","11"
"2013108240","02","6","1825 LIVERPOOL ST","","PITTSBURGH","PA","15233","YELLOW CAB COMPANY OF PITTSBURGH","4123218100","","","","","","N","","","","","","N","","A-4992600","","","","","","1","","98"
"2013078646","08","99","BEAVER AVENUE","","PITTSBURGH","PA","15201","UPS","9999999999","","","","","","","","","","","","","","9999999999","","","","","","1","00999999","08"
"2013053294","02","8","345 6TH AVE 3RD FLOOR","","PITTSBURGH","PA","152222527","PORT AUTHORITY ALLEGHENY COUNTY","4124422000","","","","","","N","","","","","","N","","A-00976060","","","","","","1","","11"
"2013050603","05","1","114 SOUTH WATER ST","","KITTANNING","PA","16201","PAUL BRADIGANS AND SONS INC","7245487654","","3","","","","Y","1","","","","","N","","","","","","","","2","00266946","08"
"2013101465","02","8","2235 BEAVER AVENUE","","PITTSBURGH","PA","15235","PORT AUTHORITY OF ALLEGHENY CTY","4125665500","026000","","","","","N","","","","","","N","","A-00976060","","","","","","1","","11"
"2013057116","05","1","UNKNOWN","","UNKNOWN","ZZ","99999","UNKNOWN","9999999999","","","","","","N","","","","","","N","","","","","","","","1","09999999","08"
"2013077258","04","4","51 FINK LANE","","LATROBE","PA","15650","UNITY HAULING INC.","7245322280","083000","","","","","N","","","","","","N","","","","","","","","1","01983282","04"
"2013111141","04","99","UNKNOWN","","UNKNOWN","ZZ","99999","UNKNOWN","9999999999","080000","","","","","N","","","","","","N","","","","","","","","1","00000999","08"
"2013087833","03","8","345 6TH AVE","3RD FLOOR","PITTSBURGH","PA","15222","PORT AUTHORITY OF ALLEGHENY COUN","4124422000","","","","","","N","","","","","","N","","A-00976060","","","","","","2","","11"
"2013083485","03","99","530 N. CENTER AVENUE","","NEW STANTON","PA","15672","PACCAR LEASING COMPANY","4123514300","080000","","","","","N","","","","","","N","","","","","","","","2","00031386","08"
"2013103329","02","4","1299 MCLAUGHLIN RUN ROA","","BRIDGEVILLE","PA","15017","TA ROBINSON ASPHALT PAVING","4122216008","017500","","","","","N","","","","","","N","","","","","","","","2","01721275","03"
"2013084885","04","5","100 UNION ST.","","BRIDGEVILLE","PA","15017","SILHOL TRANSPORTATION CO.","4122217400","073280","","","","","N","","","","","","N","","","","","","","","1","","04"
"2013115486","02","8","2235 BEAVER AVE","","PITTSBURGH","PA","15233","PORT AUTHORITY OF ALLEGHENY CO.","4124422000","","","","","","N","","","","","","N","","A-00976060","","","","","","1","","11"
"2013075334","99","99","UNK","","UNK","ZZ","99999","UNKNOWN","9999999999","","","","","","N","","","","","","U","","","","","","","","1","00000009","99"
"2013032875","02","1","300 BRUSHTON AVENUE","","PITTSBURGH","PA","15221","HOUSTON STARR COMPANY","8146968411","","","","","","N","","","","","","N","","","","","","","","2","00440171","03"
"2013017944","02","99","PO BOX 495","","DRAVOSBURG","PA","15034","JORDAN BANANA DISTRIBUTING COMPA","4124691007","019500","","","","","N","","","","","","N","","","","","","","","2","01472000","99"
"2013067464","03","0","7407 CO RD 14","","ADA","OH","45810","BRENT BURRIS TRUCKING LLC","4193033034","","","","","","N","","","","","000349357","N","","","","","","","","1","00781326","07"
"2014015533","99","1","UNKNOWN","","UNKNOWN","ZZ","99999","UNKNOWN","9999999999","999999","","","","","N","","","","","","U","","","","","","","","2","","08"
"2013082426","02","1","4485 CAMPBELLS RUN RD","","PITTSBURGH","PA","15205","ENTERPRISE","4122490063","026000","","","","","N","","","","","","N","","","","","","","","2","01704957","03"
"2013132042","02","8","345 6TH AVE 3RD FLOOR","","PITTSBURGH","PA","152222527","PORT AUTHORITY ALLEGHENY COUNTY","4124422000","","","","","","N","","","","","","N","","A-00976060","","","","","","2","","11"
"2013027905","02","1","RTE 10 GREEN HILLS","BOX 405","READING","PA","19603","PENSKE TRUCK RENTAL","6107756000","014500","","","","","N","","","","","","N","","","","","","","","1","00327574","03"
"2013108737","03","99","1001 ENTERPRISE AVE","","OKLAHOMA CITY","OK","73128","J.B. HUNT TRANSPORT INC.","4798205248","080000","","","","","N","","","","","000135797","N","","","","","","","","1","00080806","06"
"2013132504","05","3","4000 5TH AVE S","","FORT DODGE","IA","50501","DECKER TRUCK LINE","5155764141","080000","","","","","N","","","","","","N","","","","","","","","1","00053824","08"
"2013021751","03","1","6503 N OLD ST RD2","","FREMONT","IN","46737","NEW CENTURY TRANSPORTATION","9999999999","","","","","","N","","","","","","N","","","","","","","","1","","08"
"2013088329","99","99","107 CEDAR BROOK","PO BOX","IMPERIAL","PA","15126","ROLAND TRUCKING INC","9999999999","","","","","","N","","","","","","U","","","","","","","","1","","99"
"2013122383","03","1","1916 E. 29TH ST 750","","MARSHFIELD","WI","54449","ROEHL TRANSPORT INC","9124012454","019000","","","","","N","","","","","","N","","","","","","","","1","00074481","08"
"2013098477","02","1","6929 N LAKEWOOD AVENUE","","TULSA","OK","74117","EAN HOLDINGS LLS","4126546024","014500","","","","","N","","","","","","N","","","","","","","","2","00652228","02"
