"CRN","AXLE_CNT","CARGO_BD_TYPE","CARRIER_ADDR_1","CARRIER_ADDR_2","CARRIER_ADDR_CITY","CARRIER_ADDR_STATE","CARRIER_ADDR_ZIP","CARRIER_NM","CARRIER_TEL","GVWR","HAZMAT_CD1","HAZMAT_CD2","HAZMAT_CD3","HAZMAT_CD4","HAZMAT_IND","HAZMAT_REL_IND1","HAZMAT_REL_IND2","HAZMAT_REL_IND3","HAZMAT_REL_IND4","ICC_NUM","OSIZE_LOAD_IND","PERMITTED","PUC_NUM","SPECIAL_SIZING1","SPECIAL_SIZING2","SPECIAL_SIZING3","SPECIAL_SIZING4","TYPE_OF_CARRIER","UNIT_NUM","USDOT_NUM","VEH_CONFIG_CD"
"2023013608","05","1","308 W DIVISION ST","","REMINGTON","IN","47977","SUNDOWNER EXPRESS INC","2192083032","080000","","","","","N","","","","","","","99","560235","00","","","","1","2","01487723","08"
"2023031895","03","3","4846 STREETS RUN RD","","PITTSBURGH","PA","15236","CHAPON'S GREENHOUSE & SUPPLY","4128811520","","","","","","N","","","","","","","99","","00","","","","9","1","","04"
"2023009370","05","1","SW ROOM 4012","","WASHINGTON DC","ZG","20260","US POSTAL","4123597822","","","","","","N","","","","","","","02","","00","","","","3","2","","08"
"2023075262","05","0","7135 CENTENNIAL PL","","NASHVILPE","TN","37209","WESTERN EXPRESS","8134063595","080000","","","","","N","","","","","","","01","","00","","","","1","1","00911412","08"
"2023035855","02","98","632 HUNT VALLEY CIR","","NEW KENSINGTON","PA","15068","SWANK CONSTRUCTION COMPANY LLC","7243232367","","","","","","","","","","","","","","","00","","","","3","4","00000000","02"
"2024000938","03","7","200 RANGOS LN","","WASHINGTON","PA","15301","WASTE MANAGEMENT OF PA","4124998452","073280","","","","","N","","","","","","","01","","00","","","","2","2","00344050","04"
"2023043683","02","1","1155 ALLEGHENY AVE","","OAKMONT","PA","15139","THERMO TWIN INDUSTRIES INC","6263168523","","","","","","N","","","","","","","99","","00","","","","9","3","","03"
"2023083946","02","1","573 BRADDOCK AVE","","PITTSBURGH","PA","15112","PRN TRANSIT SERVICE INC","4122470745","","","","","","N","","","","","","","99","","00","","","","9","1","","03"
"2023041021","02","3","5156 LEIPER ST","","PHILADELPHIA","PA","19124","J.O. FLEET SERVICE","2677526886","","","","","","N","","","","","","","99","","00","","","","9","2","","03"
"2023070883","02","1","10879 LANTANA CREST","","CLERMONT","FL","34711","JL NORTH EAST LOGISTICS, LLC","4078081071","026000","","","","","N","","","","","","","01","","00","","","","1","1","03464407","03"
"2023044429","03","4","17TH & ARSENAL BLV","ER 087-3520,","HARRISBURG","PA","17120","PENNDOT","4125845484","","","","","","N","","","","","","","99","","00","","","","9","2","","04"
"2023082684","99","1","20 OLD DOMINION WAY","","EIGHTY FOUR","PA","15330","OLD DOMINION INC","7242226353","080000","","","","","N","","","","","","","02","","00","","","","9","2","00090849","08"
"2023101031","02","1","1305 MURIEL ST","","PITTSBURGH","PA","15203","PITTSBURGH BOARD OF EDUCATION","4125295155","","","","","","N","","","","","","","99","","00","","","","9","2","","03"
"2023092409","04","4","101 DUQUESNE BLVD","","DUQUESNE","PA","15110","COLE AND COLE TRUCKING","4122777395","073280","","","","","N","","","","","","","01","","00","","","","2","2","01669651","04"
"2023100843","02","3","100 DEER CREEK ROAD","","SAXONBURG","PA","16056","A.F. BIERNESSER CONSTRUCTION","7248166077","010000","","","","","N","","","","","","","99","","00","","","","2","1","99999999","03"
"2023100843","02","4","109 DARK HOLLOW RD","","OAKMONT","PA","15139","ANTHONY FOLINO CONSTRUCTION","4128202800","026000","","","","","N","","","","","","","99","","00","","","","2","2","00141397","03"
"2023100843","02","3","400 MOSITES WAY","","PITTSBURGH","PA","15205","MOSITES","4129232255","009000","","","","","N","","","","","","","99","","00","","","","2","3","00363872","02"
"2023108229","03","5","PO BOX 69","","ZELIENOPLE","PA","16063","JJ KENNEDY INC, LAURIE TRANSIT L","7244526260","","","","","","N","","","","","","","01","","00","","","","1","1","01216585","04"
"2023061610","02","1","2727 N CENTRAL AVENUE 3","","SOUTH PHOENIX","AZ","85004","U HAUL COMPANY OF ARIZONA","4123615580","014050","","","","","N","","","","","","","","9999999","00","","","","1","2","99999999","03"
"2023112453","02","1","2718 CHURCHVIEW AVENUE","","BRENTWOOD","PA","15227","MARK NIX","9999999999","","","","","","N","","","","","","","99","","00","","","","9","2","","03"
"2023116188","99","3","1787 S EIGHTY EIGHT RD","","GREENSBORO","PA","15338","CHARLIE GRACE ENTERPRISES","3049187030","080000","","","","","N","","","","","","","99","","00","","","","9","1","03764740","09"
"2023117777","02","1","2560 BROWNSVILLE RD","","SOUTH PARK","PA","15129","US POSTAL SERVICE","4128350408","","","","","","N","","","","","","","99","","00","","","","3","1","","03"
"2023075734","03","1","1021 BROAD ST","","NORTH VERSAILL","PA","15137","FIRE DEPARTMENT OF NORTH VERSAIL","4128239666","","","","","","N","","","","","","","99","","00","","","","9","1","","04"
"2023028089","02","8","1825 LIVERPOOL ST","","PITTSBURGH","PA","15233","PITTSBURGH TRANSPORTATION GROUP","4125353155","","","","","","N","","","","","","","01","","00","","","","9","2","","15"
"2023070408","05","6","1200 BUTLER ROAD","","FREEPORT","PA","16229","FREEPORT TRANSPORT INDUSTRIES","7242952181","080000","","","","","N","","","","","","","01","","00","","","","2","2","00085533","08"
"2023058882","05","1","UNKNOWN","UNKNOWN","UNKNOWN","ZZ","99999","UNKNOWN","9999999999","","","","","","N","","","","","","","99","","00","","","","9","2","","08"
"2023021831","02","3","5170 CAMPBELLS RUN RD","","PITTSBURGH","PA","15205","CASPER COLOSIMO & SON INC","9999999999","","","","","","N","","","","","","","99","","00","","","","9","2","","03"
"2023089694","02","3","530 JONES ST","","VERONA","PA","15147","CONCO SYSTEM INC","4123378174","","","","","","N","","","","","","","99","","00","","","","9","1","","03"
"2023099985","03","7","526 CITY COUNTY BUILDING","","PITTSBURGH","PA","15219","CITY OF PITTSBURGH","4122552778","660000","","","","","N","","","","","","","02","","00","","","","9","2","","04"
"2023028271","05","1","3454 RUE DES GENERATEURS","","JONCAIRE","QC","G7X0M1","SLB TRANSIT, INC","4185471255","","","","","","","","","","","","","","","00","","","","1","1","09999999","08"
"2023078455","02","8","2235 BEAVER AVENUE","","PITTSBURGH","PA","15233","PORT AUTHORITY OF ALLEGHENY CO.","4124422000","039600","","","","","N","","","","","","","99","A-00976060","00","","","","2","2","","13"
"2023104167","02","98","11095 VIKING DR","","EDEN PRARIE","MN","55344","AGILITI","8008419389","033000","","","","","N","","","","","","","01","","00","","","","1","3","00152317","99"
"2023089712","02","99","4200 INDUSTRIAL BLVD","","ALIQUIPPA","PA","15001","PGT TRUCKING","7247283500","080000","","","","","N","","","","","","","","563278HC","00","","","","9","1","00192897","08"
"2023078763","02","1","14325 WEST 95TH STTREET","","LENEXA","KS","66215","REZENBERGER INC","7852966541","012000","","","","","N","","","","","","","99","","00","","","","9","1","00021076","02"
"2023034036","05","3","2 RESERVOIR RD UNIT 15","","ST CLAIRSVILLE","OH","43950","STAG LOGISTICS","3187515689","095000","","","","","N","","","","","","","02","","00","","","","1","2","03807065","08"
"2023061878","05","98","1 JOHN ST","","MCKESS ROCKS","PA","15136","RED DIAMOND TRUCKING INC","4127788877","065000","","","","","N","","","","","","","99","","00","","","","9","2","01738977","08"
"2023021929","05","10","111 KELSO ROAD","","MCDONALD","PA","15057","LAND CLEARING SPECIALISTS INC","7246958733","080000","","","","","N","","","","","","","02","","00","","","","1","1","01612326","08"
"2023052474","02","1","820 PA 910","","CHESWICK","PA","15024","AMERICAN OFFICE INSTALLER","4127948155","019500","","","","","N","","","","","","","99","A-8916824","00","","","","9","1","02161033","03"
"2023102823","03","3","4 ABC DR","","BELOIT","WI","53511","L&W SUPPLY CORP","2627922258","066000","","","","","N","","","","","","","99","","00","","","","1","1","00104154","04"
"2023102823","05","3","2196 CREWS SHOP RD","","LYNCHBURG","VA","24504","FL MOORE & SONS INC","4349332216","053200","","","","","N","","","","","","","99","","00","","","","1","2","00656502","08"
"2023015786","02","3","40 HERRERA STREET","","RIO GRANDE CITY","TX","78582","LA CRANE LOGISTICS","9564002459","099999","","","","","N","","","","","","","02","","00","","","","2","1","00366457","03"
"2023055646","02","8","2235 BEAVER AVE","","PITTSBURGH","PA","15233","PORT AUTHORITY","4124222000","026000","","","","","N","","","","","","","02","A-00976060","00","","","","2","2","","13"
"2023099370","03","3","711 PENN ST","","BRADDOCK","PA","15104","TWICES TOWING","4127014100","","","","","","N","","","","","","","99","","00","","","","9","1","","04"
"2023104724","02","8","2235 BEAVER AVENUE","","PITTSBURGH","PA","15233","PORT AUTHORITY OF ALLEGHENY CO.","4124422000","","","","","","N","","","","","","","02","A-00976060","00","","","","2","2","","13"
"2023116305","02","1","3406 GREEN GARDEN RD","","ALIQUIPPA","PA","15001","LANCE D SCALISE","4125594927","","","","","","N","","","","","","","99","","00","","","","9","1","","02"
"2023011622","03","8","2235 BEAVER AVE","","PITTSBURGH","PA","15233","PORT AUTHORITY OF ALLEGHENY CO","4124422000","042540","","","","","N","","","","","","","","A-00976060","00","","","","2","1","","13"
"2023036106","02","3","306 E FINLEY DR","","WEST FINLEY","PA","15377","AUGUST J / MELISSA K KATRY 3RD","4128893693","","","","","","N","","","","","","","99","","00","","","","9","2","","03"
"2023067371","02","4","1011 MIDDLESEX ST","","RICHLAND","PA","15044","SYMANSKI LANDSCAPING","7243334363","019500","","","","","","","","","","","","02","","00","","","","1","1","00893579","03"
"2023007529","03","1","1001 CALIFORNIA AVE","","PITTSBURGH","PA","15290","UNITED STATES POSTAL SERVICE","8002758777","033001","","","","","N","","","","","","","","","00","","","","3","2","","04"
"2023002055","04","5","606 MCCORMICK AVE","","CONNELLSVILLE","PA","15425","STONE AND COMPANY INC","7244661091","","","","","","N","","","","","","","99","00115059","00","","","","1","1","00896842","09"
"2023082648","02","1","573 BRODDOCK AVENUE,KEYSTONE C","","E PITTSBURGH","PA","15112","PRN TRANSIT SERVICE INC","4128774116","","","","","","N","","","","","","","99","","00","","","","9","1","","03"
"2023060798","03","3","921 MISSIONARY DR","","PITTSBURGH","PA","15236","MISSIONARY AUTO SALES AND SERVIC","4128813532","025000","","","","","N","","","","","","","99","A-00110804","00","","","","4","1","00507715","04"
"2023077099","05","1","540 ALVO RD","","LINCOLN","NE","68514","MAJ TRUCKING","8157215618","","","","","","N","","","","","","","02","","00","","","","1","1","03736123","08"
"2023009049","02","3","9315 OLIVE BLVD","","SAINT LOUIS","MO","63132","ENTERPRISE FM TRUST","7247976167","","","","","","N","","","","","","","99","","00","","","","9","1","","03"
"2023081478","05","1","5763 STEVENSON BLVD","","NEWARK","CA","94560","LINNET TRUCKING","5593601491","","","","","","N","","","","","","","99","","00","","","","9","1","03987317","08"
"2023081478","03","1","3706 SUMMERS TRACE DR","","CHESTERFIELD","VA","23832","WILLBURN LOGISTICS LLC","7575359651","","","","","","N","","","","","","","99","","00","","","","9","2","","04"
"2023030148","02","98","990 W OLD RT 422","","PROSPECT","PA","16052","BTS EQUIPMENT","7243061600","033000","","","","","N","","","","","","","99","","00","","","","9","1","01935769","98"
"2023002090","04","4","6438 NEWPORT ROAD","","CLARKSBURG","PA","15725","MICHAEL COLEMAN","9999999999","","","","","","N","","","","","","","02","9999999","00","","","","1","3","00099999","04"
"2023039221","05","3","140 HORSHOE LAKE DR","","HALIFAX","NS","B3S0B7","LAIDLAW CARRIERS VAN GP INC","9024503400","080000","","","","","N","","","","","","","01","","00","","","","1","1","01041258","08"
"2023047299","02","1","153 MORGAN HOLLOW ROAD","","MORGAN","PA","15064","MUTUAL BENEFIT","4123779941","999999","","","","","N","","","","","","","99","","00","","","","1","1","99999999","03"
"2023092426","02","3","317 RUTHWOOD AVE","","PITTSBURGH","PA","15227","QUALITY LANDSCAPES & HARDSCAPE","4127582967","","","","","","N","","","","","","","99","","00","","","","9","2","","03"
"2023097494","03","0","4956 PHILIPSBURG BIGLER","","PHILIPSBURG","PA","16866","TL BAINEY INC","8145536701","","","","","","N","","","","","","","99","","00","","","","9","2","","07"
"2023088530","03","8","2235 BEAVER AVE","","PITTSBURGH","PA","15233","PORT AUTHORITY OF ALLEGHENY","4122551385","","","","","","N","","","","","","","99","A-00976060","00","","","","2","2","","13"
"2024082303","02","1","700 KEYSTONE INDUSTRIAL PARK","","DUNMORE","PA","18512","UPS INC.","4129999999","019550","","","","","N","","","","","","","99","0000000","00","","","","","1","00000000","03"
"2023083957","02","99","215 MCKEAN ST","","PITTSBURGH","PA","15219","ALLEGHENY COUNTY","4122611842","032660","","","","","N","","","","","","Y","01","","04","00","00","00","3","2","","99"
"2023073245","03","4","1807 SHENANGO RD","","NEW GALILEE","PA","16141","PNM TRUCKING LLC","7244807145","077000","","","","","N","","","","","","","99","","00","","","","9","1","00148981","04"
"2023039383","02","3","102 FREE SOIL RD.","","MOUNT MORRIS","PA","15349","MEYERS I-79 RV SALES","8782231340","","","","","","N","","","","","","","99","","00","","","","9","1","","03"
"2023020167","03","1","400 MAIN ST","","BELL VERNON","PA","15012","PITTSBURGH-FAYETTE EXPRESS INC","7249292220","080000","","","","","N","","","","","","","99","","00","","","","1","3","00008836","06"
"2023078739","02","1","2675 MORGANTOWN RD","","READING","PA","19607","PENSKE","4123664631","012300","","","","","N","","","","","","","02","","00","","","","1","1","00327574","03"
"2023046670","05","6","10701 MIDDLEBELT RD","","ROMULUS","MI","48174","URS MIDWEST INC","7349477900","080000","","","","","N","","","","","","","","","00","","","","1","2","00790261","06"
"2023053092","04","0","1520 ELKTON RD","","ELKTON","MD","21921","PFG TRANSCO INC","4106202330","080000","","","","","N","","","","","","","01","","00","","","","1","2","00035568","04"
"2023053092","04","0","520 MANTUA BLVD","","SEWELL","NJ","08080","FLOWER TRANSFER LOGISTICS","8564684444","080000","","","","","N","","","","","","","01","","00","","","","1","3","00346532","04"
"2023019171","12","0","1302 LOWER BULL RUN RD","","WEST MIFFLIN","PA","15122","WM SANITARY SEWER AUTHORITY","4124660670","","","","","","","","","","","","","","","00","","","","4","2","CR505328","00"
"2023082134","07","1","1000 FEDEX DR","","MOON TWP","PA","151080000","FEDEX GROUND","8777141100","008000","","","","","N","","","","","","","99","","00","","","","9","1","00265752","08"
"2023030661","03","3","1840 FORBES AVE","","PITTSBURGH","PA","15219","AAA EAST CENTRAL","4126708729","","","","","","N","","","","","","","99","","00","","","","9","2","","04"
"2023056957","02","3","1000SHEROSKY WAY","","SPRINGDALE","PA","15144","NORTHEAST PAVING","4122925601","080000","","","","","N","","","","","","","01","","00","","","","1","2","03201032","03"
"2023066897","02","1","1200 WESTERN AVE","","PITTSBURGH","PA","15212","UHUAL","4122651119","","","","","","N","","","","","","","99","","00","","","","1","2","01652365","03"
"2023084301","02","1","14 CENTRAL PARK DR FL 1","","HOOKSET","NH","3106","PRINCIPLE MERCHANTS LEASING LT","9999999999","","","","","","N","","","","","","","99","","00","","","","9","3","","03"
"2023045622","02","3","850 ROTHPLETZ ST","","PITTSBURGH","PA","15212","WILLIAM WHITE","4123284324","","","","","","N","","","","","","","99","","00","","","","9","1","","03"
"2023012776","02","1","5374 WILLIAM FLYNN HWY","","GIBSONIA","PA","15044","MONARK STUDENT TRANSPORTATION CO","7248983563","012300","","","","","N","","","","","","","","","00","","","","4","1","00856887","03"
"2023063438","03","7","526 CITY COUNTY BLDG","","PITTSBURGH","PA","15219","CITY OF PTTSBURGHJ","6813858421","","","","","","N","","","","","","","02","0000","00","","","","3","2","00000000","04"
"2023104601","02","1","300 CENTRE POINT DRIVE","","VIRGINIA BEACH","VA","23462","BUDGET","2163135515","008600","","","","","N","","","","","","","99","918746","00","","","","9","1","01092543","02"
"2023083855","04","7","211 BRUNNER RD","","ZELIENOPLE","PA","16063","JOSEPH BRUNNER INC","7249682483","045000","","","","","N","","","","","","","01","","00","","","","4","1","","04"
"2023083855","02","8","150 S 24TH ST","","PITTSBURGH","PA","15203","FIRST STUDENT","4127714067","045000","","","","","N","","","","","","","01","","00","","","","4","2","","12"
"2023014075","05","3","2747 LEGIONVILLE RD","","AMBRIDGE","PA","15003","BEEMAC INC","7247778309","080000","","","","","N","","","","","","","","","00","","","","9","2","00388467","08"
"2023073755","03","2","100 RYAN CT STE 21","","PITTSBURGH","PA","15205","AMERICAN NATUTAL SUPPLY LLC","8009422214","000000","3","","","","Y","1","","","","","","02","","00","","","","2","1","02332739","06"
"2023073755","02","1","1300 ISLAND AVE","","MCKEES ROCKS","PA","15136","NYWP ENTERPRISE LLC","4127780128","","","","","","N","","","","","","","02","","00","","","","9","2","01852909","02"
"2023072518","02","8","2235 BEAVER AVENUE","","PITTSBURGH","PA","15233","PORT AUTHORITY OF AGH COUNTY","4124422000","030000","","","","","N","","","","","","","01","A-0097606","00","","","","1","2","09999999","13"
"2023008766","05","1","2341 W ADDISON ST UNIT 2L","","CHICAGO","IL","60618","FORCE TRANSPORTATION INC- GORAZD","3346096119","080000","","","","","N","","","","","","","02","N/A","00","","","","2","1","00000000","08"
"2023100132","02","3","2424 TYLER STREET","","KENNER","LA","70062","BLD SERVICES","9375156291","","","","","","N","","","","","","","99","","00","","","","9","2","","03"
"2023094728","03","4","227 BALDWIN RD","","PITTSBURGH","PA","15207","BALDWIN ASPHALT PAVING","4124613617","073280","","","","","N","","","","","","","99","","00","","","","1","1","02169867","04"
"2023030682","99","99","1500 TRUMBULL RD","","GIRARD","OH","44420","AIM LEASING CO","3303661482","023745","","","","","N","","","","","","","01","","00","","","","2","2","00877115","99"
"2023034743","05","3","16 WEST 10TH ST.","","LINDEN","NJ","07036","METRIC TRANSPORT","9084639883","080000","","","","","N","","","","","","","01","","00","","","","1","1","02415290","08"
"2023032257","05","2","915 MOUNT JACKSON RD","","NEW CASTLE","PA","16102","GWIN BROS TRANSPORT INC.","7243332010","080000","","","","","N","","","","","","","99","66183","00","","","","2","2","00373818","08"
"2023064138","03","7","111 CONNER LN","","BELLE VERNON","PA","15012","NOBLE ENVIRONMENTAL, INC","6106989291","066000","","","","","N","","","","","","","02","","00","","","","9","1","02572451","04"
"2023013781","02","1","11501 DUBLIN BLVD","","DUBLIN","CA","94568","JPS TRUCKING COMPANY","5108879300","","","","","","N","","","","","","","","","00","","","","1","2","00370617","09"
"2023024972","03","0","81 W HULLER LN","","READING","PA","196059728","BRENNTAG NORTHEAST LLC","6109264151","018500","","","","","N","","","","","","","02","","00","","","","9","1","00032866","07"
"2023022980","03","4","6731 FIELDCREST DR","","DELMONT","PA","15626","FRANK PAMPENA","9999999999","","","","","","N","","","","","","","99","","00","","","","9","1","","04"
"2023075770","02","1","5230 CENTRE AVE","","PITTSBURGH","PA","15232","UPMC PRESBYTERIAN SHADYSIDE","4123373931","","","","","","N","","","","","","","99","","00","","","","9","2","","03"
"2023111576","99","1","1407 30TH ST NW","","EDMONTON","AB","T6T1A8","FREIGHT24 EXPRESS","6477059882","080000","","","","","N","","","","","","","01","","00","","","","9","1","03941783","08"
"2023111576","99","4","1807 SHENANGO ROAD","","NEW GALILEE","PA","16141","PNM TRUCKING LLC","7243361400","080000","","","","","N","","","","","","","99","","00","","","","9","3","01489817","09"
"2023008193","03","1","935  OHIO RIVER BLVD","","PITTSBURGH","PA","15212","RED WHITE AND BLUE THRIFT STORE","4125728604","","","","","","N","","","","","","","99","99999999","00","","","","9","2","99999999","04"
"2023028959","02","8","2235 BEAVER AVE","","PITTSBURGH","PA","15207","PORT AUTHORITY ALLEGHENY COUNTY","4124422000","","","","","","N","","","","","","","","A-00976060","00","","","","2","1","00012345","13"
"2023072437","03","0","200 WILMOT ROAD","","DEERFIELD","IL","60015","WALGREENS OSHKOSH INC.","4126624609","080000","","","","","N","","","","","","","99","","00","","","","1","2","00076502","07"
"2023100122","02","1","555 SAXONBURG ROAD","","BUTLER","PA","15066","FEDEX","7245444055","019000","","","","","N","","","","","","","02","","00","","","","1","1","00265752","03"
"2023024134","02","1","998 CHURCH HILL RD","","PITTSBURGH","PA","15205","ROBINSON EMERGENCY MEDICAL SERVI","4123527914","","","","","","N","","","","","","","99","","00","","","","9","2","","03"
"2023063892","03","1","114 VANITA DRIVE","","CORAOPOLIS","PA","15108","PCGC LLC","4126701444","","","","","","N","","","","","","","99","","00","","","","9","3","","04"
"2023018010","02","8","209 13TH ST","","PITTSBURGH","PA","15215","NO","4127811175","","","","","","N","","","","","","","","","00","","","","2","1","02430252","15"
"2023042138","02","1","4175 IVANHOE DR APT. 806","","MONROEVILLE","PA","15146","KARMEN R THOMAS","4124422000","","","","","","N","","","","","","","99","","00","","","","9","1","","03"
"2023042138","02","8","2333 BEAVER AVE","","PITTEBURGH","PA","15222","PORT AUTHORTY OF ALLEGHNEY","4124422000","","","","","","","","","","","","","","A-00976060","00","","","","1","2","09999999","13"
"2023027958","05","98","1 JOHN ST","","MCKESS ROCKS","PA","15136","RED DIAMOND TURCKING CO INC","4129978594","073280","","","","","N","","","","","","","","","00","","","","9","2","01738977","08"
"2023033557","03","0","1210 GREENSFILED DR","","NAPERVILLE","IL","60563","7M LLC","2177851800","080000","","","","","N","","","","","","","","","00","","","","1","2","03582740","07"
"2023021394","02","3","2833 NEW BEAVER AVE","","PITTSBURGH","PA","15233","DUQUESNE LIGHT CO","4123936032","","","","","","N","","","","","","","99","","00","","","","9","1","","03"
"2023036743","03","4","EQUIP 667-8077,17TH & ARSENAL","","HARRISBURG","PA","17120","PENNDOT","9999999999","","","","","","N","","","","","","","99","","00","","","","9","2","","04"
"2023039969","02","8","201 CHESSROWN AVE","","GIBSONIA","PA","15044","STUDENT TRANSPORTATION OF AMERIC","7245024614","","","","","","N","","","","","","","","","00","","","","4","2","","12"
"2023014874","03","7","121 BRICKYARD RD","","MARS","PA","16046","VOGEL DISPOSAL SERVICE LLC","7246251511","058400","","","","","N","","","","","","","02","","00","","","","1","2","00290052","09"
"2023047855","03","7","2097 DUSS AVE","","AMBRIDGE","PA","15003","WASTE MANAGEMENT","8442792503","033000","","","","","N","","","","","","","99","","00","","","","1","2","00344050","04"
"2023079571","02","1","4214 CAMBELLS RUN RD","","PITTSBURGH","PA","15205","SUEHR CARGO SERVICES INC","4122790896","025950","","","","","N","","","","","","","02","","00","","","","9","1","02818250","03"
"2023046077","02","8","900 ELICKER ROAD","","PITTSBURGH","PA","15239","PLUM BOROUGH SCHOOL DISTRICT","4127950100","","","","","","N","","","","","","","99","","00","","","","9","2","","12"
"2023079412","03","1","300 WEST CHICAGO AVE","","EAST CHICAGO","IN","46312","UNITED RENTALS NORTH AMERICA","4124177454","","","","","","N","","","","","","","99","","00","","","","9","1","","04"
"2023071080","04","4","62 COUNTRY LANE RD","","BLAIRSVILLE","PA","15717","GASTON HAULING LLC","7243883627","073280","","","","","N","","","","","","","99","8921350","00","","","","1","1","02395981","04"
"2023085419","02","1","1821 BEAVER AVE","","PITTSBURGH","PA","15233","UNITED PARCEL SERVICE INC","4124019703","","","","","","N","","","","","","","99","","00","","","","9","2","","03"
"2023034152","02","8","1720 W NORTH AVE","","PITTSBURGH","PA","15233","FIRST STUDENT THREE RIVERS","4123224449","010000","","","","","N","","","","","","","99","00109523","00","","","","9","2","00354406","12"
"2023070987","03","0","705 B NORTH BLOOMINGTON","","LOWELL","AR","72745","JB HUNT TRANSPORT INC.","4796596027","018500","","","","","N","","","","","","","99","","00","","","","2","5","00080806","07"
"2023075004","02","1","56 E RAILROAD ST","","WASHINGTON","PA","15301","ZENNER VENDING SERVICE","7242631657","","","","","","N","","","","","","","99","","00","","","","9","1","","03"
"2023041990","02","4","416 N 6TH ST","","CLAIRTON","PA","15025","FRZ CONCRETE & MASONRY, INC","4123268422","","","","","","N","","","","","","","99","","00","","","","9","2","03535593","03"
"2023015429","05","2","539 S MAIN ST","","FINDLAY","OH","45840","MARATHON PETROLEUM COMPANY","6143573333","","3","","","","Y","1","","","","","","","","00","","","","1","3","00717188","08"
"2023073304","02","1","1801 LINCOLN HWY","","N. VERSAILLES","PA","15137","MAROADI TRANSFER AND STORAGE","4122434343","025999","","","","","N","","","","","","","01","","00","","","","1","2","00137748","03"
"2023075182","02","0","2235 BEAVER AVENUE","","PITTSBURGH","PA","15233","PORT AUTHORITY OF ALLEGHENY CO","4124422000","039600","","","","","N","","","","","","","02","A-00976060","00","","","","2","1","","13"
"2023062583","03","0","5422 7TH AVENUE","","COUNTRYSIDE","IL","60525","DDR SOLUTIONS INC","8473052243","080000","","","","","N","","","","","","","02","727369","00","","","","1","1","02147547","06"
"2023083646","03","1","844 5TH ST","","VERONA","PA","15147","JEFFREY A MARTIN","4122873448","","","","","","N","","","","","","","99","","00","","","","9","3","","04"
"2023101700","05","3","704 NORTH GROVE STREET","","FARMER CITY","IL","61842","VG GUM & SON TRUCKING INC.","2174165371","","","","","","N","","","","","","","99","","00","","","","1","1","00375478","08"
"2023101700","02","1","1119 BROADWAY ST","","E MCKEESPORT","PA","15035","PRIORITY ONE EMS","9999999999","","","","","","N","","","","","","","99","","00","","","","9","2","","03"
"2023046496","02","8","2235 BEAVER AVE","","PITTSBURGH","PA","15233","PORT AUTHORITY OF ALLEGHENY CO","4124422000","026000","","","","","N","","","","","","","02","A-00976060","00","","","","2","1","","13"
"2023045993","02","1","300 FOW AVE","","SWEDESBORO","NJ","08085","LEOPARD USA CORPORATION DBA OCEA","8562418882","026000","","","","","N","","","","","","","01","","00","","","","1","1","02373769","03"
"2023032859","03","1","1400 CANDELARIA RD NE","","ALBUQUERQUE","NM","87107","PENSKE LEASING AND RENTAL COMP","3232098024","","","","","","N","","","","","","","99","","00","","","","9","1","","04"
"2023083759","02","8","2235 BEAVER AVE","","PITTSBURGH","PA","15207","PORT AUTHORITY ALLEGHENY COUNTY","4124422000","","","","","","N","","","","","","","99","A-00976060","00","","","","2","2","","13"
"2023102640","02","8","2235 BEAVER AVENUE","","PITTSBURGH","PA","15223","PORT AUTHORITY OF ALLEGHENY CO.","4124422000","","","","","","N","","","","","","","01","A-00976060","00","","","","2","2","","13"
"2023054179","03","98","4555 HOLLINS FERRY ROAD","","BALTIMORE","MD","21227","COWAN TRANSPORT HOLDINGS LLC","8002315266","080000","","","","","N","","","","","","","","","00","","","","9","2","00054880","04"
"2023060457","02","3","2212 BLACKHORSE DR","","WARRINGTON","PA","18976","MKT LOGISTICS","6094244905","011000","","","","","N","","","","","","","","","00","","","","1","1","04054105","03"
"2023107896","03","3","1623 MIDDLE ROAD","","GIBSONIA","PA","15044","ARI FLEET LT ROADSAFE TRAFFIC LP","4128071394","016000","","","","","N","","","","","","","02","","00","","","","4","2","00717663","04"
"2023088328","02","1","1821 BEAVER AVE","","PITTSBURGH","PA","15233","UNITED PARCEL SERVICE INC","9999999999","","","","","","N","","","","","","","99","","00","","","","9","3","","03"
"2023095982","02","4","502 EASTVIEW DRIVE","","IRWIN","PA","15642","4 SURE CONTRACTING & EXCAVATING","4129160378","019500","","","","","N","","","","","","","01","","00","","","","2","2","03867804","02"
"2023053658","02","3","550 ROUTE 30","","IMPERIAL","PA","15126","BRIAN STANNY","9999999999","","","","","","N","","","","","","","99","","00","","","","9","2","","03"
"2023086548","02","3","109 LAMBETH DR","","PITTSBURGH","PA","15241","JONATHAN KNITTEL","4123986704","","","","","","N","","","","","","","99","","00","","","","9","2","","03"
"2023019154","03","8","271 OLD WILLIAM PENN HWY","","BLAIRSVILLE","PA","15717","SMITH BUS COMPANY","7244596930","","","","","","N","","","","","","","","B371","00","","","","9","2","","12"
"2023110258","02","99","4819 BROWNSVILLE ROAD","","PITTSBURGH","PA","15236","PAULS TREE SERVICE","4129518141","","","","","","N","","","","","","","99","","00","","","","9","1","00235809","99"
"2023059941","05","1","1050 OHIO AVE","","GLASSPORT","PA","15045","ROYAL OAK RECYCLING","4123292590","080000","","","","","N","","","","","","","","","00","","","","2","1","01884571","08"
"2023012031","03","99","2675 MORGANTOWN RD","","READING","PA","19607","PENSKE TRUCK LEASING CO L P","7244965692","080000","","","","","N","","","","","","","99","","00","","","","9","1","00268015","04"
"2023098672","02","7","475 WEST NEWTON RD","","ELIZABETH","PA","15037","BIGS SANITATION","7247576841","","","","","","N","","","","","","","99","","00","","","","9","1","02099338","03"
"2023045305","02","8","1460 GREENSBURG RD","","NEW KENSINGTON","PA","15068","PLUM BORO SCHOOL TRANSPORTATION","4127953600","","","","","","","","","","","","","","","00","","","","3","1","","12"
"2023098868","03","2","400 MOSITES WAY SUIT 100","","PITTSBURGH","PA","15205","MOSITES","8144839643","","","","","","N","","","","","","","99","","00","","","","9","2","00363872","04"
"2023013175","03","3","3226 5TH AVE.","","N. VERSAILLES","PA","15106","LONG ISLAND AUTO SALES LLC","4128294037","","","","","","N","","","","","","","99","","00","","","","9","1","","04"
"2023076379","02","8","345 SIXTH AVE","","PITTSBURGH","PA","15222","PORT AUTHORITY OF ALLEGHENY CO.","4124422000","026000","","","","","N","","","","","","","02","A-00976060","00","","","","2","1","","13"
"2023076379","02","8","345 SIXTH AVENUE","","PITTSBURGH","PA","15222","PORT AUTHORITY OF ALLEGHENY CO","4124422000","026000","","","","","N","","","","","","","02","A-00976060","00","","","","2","2","","13"
"2023017171","03","1","48 BERKWOOD HOLLOW","","BRAMPTON","ON","L6Y2Y","SINGH CHATHA","4169974104","","","","","","N","","","","","","","99","","00","","","","9","1","","04"
"2023025957","03","4","253 FILMORE ST","","UNIONTOWN","PA","15401","CHARLES SUTTON","8145215176","073280","","","","","N","","","","","","","01","","00","","","","9","4","01415373","04"
"2023048992","02","3","EQUIP 217-8096,17TH & ARSENAL","","HARRISBURG","PA","17120","PENNDOT","4123026895","","","","","","N","","","","","","","99","","00","","","","9","2","","03"
"2023087888","05","3","1 DOT WAY","","MT STERLING","IL","62353","DOT TRANSPORATION","2177733922","080000","","","","","N","","","","","","","99","","00","","","","9","1","00424023","08"
"2023091228","02","1","209 13TH ST","","PITTSBURGH","PA","15215","NORTHERN AREA MULTI SERVICE CENT","9999999999","","","","","","N","","","","","","","99","","00","","","","9","1","","03"
"2023036389","03","7","PO BOX 157","","BETHEL PARK","PA","15102","MICHAEL BROTHERS TRANSPORTATIO","4128356428","080000","","","","","N","","","","","","","","","00","","","","1","1","02408389","04"
"2023054269","03","5","185 N. WASHINGTON  ROAD","","APOLLO","PA","15613","CABLE ENTERPRISES INC DBA C E RE","4123091218","082000","","","","","N","","","","","","","","113822","00","","","","9","1","02116601","04"
"2023015524","06","11","2100 W 21ST ST","","BROADVIEW","IL","60155","REAL TRUCKING INC","7089837325","","","","","","N","","","","","","","02","","00","","","","1","1","01637762","08"
"2023070675","02","1","573 BRADDOCK AVE","","EAST","PA","15112","PRN TRANSIT SERVICE INC","4123785216","","","","","","N","","","","","","","99","","00","","","","9","2","02432891","98"
"2023058699","05","1","3801 OLD GREENWOOD RD","","FORT SMITH","AR","72903","ABF FREIGHT SYSTEMS","8002534784","060000","","","","","N","","","","","","","01","","00","","","","2","2","00082866","08"
"2023045732","04","4","313 CAMP HORNE ROAD","","PITTSBURGH","PA","152021606","BRS TRANSPORT","4127660834","073280","","","","","N","","","","","","","","","00","","","","9","1","00088724","04"
"2023051361","02","1","1821 BEAVER AVENUE","","PITTSBURGH","PA","15233","UPS","8887425877","","","","","","N","","","","","","","02","","00","","","","1","2","00021800","03"
"2023006588","02","8","798 EKASTOWN ROAD","","SARVER","PA","16055","WL ROENIGK LEASING INC","7244435355","","","","","","N","","","","","","","99","","00","","","","9","2","","12"
"2023110369","02","3","2740 SAINT ANDREWS SQUARE","","ALLISON PARK","PA","15101","WESLEY MOSCHETTO","9999999999","","","","","","N","","","","","","","99","","00","","","","9","2","","03"
"2023047152","02","1","4600 ALBERT S WHITE DR STE 200","","WHITESTOWN","IN","46075","AWH LOGISTICS PITTSBURGH","7243125806","025999","","","","","N","","","","","","","02","N/A","00","","","","9","1","03315525","03"
"2023083658","05","1","UNKNOWN","UNKNOWN","UNKNOWN","IL","99999","VIP LOGISTICS","9999999999","","","","","","N","","","","","","","99","","00","","","","9","1","","08"
"2023055274","02","8","2235 BEAVER AVENUE","","PITTSBURGH","PA","15233","PORT AUTHORITY","4124422000","","","","","","N","","","","","","","","","00","","","","2","1","00041600","13"
"2023117092","03","4","375 STEVENS RD","","CARROLTOWN","PA","15722","BRAWLEY TRUCKING","8144217802","073280","","","","","N","","","","","","","99","","00","","","","2","1","","04"
"2023037164","02","3","545 BOYD ST","","CARNEGIE","PA","15106","CHARLES MUSTA","4127336946","","","","","","N","","","","","","","99","","00","","","","9","1","","03"
"2023095962","02","3","215 HAYMONT DRIVE","","GIBSONIA","PA","15044","RILEY BROTHERS LANDSCAPING LLC","4128891296","","","","","","N","","","","","","","99","","00","","","","9","1","","03"
"2023061217","02","1","3101 LIBERTY AVE","","PITTSBURGH","PA","15201","PLANTSCAPE INC","9999999999","","","","","","N","","","","","","","99","","00","","","","9","1","","03"
"2023022874","99","1","971 BRIARSDALE RD","","HARRISBURGH","PA","17109","RYDER TRUCK RENTAL","4123045764","036000","","","","","N","","","","","","","99","","00","","","","9","2","00926150","09"
"2023101435","03","4","515 CEDARHURST DR","","CEDARHURST DR","PA","99999","JAMES CONNELLY JR","9999999999","","","","","","N","","","","","","","99","","00","","","","9","4","","04"
"2023103861","02","3","511 WADDELL AVE","","DONORA","PA","15033","CLAY YARBOROUGH","7244158240","","","","","","N","","","","","","","99","","00","","","","9","1","","03"
"2023082964","03","7","414 GRANT ST RM 526","","PITTSBURGH","PA","15219","CITY OF PITTSBURGH EQUIPMENT LEA","4122552780","","","","","","N","","","","","","","02","","00","","","","3","1","","04"
"2023081090","03","4","1807 SHENANGO RD","","NEW GALILEE","PA","16141","PNM TRUCKING LLC","4122051578","077000","","","","","N","","","","","","","02","","00","","","","4","2","01489817","04"
"2023081090","03","4","1807 SHENANGO RD","","NEW GALILEE","PA","16141","PNM TRUCKING LLC","4122051578","073280","","","","","N","","","","","","","02","","00","","","","4","3","01489817","04"
"2023105375","02","3","480 MERCER ROAD","","GREENVILLE","PA","16125","BROWN'S TOWING AND REPAIR","7248851055","019500","","","","","N","","","","","","","99","","00","","","","9","2","02199093","03"
"2023046032","02","3","3005 ELLWOOD RD","","NEW CASTLE","PA","16101","RICHARD R NESBIT","6154100831","","","","","","N","","","","","","","99","","00","","","","9","1","","03"
"2023002510","02","8","2030 SWALLOW HILL ROAD","","PITTSBURGH","PA","15220","CHARTIERS VALLEY SCHOOL DISTRICT","4124297011","","","","","","N","","","","","","","99","","00","","","","4","2","","12"
"2023090112","02","3","414 GRANT ST","","PITTSBURGH","PA","15219","CITY OF PITTSBURGH","4129276959","","","","","","N","","","","","","","99","","00","","","","9","1","","03"
"2023083045","02","4","1807 SHENANGO RD","","NEW GALILEE","PA","16141","LINDY PAVING INC","7242000009","","","","","","N","","","","","","","99","","00","","","","9","2","00999999","03"
"2023082749","05","1","3801 GREENWOOD ROAD","","FORT SMITH","AZ","72903","ABF FREIGHT SYSTEM INC","7603421376","080000","","","","","N","","","","","","","01","","00","","","","1","4","00082866","08"
"2023117397","02","1","7378 SOUTHERN BLVD","","BOARDMAN","OH","44512","HOWLAND COMPANY LLC","2342385351","","","","","","N","","","","","","","99","","00","","","","9","1","","03"
"2023117397","05","1","1900 EMPIRE BLVD, #230","","WEBSTER","NY","14580","CARGO TRANSFER INC","5855377917","040000","","","","","N","","","","","","","01","","00","","","","1","2","02960376","08"
"2023117397","02","1","64 PROGRESS AVE","","CRANBERRY TWP","PA","16066","ROBERT A BEALL INC DBA MR ROO","7245617039","","","","","","N","","","","","","","99","","00","","","","9","3","","03"
"2023013461","02","8","2235 BEAVER AVENUE","","PITTSBURGH","PA","15233","PORT AUTHORITY OF ALLEGHENYCO","4124422000","041600","","","","","N","","","","","","","","","00","","","","2","2","","13"
"2023029213","02","0","414 GRANT ST","","PITTSBURGH","PA","15219","CITY OF PITTSBURGH EQUIPMENT","4122552860","","","","","","N","","","","","","","02","","00","","","","9","2","","03"
"2023116433","02","8","200 HAHN RD","","PITTSBURGH","PA","15209","FIRST STUDENT","5132412200","031000","","","","","N","","","","","","","99","","00","","","","2","2","00354406","12"
"2023023915","03","1","2723 S STATE ST  STE 150","","ANN ARBOR","MI","48104","INFRASOURCE CONSTRUCTION COMPANY","8008321517","042000","","","","","N","","","","","","","02","","00","","","","9","2","01027042","04"
"2023082846","03","1","2675 MORGANTOWN RD","","READING","PA","19607","PENSKE TRUCK LEASING COMPANY","8666157340","033000","","","","","N","","","","","","","02","A00111579","00","","","","9","2","00937962","04"
"2023003917","03","1","2500 CLYDE AVE","","N VERSAILLES","PA","15137","S & S TRANSIT INC","4849284000","","","","","","N","","","","","","","99","","00","","","","9","2","","04"
"2023011232","04","99","19 35TH STREET","","PITTSBURGH","PA","15201","OAKS AUTO & TRUCK SERVICES","4127260599","080000","","","","","N","","","","","","","","A00118726","00","","","","4","1","01009961","99"
"2023044442","03","3","644 3RD ST","","N VERSAILLES","PA","15137","INC. LIKAR ROOFING COMPANY","4124032807","","","","","","N","","","","","","","99","","00","","","","9","1","","04"
"2023093526","02","1","10-29 1/2 & A V R R","","PITTSBURGH","PA","15201","CITY OF PITTSBURGH EQUIPMENT","7579550984","","","","","","N","","","","","","","99","","00","","","","9","1","","03"
"2023078736","05","1","530 NORTH CENTER AVENUE","","NEW STANTON","PA","15672","MOTOR TRUCK PACLEASE","7249255000","","","","","","N","","","","","","","99","999","00","","","","9","1","02940166","08"
"2023021494","03","98","1370 STOLTZ RD","","BETHEL PARK","PA","15102","DAVID MATTHEW ROLL OFFS LLC","4124003567","073280","","","","","N","","","","","","","01","","00","","","","1","1","02059146","04"
"2024037408","05","11","6800 N EXPRESSWAY 281","","EDINBURG","TX","78542","GRIFFITH TRUCK BROKERS","9563830102","600000","","","","","N","","","","","","","02","150523","00","","","","1","1","00240966","08"
"2023086201","05","1","2675 MORGANTOWN ROAD","","READING","PA","19607","PENSKE TRUCK LEASING","4407280395","025950","","","","","N","","","","","","","02","","00","","","","1","2","00327574","08"
"2023078327","04","4","ONE GLADE PARK EAST POBOX 1022","","KITTANNING","PA","16201","MARK ANN INDUSTRIES INC.","7242973685","073280","","","","","N","","","","","","","01","A10148","00","","","","1","1","00224742","04"
"2023078327","02","3","100 FALLING LEAF LANE","","SARVER","PA","16055","RICHARD ASHBAUGH JR","7247666464","","","","","","N","","","","","","","99","","00","","","","9","3","","03"
"2023055228","05","1","1645 S. RIVER ROAD UNIT 18","","DES PLAINES","IL","60018","GULFSTREAM LOGISTICS","3122169217","","","","","","N","","","","","","","02","","00","","","","2","2","02918280","08"
"2024009121","05","1","7600 FIRST PLACE","","OAKWOOD VILLAGE","OH","44146","PENSKE LEASING AND RENTAL COMPAN","7248169930","080000","","","","","N","","","","","","","02","","00","","","","1","2","02258283","08"
"2023042627","03","1","6045 BRIDGETOWN RD","","CINCINNATI","OH","45248","HOME CITY ICE CO.","7247054827","052000","","","","","N","","","","","","","02","","00","","","","2","1","00726855","04"
"2023051570","03","1","140 W 4TH AVE","","TARENTUM","PA","15084","WELESKI TRANSFER INC","7244095826","","","","","","N","","","","","","","99","","00","","","","9","1","","04"
"2023042331","02","8","2235 BEAVER AVENUE","","PITTSBURGH","PA","15233","PORT AUTHORITY OF ALLEGHENY COUN","4124222000","028500","","","","","N","","","","","","","02","A-00976060","00","","","","2","1","","13"
"2023117422","02","1","2727 N CENTRAL AVE 3","","SOUTH PHOENIX","AZ","85036","U-HAUL CO OF ARIZONA","4127274416","","","","","","N","","","","","","","99","","00","","","","9","1","","03"
"2023075537","02","8","2235 BEAVER AVENUE","","PITTSBURGH","PA","15233","PORT AUTHORITY OF ALLEGHENY COUN","4124422000","","","","","","N","","","","","","","","","00","","","","4","2","","13"
"2023077311","03","1","7024 BIG BEAVER BLVD","","BEAVER FALLS","PA","15010","F & C EQUIPMENT INC","9999999999","","","","","","N","","","","","","","99","","00","","","","9","2","","04"
"2023101426","02","1","971 BRIARSDALE RD","","HARRISBURG","PA","17109","RYDER TRUCK RENTAL LT","9999999999","","","","","","N","","","","","","","99","","00","","","","9","2","","03"
"2023056321","03","1","555A SAXONBURG RD","","BUTLER","PA","16002","SANEL INC","7244219843","","","","","","N","","","","","","","99","","00","","","","9","2","","04"
"2023022170","02","3","8977 EASTWOOD RD","","PITTSBURGH","PA","15235","SPENCER ROUSE","4124822288","","","","","","N","","","","","","","99","","00","","","","9","1","","03"
"2023104614","02","4","1338 STREETS RUN RD","","WEST MIFFLIN","PA","15122","KWIATKOWSKI PLUMBING","4122874237","018000","","","","","N","","","","","","","99","","00","","","","1","2","T2727093","03"
"2023021433","02","1","1530 CHARTIERS AVE","","PITTSBURGH","PA","15204","COMCAST CABLE COMMNICATIONS MA","4129012133","","","","","","N","","","","","","","99","","00","","","","9","1","","03"
"2023017700","02","3","N3291 FOUNDRY RD","","DARIEN","WI","53114","DPR IRON  LLC","8476805200","008200","","","","","N","","","","","","","","","00","","","","1","1","00543531","03"
"2023113600","05","1","UNKOWN","","UNKOWN","ZZ","999999999","UNKOWN","9999999999","","","","","","N","","","","","","","99","","00","","","","9","1","99999999","08"
"2023035095","03","1","400 MAIN ST","","BELLE VERNON","PA","15012","PITTSBURGH FAYETTE EXPRESS","4129797702","080000","","","","","N","","","","","","","99","A-00100948","00","","","","1","1","00088361","08"
"2023068874","04","4","517 GREEN ST","","BROWNSVILLE","PA","15417","FAM WORLD LLC","7249125764","073280","","","","","N","","","","","","","99","","00","","","","2","1","03571982","04"
"2023055447","03","7","475 W NEWTON ROAD","","ELIZABETH","PA","15037","BIGS SANITATION","7243794331","073280","","","","","N","","","","","","","99","","00","","","","2","1","02099338","04"
"2023040793","05","1","201 19TH STREET","","BIRMINGHAM","AL","35211","BLAIR LOGISTICS","2052418002","","","","","","N","","","","","","","99","","00","","","","1","2","01941086","08"
"2023070251","99","6","7826 TOLEDO ST","","ORLANDO","FL","32822","REBECA HELLEN","4072024505","020000","","","","","N","","","","","","","99","","00","","","","9","1","04031209","02"
"2023085445","03","4","2943 BROWNSVILLE RD","","PITTSBURGH","PA","15227","OSIRIS ENTERPRISES","9999999999","","","","","","N","","","","","","","99","","00","","","","9","2","","04"
"2023035250","05","11","15015 HOWARD CITY EDMORE ROAD","","HOWARD CITY","MI","493290000","BEN GORDON TRUCKING","9896200231","080000","","","","","N","","","","","","","01","","00","","","","1","2","01628543","08"
"2023004827","02","8","2235 BEAVER AVENUE","","PITTSBURGH","PA","15233","PORT AUTHORITY","4125665214","","","","","","N","","","","","","","","A-00976060","00","","","","2","4","","13"
"2023111510","05","1","31 RAILROAD STREET","","CLARENDON","PA","16313","JR KAYS TRUCKING INC","8147234627","000000","","","","","N","","","","","","","99","","00","","","","1","1","00965476","08"
"2023111510","05","1","3690 STATE ROUTE 30","","LATROBE","PA","15650","FOX & JAMES INC","7245376630","000000","3","","","","Y","1","","","","","","99","A-00115902","00","","","","1","2","00811465","08"
"2023064439","02","3","156 WALTON RD","","PITTSBURGH","PA","15236","SCOTT M & STEVIE LEE REDDING","4124521303","","","","","","N","","","","","","","99","","00","","","","9","1","","03"
"2023114870","02","3","2948 LEECHBURG RD","","LOWER BURRELL","PA","15068","A.R.T. INDUSTRIES","7243897446","","","","","","N","","","","","","","99","","00","","","","9","2","","03"
"2023053452","02","1","2500 CLYDE AVE","","NORTH VERSAILLES","PA","15137","S&S TRANSIT INC","4128297627","","","","","","N","","","","","","","","","00","","","","1","2","02430663","02"
"2023045197","03","1","9805 WILLIAM PENN RD","","IMLER","PA","16655","ROSS SNIDER DBA SNIDER TRUCKING","4814648267","080000","","","","","","","","","","","","02","","00","","","","9","2","00098019","08"
"2023012395","02","8","200 HAHN RD.","","PITTSBURGH","PA","15209","FIRST STUDENT INC.","4128539730","000000","","","","","N","","","","","","","99","A-00109523","00","","","","1","3","00354406","12"
"2023041452","02","3","1201 PITT ST","","PITTSBURGH","PA","15221","PEOPLES GAS COMPANY","8883210988","","","","","","N","","","","","","","99","","00","","","","9","3","","03"
"2023030376","02","1","8308 DEERLAND BLUFF LN","","RIVERVIEW","FL","33578","NBSD LEASING INC","5044638636","","","","","","N","","","","","","","99","","00","","","","9","1","","03"
"2023017227","02","8","258 GROVE CITY RD  PO BOX 340","","SLIPPERY ROCK","PA","16507","CAMPBELL BUS COMP. INC","8009352442","","","","","","N","","","","","","","99","","00","","","","9","2","00409137","12"
"2023035780","03","4","4002 LORIGAN ST","","PITTSBURGH","PA","15224","M OHERRON","4126836422","058000","","","","","N","","","","","","","99","","00","","","","9","2","02110229","04"
"2023075289","02","1","448 PEPPER ST","","MONROE","CT","06468","NEHDS LOGISTICS LLC","2038203955","026000","","","","","N","","","","","","","99","","00","","","","2","2","01452227","03"
"2023114954","03","0","3540 DARLINGTON ROAD","","DARLINGTON","PA","16115","DILLAN WELL DRILLING LLC","8888058693","059000","","","","","N","","","","","","","99","","00","","","","4","1","00348384","07"
"2023026957","05","99","SANDY POINT ROAD","","EAU CLAIRE","PA","16030","GARDENSCAPE TRANSPORT","8002551653","000999","","","","","N","","","","","","","99","A00112676","00","","","","9","1","00427659","08"
"2023105752","05","3","1850 4TH STREET","","MONONGAHELA","PA","15063","DAVID OBRIEN","7249125623","080000","","","","","N","","","","","","","01","","00","","","","1","2","01553311","08"
"2023054304","02","1","811 13ST","","BEAVER FALLS","PA","15010","CHIAPETTA LOGISTICS","7246506918","","","","","","N","","","","","","","02","","00","","","","1","1","99999999","02"
"2023054304","02","0","411 7TH AVE","","PITTSBURGH","PA","16001","DUQUESNE LIGHT CO","4127674908","","","","","","N","","","","","","","","","00","","","","1","2","99999999","05"
"2023033223","03","2","40 INDUSTRY DRIVE","","EIGHTY FOUR","PA","15330","MYERS WELL SERVICE INC.","7245528550","","","","","","N","","","","","","","02","","00","","","","1","2","02065689","04"
"2023067815","03","4","270 OREO RD","","EBENSBURG","PA","15931","RON EVANS TRUCKING INC","9999999999","","","","","","N","","","","","","","99","","00","","","","9","2","","04"
"2023096925","03","98","415 UNITY CENTER RD","","PITTSBURGH","PA","15239","TAR WARS TRUCKING INC","4127934385","073280","","","","","N","","","","","","","01","","00","","","","9","1","02118643","04"
"2023026065","05","1","160 VELTRI DRIVE","","WASHINGTON","PA","15301","VELTRI TRUCKING INC.","7242289380","000099","","","","","N","","","","","","","","","00","","","","1","2","00107715","08"
"2023050215","05","1","1966 COMMERCE CIRCLE","","SPRINGFIELD","OH","45501","WOEBER MUSTARD MFG CO","8005482929","","","","","","N","","","","","","","01","","00","","","","1","2","00327574","08"
"2023005350","05","1","26661 BUNERT","","WARREN","MI","48089","LIPARI PARENT INC","5865240406","080000","","","","","N","","","","","","","01","","00","","","","1","2","00252402","08"
"2023020482","05","98","5020 THOMS RUN RD","","OAKDALE","PA","15071","INDEPENDENT EQUIPMENT TRANSFER C","9999999999","080000","","","","","N","","","","","","","","","00","","","","9","2","00479580","08"
"2023073810","99","99","UNK","","UNK","PA","99999","ZZ LANDSCAPING LLC","9999999999","026000","","","","","","","","","","","","","","00","","","","9","2","","99"
"2023054296","05","3","8777 ROCKSIDE RD","","CLEVELAND","OH","44125","KAPLAN TRUCKING CO","7244828466","","","","","","N","","","","","","","99","","00","","","","9","1","00003372","08"
"2023083197","04","8","345 SIXTH AVE","","PITTSBURGH","PA","15223","ALLEGHENY COUNTY PORT AUTHORITY","4124422000","","","","","","N","","","","","","","","A-00976060","00","","","","3","1","","13"
"2023046730","05","1","5026 CAMPBELL BLVD.","","NOTINGHAM","MD","21236","EDUCATION AFFLIATES","4128231818","036000","","","","","N","","","","","","","","","00","","","","1","2","09999999","08"
"2023061058","05","0","1296 N EASON BLVD","","TUPELO","MS","38804","COOLEY TRANSPORT","8008544384","080000","","","","","N","","","","","","","02","","00","","","","1","2","01278955","08"
"2023050658","01","8","2235 BEAVER AVENUE","","PITTSBURGH","PA","15233","PORT AUTHORITY OF ALLEGHENY CO","4124422000","","","","","","N","","","","","","","","","00","","","","4","2","","13"
"2023022396","03","3","5425 ENTERPRISE BLVD","","BETHEL PARK","PA","15102","BUCCOS ROOFING INC","7245546224","","","","","","N","","","","","","","99","","00","","","","9","3","","04"
"2023046503","02","8","2235 BEAVER AVE","","PITTSBURGH","PA","15233","PORT AUTHORITY OF ALLEGHENY CO","4124422000","026000","","","","","N","","","","","","","02","A-00976060","00","","","","2","1","","13"
"2023116684","02","8","200 HILLVUE LANE","","PITTSBURGH","PA","15237","NORTH ALLEGHENY SCHOOL DISTRICT","4123028348","","","","","","N","","","","","","","","","","","","","","2","01126131","12"
"2023084824","05","1","12225 STEPHENS ROAD","","WARREN","MI","48089","CENTRAL TRANSPORTATION LLC","5864671900","080000","2","","","","Y","1","","","","","","01","","00","","","","1","1","00661173","08"
"2023072985","03","1","1749 WILSON AVE","","INDIANA","PA","15701","SCHRY WATER TREATMENT INC","8142447634","","","","","","N","","","","","","","99","","00","","","","9","2","","04"
"2023033461","03","1","175 HAVERSTRAW PL","","SPRINGBORO","OH","45066","ZME TRANSPORTATION & LOGISTICS","6145477200","080000","","","","","N","","","","","","","02","1324916","00","","","","1","3","03741892","04"
"2023024135","03","8","2235 BEAVER AVE","","PITTSBURGH","PA","15233","PORT AUTHORITY OF ALLEGHENY CO","4124422000","","","","","","N","","","","","","","02","A-00976060","00","","","","2","1","","13"
"2023024135","03","98","200 OLIVIA DR","","NEW KENSINGTON","PA","15068","STEEL CITY HAULING LLC","4124421821","","","","","","N","","","","","","","02","","00","","","","2","2","03401102","04"
"2023020486","05","98","2250 S CHICAGO ST","","JOLIET","IL","60436","CADENCE CARGO INC","8778333444","019000","","","","","N","","","","","","","","","00","","","","1","1","01861195","08"
"2023053920","02","8","2235 BEAVER AVE","","PITTSBURGH","PA","15233","PORT AUTHORITY OF ALLEGHENY CO","4125665500","","","","","","N","","","","","","","02","","00","","","","3","3","","13"
"2023007939","02","3","2012 GREENSBURG PIKE","","WILKINSBURG","PA","15221","JOHN THOMAS LAJZO","4126136395","","","","","","N","","","","","","","99","","00","","","","9","2","","03"
"2023017303","02","8","2030 SWALLOW HILL ROAD","","PITTSBURGH","PA","15220","CHARTIERS VALLEY SCHOOL DISTRICT","4124297011","","","","","","N","","","","","","","","","00","","","","4","2","","12"
"2023104503","02","1","438 DIVISION ST","","SEWICKLEY","PA","15143","MR FLUSH LLC","9999999999","","","","","","N","","","","","","","99","","00","","","","9","1","","03"
"2023077320","05","1","7289 TORBRAM RD","","BRAMPTON","ON","L4T1G8","EXELLAR TRANSPORT LLC","6477692031","080000","","","","","N","","","","","","","01","","00","","","","1","1","03101944","08"
"2023008033","03","8","2235 BEAVER AVENUE","","PITTSBURGH","PA","15233","PORT AUTHORITY OF ALLEGHENY CO","4125665214","066780","","","","","N","","","","","","","","A-00976060","00","","","","2","1","","13"
"2023114691","02","0","1 ELWYN AVE","","CARNEGIE","PA","15106","TONY WILLIAMS CAR SERVICE LLC","4125617954","","","","","","N","","","","","","","","","","","","","","2","22137323","99"
"2023025768","02","1","4001 LEADENHALL RD","3812 WILLIAM FLINN HWY. BLDG 9","MOUNT LAUREL","NJ","08054","ARI FLEET LT TRUGREEN","8447680503","014500","","","","","N","","","","","","","","","00","","","","9","1","00342305","03"
"2023102631","01","1","55 HEMPHILL RD","","TARENTUM","PA","15084","FRESH AIR HVAC","7247126618","009600","","","","","N","","","","","","","99","00000","00","","","","4","2","00000000","02"
"2023095101","02","1","713 OLIVE STREET","","PITTTSBURGH","PA","15237","EAN HOLDINGS LLC","2142126894","","","","","","N","","","","","","","99","","00","","","","9","1","99999999","03"
"2023050958","02","1","6412 OLD WILLIAM PENN HWY","","DELMONT","PA","15626","DANMAR CONTRACTING INC.","7246400418","","","","","","N","","","","","","","99","","00","","","","9","1","","03"
"2023074953","02","1","546-A E 28TH DIV HWY","","LITITZ","PA","17543","ESBENSHADE'S GREENHOUSE INC","7176267000","025999","","","","","N","","","","","","","99","","00","","","","9","2","00481213","03"
"2023028355","02","3","5 S 6TH STREET","","PITTSBURGH","PA","15203","ALLEGHENY FORD TRUCK SALES","4124819600","019500","","","","","N","","","","","","","99","","00","","","","2","1","00376859","03"
"2023106046","05","1","25 CHISWICK DR","","CHURCHVILLE","NY","14428","STEP TRUCKING","8889190092","","","","","","N","","","","","","","99","","00","","","","9","2","02904089","08"
"2023006100","02","1","346 LINDEN AVE","","JOHNSTOWN","PA","15902","THOMAS JAMES OLDHAM","9999999999","","","","","","N","","","","","","","99","","00","","","","9","1","","03"
"2023113700","02","1","5020 THOMS RUN RD","","OAKDALE","PA","15071","INDEPENDENT ENTERPRISES INC","4125230674","","","","","","N","","","","","","","99","","00","","","","9","2","","03"
"2023066323","03","1","520 BROADWAY AVE","","N VERSAILLES","PA","15137","KIMBERLY E EGENLAUF","4124522057","","","","","","N","","","","","","","99","","00","","","","9","1","","04"
"2023050038","05","0","7043 LAVENDER CT","","INDIANAPOLIS","IN","462379442","INTERSTATE TRANSPORTATION INC.","3179664821","040000","","","","","N","","","","","","","99","9999999999","00","","","","1","2","03492510","06"
"2023062684","02","3","2236 BABCOCK BLVD","","PITTSBURGH","PA","15237","GIRTY'S RUN JOINT SEWER AUTHOR","4125089811","","","","","","N","","","","","","","99","","00","","","","9","1","","03"
"2023046420","03","1","1820 MCLAUGHLIN RUN RD","","UPPR ST CLAIR","PA","15241","TOWNSHIP OF UPPER ST CLAIR","4128313710","","","","","","N","","","","","","","99","","00","","","","9","2","","04"
"2023042776","03","4","4002 LORIGAN ST.","","PITTSBURGH","PA","15224","M. O'HERRON COMPANY","4126836422","","","","","","N","","","","","","","99","","00","","","","9","2","02110229","04"
"2023098384","02","1","3443 SUMMIT RD","","AKRON","OH","44203","PERFECT POWERWASH LLC","8888609274","","","","","","N","","","","","","","99","","00","","","","9","1","","03"
"2023079000","03","8","345 SIXTH AVENUE","","PITTSBURGH","PA","15222","PORT AUTHORITY OF ALLEGHENY COUN","4124422000","","","","","","N","","","","","","","02","A-00976060","00","","","","4","1","","13"
"2023095583","05","11","1724 S MILITARY HWY","","CHESAPEAKE","VA","233202612","GIVENS TRANSPORTATION INC","7572334316","080000","","","","","N","","","","","","","99","","00","","","","1","4","01070890","08"
"2023030214","05","2","200 ROSEMONT ROAD","","NORTH JACKSON","OH","44451","HILLTRUX TANK LINES","3305383700","080000","3","","","","Y","1","","","","","","02","","00","","","","2","1","00502629","08"
"2023030214","05","1","1256 MAIN STREET","","JUNCTION CITY","WI","54443","TWO RIVERS INC","7152625292","","","","","","N","","","","","","","99","","00","","","","9","2","","08"
"2023076263","02","1","534 NW MERCANTILE PLACE","","PORT SAINT LUCIE","FL","34986","INFINITY MOVERS","5619698246","000000","","","","","N","","","","","","","99","9999999999","00","","","","9","1","04004925","03"
"2023099313","09","99","2918WESTERFIELD LANE","","HOUSTON","PA","16001","KONNEH TRANSPORT LLC","8326796526","","","","","","N","","","","","","","02","","00","","","","1","2","03777743","08"
"2024003177","02","1","55 GLENLAKE PARKWAY NE","","ATLANTA","GA","30328","UNITED PARCEL SERVICE","4048283676","023000","","","","","N","","","","","","","01","","00","","","","1","2","00021800","03"
"2023075436","03","1","4800 KENNYWOOD BLVD","","WEST MIFFLIN","PA","15122","KENNYWOOD","4124610500","","","","","","N","","","","","","","01","","00","","","","9","2","","04"
"2024006457","02","0","2235 BEAVER AVENUE","","PITTSBURGH","PA","15233","PORT AUTHORITY OF ALLEGHENY CO","4124422000","041600","","","","","N","","","","","","","99","A-00976060","00","","","","2","1","","13"
"2023032427","05","3","27500 RIVERVIEW CENTER BLVD BL","","BONITA SPRINGS","FL","34134","HERC RENTALS INC","2393011107","080000","","","","","N","","","","","","","","","00","","","","1","2","00372163","08"
"2023032427","05","1","7032 HERBER RD BLDG B","","NEW TRIPOLI","PA","18066","GOTOHAUL LOGISTICS INC","4847645992","080000","","","","","N","","","","","","","","","00","","","","1","3","03597575","08"
"2023020466","05","1","308 CONNELSVILLE STREET","","UNIONTOWN","PA","15401","FIKE BROS","7248800725","045000","","","","","N","","","","","","","99","UNKNOWN","00","","","","9","2","","08"
"2023080174","05","3","801 MCNEILLY RD","","PITTSBURGH","PA","15226","MICHAEL FACCHIANO CONTRACTING IN","4123448913","070000","","","","","N","","","","","","","99","TK74","00","","","","2","2","02091728","08"
"2023033728","04","4","1807 SHENANGO ROAD","","NEW GALILEE","PA","16141","PNM TRUCKING LLC","4127376429","073280","","","","","N","","","","","","","02","","00","","","","4","2","00148981","00"
"2023086232","02","1","4607 LIBRARY ROAD","","PITTSBURGH","PA","15102","FED EX","8004633339","012300","","","","","N","","","","","","","99","A-00000000","00","","","","4","1","00265752","03"
"2023034130","02","1","2121 CENTURY DR","","CLAIRTON","PA","15025","JEFFERSON HILLS AMBULANCE ASSOCI","9999999999","","","","","","N","","","","","","","99","","00","","","","9","1","","03"
"2023113467","05","1","1000 FEDEX DR","","MOON TWP","PA","15108","FEDEX GROUND","8144204041","080000","","","","","N","","","","","","","01","","00","","","","1","1","00265752","09"
"2023113467","03","3","EQUIP 75-625 RT 283","","HARRISBURG","PA","17106","PA TURNPIKE COMMISSION","9999999999","","","","","","N","","","","","","","99","","00","","","","9","2","","04"
"2023023287","03","4","17TH & ARSENAL BLVD","","HARRISBURG","PA","17120","PENN DOT","7174125300","058400","","","","","N","","","","","","","99","","00","","","","9","2","","04"
"2023040683","02","8","2235 BEAVER AVE","","PITTSBURGH","PA","15233","PORT AUTHORITY OF ALLEGHENY CO","4124422000","","","","","","N","","","","","","","01","A-00976060","00","","","","2","1","","13"
"2023060293","05","1","1411 3RD AVENUE","","CALDWELL","ID","83605","AMAZON LOGISTICS","4123339321","080000","","","","","N","","","","","","","02","","00","","","","1","2","03250567","08"
"2023031967","05","1","1535 NEW HOPE CHURCH RD","","TUNNEL HILL","GA","30755","US XPRESS INC","7063470629","","","","","","N","","","","","","","99","","00","","","","9","2","","08"
"2023060865","03","13","PO BOX 791 333204","","READING","PA","19603","PENSKE","8449063404","080000","","","","","N","","","","","","","","","00","","","","1","2","00268015","08"
"2023083962","02","3","527 BROADWAY AVE","","MC KEES ROCKS","PA","15136","BROADWAY MOTOR CARS","4123315810","","","","","","N","","","","","","","99","","00","","","","9","2","","03"
"2023028708","03","7","200 RANGOS LN","","WASHINGTON","PA","15301","WASTE MANAGEMENT","8782120945","073280","","","","","N","","","","","","","","","00","","","","1","1","00344050","04"
"2023091231","02","3","25 SYCAMORE ST.","","CARNEGIE","PA","15106","TOP SHELF TOWING","4127796767","","","","","","N","","","","","","","02","","00","","","","9","1","08935452","03"
"2023063823","03","1","835 HERRON AVE","","PITTSBURGH","PA","15219","MASTRO ICE INC","4126814423","025999","","","","","N","","","","","","","","","00","","","","2","1","01453438","04"
"2023065597","02","8","2235 BEAVER AVE","","PITTSBURGH","PA","15233","PORT AUTHORITY OF ALLEGHENY  CO","4124422000","","","","","","N","","","","","","","01","A-00976060","00","","","","2","2","","13"
"2023062294","02","3","917 MARKS RD","APT B","BRUNSWICK","OH","44212","SCOTT MASSMAN","3303216601","","","","","","N","","","","","","","99","","00","","","","9","2","","03"
"2023016987","02","3","448 PEPPER STREET","","MONROE","CT","06468","NEHDA LOGISTICS LLC","2037309300","025950","","","","","N","","","","","","","99","73297","00","","","","1","2","01452227","03"
"2023004954","02","8","2235 BEAVER AVENUE","","PITTSBURGH","PA","15233","PORT AUTHORITY OF ALLEGHENY COUN","4124422000","","","","","","N","","","","","","","","A-00976060","00","","","","2","2","","13"
"2023079349","02","8","2333 BEAVER AVE","","PITTSBURGH","PA","15233","PORT AUTHORTY OF ALLEGHNEY","4122551385","","","","","","N","","","","","","","99","A-00976060","00","","","","2","1","","13"
"2023038038","02","8","2235 BEAVER AVENUE","","PITTSBURGH","PA","15233","PORT AUTHORITY OF ALLEGHENY CO","4125665214","041600","","","","","N","","","","","","","","A-00976060","00","","","","2","1","","13"
"2023045922","02","3","24 CHERYL LN","","PITTSBURGH","PA","15236","JEFFREY CHARLES & LO NEVEL","4126057686","","","","","","N","","","","","","","99","","00","","","","9","1","","03"
"2023045922","03","7","1500 HAYDEN BLVD","","ELIZABETH","PA","15037","WASTE MANAGEMENT","4123847569","007328","","","","","N","","","","","","","99","","00","","","","2","2","00344050","04"
"2023027744","03","1","137 WHITE OAK CT APT 6","","SCHAUMBURG","IL","60195","MFRANKLIN INC","2242092409","080000","","","","","N","","","","","","","02","","00","","","","1","1","03407746","08"
"2023032178","99","4","901 HORNING RD","","PITTSBURGH","PA","15236","MICHAEL BROTHERS RECYCLING","4128356428","025386","","","","","N","","","","","","","99","","00","","","","2","2","09999999","09"
"2023000304","02","8","2235 BEAVER AVE","","PITTSBURGH","PA","15233","PORT AUTHORITY","4124422000","","","","","","","","","","","","","","A-00976060","00","","","","2","1","","13"
"2023030197","03","8","1411 BEAVER AVENUE","","PITTSBURGH","PA","15233","REGENCY TRANSPORTATION GROUP LLC","4123216800","","","","","","N","","","","","","","99","","00","","","","9","3","","15"
"2023106550","03","1","1 N LINDEN STREET","","DUQUESNE","PA","15110","GREATER PITTSBURGH COMMUNITY FOO","4124603663","","","","","","N","","","","","","","02","","00","","","","9","1","01776943","04"
"2023079099","02","3","201 SOUTH JOHNSON RD","","HOUSTON","PA","15342","NPL CONSTRUCTION","7243444706","","","","","","N","","","","","","","99","","00","","","","9","1","","03"
"2023000906","02","8","2235 BEAVER AVENUE","","PITTSBURGH","PA","15233","PORT AUTHORITY OF ALLEGHENY CO","4125098166","039600","","","","","N","","","","","","","","A-00976060","00","","","","2","2","","13"
"2023086157","02","8","2235 BEAVER AVE","","PITTSBURGH","PA","15233","PORT AUTHORITY OF ALLEGHENY CO","4124422000","","","","","","N","","","","","","","01","A-00976060","00","","","","2","2","","13"
"2023079379","05","1","1436 WARD TRUCKING DR","","ALTOONA","PA","16602-7110","WARD TRUCKING LLC","8149440803","073280","","","","","N","","","","","","","99","","00","","","","9","2","00084850","08"
"2023079379","09","1","3801 OLD GREENWOOD ROAD","","FORT SMITH","AZ","72903","ABF FREIGHT SYSTEMS INC","8006105544","080000","","","","","N","","","","","","","99","","00","","","","9","3","00082866","08"
"2023021352","02","8","2235 BEAVER AVENUE","","PITTSBURGH","PA","15233","PORT AUTHORITY OF ALLEGHENY CO","4124422000","","","","","","N","","","","","","","","A-00976060","00","","","","4","2","","13"
"2023020165","02","1","160 VELTRI DR","","WASHINGTON","PA","15301","VELTRI TRUCKING INC","2076223843","065000","","","","","N","","","","","","","99","MC452360","00","","","","9","2","01077151","08"
"2023033230","02","8","2235 BEAVER AVENUE","","PITTSBURGH","PA","15233","PORT AUTHORITY OF ALLEGHENY COUN","4124422000","028500","","","","","N","","","","","","","02","A-00976060","00","","","","2","1","","13"
"2023051881","05","0","3786 LAKEBEND DRIVE","B1","DAYTON","OH","45404","HONNO LOGISTICS LTD","9378293940","080000","","","","","N","","","","","","Y","01","","03","","","","1","1","01079507","08"
"2024001268","05","1","100 STAMPEDE CT","","ALVATON","KY","42122","SEMLINE LLC","2702022051","080000","","","","","N","","","","","","","99","","00","","","","1","3","03126617","08"
"2023047819","04","7","73A NOBLESTOWN ROAD","","CARNEGIE","PA","15106","BFI WASTE SERVICES OF PA","4124292600","066000","","","","","N","","","","","","","01","","00","","","","2","3","00962087","04"
"2023021167","03","3","63 CHERRY ST #2713","","WORTHINGTON","PA","16262","BOWSER TOWING","7242973435","","","","","","N","","","","","","","99","","00","","","","9","2","","04"
"2023089746","03","1","2675 MORGANTOWN ROAD","","READING","PA","19607","PENSKE TRUCK LEASING CO","9999999999","","","","","","N","","","","","","","99","","00","","","","9","1","","04"
"2023024274","02","8","573 BRADDOCK AVE","","EAST PITTSBURGH","PA","15112","PRN PARATRANSIT SERVICE INC","4128242181","000000","","","","","N","","","","","","","99","","00","","","","9","2","02432891","15"
"2023004413","03","4","760 MCMURRAY RD","","BETHEL PARK","PA","15102","DANIEL JAMES HARTMAN","4126808888","","","","","","N","","","","","","","99","","00","","","","9","1","","04"
"2023112591","04","7","73A W NOBLESTOWN RD","","CARNEGIE","PA","15136","BFI WASTE SERVICES OF PENNSYLV","4126166906","073250","","","","","N","","","","","","","02","","00","","","","1","1","00962087","09"
"2023062259","03","1","400 LOGAN AVE","","MINGOJUNCTION","OH","43938","BIG ROOSTER LLC","7402751296","","","","","","N","","","","","","","99","","00","","","","9","2","","04"
"2023045268","04","8","345 SIXTH AVE","","PITTSBURGH","PA","15222","ALLEGHENY COUNTY PORT AUTHORITY","4124422000","","","","","","N","","","","","","","","A-00976060","00","","","","3","2","","13"
"2023007126","03","3","7024 BIG BEAVER BLVD","","BEAVER FALLS","PA","15010","F & C EQUIPMENT CO INC","3302073386","","","","","","N","","","","","","","99","","00","","","","9","2","","04"
"2023052554","02","8","2500 CLYDE AVE","","N VERSAILLES","PA","15137","S&S TRANSIT INC","9999999999","","","","","","N","","","","","","","99","","00","","","","9","2","","12"
"2023073045","02","8","2235 BEAVER AVENUE","","PITTSBURGH","PA","15233","PORT AUTHORITY OF ALLEGHENY COUN","4124422000","","","","","","N","","","","","","","","","00","","","","4","1","","13"
"2023018841","02","3","1090 GREGG STATION RD","","OAKDALE","PA","15071","SIDELINES TREE SERVICES LLC","4128551422","","","","","","N","","","","","","","99","","00","","","","9","1","","03"
"2023041141","02","4","38 WATSON BLVD.","","PITTSBURGH","PA","15214","LASPADA LANSCAPING","4125081669","","","","","","N","","","","","","","","","00","","","","9","1","02895838","03"
"2023052886","03","0","3614 3 MILE RD NW","","WALKER","MI","49534","LIBERTY TRANSIT LLC","6162006960","080000","","","","","N","","","","","","","","","00","","","","2","1","02382463","04"
"2023091330","03","4","316 PINE ST","","PUNXSUTAWNEY","PA","15767","DUSTIN BROOKS HAULING","8149520234","073280","","","","","N","","","","","","","01","","00","","","","9","1","02109282","04"
"2023064892","02","2","2800 SE MARKET PLACE","","STUART","FL","34997","RYDER","8004722855","","","","","","N","","","","","","","99","","00","","","","9","1","00578807","03"
"2023082384","05","0","2240 LOCUST ST S","","CANAL FULTON","OH","44614","AVALON TRANSPORTATION SERVICES","3309705155","080000","","","","","N","","","","","","","99","369604HC","00","","","","1","1","01617995","08"
"2023107731","05","1","28 SUMMIT PARK DRIVE","","PITTSBURGH","PA","15275","PENN GATEWAY RECYCLING","4128378777","080000","","","","","N","","","","","","","02","","00","","","","1","1","02573874","08"
"2023075181","04","4","2860 OLD US 119 HWY S","","HOMER CITY","PA","15748","WEIMER TRUCKING LLC","7244798000","073280","","","","","N","","","","","","","01","","00","","","","2","1","02432975","04"
"2023019115","02","8","2235 BEAVER AVE","","PITTSBURGH","PA","15233","PORT AUTHORITY OF ALLEGHENY  CO","4124422000","","","","","","N","","","","","","","01","A-00976060","00","","","","2","2","","13"
"2023063284","03","4","109 DARK HOLLOW RD","","OAKMONT","PA","15139","CARD TRANSPORT LLC","4128202804","073280","","","","","","","","","","","","","","00","","","","9","2","00137785","04"
"2023080517","02","3","414 GRANT ST","","PITTSBURGH","PA","15219","CITY OF PITTSBURGH EQUIPMENT","9999999999","","","","","","N","","","","","","","99","","00","","","","9","2","","03"
"2023006988","05","1","10635 KNIGHTS WAY","","NORTH RAYALTON","OH","44133","MARINA EXPRESS LLC","4405227744","048000","","","","","N","","","","","","","","","00","","","","9","1","02426610","08"
"2023105305","02","8","2235 BEAVER AVE","","PITTSBURGH","PA","15233","PORT AUTHORITY OF ALLEGHENY  CO","4124422000","","","","","","N","","","","","","","01","A-00976060","00","","","","2","1","","13"
"2023105305","03","4","2718 PHILLIPS AVE","","GLENSHAW","PA","15116","MCGINN LAWN & LANDSCAPING","4124279445","027760","","","","","N","","","","","","","01","","00","","","","2","2","02919974","04"
"2023094760","05","1","3909 RIO VISTA RD","","LEAVITTSBURGH","OH","44430","JOHN HICKMAN TRUCKING LLC","2165208880","080000","","","","","N","","","","","","","02","","00","","","","2","2","01606076","08"
"2023076023","04","7","900 TYROL BLVD","","BELL VERNON","PA","15012","COUNTY HAULING","7249297694","","","","","","N","","","","","","","01","","00","","","","2","1","","04"
"2023008309","03","0","3240 WARREN HILL ROAD","","COHOCTON","NY","15426","SICK TRUCKING LLC","5859918547","107000","","","","","N","","","","","","","02","N/A","00","","","","2","1","","06"
"2023110359","04","1","2036 LORD BALTIMORE DR","","BALTIMORE","MD","21244","FORMAN EQUIPMENT INC","4108806975","065000","","","","","N","","","","","","","01","","00","","","","1","1","00223121","08"
"2023055709","02","4","2828 SAW MILL RUN BLVD","","PITTSBURGH","PA","15227","GREATER PITT TREE SERVICE","4128848733","026000","","","","","N","","","","","","","","PA117167","00","","","","4","1","02287143","03"
"2023100510","05","1","158 RUE BEETHOVEN","","VAUDREUIL DORION","QC","J7V0M","93377984 QUEBEC INC; SHIP OPTIMU","5146411786","126173","","","","","N","","","","","","","01","","00","","","","1","1","03411996","08"
"2023082392","02","8","714 EKASTOWN","","SARVER","PA","16055","ABC TRANSIT","4126510238","031000","","","","","N","","","","","","","99","","00","","","","9","1","02420569","12"
"2023098084","02","8","8541 PETERS RD UNIT 2","","CRANBERRY TWP","PA","16066","AIR STAR TRANSPORTATION & LIMO","4125088370","","","","","","N","","","","","","","99","","00","","","","9","3","","10"
"2023065628","04","7","1306 MAIN STREET","","CRESCENT","PA","15046","ARMADA WASTE","7244572727","064000","","","","","N","","","","","","","99","","00","","","","9","1","00304898","04"
"2023091265","03","1","2675 MORGANTOWN RD","","READING","PA","19607","PENSKE TRUCK LEASING CO","4129801016","","","","","","N","","","","","","","99","","00","","","","9","3","","04"
"2023011771","03","7","111 CONNER LN","","BELLE VERNON","PA","15012","WESTMORELAND SANITARY LANDFILL","7249297694","056000","","","","","N","","","","","","","99","","00","","","","1","1","02572451","09"
"2023101013","03","4","2072 MCKEES ROCKS ROAD","","MCKEES ROCKS","PA","15136","JM CUSANO EXCAVATING INC","3044799455","","","","","","N","","","","","","","99","","00","","","","4","2","08704489","04"
"2023018769","03","8","1370 WASHINGTON PIKE","","BRIDGEVILLE","PA","15017","STA OF PENNSYLVANIA INC.","7245024614","","","","","","","","","","","","","","","00","","","","4","3","","12"
"2023098858","03","2","1118 3RD ST","","NORTH VERSAILLES","PA","15137","BANKS GAS SERVICE","4128295000","025999","","","","","N","","","","","","","99","","00","","","","9","1","02035601","04"
"2023098858","02","1","1595 SMITH TWP PO BOX 369","","ATLASBURG","PA","15004","ALEX E. PARIS CONTRACTING CO","7249472235","016500","","","","","N","","","","","","","99","PU1706S","00","","","","9","4","00348364","03"
"2023114471","02","2","1391 DUNCAN AVE","","PITTSBURGH","PA","15237","PEEBLES DISTRICT VOLUNTEER FIRE","4125805390","","","","","","N","","","","","","","99","","00","","","","9","1","","03"
"2023035978","03","0","3303 N HILLS ROAD","","MURRYSVILLE","PA","156681321","PITT PERFORMANCE","7249890501","080000","","","","","N","","","","","","","99","","00","","","","9","1","02285481","07"
"2023045495","05","11","1229 MILL RUN ROAD","","ALTOONA","PA","16601","FEATHER BROTHERS","8779086837","080000","","","","","N","","","","","","","","","00","","","","1","1","01175684","08"
"2023066188","03","4","3968 POLLOCK ROAD","","MARION CENTER","PA","15759","MAHONING FARMS LINES INC","7243887312","073280","","","","","N","","","","","","","99","A-118606","00","","","","9","1","01168138","04"
"2024006892","05","1","3952 PENDLETON WAY","","INDIANAPOLIS","IN","46226","BULK TRANSPORT","4439931090","","","","","","N","","","","","","","99","","00","","","","9","1","","08"
"2023091167","03","4","1251 RUSSELLTON ROAD PO BOX 25","","CHESWICK","PA","15024","TESONE TRANSPORT INC","4126382400","073280","","","","","N","","","","","","","","","00","","","","2","1","00507931","09"
"2023091167","","4","1251 RUSSELLTON ROAD PO BOX 25","","CHESWICK","PA","15024","TESONE TRANSPORT INC","4126382400","","","","","","N","","","","","","","","","00","","","","2","2","00507931","09"
"2023070435","02","8","2235 BEAVER AVE","","PITTSBURGH","PA","15233","PORT AUTHORITY OF ALLEGHENY  CO","4124422000","","","","","","N","","","","","","","01","A-00976060","00","","","","2","1","","13"
"2023114878","03","1","640 BELL AVE","","CARNEGIE","PA","15106","ATLAS WHOLESALE SUPPLY INC","4125739763","","","","","","N","","","","","","","99","","00","","","","9","2","","04"
"2023004958","04","7","200 RANGOS LANE","","WASHINGTON","PA","15301","WASTE MANAGEMENT","7242223272","073280","","","","","N","","","","","","","","","00","","","","4","2","00344050","09"
"2023074246","02","1","2573 BRANDT SCHOOL ROAD","","WEXFORD","PA","15090","SOERGEL ORCHARD","4129064495","","","","","","N","","","","","","","","","00","","","","9","2","01596358","03"
"2023037442","05","3","7135 CENTENNIAL PL","","NASHVILLE","TN","37206","WESTERN EXPRESS INC","8003167160","080000","","","","","N","","","","","","","02","","00","","","","1","1","00511412","08"
"2023099001","02","8","2030 SWALLOW HILL ROAD","","PITTSBURGH","PA","15220","CHARTIERS VALLEY SCHOOL DISTRICT","4124292201","","","","","","N","","","","","","","99","","00","","","","9","1","","12"
"2023111187","02","4","2042 MAJESTIC DRIVE","","CANONSBURG","PA","15317","SKIS LANDSCAPING LAWN CARE","7244157726","019500","","","","","N","","","","","","","02","","00","","","","2","1","03576251","03"
"2023034454","02","4","10-29 1/2 PITTSBURGH PA","","PITTSBURGH","PA","15201","CITY OF PITTSBURGH EQUIPMENT","9999999999","","","","","","N","","","","","","","99","","00","","","","9","1","","02"
"2023025458","99","0","4231 FORDER HEIGHTS DR","","ST LOUIS","MO","63129","STRAIGHTFORWARD EXPRESS LLC","3147607808","","","","","","N","","","","","","","99","","00","","","","9","2","03372504","09"
"2023106943","02","1","55 GLENLAKE PARKWAY","","NE ATLANTA","GA","30328","UNITED PARCEL SERVICE","8007425877","019500","","","","","N","","","","","","","02","","00","","","","2","2","00021800","03"
"2024037419","05","1","1625 MID VALLEY DRIVE","","STEAMBOAT SPRINGS","CO","80487","GOOD WAY TRUCKING INC.","7204326288","080000","","","","","N","","","","","","","99","024416","00","","","","9","2","03001661","08"
"2023045916","02","8","2235 BEAVER AVENUE","","PITTSBURGH","PA","15233","PORT AUTHORITY","4122377000","","","","","","N","","","","","","","","A-00976060","00","","","","2","1","","13"
"2023090818","02","8","345 SIXTH AVE","","PITTSBURGH","PA","15222","PORT AUTHORITY OF ALLEGHENY CO","4124422000","041600","","","","","N","","","","","","","02","A-00976060","00","","","","2","2","","13"
"2023107447","02","3","1000 GREGG ST","","CARNEGIE","PA","15106","ADVANTAGE INVESTMENTS INC","9999999999","","","","","","N","","","","","","","99","","00","","","","9","2","","03"
"2023077233","05","13","1000 FEDEX DRIVE","","CORAOPOLIS","PA","15108","FEDEX GROUND PACKAGE SYSTEM INC.","4122691000","080000","","","","","N","","","","","","","99","","00","","","","9","1","00265752","08"
"2023077223","02","3","139 OHIO ST","","WASHINGTON","PA","15301","PETE INSANA AUTO &TRUCK REPAIR","7242226930","","","","","","N","","","","","","","99","","00","","","","9","1","","03"
"2023052855","02","3","135 LEE ANN CT","","PITTSBURGH","PA","15239","MAURO CAUTELA","4127705173","","","","","","N","","","","","","","99","","00","","","","9","2","","03"
"2023118193","05","1","100 MISSION RIDGE","","GOODLETTSVILLE","TN","37072","DG LOGISTICS LLC","6158554000","","","","","","N","","","","","","","99","","00","","","","9","1","00852587","08"
"2023044957","02","1","8541 PETERS ROAD,UNIT 2","","CRANBERRY TWP","PA","16066","AIR STAR TRANSPORTATION & LIMO","4123975219","","","","","","N","","","","","","","99","","00","","","","9","2","","03"
"2023085815","01","1","200 EAST RANDOLPH","","CHICAGO","IL","60601","AON RISK SERVICES CENTRAL INC","3123811000","","","","","","N","","","","","","","02","","00","","","","1","2","99999999","98"
"2024104366","03","1","14002 E 21ST ST. STE 1500","","TULSA","OK","74134","EAN HOLDI EAN HOLDINGS LLC","9999999999","","","","","","N","","","","","","","99","","00","","","","4","1","","04"
"2023084495","02","3","1501 PONTIAC DR","","EXPORT","PA","15632","W A PETRAKIS CONTRACTING LLC","9999999999","","","","","","N","","","","","","","99","","00","","","","9","4","","03"
"2023078954","05","1","UNKNOWN","","UNKNOWN","ZZ","99999","UNKNOWN","9999999999","","","","","","N","","","","","","","99","","00","","","","9","2","","08"
"2023069065","02","1","1390 LINCOLN AVE","","PITTSBURGH","PA","15061","AMAZON","9199024299","009070","","","","","N","","","","","","","99","","00","","","","9","2","00099999","02"
"2023116140","04","2","153 SMITH TRANSPORT RD","","ROARING SPRING, PA","PA","16673","SMITH TRANSPORT","8142245155","","","","","","N","","","","","","","","","00","","","","1","2","00246204","04"
"2023106377","05","1","6500 W. INDUSTRIAL HWY","","GARY","IN","46406","SWIFT TRANSPORTATION","3802106200","080000","","","","","N","","","","","","","01","","00","","","","1","2","00054283","08"
"2023064949","03","1","9315 OLIVE BLVD","","ST. LOUIS","MO","63132","ENTERPRISE FM TRUST LLC","9999999999","","","","","","N","","","","","","","99","","00","","","","9","2","","04"
"2023073281","03","1","2675 MORGANTOWN RD","","READING","PA","19607","PENSKE","4124436829","","","","","","N","","","","","","","99","","00","","","","9","2","","04"
"2023085290","05","1","3100 EAST CARSON ST","","PITTSBURGH","PA","15203","FRANK B FUHRER HOLDINGS INC","4124888844","","","","","","N","","","","","","","99","","00","","","","1","1","02066069","08"
"2023098847","02","1","2675 MORGANTOWN RD","","READING","PA","19607","PENSKE TRUCK LEASING","6107756000","","","","","","N","","","","","","","99","","00","","","","9","2","00327574","03"
"2023016928","02","8","2235 BEAVER AVE","","PITTSBURGH","PA","15233","PORT AUTHORITY OF ALLEGHENY COUN","4124422000","","","","","","N","","","","","","","01","A-00976060","00","","","","2","2","","13"
"2023089688","04","8","345 SIXTH AVE","","PITTSBURGH","PA","15222","ALLEGHENY COUNTY PORT AUTHORITY","4124422000","","","","","","N","","","","","","","99","A-00976060","00","","","","2","2","","13"
"2023109406","02","1","2500 CLYDE AVE","","NORTH VERSAILLES","PA","15137","S&S TRANSIT INC","4128297627","","","","","","N","","","","","","","99","","00","","","","9","2","","03"
"2023097485","02","1","23970 HIGHWAY 59 N","","KINGWOOD","TX","77339","VEHICLE TITLING TRUST","4129538361","","","","","","N","","","","","","","99","","00","","","","9","2","","03"
"2023006327","03","11","108 ARIZONA AVE","","VANDERGRIFT","PA","15690","MER TRANSPORTATION LLC","8783022169","080000","","","","","N","","","","","","","01","","00","","","","1","1","09999999","08"
"2023109332","02","4","5720 SCHAAF ROAD","","NDEPENDENCE","OH","44131","INDEPENDENCE EXCAVATING","4127679800","009000","","","","","N","","","","","","","99","","00","","","","3","2","00602608","03"
"2023027367","05","1","4813 WOODMAN AVE","","ASHTABULA","OH","44004","PENN OHIO CORP","4409927906","080000","","","","","N","","","","","","","01","","00","","","","1","2","00695266","08"
"2023008700","03","1","1722 EISENHOWER DR. N","","GOSHEN","IN","46526","VIEWRAIL INSTALL LLC","8149796289","","","","","","N","","","","","","","99","","00","","","","9","1","","04"
"2023054127","03","1","1251 RUSSELLTON ROAD","","CHESWICK","PA","15024","TESONE TRANSPORT INC","7242742250","080000","","","","","N","","","","","","","99","","00","","","","9","2","00507931","08"
"2023103642","02","3","5831 FORWARD AVE","","PITTSBURGH","PA","15217","PITTSBURGH LINE STRIPING, LLC","9999999999","","","","","","N","","","","","","","99","","00","","","","9","1","","03"
"2023098740","05","3","6115 SW LELAND AVENUE","","DES MOINES","IA","50321","TMC","8002472460","","","","","","N","","","","","","","99","","00","","","","1","1","00087409","08"
"2023080822","02","1","318 EVERSON VALLEY RD.","","CONNELSVILLE","PA","15425","CAVANAUGH TRUCKING INC","7246281018","","","","","","N","","","","","","","99","","00","","","","1","1","99999999","03"
"2023090375","02","1","2675 MORGANTOWN RD","","READING","PA","19607","ACRA LOGISTICS","5708550224","026000","","","","","N","","","","","","","02","","00","","","","2","2","03390942","03"
"2023045198","02","3","7900 WHITCOMB ST UNIT M","","MERRILLVILLE","IN","46410","AMAZING RIDES LLC","7735955343","","","","","","N","","","","","","","99","","00","","","","9","1","","03"
"2023007482","05","0","ONE NORTH LINDEN STREET","","DUQUESNE","PA","15110","GREATER PGH COMMUNITY FOOD BANK","4124603663","080000","","","","","N","","","","","","","","","00","","","","2","2","01776943","06"
"2023064478","03","1","275 CENTER ST","PO BOX 366","MCKEESPORT","PA","15134","KMS PROPERTY ACQUISITION","4122607197","073280","","","","","N","","","","","","","99","","00","","","","1","1","03498036","04"
"2023076055","05","3","4990 GRAND AVENUE","","NEVILLE TOWNSHIP","PA","15225","SAMUELS FRONTIER STEEL","4129446969","080000","","","","","N","","","","","","","02","","00","","","","1","2","03429517","08"
"2023064756","02","1","8051 STEUBENVILLE PIKE","","OAKDALE","PA","15071","NAPPIES TRANSPORT LLC","7246953500","026001","","","","","N","","","","","","","01","","00","","","","1","2","00984105","03"
"2023052528","03","3","4001 LEADENHALL RD","","MOUNT LAUREL","NJ","08054","ARI FLEET LT","4128936261","","","","","","N","","","","","","","99","","00","","","","9","1","","04"
"2023111011","02","1","1000 FRANKLIN DR","","SMOCK","PA","15480","ALTEC INDUSTRIES","7245504129","","","","","","N","","","","","","","99","","00","","","","9","3","","03"
"2023024003","02","1","2727 N CENTRAL AVE 3","","SOUTH PHOENIX","AZ","85004","U-HAUL COMPANY OF ARIZONA","8005287134","014500","","","","","N","","","","","","","99","N/A","00","","","","9","1","","03"
"2023048118","01","8","2235 BEAVER AVENUE","","PITTSBURGH","PA","15212","PORT AUTHORITY OF ALLEGHENY CO","4124422000","","","","","","N","","","","","","","","","00","","","","4","2","","13"
"2023086343","03","4","EQUIP 331-2072 17TH &ARSENAL B","","HARRISBURG","PA","17120","PENNDOT","9999999999","","","","","","N","","","","","","","99","","00","","","","9","3","","04"
"2023090710","02","0","2235 BEAVER AVENUE","","PITTSBURGH","PA","15233","PORT AUTHORITY OF ALLEGHENY CO","4124422000","","","","","","N","","","","","","","99","A-00976060","00","","","","2","2","","13"
"2023034110","03","4","667 US RT 30","","IMPERIAL","PA","15126","CRONIN ENTERPRISES, LLC","4126990182","073260","","","","","N","","","","","","","02","A-8920221","00","","","","1","2","03003404","04"
"2023087779","02","8","345 6TH AVENUE 3RD FLOOR","","PITTSBURGH","PA","15222","PORT AUTHORITY OF ALLEGHENY COUN","4124222000","041600","","","","","N","","","","","","","02","A-00976060","00","","","","2","1","","13"
"2023091556","05","1","2267 TODD RD","","ALIQUIPPA","PA","15001","STEFANKIS NEXT GENERATION","9999999999","","","","","","N","","","","","","","99","","00","","","","9","2","","08"
"2023008694","03","4","525 PLEASANT HILL RD","SUITE #100","WEXFORD","PA","15090","MARSHALL TOWNSHIP","7249353090","036220","","","","","N","","","","","","","02","","00","","","","3","3","99999999","04"
"2023041251","02","1","PO BOX 791 55 MATCHETT RD","PO BOX 438","READING","PA","19603","PENSKE LEASING AND RENTAL CO AIR","8002471188","026000","","","","","N","","","","","","","99","A-00104009","00","","","","9","3","00259447","03"
"2023034448","02","3","506 COCHRAN MILL ROAD","","JEFFERSON HILLS","PA","15025","PRECISION AUTOBODY AND SERVICE","4126557876","026000","","","","","N","","","","","","","","9999999999","00","","","","2","2","02557369","03"
"2023064499","03","0","7255 N. CRESCENT BLVD","","PENNSAUKEN","NJ","08110","BERGEY'S TRUCKS INC.","8566627601","080000","","","","","N","","","","","","","","","00","","","","1","2","00516075","07"
"2023006346","05","1","2150 SCHUETZ ROAD","","ST LOUIS","MO","63146","HOGAN TRUCK LEASING","3144216000","","","","","","","","","","","","","02","","00","","","","1","2","00086781","08"
"2023042182","02","3","1501 SYLVAN AVENUE","","WEST MIFFLIN","PA","15122","SCHAAF INC","4128976101","","","","","","N","","","","","","","99","","00","","","","9","2","","03"
"2023111094","03","1","7295 B MASON ROAD","","CAMBRIDGE","ON","N3C2V4","SKYLARK LOGISTICS INC","5198217999","","","","","","N","","","","","","","99","","00","","","","9","2","01193154","08"
"2023043165","05","1","300 N 5TH ST","","MARTINS FERRY","OH","43935","MILK TRANSPORTATION LLC","2698384115","060080","","","","","N","","","","","","","99","","00","","","","1","2","00014762","08"
"2023073070","03","1","PO BOX 563","","READING","PA","19603","PENSKE LOGISTICS LLC","4125086716","","","","","","N","","","","","","","99","","00","","","","9","1","","04"
"2023101688","05","1","296 CURRIE RD PO BOX 296,","","PORTERSVILLE","PA","16051","MCCLYMOUNDS SUPPLY AND TRANSIT","7243688040","080000","","","","","N","","","","","","","99","A105846","00","","","","1","2","00269478","08"
"2023107435","04","11","3191 HOGAN WAY","","COLUMBUS","OH","43219","LEGEND LOVE LOGISTICS LLC","6149020191","014000","","","","","N","","","","","","","01","1486279","00","","","","1","1","03974615","04"
"2023029949","02","8","550 FIFTH ST EXT","","TRAFFORD","PA","15085","STA OF PENNSYLVANIA","4122782667","","","","","","N","","","","","","","","","00","","","","4","2","","12"
"2023001722","01","3","700 HARGROVE STREET","","PITTSBURGH","PA","15226","MCGANN AND CHESTER","4123819400","025500","","","","","N","","","","","","","99","","00","","","","9","3","02749905","98"
"2023054913","03","99","551 S. PIKE ROAD","","SARVER","PA","16055","SARVER HARDWARE","7242955131","058000","","","","","N","","","","","","","","","00","","","","2","1","02437325","04"
"2023007474","03","1","5020 THOMS RUN ROAD","","OAKDALE","PA","15071","INDEPENDENT EQUIPMENT TRANSFER","4122211994","","","","","","N","","","","","","","99","","00","","","","9","2","","04"
"2023080798","04","4","109 DARK HOLLOW RD.","","OAKMONT","PA","15130","FOLINO CONSTRUCTION","4128202800","073280","","","","","N","","","","","","","02","00038335","00","","","","1","1","00094512","04"
"2023078238","03","1","300 BUSINESS CENTER DR","","CHESWICK","PA","15024","BENNETT SUPPLY","8008604501","058600","","","","","N","","","","","","","01","","00","","","","1","1","00343820","04"
"2023080843","02","8","1112 1ST ST","","JEFFERSON HILLS","PA","15025","MATTHEWS BUS COMPANY","4123848810","","","","","","N","","","","","","","01","","00","","","","4","2","01245654","12"
"2023084322","02","8","600 VINE ST","SUITE 1400","CINCINNATI","OH","45202","FIRST STUDENT INC","5132412200","","","","","","N","","","","","","","99","","00","","","","4","2","","12"
"2023063844","02","3","1344 GREENSBURG PIKE","PO BOX 10","N VERSAILLES","PA","15137","LOCAL ROOTS LANDSCAPING LLC","4129960332","","","","","","N","","","","","","","99","","00","","","","9","1","","03"
"2023061987","02","8","798 EKASTOWN RD","","SARVER","PA","16055","W L ROENIGK","7243531515","","","","","","N","","","","","","","","","00","","","","4","2","00153855","12"
"2023050230","03","1","112 HOLLYWOOD DR","","BUTLER","PA","16001","ARC OF BUTLER COUNTY","7242906648","","","","","","N","","","","","","","99","","00","","","","9","1","","04"
"2023010712","05","0","113 OLIVER RD PO BOX 68","","UNIONTOWN","PA","15401","SPECIAL T METALS","7244372788","","","","","","N","","","","","","","","","00","","","","1","2","01646163","08"
"2023082626","03","8","2235 BEAVER AVE","","PITTSBURGH","PA","15233","PORT AUTHORITY OF ALLEGHENY","4122551385","","","","","","N","","","","","","","","A-00976060","00","","","","2","2","","13"
"2023023600","02","3","5918 WILLIAM FLYNN HWY","","GIBSONIA","PA","15044","ROBERT WHITESIDE","4127213378","","","","","","N","","","","","","","99","","00","","","","9","2","02407315","03"
"2023062298","02","1","1 COMMERCE DR","","PITTSBURGH","PA","15239","AQUA FILTER FRESH INC","4122166917","011793","","","","","N","","","","","","","99","","00","","","","9","1","00439927","03"
"2023078231","02","8","2235 BEAVER AVE","","PITTSBURGH","PA","15233","PORT AUTHORITY","4124222000","","","","","","N","","","","","","","99","A-00976060","00","","","","2","2","","15"
"2023002098","02","1","230 THORN HILL RD","","WARRENDALE","PA","15086","GUNTON CORP  PELLA WINDOWS & DOO","7249352050","009350","","","","","N","","","","","","","99","","00","","","","9","2","00142412","03"
"2023032622","02","3","5020 THOMS RUN RD","","OAKDALE","PA","15071","INDEPENDENT EQUIPMENT TRANSFER","4125230065","","","","","","N","","","","","","","99","","00","","","","9","2","","03"
"2023039908","05","1","5427 CRIPPEN AVE SW","","WYOMING","MI","49548","VELA TRANSPORT LLC","6164255270","080000","","","","","N","","","","","","","01","","00","","","","1","1","01469183","08"
"2023039908","05","1","750 COLLEGE ROAD EAST","","PRINCETON","NJ","08540","INTERPOOL INC","3307692100","080000","","","","","N","","","","","","","01","","00","","","","1","2","02365308","08"
"2023071304","03","4","1011 LINDSAY RD","","CARNEGIE","PA","15106","DEMETRIAS G MAKRIPODIS DBA JIM","9999999999","","","","","","N","","","","","","","99","","00","","","","9","2","","04"
"2023074800","02","13","4688 VERONA RD","","VERONA","PA","15147","AW TOWING","4123711149","","","","","","N","","","","","","","","","00","","","","9","1","","05"
"2023028576","02","0","3046 PENN AVENUE","","PITTSBURGH","PA","152011521","JACK LAFFERTY'S TRUCK PARTS","4124348222","","","","","","N","","","","","","","99","UNK","00","","","","9","1","12345678","00"
"2023060381","05","7","1306 MAIN STREET","","CRESENT","PA","15046","IC EXPRESS","7244572727","080000","","","","","N","","","","","","","02","A-8925681","00","","","","1","2","03048989","08"
"2023064137","03","1","526 CITY COUNTY BLDG","414 GRANT ST","PITTSBURGH","PA","15219","CITY OF PITTSBURGH EQUIPMENT","9999999999","","","","","","N","","","","","","","99","","00","","","","9","1","","04"
"2023102758","02","1","255 BUSINESS CENTER DR","","HORSHAM","PA","19044","STROEHMANN LINE HAUL LP","7244195294","","","","","","N","","","","","","","99","","00","","","","9","2","00665959","03"
"2023077986","02","8","2235 BEAVER AVENUE","","PITTSBURGH","PA","15233","PORT AUTHORITY OF ALLEGHENY CO.","4124422000","","","","","","N","","","","","","","01","A-00976060","00","","","","2","2","","13"
"2023046962","03","4","116 STURGEON STREET","","MCDONALD","PA","15057","LITTLE'S LANDSCAPING LLC","4129526856","073280","","","","","N","","","","","","","01","","00","","","","2","1","02530275","04"
"2023002608","05","1","510 SOUTH ENTERPRISE BLVD","","LEBANON","IN","46052","NFI TRANSPORTATION","8009225088","080000","","","","","N","","","","","","","02","","00","","","","1","1","01486168","08"
"2023039980","02","8","120 EVERGREEN RD","","PITTSBURGH","PA","15209","ABC TRANSIT","4128213000","021500","","","","","N","","","","","","","99","","00","","","","9","1","","12"
"2023065522","04","4","5020 THOMAS RUN RDF","","OAKDALE","PA","15071","INDEPENDENT EQUIPMENT TRANSFER","4122213435","073280","","","","","N","","","","","","","01","","00","","","","1","1","00479580","09"
"2023068397","03","3","3326 HIGHWAY 51","","FORT MILL","SC","15834","TODD HOME DEPOT USA INC","3308345889","","","","","","N","","","","","","","99","","00","","","","9","2","","04"
"2023043846","03","6","522 E CHESTNUT ST","","HAZLETON","PA","182016714","CASABLANCA TRANSPORT LLC","2722764013","014000","","","","","N","","","","","","","02","MC1444739","00","","","","1","1","00391250","04"
"2023085742","02","1","645 HAMILTON ST. SUITE 500","","ALLENTOWN","PA","18101","CITY CENTER WHOLE SALE","6106255577","026000","","","","","N","","","","","","","99","","00","","","","1","1","00327574","03"
"2023021512","03","1","1001 LIBERTY AVE, STE RT 20","","PITTSBURGH","PA","15222","UNITED STATES POSTAL SERVICE","4123597847","","","","","","N","","","","","","","99","","00","","","","9","2","","04"
"2023064980","02","10","PO BOX 1058-10291 OHIO AVENUE","","CAMBRIDGE","OH","43725","APPALCHIAN WELL SURVEYS INC","7404392911","025500","","","","","N","","","","","","","","","00","","","","1","1","01566442","03"
"2023016224","03","3","2833 BEAVER AVE","","PITTSBURGH","PA","15233","MATT DUQUESNE LIGHT COMPANY","4123287401","","","","","","N","","","","","","","99","","00","","","","9","2","","04"
"2023067750","02","1","STE 1500 14002 E 21ST ST","","TULSA","OK","74134","EAN HOLDINGS","8552669565","017000","","","","","N","","","","","","","02","","00","","","","4","2","01704957","03"
"2023039019","03","4","5020 THOMS RUN ROAD","","OAKDALE","PA","15071","INDEPENDENT EQUIPMENT TRANSFER C","4122570808","073280","","","","","N","","","","","","","","","00","","","","2","1","00479580","04"
"2023065976","02","8","2235 BEAVER AVE","","PITTSBURGH","PA","15233","PORT AUTHORITY OF ALLEGHENY  CO","4124422000","","","","","","N","","","","","","","01","A-00976060","00","","","","2","2","","13"
"2023087838","05","0","619 LAKE TRAIL DR","","PALOS PARK","IL","60464","MANVAS EXPRESS INC","7089450911","080000","","","","","N","","","","","","","01","","00","","","","1","1","01451852","08"
"2023087838","03","1","72 WILSON RD","STE E","EIGHTY FOUR","PA","15330","CONTRACTI HUNTER","4124980590","","","","","","N","","","","","","","99","","00","","","","9","3","","04"
"2023027497","03","0","2235 BEAVER AVENUE","","PITTSBURGH","PA","15233","PORT AUTHORITY OF ALLEGHENY CO","4124422000","057330","","","","","N","","","","","","","02","A-00976060","00","","","","2","1","","13"
"2023027497","02","1","PO BOX 791","","READING","PA","19603","PENSKE LEASING AND RENTAL CO","4124900601","014500","","","","","N","","","","","","","02","","00","","","","2","2","03211976","03"
"2023014879","03","1","119 WISE LN","","PITTSBURGH","PA","15209","JOSEPH W GUERRA","4127739494","","","","","","N","","","","","","","99","","00","","","","9","2","","04"
"2023062601","02","3","2020 SMALLMAN ST","STE 301","PITTSBURGH","PA","15222","PAPA J'S RISTORANTE LLC","4122927828","","","","","","N","","","","","","","99","","00","","","","9","1","","03"
"2023046158","03","4","109 DARK HOLLOW ROAD","","OAKMONT","PA","15139","TDF SERVICES INC","4128202800","","","","","","N","","","","","","","","","00","","","","9","2","00945123","04"
"2023051970","05","4","PO BOX H","","ROSEDALE","VA","24266","GREG KISER TRUCKING","2768801206","080000","","","","","N","","","","","","","02","","00","","","","1","1","03967966","08"
"2023051970","05","1","88176 NUEVO LAREDO","","TAMAULIPAS","MX","99999","HELICE INTERNATIONAL","9999999999","080000","","","","","N","","","","","","","02","","00","","","","1","2","02196912","08"
"2023026051","02","1","100 THIRD STREET","","CHARLEROI","PA","15022","MODEL UNIFORM LLC","8553366335","019500","","","","","N","","","","","","","02","","00","","","","2","1","01539996","02"
"2023029935","02","1","2727 N CENTRAL AVE","","PHOENIX","AZ","85004","UHAUL","8666532933","","","","","","N","","","","","","","99","","00","","","","9","1","","03"
"2023079914","03","1","580 PLUM RUN RD","","CANONSBURG","PA","15317","ELLIS ASPHALT PAVING INC","7245794877","","","","","","N","","","","","","","99","","00","","","","9","1","","04"
"2023082099","03","3","1051 UNITY CENTER RD","","PITTSBURGH","PA","15239","RECOVERY AMERICA LLC","4129793393","","","","","","N","","","","","","","99","","00","","","","9","2","","04"
"2023082820","02","3","967 FLEMINGTON ST","","PITTSBURGH","PA","15217","PROFESSIONAL LAWN CARE CORP","4124219900","","","","","","N","","","","","","","99","","00","","","","9","2","","03"
"2023027443","02","3","2833 NEW BEAVER AVENUE","","PITTSBURGH","PA","15233","DUQUESNE LIGHT COMPANY","4126602663","019500","","","","","N","","","","","","","01","","00","","","","2","1","00413803","03"
"2023108234","05","1","8141 WILLIAM PENN HWY","","MIFFLINTOWN","PA","17059","BHS TRANSPORT LLC","7173203211","080000","","","","","N","","","","","","","99","A-8921883","00","","","","9","2","03097121","08"
"2023003028","03","8","2235 BEAVER AVENUE","","PITTSBURGH","PA","15233","PORT AUTHORITY OF ALLEGHENY CO","4125665214","066780","","","","","N","","","","","","","","A-00976060","00","","","","2","2","","13"
"2023034795","05","1","8777 ROCKSIDE RD","","CLEVELAND","OH","44125","KAPLAN TRUCKING","4125669922","330000","","","","","N","","","","","","","99","2304","00","","","","1","2","00120670","08"
"2023013578","02","8","2235 BEAVER AVENUE","","PITTSBURGH","PA","15233","PORT AUTHORITY OF ALLEGHENY CO.","4124422000","041600","","","","","N","","","","","","","","A-00976060","00","","","","2","2","","13"
"2023051594","03","0","10 KRESGE ROAD","","FAIRLESS HILLS","PA","19030","SWEEPING CORPORATION AMERICA","8887933746","033000","","","","","N","","","","","","","","","00","","","","4","1","02201008","04"
"2023069153","05","99","142 WHITTEN ROAD","","AUGUSTA","ME","043320857","MMTA SERVICES INC","2076234128","","","","","","N","","","","","","","99","","00","","","","9","1","","08"
"2023069819","03","1","4520 WILLIAM PENN HIGHWAY","","MONROEVILLE","PA","15146","COCHRAN MOTORS","7244965012","","","","","","N","","","","","","","99","","00","","","","9","3","","04"
"2023104094","02","4","390 LONG RUN ROAD","","AVONMORE","PA","15618","LLS LEASING INC","7247261551","050000","","","","","N","","","","","","","02","","00","","","","4","1","00248525","03"
"2023059139","02","7","7600 EVANS STREET","","SWISSVALE","PA","15218","SWISSVALEBOROUGH","4122717101","005600","","","","","N","","","","","","","","NA","00","","","","3","1","","09"
"2024000617","02","1","1459 INTERSTATE DRIVE","","COOKEVILLE","TN","38501","HERTZ VEHICLES LLC","9999999999","","","","","","N","","","","","","","99","","00","","","","9","1","","03"
"2023022714","02","0","2235 BEAVER AVENUE","","PITTSBURGH","PA","15233","PORT AUTHORITY OF ALLEGHENY CO","4124422000","041600","","","","","N","","","","","","","02","A-00976060","00","","","","2","1","","13"
"2023035749","02","8","415 REBECCA STREET","","MCKEESPORT","PA","15132","LINCOLN BUS GROUP LLC","4128973148","015000","","","","","N","","","","","","","02","A-6423333","00","","","","4","1","00185303","12"
"2023001319","03","12","5222 NORTH BRYANT","","OKLAHOMA","OK","73121","HERC RENTAL INC","4125182148","016854","","","","","N","","","","","","","01","897170","00","","","","1","2","00372163","04"
"2023015471","03","1","1101 WILLIAM FLYNN HWY","","GLENSHAW","PA","15116","TRI STATE SWEEPING LLC","7246504696","","","","","","N","","","","","","","99","","00","","","","9","2","","04"
"2023063798","03","1","632 HUNT VALLEY CIRCLE","","NEW KENSINGTON","PA","15068","SWANK CONSTRUCTION","9999999999","","","","","","N","","","","","","","99","","00","","","","9","1","","04"
"2023021434","05","99","602 KEEPSAKE RUN","","GREENWOOD,","IN","46143","A & P CARRIER INC.","9293351493","080000","","","","","N","","","","","","","","","00","","","","1","1","03650179","08"
"2023031283","02","0","345 6TH AVENUE 3RD FLOOR","","PITTSBURGH","PA","15233","PORT AUTHORITY OF ALLEGHENY CO","4124422000","041600","","","","","N","","","","","","","02","A-00976060","00","","","","2","1","","13"
"2023063575","05","1","2200 STONINGTON AVE. STE 200","","HOFFMAN ESTATES","IL","60169","MATRIX INC","7739777793","050350","","","","","N","","","","","","","02","","00","","","","1","1","01842709","08"
"2023051551","05","98","358 REIMER RD","","SARVER","PA","16055","GLASSMERE FUEL SERVICE","7242654646","","3","","","","Y","1","","","","","","99","00114860","00","","","","9","1","00276273","98"
"2023023289","03","4","4200 PARLIAMENT PL #400","","LANHAM","MD","20706","WA CHESTER LLC","2404871940","003300","","","","","N","","","","","","","","","00","","","","9","2","","04"
"2023051337","03","8","345 SIXTH AVENUE THIRD FLOOR","","PITTSBURGH","PA","15222","PORT AUTHORITY OF ALLEGHENY COUN","4124422000","","","","","","N","","","","","","","","A-00976060","00","","","","2","2","","13"
"2023087950","02","8","600 GRANT STREET","","PITTSBURGH","PA","15219","UPMC","4126472345","","","","","","N","","","","","","","99","","00","","","","4","1","02210798","13"
"2023005645","03","1","300 CENTRE POINTE DR.","","VIRIGINIA BEACH","VA","23462","BUDGET RENTAL/AVIS","9089377704","","","","","","N","","","","","","","99","","00","","","","9","1","","04"
"2023022270","05","3","4200 INDUSTRIAL BLVD","","ALIQUIPPA","PA","15001","PGT TRUCKING","7247283500","080000","","","","","N","","","","","","","01","","00","","","","1","1","00192897","06"
"2023028231","99","99","UNKNOWN","","UNKNOWN","ZZ","99999","UNKNOWN","9999999999","","","","","","","","","","","","","","","00","","","","9","1","00099999","99"
"2023091491","02","8","415 REBECCA ST","","MCKEESPORT","PA","15132","PENNSYLVANIA COACH LINES","4126640911","","","","","","N","","","","","","","99","","00","","","","4","3","00465361","13"
"2023089780","05","6","11911 CLEVELAND AVENUE NW","","UNIONTOWN","OH","44685","EXPRESS NAVIGATORS LLC","3322684120","026000","","","","","N","","","","","","","02","","00","","","","1","2","04122521","08"
"2023010738","02","1","552 E 2ND ST","","EMPORIUM","PA","15834","STA OF PA INC","7243275858","","","","","","N","","","","","","","99","","00","","","","9","4","00000001","03"
"2023023513","03","4","248 RURAL LANE","","CONNELLSVILLE","PA","15425","DONALD FISCH","7247109278","030000","","","","","N","","","","","","","99","9999999999","00","","","","4","1","99999999","04"
"2023033514","04","4","73 NOBELSTOWN RD","","CARNEGIE","PA","15106","BFI WASTE SERVICES","4125056316","073280","","","","","N","","","","","","","99","","00","","","","9","1","09999999","04"
"2023055986","03","0","414 GRANT STEET","","PITTSBURGH","PA","15219","CITY OF PITTSBURGH","4122552586","014000","","","","","N","","","","","","","","EF20565","00","","","","9","2","","04"
"2023050634","05","1","200 ALPHA DR","","PITTSBURGH","PA","15238","G4 LOGISTICS LLC","7242883553","080000","","","","","N","","","","","","","99","UNKNOWN","00","","","","9","2","03000937","08"
"2023033945","02","99","1307 S BIGLER AVE PO BOX 140","","N CAMBRIA","PA","15714","WHITEFORD & SONS INC","8149319492","","","","","","","","","","","","","99","A8914078","00","","","","4","1","02111049","99"
"2023054949","03","3","4915 E COLONVILLE RD","","CLARE","MI","48617","NORTHERN LOGISTICS INC","9893867556","080000","","","","","N","","","","","","","02","","00","","","","1","2","00295027","08"
"2023074295","02","4","7326 WHIPPLE ST","","PITTSBURGH","PA","15218","KRJ ENTERPRISES INC","4129617635","","","","","","N","","","","","","","99","","00","","","","9","1","","03"
"2024021975","99","8","405 KEYSTONE DRIVE","","CRANBERRY TOWNSHIP","PA","16066","UPMC","4123066055","","","","","","N","","","","","","","99","","00","","","","2","1","","04"
"2023079458","03","1","1500 TRUMBULL AVE","","GIRARD","OH","44420","AIM LEASING COMPANY","9999999999","","","","","","N","","","","","","","99","","00","","","","9","1","","04"
"2023107009","02","1","270 HUNT VALLEY RD.","","NEW KENSINGTON","PA","15068","VERSA FAB INC","7248890137","026000","","","","","N","","","","","","","01","","00","","","","2","2","01862019","03"
"2023073037","02","1","1821 BEAVER AVE","","PITTSBURGH","PA","15233","UNITED PARCEL SERVICE INC","8887425877","016001","","","","","N","","","","","","","","","00","","","","1","1","00021800","98"
"2023070593","02","3","195 SPROAT RD","","DAWSON","PA","15428","DONALD A SPROAT","7244518454","","","","","","N","","","","","","","99","","00","","","","9","1","","03"
"2023042277","99","99","14570 WASHINGTON DR","","FONTANA","CA","92335","BAL CARRIER INC","9095744622","080000","","","","","N","","","","","","","","","00","","","","9","2","01254676","09"
"2023091077","02","3","23 BELTZHOOVER AVE","","PITTSBURGH","PA","15210","ROBERT LAUTH","4125120659","","","","","","N","","","","","","","99","","00","","","","9","3","","03"
"2023085459","02","8","345 6TH AVENUE","","PITTSBURGH","PA","15222","PORT AUTHORITY ALLEGHENY COUNTY","4124422000","","","","","","N","","","","","","","","A-00976060","00","","","","2","1","","15"
"2023065258","03","1","5201 W 84TH ST","","INDIANAPOLIS","IN","46268","GLOBAL RENTAL COMPANY INC","9999999999","","","","","","N","","","","","","","99","","00","","","","9","2","","04"
"2023051879","05","98","3147 W 169TH PLACE","","HAMMOND","IN","46323","UNITED PARCEL SERVICE","8007425877","","","","","","N","","","","","","","02","","00","","","","2","1","","08"
"2023006659","02","1","8541 PETERS ROAD UNIT 2","","CRANBERRY TWP","PA","16066","AIR STAR TRANSPORTATION","4122321957","","","","","","N","","","","","","","","","00","","","","4","2","01819728","02"
"2023104342","02","1","2300 ELDO RD","","MONROEVILLE","PA","15146","COMCAST CABLE COMMUNICATIONS","4123458141","008600","","","","","N","","","","","","","99","","00","","","","9","2","00190776","03"
"2023004833","02","0","2306 SAW MILL RUN BLVD","","PITTSBURGH","PA","15210","PITTSBURGH AUTO DEPOT INC","4125760704","025500","","","","","N","","","","","","","02","","00","","","","9","2","73296425","99"
"2023024879","02","1","RM 526 CITY COUNTY BLDG","","PITTSBURGH","PA","15219","CITY OF PITTSBURGH EQUIPMENT","9999999999","","","","","","N","","","","","","","99","","00","","","","9","1","","03"
"2024012573","05","6","4366 MT PLEASANT ST NW","","NORTH CANTON","OH","44720","ADVANTAGE TANK LINES","4126078146","080000","","","","","N","","","","","","","99","","00","","","","9","3","00469756","08"
"2023023714","02","1","1240 CONSTITUTION BLVD","","NEW KENSINGTON","PA","15068","ALL RECYCLING INC","7248261842","006100","","","","","N","","","","","","","99","9999999999","00","","","","9","2","99999999","02"
"2023034747","03","5","1409 MORAVIA ST","","NEW CASTLE","PA","16101","CASTLE BUILDERS SUPPLY & TRUCKIN","7246585656","070000","","","","","N","","","","","","","01","","00","","","","2","1","02723634","04"
"2023095053","02","1","1200 WASHINGTON PIKE","","BRIDGEVILLE","PA","15017","KIRWAN HEIGHTS FIREMENS ASSOCI","4122218382","","","","","","N","","","","","","","99","","00","","","","9","2","","03"
"2023049392","02","3","2743 ORCHARDVUE DRIVE","","ELIZABETH","PA","15037","BRANDON BARR","9999999999","","","","","","N","","","","","","","99","","00","","","","9","1","","03"
"2023016571","02","8","1300 LT WILL WAY","","MCDONALD","PA","15057","SOUTH FAYETTE TWP SCHOOL DIST","4122214542","031000","","","","","N","","","","","","","","","00","","","","3","1","01127288","12"
"2023060655","02","3","61 ARCH ST","STE 201","CARNEGIE","PA","15106","POWER CONTRACTING COMPANY INC","7248408092","","","","","","N","","","","","","","99","","00","","","","9","2","","03"
"2023048144","02","1","67 WOODY CREST","","PITTSBURGH","PA","15234","FEDEX","4124276436","","","","","","N","","","","","","","99","","00","","","","1","1","00999999","03"
"2023118502","99","7","111 CONNER LN","","ROSTRAVER TWP","PA","15012","WESTMORELAND SANITARY LANDFILL L","7249297694","006200","","","","","N","","","","","","","","","00","","","","9","2","02572451","09"
"2023105026","02","1","14053 RIDGE RD","","N HUNTINGDON","PA","15642","BRIGGS CONSTRUCTION","4122875706","","","","","","N","","","","","","","99","","00","","","","9","2","","03"
"2023035290","03","7","111 CONNER LN","","ROSTRAVER","PA","15012","COUNTY HAULING","7249297694","066000","","","","","N","","","","","","","02","8919440","00","","","","2","1","02572451","04"
"2023052695","05","3","93 LAFFERTY AVE","","PITTSBURGH","PA","15210","ARK TRANSPORT LLC","4129564979","080000","","","","","N","","","","","","","","","00","","","","1","3","02942896","08"
"2023052267","02","1","503 MILLERS RUN RD","","MORGAN","PA","15064","ALLEGHENY MEDICAL TRANSPORT","3257336437","","","","","","N","","","","","","","99","","00","","","","9","4","","02"
"2023104753","02","1","300 SANDBANK RD","","BELLE VERNON","PA","15012","WHITETAIL EXCAVATING INC.","7249634387","","","","","","N","","","","","","","99","","00","","","","9","2","","03"
"2023013419","05","1","70 JEWETT CITY RD","","TAFTVILLE","CT","06380","BOB'S DISCOUNT FURNITURE, LLC","8005691284","","","","","","N","","","","","","","02","","00","","","","1","1","01326635","08"
"2023013419","05","1","2581 DOWING ST","","MELVINDALE","MI","481221905","ALAMRI TRANSPORT LLC","3132663728","","","","","","N","","","","","","","02","","00","","","","1","2","03728607","08"
"2023078467","02","1","11881 W 112TH STREET","","OVERLAND PARK","KS","662102717","7 SEAS INC","9136420351","","","","","","N","","","","","","","99","","00","","","","9","1","","03"
"2023074603","03","4","2516 STATE RT. 18","","WAMPUM","PA","16157","YPI TRUCKING LLC","7243029570","","","","","","N","","","","","","","99","","00","","","","9","1","","04"
"2023062250","03","5","40 MURDOCK ST","","CANNONSBURG","PA","15317","TURN KEY","7247456130","080000","","","","","N","","","","","","","99","","00","","","","9","2","02080596","04"
"2023026765","01","99","1 MELE PLACE","","BRADDOCK","PA","15104","MELE & MELE & SONC INC.","4123511234","","","","","","N","","","","","","","02","","00","","","","1","5","09999999","99"
"2023003958","03","4","5020 THOMAS RUN ROAD","","OAKDALE","PA","15071","INDEPENDANT EQUIPMENT TRANSFER","7243218978","","","","","","N","","","","","","","02","","00","","","","3","1","","04"
"2023107455","03","4","101 DUQUESNE BLVD","","DUQUESNE","PA","15110","COLE&COLE TRUCKING","7242086806","","","","","","N","","","","","","","99","A-8919980","00","","","","4","2","01669651","04"
"2023084816","03","1","7951 ETTWANDA AVE APT 9208","","RANCHO CUCAMONGA","CA","91739","KNIGHT CARRIER","3106698316","080000","","","","","N","","","","","","","01","","00","","","","1","1","03528731","08"
"2023057664","01","8","2235 BEAVER AVENUE","","PITTSBURGH","PA","15212","PORT AUTHORITY OF ALLEGHENY CO","4124422000","","","","","","N","","","","","","","","","00","","","","3","1","","13"
"2023103810","03","4","95 FARMERY LN.","","GLEN CAMPBELL","PA","15742","FARMERY TRUCKING LLC","8149520381","073280","","","","","N","","","","","","","99","","00","","","","2","2","02108005","04"
"2023117281","02","1","2013 NAOMI AVE","","GLASSPORT","PA","15045","STEPHEN BARRY & BRIT MILLER","4123609677","","","","","","N","","","","","","","99","","00","","","","9","1","","03"
"2023057156","03","1","366 HELEN ST","","MCKEES ROCKS","PA","15136","NORTHWEST EMBROOK INC DBA NORTHW","3307032957","","","","","","N","","","","","","","","","00","","","","9","3","","04"
"2023106367","05","3","906 INDIANTOWN RD","","SOMERSET","PA","15501","RON EL FARMS INC","9999999999","000080","","","","","N","","","","","","","02","","00","","","","9","1","01990678","08"
"2023075656","05","3","1 MELE PL","","BRADDOCK","PA","15104","MELE AND MELE AND SONS INC","4128124766","080000","","","","","N","","","","","","","02","","00","","","","1","1","02045293","08"
"2023040515","02","1","2175 GARDEN WAY","","FREEPORT","PA","16229","TODD A NUSSBAUMER","7244968595","","","","","","N","","","","","","","99","","00","","","","9","1","","03"
"2023040515","03","1","3000 GRAND AVE","","PITTSBURGH","PA","15225","THE HOLDEN CORPORATION","4126803403","","","","","","N","","","","","","","99","","00","","","","9","2","","04"
"2024002205","03","4","923 WEIMER LN","","SALTSBURG","PA","15681","TAYLOR SERVICES INC","7246393239","080000","","","","","N","","","","","","","99","","00","","","","2","5","00120871","04"
"2023044915","02","4","17592 ROUTE 322","","STRATTANVILLE","PA","16258","NEISWONGER CONSTRUCTION","8147643455","073280","","","","","N","","","","","","","99","","00","","","","9","1","01568557","03"
"2023041032","03","4","2 S LAFAYETTE ST","","NEW CASTLE","PA","16102","HARD ROCK PAVING AND SEALCOATING","7246540473","","","","","","N","","","","","","","02","","00","","","","4","1","03652940","04"
"2023041032","03","4","2 S LAFAYETTE ST","","NEW CASTLE","PA","16102","HARD ROCK PAVING AND SEALCOATING","7246540473","","","","","","N","","","","","","","02","","00","","","","4","2","03652940","04"
"2023002191","02","4","CO INC","545 FOREST AVE","CARNEGIE","PA","15106","LIBERTY FUEL & SUPPLY","4122767515","","","","","","","","","","","","","","","","","","","","1","02087740","03"
"2023069741","02","1","7708 FAWN CIRCLE","","COVINGTON","GA","30014","MCCULLUM","6014343910","066000","","","","","N","","","","","","Y","02","1557047","01","","","","9","1","04088635","03"
"2023095152","05","2","122 MARQUETTE ST","","LASALLE","IL","61301","REMURIATE TRANSPORT LLC","8152205050","033001","2","","","","Y","1","","","","","","02","","00","","","","1","1","03115846","08"
"2023095152","03","8","2235 BEAVER AVENUE","","PITTSBURGH","PA","15233","PORT AUTHORITY OF ALLEGHENY CO","4125665500","026001","","","","","N","","","","","","","02","A-00976060","00","","","","2","2","","13"
"2024009120","02","3","1200 RIVER RD","","MUNHALL","PA","15120","MACS AUTO SERVICE","4129838831","","","","","","N","","","","","","","99","","00","","","","9","3","","03"
"2023081029","02","8","5374 WILLIAM FLYNN HWY","","GIBSONIA","PA","15044","MONARCH STUDENT TRANSPORTATION","4128487077","","","","","","N","","","","","","","","","00","","","","9","2","","12"
"2023034210","02","8","1325 SCOTLAND AVENUE,EXT","","PUNXSUTAWNEY","PA","15767","KRISE TRANSPORTATION INC","9999999999","","","","","","N","","","","","","","99","","00","","","","9","1","","12"
"2023005788","05","1","3183 W 92ND STREET","","CLEVELAND","OH","44102","WORLD UNITED UNDER GOD TRANSPORT","2544059115","080000","","","","","N","","","","","","","01","","00","","","","1","2","02638632","08"
"2023051166","05","1","615 J B HUNT CORPORATE DRIVE","","LOWELL","AR","72745","J B HUNT TRANSPORT INC","4798200000","080000","","","","","N","","","","","","","","","00","","","","1","2","00080806","08"
"2023084705","02","98","305 DUNCAN WAY","","CARNEGIE","PA","15106","EAST CARNEGIE VOLUNTEER FIRE DEP","9999999999","","","","","","N","","","","","","","99","","00","","","","9","4","","03"
"2023029495","02","3","941 BERRY RD","","WASHINGTON","PA","15301","NICOLE HELEN HARVEY","7247104389","","","","","","N","","","","","","","99","","00","","","","9","1","","03"
"2023029495","05","0","68 DUMONT ST","","ROCHESTER","NY","14617","LEFT,SEAT,LOGISTICS,LLC","5854656538","080000","","","","","N","","","","","","","99","","00","","","","1","3","03817689","08"
"2023049468","02","3","157 RICHARD DRIVE","","ALIQUIPPA","PA","15001","HAYSLETTE","4129733282","","","","","","N","","","","","","","99","","00","","","","9","1","","03"
"2023013500","05","3","10531 HONEYTOWN RD","","CRESTON","OH","44217","WORKHORSE TRUCKING","3304653386","500000","","","","","N","","","","","","","99","19610","00","","","","9","1","02992242","08"
"2023014244","05","2","31618 MIDLAND TRAIL","","LOOKOUT","WV","258686210","BRANDY'S INC","3045742509","080000","3","","","","Y","1","","","","","","01","","00","","","","1","2","00267284","08"
"2023014244","05","2","666 GRAND AVE.","","DES MOINES","IA","50309","RUAN TRANSPORT CORPORATION","8667826669","080000","","","","","N","","","","","","","01","","00","","","","1","3","00055787","08"
"2023107992","02","1","1 READSHAW WAY","","PITTSBURGH","PA","15236","BALDWIN EMS","4128840666","","","","","","N","","","","","","","99","","00","","","","9","2","","03"
"2023059811","05","3","2345 FLETWOOD DR","","JURUPA VALLEY","CA","92509","SAMUEL SON & COLUSA INC","8007840242","023587","","","","","N","","","","","","","","","00","","","","1","2","03429517","08"
"2023076892","03","4","26 CORAOPOLIS ROAD","","CANONSBURG","PA","15108","NSL TRUCKING LLC","4126608843","","","","","","N","","","","","","","99","","00","","","","9","2","03257364","04"
"2023009893","05","1","8063 SOUTHERN BLVD","","YOUNGSTOWN","OH","44512","DSI BULK TRANSPORT CO INC","3302742888","","","","","","N","","","","","","","02","","00","","","","1","2","03509125","08"
"2023009893","05","2","4366 MT PLEASANT ST NW","","NORTH CANTON","OH","44720","ADANTAGE TANK LINES LLC","8009695419","080000","","","","","N","","","","","","","02","","00","","","","1","3","00469756","08"
"2023016309","01","98","1300 OLD POND ROAD","","BRIDGEVILLE","PA","15017","WAGNER DEVELOPMENT INC","7244921083","025999","","","","","N","","","","","","","01","","00","","","","4","3","02029510","05"
"2023030444","03","4","101 DUQUESNE BLVD","","PITTSBURGH","PA","15110","COLE & COLE TRUCKING","4126572978","","","","","","N","","","","","","","99","A-8919980","00","","","","9","1","01669651","04"
"2023030444","03","4","101 DUQUESNE BLVD","","PITTSBURGH","PA","15110","COLE & COLE TRUCKING","4126572978","","","","","","N","","","","","","","99","A-8919980","00","","","","9","3","01669651","04"
"2023018005","02","8","UNKNOWN","","UNKNOWN","ZZ","99999","UNKNOWN","9999999999","","","","","","N","","","","","","","99","","00","","","","9","4","","13"
"2023070274","03","3","2156 POOR RICHARDS LN","","PITTSBURGH","PA","15237","VERARDI LANDSCAPES LLC","4123133679","","","","","","N","","","","","","","99","","00","","","","9","1","","04"
"2023029212","02","3","300 FOX CHAPEL RD, APT 200","","PITTSBURGH","PA","15238","AZ ZYTNICK REALTY LL","4123316549","","","","","","N","","","","","","","99","","00","","","","9","1","99999999","02"
"2023077928","02","1","UNKNOWN","UNKNOWN","UNKNOWN","PA","99999","FEDEX","9999999999","","","","","","N","","","","","","","99","99999","00","","","","9","1","00099999","03"
"2023111423","02","3","350 W STATION SQUARE DR","","PITTSBURGH","PA","15219","INC GATEWAY CLIPPER","4128556998","","","","","","N","","","","","","","99","","00","","","","9","3","","03"
"2024009889","02","1","5020 THOMS RUN RD","","OAKDALE","PA","15071","INDEPENDANT EQUIPMENT INC","4122211994","025500","","","","","N","","","","","","","01","","00","","","","2","1","00479580","03"
"2023061664","03","4","202 EVERGLADE DR.","","PITTSBURGH","PA","15235","COLE & COLE TRUCKING LIC","4124278007","","","","","","N","","","","","","","99","","00","","","","9","2","01669651","04"
"2023047837","02","8","830 ROUTE 910","","CHESWICK","PA","15024","ABC TRANSIT INC","4128289000","026001","","","","","N","","","","","","","02","","00","","","","4","2","","12"
"2023092780","05","11","146 FERRY STREET","","NEWARK","NJ","07105","STATEWIDE CARRIERS LLC","9734123456","080000","","","","","N","","","","","","","01","","00","","","","1","1","01796889","08"
"2023084920","05","3","101 BATEMAN RD","","OAKDALE","PA","15071","SNM LOGISTICS LLC","4129234722","080000","","","","","N","","","","","","","99","","00","","","","1","1","09999999","08"
"2023074442","02","8","2235 BEAVER AVE","","PITTSBURGH","PA","15223","PORT AUTHORITY OF ALLEGHENY","4124422000","030000","","","","","N","","","","","","","02","A-00976060","00","","","","9","1","","13"
"2023113736","05","1","5650 WATTSBURG ROAD","","ERIE","PA","16509","MYWAY EXPRESS","8002891501","","","","","","","","","","","","","","","","","","","","1","00014251","08"
"2024000358","03","0","45908 ROSCOE RD","","SAINT CLAISVILLE","OA","43950","828 TRANSPORT INC","3302940777","016500","","","","","N","","","","","","","99","","00","","","","1","1","03466786","07"
"2024000358","05","1","3586 EAST WATERLOO RD","","AKRON","OH","44312","DP LINE LLC","3302940777","080000","","","","","N","","","","","","","02","","00","","","","1","2","00147842","08"
"2023062852","05","98","4024 PARK PLACE","","GLENSHAW","PA","15116","FRF HOLDINGS LLC","4128740053","080000","","","","","N","","","","","","","01","","00","","","","9","1","01413297","04"
"2023034433","02","1","711 WALNUT STREET","","MCKEESPORT","PA","15132","SUNRAY ELECTIRCAL SUPPLY CO","4126788826","","","","","","N","","","","","","","99","","00","","","","9","1","02387206","03"
"2023052245","03","3","11461 FOX CROSS ROAD BUILDING","","ASHLAND","VA","23005","FIRST CALL ENVIRONMENTAL LLC","8046597416","","","","","","N","","","","","","","99","","00","","","","9","1","","04"
"2023068103","03","1","302 SANDY HILL RD","","IRWIN","PA","15642","JOESPH ANTHONY SZALKAY","7249536585","","","","","","N","","","","","","","99","","00","","","","9","1","","04"
"2023053302","02","3","4250 OLD WILLIAM PENN H","","MONROEVILLE","PA","15146","D J M BUILDERS INC","4129131180","","","","","","N","","","","","","","99","","00","","","","9","2","","03"
"2023064260","03","2","236 FINLEY RD SUITE 16","","BELLE VERNON","PA","15012","CIFERNO CEMENT CONTRACTING LLC","7249290292","033001","","","","","N","","","","","","","99","A-8915667","00","","","","1","2","02196941","04"
"2023043794","03","0","2559 ROUTE 88","","FINLEYVILLE","PA","15332","W.G TOMKO","4123205853","000000","","","","","N","","","","","","","02","3651906","00","","","","1","2","00076090","07"
"2023067875","02","3","1074 PITTSBURGH RD","","VALENCIA","PA","16059","BIG JOE'S TOWING","7245024669","026000","","","","","N","","","","","","","99","","00","","","","2","1","21822547","03"
"2023050901","03","1","345 SIXTH AVENUE","","PITTSBURGH","PA","15222","PORT AUTHORITY OF ALLEGHENY COUN","4124222000","","","","","","N","","","","","","","99","A-00976060","00","","","","2","1","","04"
"2023043805","03","5","1236 CHARTIERS AVE","","MCKEES ROCKS","PA","15136","FRANK RYAN INC","4123811170","","","","","","N","","","","","","","99","","00","","","","9","1","01672873","04"
"2023031512","02","1","890 SAW MILL RUN BLVD","","BROOKLINE","PA","15226","RED WHITE & BLUE THRIFT STORE","9999999999","","","","","","N","","","","","","","99","","00","","","","9","2","","03"
"2023088329","02","3","2461 MCCLEARY DRIVE","","CHAMBERSBURG","PA","17201","JOEL ACOSTA URENA","7176609590","","","","","","N","","","","","","","99","","00","","","","9","1","","03"
"2023065521","03","1","761 BEV RD","","YOUNGSTOWN","OH","44512","KALEEL INC","3309784436","","","","","","N","","","","","","","99","","00","","","","9","1","","04"
"2023003980","02","3","600 COMMERCE DR","","MOON","PA","15108","GREATER PITTSBURGH DUMPSTER","7242181956","","","","","","","","","","","","","","","00","","","","1","1","00000000","03"
"2023083095","02","1","2 RUTGERS ROAD","","PITTSBURGH","PA","15205","MONTEVERDES PRODUCE","9999999999","","","","","","N","","","","","","","99","","00","","","","9","1","03784171","03"
"2023038908","03","4","325 MAXWELL","","PITTSBURGH","PA","15236","RADER LANDSCAPING AND CONSTRUCTI","4407497804","","","","","","N","","","","","","","99","","00","","","","9","1","","04"
"2023111387","04","7","1790 PITTSBURGH RD","","WALTERSBURG","PA","15488","FAYETTE WASTE","7244300100","000000","","","","","N","","","","","","","99","","00","","","","9","2","01404002","04"
"2023082365","02","0","2235 BEAVER AVENUE","","PITTSBURGH","PA","15233","PORT AUTHORITY OF ALLEGHENY CO","4124422000","041600","","","","","N","","","","","","","02","A-00976060","00","","","","2","2","","13"
"2023029670","99","1","13413 STATE RTE 422","","KITTANNING","PA","16201","MYERS BROTHERS LLC","4125956386","000000","","","","","N","","","","","","","99","","00","","","","9","1","00000099","02"
"2023077859","05","1","3200 INDUSTRIES ROAD","","RICHMOND","IN","47374","XPO LOGISTICS FREIGHT, INC","9999999999","080000","","","","","N","","","","","","","99","","00","","","","1","2","99999999","08"
"2023041270","05","1","15 27TH ST.","","PITTSBURGH","PA","15222","PITT OHIO EXPRESS LLC","8003667488","073280","","","","","N","","","","","","","01","","00","","","","1","1","00190180","06"
"2023041270","04","1","160 VELTRI DR.","","WASHINGTON","PA","15301","VELTRI TRUCKING INC.","7243500989","065000","","","","","N","","","","","","","01","","00","","","","1","2","01077151","06"
"2023044115","03","1","877 PERRY RD","","PLAINFIELD","IN","46168","EBY BROWN TRANSPORTATION LLC","8005538249","052000","","","","","N","","","","","","","02","","00","","","","1","2","01080997","04"
"2023074245","02","1","530 KEYSTONE DR","","WARRENDALE","PA","15086","MITSUBISHI ELECTRIC POWER PRODUC","4122259502","","","","","","","","","","","","","","","00","","","","9","1","00000000","02"
"2023077723","02","1","124 THOMAS CT","","FOMBELL","PA","16123","CONFER DELIVERY INC","7246017412","","","","","","N","","","","","","","99","","00","","","","9","2","","03"
"2023103887","03","7","200 RANGOS LANE","","WASHINGTON","PA","15301","WASTE MANAGEMENT OF PA","7246782713","073280","","","","","N","","","","","","","02","","00","","","","1","1","00344050","04"
"2023116993","02","1","2833 NEW BEAVER AVE","","PITTSBURGH","PA","15233","DUQUESNE LIGHT CO","9999999999","","","","","","N","","","","","","","99","","00","","","","9","2","","03"
"2023097202","02","3","10250 BUCHANNON RD","","PITTSBURGH","PA","15235","VIGLIOTTI LANDSCAPE & CONSTRUCT","4124259061","","","","","","N","","","","","","","99","","00","","","","9","2","","03"
"2023090500","03","3","195 WALTZ FLAT RD","","MADISON","PA","15663","REUSS INDUSTRIES","7249535122","026000","","","","","N","","","","","","","99","","00","","","","1","1","09999999","04"
"2023068179","03","7","234 LANDFILL RD","","SCOTTSDALE","PA","15683","REPUBLIC","7246404437","073280","","","","","N","","","","","","","","","00","","","","2","1","00960505","04"
"2023077255","05","1","1000 FEDEX DR","","PITTSBURGH","PA","15108","FEDEX","8004633339","052000","","","","","N","","","","","","","99","","00","","","","1","1","00265752","08"
"2023066904","02","8","345 6TH AVENUE","","PITTSBURGH","PA","15222","PORT AUTHORITY OF ALLEGHENY CO.","4124422000","026000","","","","","N","","","","","","","02","A-00976060","00","","","","2","2","","13"
"2023085447","02","7","526 CITY COUNTY BLDG,ROOM 526","","PITTSBURGH","PA","15219","EDWARD AZEEM JR","4129693313","","","","","","N","","","","","","","02","","00","","","","1","2","00999999","03"
"2023103859","05","1","48 THIRD ST","","SOUTH KEARNY","NJ","07032","JFL LEASING INC","7245311979","080000","","","","","N","","","","","","","99","UNKNOWN","00","","","","1","1","0UNKNOWN","08"
"2023036380","03","2","5231 IVY TECH DRIVE","","INDIANAPOLIS","IN","462680000","RELADYNE TRANSPORTATION LLC","7242907486","058400","","","","","N","","","","","","","99","A-8916566","00","","","","9","2","02511368","04"
"2023081682","02","1","5905 H GREEN POINTE DR S","","GROVEPORT","OH","43125","COLUMBUS COURIER AND FREIGHT","6144928221","025999","","","","","N","","","","","","","","","00","","","","1","1","01098487","03"
"2023045248","02","8","2235 BEAVER AVE","","PITTSBURGH","PA","15233","PORT AUTHORITY OF ALLEGHENY  CO","4124422000","","","","","","N","","","","","","","","A-00976060","00","","","","2","2","","13"
"2023033330","03","4","17TH &ARSENAL BLVD","","HARRISBURG","PA","17120","PENNDOT","4127813260","058400","","","","","N","","","","","","","99","","00","","","","9","2","","04"
"2023018026","02","8","737 EKASTOWN RD","","SARVER","PA","16055","ABC TRANSIT, INC","4124581500","010100","","","","","N","","","","","","","99","","00","","","","4","2","","10"
"2023011628","03","0","121 CHAMPION WAY STE 100","","CANONSBURG","PA","15317","COLUMBIA GAS OF PENNSYLVANIA","8884604332","","","","","","N","","","","","","","99","","00","","","","9","1","00085212","07"
"2023077751","02","1","150 ASPHALT LANE","","ADAMSBURG","PA","15134","SUN COACH LINES LLC","7243741020","","","","","","N","","","","","","","01","","00","","","","2","1","00185303","02"
"2023111649","02","1","301 FITZ HENRY RD","","SMITHTON","PA","15479","LEVIN TRUCKING","4126910415","026000","","","","","N","","","","","","","01","","00","","","","2","1","03437285","03"
"2023113446","05","3","102 DEKA RD","","LYONS","PA","19536","EAST PENN LOGISTICS LLC","6106823150","","","","","","N","","","","","","","01","","00","","","","1","1","02314788","08"
"2023113446","05","3","210 E OAK ST APT 4","","JUNEAU","WI","53039","TRIUMPH LOGISTICS","3129345054","080000","","","","","N","","","","","","","99","","00","","","","9","3","03337446","08"
"2023034026","05","1","27 EARLSBRIDGE BLVD","","BRAMPTON","ON","L7A2L8","QUBE LINEHAUL","7053917823","","","","","","N","","","","","","","99","","00","","","","9","1","03407770","08"
"2023034026","03","1","235 E. WATER STREET","","LOWELLVILLE","OH","44436","SET INC.","3305366724","","","","","","N","","","","","","","99","","00","","","","9","3","00630694","04"
"2023022397","02","4","5128 2ND AVE","","PITTSBURGH","PA","15207","FITZHENRY CONTRACTING LLC","4124963892","019500","","","","","N","","","","","","","01","","00","","","","2","1","03616368","03"
"2023083111","02","7","475 WEST NEWTON RD","","ELIZABETH","PA","15037","BIG'S SANITATION","7243794331","073280","","","","","N","","","","","","","99","","00","","","","9","1","02099338","03"
"2023088072","02","1","2001 WILLIAM FLYNN HIGHWAY","","GLENSHAW","PA","15116","HERC RENTALS","4126578961","022000","","","","","N","","","","","","","01","","00","","","","2","1","00372163","03"
"2024009061","03","4","101 DUQUESNE BLVD","","DUQUESNE","PA","15110","COLE AND COLE TRUCKING","9999999999","009999","","","","","N","","","","","","","99","999999999","00","","","","9","2","99999999","04"
"2023030320","02","1","930 CASS DRIVE","","NEW CASTLE","PA","16101","BRUCE& MERRILEES ELECTRIC CO","7249968503","","","","","","N","","","","","","","99","","00","","","","9","1","","03"
"2023030320","03","1","1604 EVANS AVE","","MCKEESPORT","PA","15132","MCKEESPORT AMB AUTHORITY / MCK","4126755076","","","","","","N","","","","","","","99","","00","","","","9","2","","04"
"2023091168","05","1","16 CROSS HILL RD","","AUGUSTA","ME","04332","BOB'S DISCOUNT FURNITURE LLC","8608593400","080000","","","","","N","","","","","","","02","","00","","","","9","2","01326635","08"
"2023016317","02","3","2457 WAVERLY ST","","PITTSBURGH","PA","15218","CULGAN TOWING","4122717160","019500","","","","","N","","","","","","","02","00122635","00","","","","9","2","00617730","03"
"2023067106","02","3","1000 GREGG ST","BLDG 14","CARNEGIE","PA","15106","ADVANTAGE INVESTMENTS INC","4125120188","","","","","","N","","","","","","","99","","00","","","","9","1","","03"
"2023039011","02","8","10 THOMAS STREET","","MCKEES ROCKS","PA","15136","W L ROENIGK","4123313974","","","","","","N","","","","","","","01","A110238","00","","","","4","2","00153855","12"
"2023085396","05","1","498 CHEMIN ROBERT","","BEDFORD","QC","JOJ1A","TRANSPORT SOUTH BEC EXPRESS INC","5149778792","080000","","","","","N","","","","","","","99","STSH52N3C","00","","","","9","1","49866296","08"
"2023101457","03","8","2235 BEAVER AVENUE","","PITTSBURGH","PA","15233","PORT AUTHORITY OF ALLEGHENY CO","4125665500","026000","","","","","N","","","","","","","","A-00976060","00","","","","2","1","","13"
"2023101457","02","1","573 BRADDOCK AVE","","EAST PITTSBURGH","PA","15112","PRN TRANSIT SERVICES","8008608222","014000","","","","","N","","","","","","","02","","00","","","","2","2","02432891","03"
"2023024668","02","3","414 GRANT ST","","PITTSBURGH","PA","15219","CITY OF PITTSBURGH","4127799773","","","","","","N","","","","","","","99","","00","","","","9","2","","03"
"2023113328","02","3","106 CEMETERY RD","","LATROBE","PA","15650","TUCKERS SEALCOATING","7244931472","","","","","","N","","","","","","","99","","00","","","","9","2","","03"
"2023084966","02","8","798 EKASTOWN ROAD","","SARVER","PA","160559724","ROENIGK, W.L. INC","7243531515","","","","","","N","","","","","","","99","A110238","00","","","","9","1","00153855","12"
"2023033058","04","4","839 ROBINSON HIGHWAY, P.O. BOX","","MCDONALD","PA","15057-0126","NORTHWEST AGGREGATE & LANDSCAPE","7247961558","073280","","","","","N","","","","","","","01","A-00122154","00","","","","9","1","00374398","04"
"2023033058","04","3","1500 3RD AVENUE","","NEW KENSINGTON","PA","15068","LIBERTY ROOFING CENTER PGH","7243374521","073280","","","","","N","","","","","","","01","","00","","","","9","2","00159462","09"
"2023075422","02","4","11 ROBINSON MANOR BLVD","","MCKEES ROCKS","PA","15136","COUNTRY CLUB GARDENS","4127886711","","","","","","N","","","","","","","99","","00","","","","1","2","01079161","03"
"2023105748","02","1","2727 N CENTERAL AVE 3 SOUTH","","PHOENIX","AZ","85036","UHAUL","4122762689","","","","","","N","","","","","","","99","","00","","","","9","1","","03"
"2023048580","05","0","700 S WAVERLY","","HOLLAND","MI","49423","USF HOLLAND LLC","9136166100","072000","","","","","N","","","","","","","","","00","","","","1","1","00075806","08"
"2023045302","03","1","PO BOX 791","","READING","PA","19603","PENSKE LEASING AND RENTAL CO","3047018484","","","","","","N","","","","","","","99","","00","","","","9","1","","04"
"2023062313","02","1","PO BOX 791","","READING","PA","19603","PENSKI LEASING AND RENTAL CO.","8782079592","","","","","","N","","","","","","","","","00","","","","4","1","00999999","02"
"2023054265","03","98","19820 N 7TH AVE STE 120","","PHOENIX","AZ","85027","NPL CONSTRUCTION CO","7248840029","070000","","","","","N","","","","","","","02","","00","","","","1","3","00116231","04"
"2023053470","02","3","110 MONTICELLO DR","","MONROEVILLE","PA","15146","VANCE A HALL","9999999999","","","","","","N","","","","","","","99","","00","","","","9","3","","03"
"2023090182","05","0","3147 W 169TH PL","","HAMMOND","IN","46323","UNITED PARCEL SERVICE","4124917470","080000","","","","","N","","","","","","","","","00","","","","1","2","00021800","08"
"2023003675","03","1","13413 ROUTE 22","","KITTANNING","PA","16201","MYERS BROTHERS","4124804507","","","","","","N","","","","","","","99","","00","","","","9","2","","04"
"2023077260","05","1","15120 E 127TH ST","","LEMONT","IL","60439","ASAP TRANS CORPORATION","7089498729","080000","","","","","N","","","","","","","02","","00","","","","1","1","02075148","08"
"2023043648","03","1","106 1ST ST","","BUTLER","PA","16001","BUTLER AMBULANCE SERVICE CO IN","7245049422","","","","","","N","","","","","","","99","","00","","","","9","2","","04"
"2023016980","03","4","457 DAVIDSON","","PITTSBURGH","PA","0","CALIBER LOGISTICS","7249192675","073280","","","","","N","","","","","","","99","0","00","","","","9","2","00000000","04"
"2023098613","05","98","69096 POWELL ROAD","","ARMADA","MI","48005","A&S SERVICES GROUP LLC","7177578037","080000","","","","","N","","","","","","","99","","00","","","","2","1","01880751","08"
"2023077285","02","3","1100 WILLIAM FLYNN HWY","","GLENSHAW","PA","15116","TRI STATE SWEEPING LLC","4122853055","","","","","","N","","","","","","","99","","00","","","","9","1","","03"
"2023077285","02","3","17TH & ARSENAL BLVD","","HARRISBURG","PA","17120","PENNDOT EQUIP 113-8097","9999999999","","","","","","N","","","","","","","02","","00","","","","9","2","","03"
"2023082098","02","3","776 SHADY DR E","","PITTSBURGH","PA","15228","PRIME LANDSCAPE LLC","4122164993","","","","","","N","","","","","","","99","","00","","","","9","2","","03"
"2023083228","03","4","309 LAUFFER LANE","","FREEPORT","PA","16229","IRON BRIDGE TRANSPORTATION LLC","7243532700","073280","","","","","N","","","","","","","99","","00","","","","9","1","00326961","04"
"2023043525","06","7","261 WALLACE RUN ROAD","","BEAVER FALLS","PA","15010","VALLEY WASTE SERVICE INC","7248439373","073280","","","","","N","","","","","","","02","","00","","","","1","2","00145652","04"
"2023048273","05","3","2358 MIDLAND BEAVER RD","","INDUSTRY","PA","15052","JIM MANSELL TRUCKING INC","7246434152","080000","","","","","N","","","","","","","99","","00","","","","9","2","00024484","08"
"2023031596","03","1","971 BRIARSDALE RD","","HARRISBURG","PA","17109","RYDER TRUCK RENTALS","4128721331","026000","","","","","N","","","","","","","01","","00","","","","2","1","00427365","04"
"2023064163","03","7","10 29 1/2 & AVRR","","PITTSBURGH","PA","15201","CITY OF PITTSBURGH EQUIPMENT","4122552594","","","","","","N","","","","","","","99","","00","","","","9","1","","04"
