"CRN","AXLE_CNT","CARGO_BD_TYPE","CARRIER_ADDR_1","CARRIER_ADDR_2","CARRIER_ADDR_CITY","CARRIER_ADDR_STATE","CARRIER_ADDR_ZIP","CARRIER_NM","CARRIER_TEL","GVWR","HAZMAT_CD1","HAZMAT_CD2","HAZMAT_CD3","HAZMAT_CD4","HAZMAT_IND","HAZMAT_REL_IND1","HAZMAT_REL_IND2","HAZMAT_REL_IND3","HAZMAT_REL_IND4","ICC_NUM","OSIZE_LOAD_IND","PERMITTED","PUC_NUM","SPECIAL_SIZING1","SPECIAL_SIZING2","SPECIAL_SIZING3","SPECIAL_SIZING4","TYPE_OF_CARRIER","UNIT_NUM","USDOT_NUM","VEH_CONFIG_CD"
"2009035455","05","1","13515 OYSTER RD","","ALLIANCE","OH","44601","KUNTZMAN TRUCKING INC","8003629779","080000","","","","","N","","","","","","N","","","","","","","","2","00120684","08"
"2009057075","03","2","243 MARSHALL RD","","MCDONALD","OH","44437","ENVIRONMENTAL SPECIALISTS INC","3305300700","000000","","","","","N","","","","","","N","","","","","","","","1","00557236","03"
"2009023494","03","4","16 JES LANE","","MCDONALD","PA","15057","JED SERVICES INC","4127715555","073280","","","","","N","","","","","","N","","","","","","","","1","00674081","04"
"2009012264","02","8","1850 GILL HALL RD","","FINLEYVILLE","PA","15332","MATTHEWS BUS CO","4123315009","","","","","","N","","","","","","N","","A-00400121","","","","","","2","12545654","11"
"2009001761","02","1","971 BRIARSDALE ROAD","","HARRISBURG","PA","17109","RYDER TRUCK RENTAL","4126508560","026000","","","","","N","","","","","","N","","","","","","","","2","00677753","03"
"2009058060","03","99","1200 PENN AVE","","PITTSBURGH","PA","15222","TRANSTAR INC","4124694560","056000","","","","","N","","","","","","N","","","","","","","","1","00403638","09"
"2009121226","99","1","174 ONEIDA VALLEY RD","","BUTLER","PA","16001","HUNTER LEASE INC 7","4128414934","026000","","","","","N","","","","","","N","","","","","","","","2","00439866","05"
"2009017281","02","1","ROUTE 2","PO BOX 2343","CLARKSBURG","WV","26302","CENTRAL VAN STORAGE OF CHARLESTO","7243501677","308600","","","","","N","","","","","000011266","N","","A-00121979","","","","","","2","01243887","03"
"2009050415","05","1","ONE VALLEY DRIVE","","ASHLAND","OH","44805","VALLEY TRANSPORTATION","8002759807","080000","","","","","N","","","","","","N","","","","","","","","1","00265292","08"
"2009035648","02","8","1380 PITTSBURGH","","VALENCIA","PA","16059","MONARK STUDENT TRANSPORTATION","0000000000","000000","","","","","N","","","","","","N","","","","","","","","2","","11"
"2009043833","04","7","310 LEGER ROAD","","N HUNTINGDON","PA","15642","WASTE MANAGEMENT","7248646476","073280","","","","","N","","","","","","N","","","","","","","","1","00344050","04"
"2009043833","02","7","310 LEGER ROAD","","N HUNTINGDON","PA","15642","WASTE MANAGEMENT","7248646476","033000","","","","","N","","","","","","N","","","","","","","","2","00344050","03"
"2009043833","02","1","200 SCHOOL ROAD","","PITTSBURGH","PA","15239","PLUM BOROUGH SCHOOL DISTRICT","4127953600","014050","","","","","N","","","","","","N","","","","","","","","3","","03"
"2009110379","02","8","8 RIVER ROAD","","MCKEES ROCKS","PA","15136","COMMUNITY TRANSPORT INC","9999999999","999999","","","","","N","","","","","","N","","","","","","","","2","","11"
"2009069031","05","99","448 2ND S MILL","PO BOX 314","WEST ELIZABETH","PA","15088","RICHARD J GECSER JR & BETHEL MET","4123846090","080000","","","","","N","","","","","","N","","","","","","","","2","01618564","06"
"2009055659","04","8","350 NORTH SAINT PAUL ST","","DALLAS","TX","75201","GREYHOUND LINES INC","8004876996","050000","","","","","N","","","","","","N","","","","","","","","2","00044110","11"
"2009117235","02","8","345 6TH AVE","3RD FLOOR","PITTSBURGH","PA","15222","PORT AUTHORITY OF ALLEGHENY CO.","4124422000","","","","","","N","","","","","","N","","A-00976060","","","","","","1","","11"
"2009090379","05","99","575 MOUNTAIN AVE","1045 HARDING CT IND IN","MURRY HILL","NJ","07974","LINDE GAS","3043871029","999999","0","","","","Y","1","","","","A-0099999","N","","A-00999999","","","","","","2","00117394","08"
"2009072902","04","2","213 EXECUTIVE DR","SUITE 300","CRANBERRY TWP","PA","16066","KOZIK BROTHERS INCE","7243217738","080000","","","","","N","","","","","","N","","","","","","","","1","00595946","06"
"2009033352","02","3","550 FIFTH STREET EXT.","","TRAFFORD","PA","15085","GELCO CORP","4123721219","026000","","","","","N","","","","","","N","","","","","","","","1","00648072","03"
"2009040632","02","8","5374 WILLIAM FLYNN HWY.","","GIBSONIA","PA","15044","MONARK STUDENT TRANSPORTATION CO","7244447766","","","","","","N","","","","","","N","","","","","","","","1","","11"
"2009092392","03","1","5201 W. 84TH ST.","","INDIANAPOLIS","IN","46268","GLOBAL RENTAL CO., INC","8004456295","999999","","","","","N","","","","","","N","","","","","","","","1","00431144","04"
"2009061906","04","8","345 SIXTH AVE","","PITTSBURGH","PA","15222","PORT AUTHORITY OF ALLEGHENY","4124422000","999999","","","","","N","","","","","","N","","A-00976060","","","","","","3","","11"
"2009020149","06","1","PO BOX 95002","","LAKELAND","FL","33804","FEDEX NATIONAL LTL INC","8004564545","080000","","","","","N","","","","","","N","","","","","","","","1","01535278","08"
"2010000442","05","1","2742 WAYNE HAVEN ST.","","FORT WAYNE","IN","46803","FED-EX GROUND PACKAGING SYSTEM I","8003116386","080000","","","","","N","","","","","","N","","","","","","","","1","00265752","08"
"2010030114","05","3","606 HARGROVE ST","","PITTSBURGH","PA","15226","CASTRIOTA METALS","4125715700","080000","","","","","N","","","","","","N","","","","","","","","2","00939551","06"
"2009040619","02","99","10990 ROE AVE","","OVELAND PARK","KS","66211","YELLOW FREIGHT","8009340204","008000","","","","","N","","","","","","N","","","","","","","","1","00071821","06"
"2009133314","03","4","2930 DUSS AVE","","AMBRIDGE","PA","15003","MYG ENTERPRISES INC DBA DIAMOND","0000000000","073280","","","","","N","","","","","","N","","A-00988888","","","","","","2","","05"
"2009035373","02","8","345 6TH AVENUE","3RD FLR","PITTSBURGH","PA","15222","PORT AUTHORITY OF ALLEGHENY CO","4124422000","","","","","","N","","","","","","N","","A-00976060","","","","","","1","","11"
"2009023428","02","3","962 9TH AVE","","BRACKENRIDGE","PA","15014","TERRYS SERVICE","7242245588","","","","","","N","","","","","","N","","","","","","","","1","00653019","03"
"2009046372","02","4","230 STATE AVE","","ELLWOOD CITY","PA","16117","LEWIS TRANSFER","7243332295","080000","","","","","N","","","","","000174698","N","","A-00120067","","","","","","2","","08"
"2009016046","03","7","2197 DUSS AVENUE","","AMBRIDGE","PA","15003","WASTE MANAGEMENT OF PENNSYLVANIA","8885382229","073280","","","","","N","","","","","","N","","","","","","","","2","00344050","04"
"2009096173","03","99","200 HOLLEDER PKWY","","ROCHESTER","NY","14615","MONROE MUFFLER BRAKE","5856476400","006000","","","","","N","","","","","","N","","","","","","","","2","00315484","08"
"2009070914","02","8","345 SIXTH AVE","","PGH","PA","15222","PORT AUTHORITY","4122377000","","","","","","N","","","","","","N","","A-00976060","","","","","","1","","11"
"2009004704","05","99","UNKNOWN","","UNKNOWN","ZZ","99999","UNKNOWN","9999999999","080000","","","","","N","","","","","","N","","","","","","","","2","00999999","08"
"2009082132","05","2","STATE RT 7 SOUTH","","MARIETTA","OH","45750","MID OHIO VALLEY BULK TRANSPORT","3304356882","080000","4","","","","Y","1","","","","","N","","","","","","","","3","00130576","08"
"2009119831","04","7","3000 LEBANON CHURCH RD","","WEST MIFFLIN","PA","15122","WEST MIFFLIN BOROUGH","4124668170","064000","","","","","N","","","","","","N","","","","","","","","5","","04"
"2009039434","02","1","798 EKASTOWN RD","","SARVER","PA","16055","WL ROENIGK INC","7243531515","","","","","","N","","","","","000119815","N","","A-00110238","","","","","","2","","02"
"2009059192","02","8","345 6TH AVE","","PITTSBURGH","PA","152222527","PORTAUTHORITY","4124422000","","","","","","N","","","","","","N","","A-00976060","","","","","","1","","11"
"2009117225","02","4","9000 MIDATLANTIC DRIVE","","MT LAUREL","PA","08054","ARI FLEET LT","4129978790","012000","","","","","N","","","","","000099999","N","","","","","","","","2","00099999","03"
"2009013117","05","3","31901 HWY 97","","TONASKET","WA","98855","CARROLL WEBER JR.","5094862849","080000","","","","","N","","","","","","N","","","","","","","","2","01343828","08"
"2009082240","05","99","8271 BROCK BRIDGE RD","","LAUREL","MD","20724","JOHN RITTER TRUCKING, INC.","4108804333","","","","","","N","","","","","000999999","N","","A-00999999","","","","","","2","00006903","06"
"2009053018","05","0","116 JASMINE","","NEWPORT","TN","37821","RENNER TRUCKING","4236232480","080000","","","","","N","","","","","","N","","","","","","","","1","00693334","06"
"2009112763","02","99","526 CITY COUNTY BUILDIN","","PIITTSBURGH","PA","15219","CITY OF PITTSBURGH EQUIP LEASING","4122552369","","","","","","N","","","","","","N","","","","","","","","1","","98"
"2009016630","99","99","100 SKY LANE LANE BOX 6","","RUSSELTON","PA","15076","JOSEPH B FAY COMPANY","9999999999","999999","","","","","N","","","","","","N","","","","","","","","2","","98"
"2009117960","01","6","1825 LIVERPOOL STREET","","PITTSBURGH","PA","15233","YELLOW CAB COMPANY OF PITTSBURGH","4123218100","","","","","","N","","","","","","N","","A-00049926","","","","","","1","","00"
"2009032239","02","8","1820 MCLAUGHLIN RUN RD","","PITTSBURGH","PA","15241","UPPER ST CLAIR SCHOOL DISTRICT","4128331600","","","","","","N","","","","","","N","","","","","","","","2","","11"
"2009133769","05","1","1020 SUGAR LANE","","PALESTINE","TX","758010000","KENCO","5122760250","","","","","","N","","","","","","N","","","","","","","","1","00855430","06"
"2009106766","05","1","163 ROSE RD","","BOSWELL","PA","15531","WILLIAM KENNEDY","8146598686","080000","","","","","N","","","","","","N","","","","","","","","1","01223641","08"
"2009099756","05","1","400 MILEY RD","","NORTH LIMA","OH","44452","B AND T EXPRESS","0000000000","080000","","","","","N","","","","","000194598","U","","","","","","","","2","00285442","08"
"2009090916","03","1","200 HUNT VALLEY RD","","NEW KENSINGTON","PA","15068","SWANK ASSOC COMPANY","7243356000","017840","","","","","N","","","","","999999999","N","","","","","","","","1","99999999","06"
"2009010089","03","8","BEAVER & ISLAND AVE","","PITTSBURGH","PA","15233","PORT AUTHORITY OF ALLEGHENY CO","4122551385","","","","","","","","","","","","N","","A-00976060","","","","","","2","","11"
"2009075029","02","8","2235 BEAVER AVE.","","PITTSBURGH","PA","15233","PORT AUTHORITY OF ALLEGHENY CO.","4124422000","000000","","","","","N","","","","","","N","","A-00976060","","","","","","1","","11"
"2009075357","04","4","120 RUSSEL ROAD","","FENELTON","PA","16034","HAY PHIL AND SONS INC","7248165458","073280","","","","","N","","","","","","N","","","","","","","","1","01065045","04"
"2009109468","05","3","401 N. 16TH STREET","","LAPORTE","TX","77571","MAXIM CRANE WORKS","8002726378","020000","","","","","N","","","","","","N","","","","","","","","2","00343050","08"
"2009118086","05","3","2266 HWY B PO BX 317","","EDEN","WI","53019","TTI INC","8005582664","080000","","","","","N","","","","","","N","","","","","","","","1","00353550","08"
"2009127842","03","4","1019 US RTE 30 WEST","","IMPERIAL","PA","15126","EMPIRE ENVIROMENTAL","7246950629","073280","","","","","N","","","","","","N","","","","","","","","2","00455796","04"
"2009055420","02","8","345 SIXTH AVE.","","PITTSBURGH","PA","152222527","PORT AUTHORITY ALLEGHENY CO.","4124422000","039000","","","","","N","","","","","","N","","","","","","","","1","","11"
"2009064102","02","1","9000 MIDLANTIC DR.","","MT. LAUREL","NJ","08054","FEDERAL EXPRESS","4127990940","","","","","","N","","","","","","N","","","","","","","","3","00265752","00"
"2009069976","02","3","1623 MIDDLE RD EXT","","GIBSONIA","PA","15044","BETH'S BARRICADES","4125591396","026000","","","","","N","","","","","","N","","","","","","","","2","00000000","06"
"2009073446","05","1","2250 INDUSTRIAL DR.","","CONNELLSVILLE","PA","15425","PLEASANT TRUCKING INC.","7246260912","080000","","","","","N","","","","","000274292","N","","A-00108637","","","","","","3","00274292","08"
"2009010638","04","4","105 N. 4TH STREET","","INDIANA","PA","15701","HELEN BARCLAY","7242483474","073280","","","","","N","","","","","","N","","A-00119389","","","","","","2","","04"
"2009116277","02","3","2117 LINCOLN BLVD","","ELIZABETH","PA","15037","CHIZ BROS","4123845220","","","","","","N","","","","","","N","","","","","","","","1","","03"
"2009115342","02","8","200 HAHN RD","","PITTSBURGH","PA","15209","FIRST STUDENT","5132412200","","","","","","N","","","","","","N","","","","","","","","1","","11"
"2009053763","02","1","3939 WILLIAM PENN HWY","","PITTSBURGH","PA","15146","PENSKE TRUCK RENTAL","4127318559","018000","","","","","N","","","","","","N","","","","","","","","2","00327574","03"
"2009095050","03","6","47 MAIN ST","PO BOX 212","CLARKSVILLE","PA","15322","MC AUTOWORKS","7243770111","052000","","","","","N","","","","","","N","","","","","","","","1","T1295593","04"
"2009037950","04","7","2197 DUSS AVE.","","AMBRIDGE","PA","15003","WASTE MANAGEMENT","7242662604","058500","","","","","N","","","","","","N","","","","","","","","2","00344050","04"
"2009118576","05","99","5200 STICKNEY AVE","","TOLEDO","OH","43612","ECM TRANSPORT LLC","7243398800","080000","","","","","N","","","","","0MC209658","N","","A-00109321","","","","","","1","00317494","06"
"2009112986","99","99","305 MICRO DR","","JONESTOWN","PA","17038","PPC LUBRICANTS INC","9999999999","999999","","","","","N","","","","","","N","","","","","","","","2","","98"
"2009051279","02","8","1061 MAIN ST.","","N. HUNTINGDON","PA","15642","LAIDLAW TRANSIT INC.","4127939600","","","","","","N","","","","","","N","","A-00108982","","","","","","2","00711716","10"
"2009120932","05","99","PO BOX 188","","MONACA","PA","15061","SOUTHERN PINES TRUCKING","8003771049","080000","","","","","N","","","","","","N","","A-00001126","","","","","","1","00998722","08"
"2009017460","05","2","10134 MOSTELLER LN","","WEST CHESTER","OH","45069","M C TANK TRANSPORTATION","8008968265","800000","","","","","N","","","","","","N","","A-00111709","","","","","","2","00081405","08"
"2009094903","05","3","1500 TRUMBULL ROAD","","GIRARD","OH","44420","AIM LEASING CO","3307590438","080000","","","","","N","","","","","","N","","","","","","","","1","00877115","08"
"2009074826","05","1","6448 GANO RD","","WEST CHESTER","OH","45069","VENDORS SUPPLY CO INC","5137552111","033001","","","","","N","","","","","","N","","","","","","","","1","00112613","08"
"2009082908","05","99","27457 ROYALTON ROAD","","COLUMBIA STATION","OH","440280000","M AND B TRUCKING EXPRESS CORP","4402368820","","","","","","N","","","","","","N","","","","","","","","1","","08"
"2009085306","02","8","2235 BEAVER AVENUE","","PITTSBURGH","PA","15233","PORT AUTHORITY OF ALLEGHEY CO","4124422000","","","","","","N","","","","","","N","","A-00976060","","","","","","2","","11"
"2009097629","02","4","200 HUNT VALLEY RD","","NEW KENSINGTON","PA","15068","SWANK ASSOCIATED","7243356000","033200","","","","","N","","","","","","N","","","","","","","","2","00304915","03"
"2009103386","01","1","5711 RESEARCH DR","","CANTON","MI","48188","ADVANCED COMMUNICATIONS INC","4128124428","005000","","","","","N","","","","","A00009999","N","","","","","","","","1","","09"
"2009045192","03","99","9400 NW 10TH ST.","","OKLAHOMA CITY","OK","73127","SWIFT LEASING CO.INC.","9999999999","080000","","","","","N","","","","","","N","","","","","","","","2","00054283","04"
"2009104601","02","3","221 CURRY HOLLOW RD","","PITTSBURGH","PA","15236","HADDADS INC","4126558822","026000","","","","","N","","","","","","N","","","","","","","","1","00057395","03"
"2009086748","05","1","26178 B DRIVE N","","ALBION","MI","49224","CONTINENTAL CARBONIC","5176300486","080000","","","","","N","","","","","","N","","","","","","","","2","00327574","08"
"2009077562","02","1","8375 ARDWICK ARDMORE","","LANDOVER","MD","20785","UPS","4123203064","015500","","","","","N","","","","","","N","","","","","","","","2","00021800","06"
"2009112771","05","1","10821 WESTERN AVE","","CLEVELAND","OH","46871","DAIRYMENS TRANSPORT","8009442301","","","","","","N","","","","","","N","","","","","","","","3","00468710","06"
"2009080186","05","1","1917 KRUMROY RD","","AKRON","OH","44312","BLOCKSON,DONNY J DBA PRO TECH EX","9999999999","080000","","","","","N","","","","","000430939","N","","","","","","","","1","01025328","08"
"2009075487","02","8","345 6TH AVE","","PITTSBURGH","PA","152222527","PORT AUTHORITY OF ALLEGEHY COUNT","4125665500","","","","","","N","","","","","","N","","A-00976060","","","","","","1","","11"
"2009075776","08","1","PO BOX 1216","","RICHMOND","VA","232181216","UPS GROUND FRIEGHT INC","8042318000","072000","","","","","N","","","","","","N","","","","","","","","1","00121058","08"
"2009087173","02","1","2617 MANNING STREET","","AMBRIDGE","PA","15003","PITT EXPRESS INCORPORATED","4122622380","","","","","","N","","","","","","N","","","","","","","","1","","03"
"2009057945","05","1","1255 SPANGLER ROAD","P.O. BOX 1739","FAIRBORN","OH","45324","PARISI TRANSPORTATION","9378785240","080000","","","","","N","","","","","000327574","N","","","","","","","","2","00327574","06"
"2009122617","02","1","560 HORNING RD","","BETHEL PARK","PA","15102","PENNSYLVANIA AMERICAN WATER","4128547607","025200","","","","","N","","","","","","N","","","","","","","","2","00060506","05"
"2009122617","02","99","119 N. WATER ST","","WEST NEWTON","PA","15089","HEATH CONSULTANTS","7246407256","005000","","","","","N","","","","","","N","","","","","","","","3","00006094","02"
"2009025774","02","8","1720 WNORTH AVE","","PITTSBURGH","PA","15212","LAIDLAW TRANSIT INC","4123224449","950000","","","","","N","","","","","000236302","N","","","","","","","","2","","10"
"2009025774","02","8","1720 W NORTH AVE","","PITTSBURGH","PA","15212","LAIDLAW TRANSIT INC","4123224449","460000","","","","","N","","","","","000941128","N","","","","","","","","3","","10"
"2009069032","06","2","5515 W SMITHFIELD ST","","MCKEESPORT","PA","15135","MON VALLEY PETROLEUM CO","4127515265","006000","","","","","N","","","","","","N","","","","","","","","1","00276134","06"
"2009111976","04","99","3147 W 169TH. STREET","","HAMMOND","IN","46323","UNITED PARCEL SERVICE","7242193647","072000","","","","","","","","","","","N","","","","","","","","2","00021800","08"
"2009062417","02","1","999","","999999","ZZ","99999","U-HAUL","9999999999","","","","","","N","","","","","","U","","","","","","","","1","99999999","03"
"2009103129","05","3","RT 38 AND SANDY POINT R","","EAU CLAIRE","PA","16030","GARDENSCAPE TRANSPORT INC","7242902486","080000","3","","","","Y","2","","","","","N","","A-00112675","","","","","","1","00427659","08"
"2009034791","99","0","1850 FORBES AVENUE","","PITTSBURGH","PA","15219","STUCKERTS TOWING","9999999999","025500","","","","","","","","","","","U","","","","","","","","1","","05"
"2009102844","02","8","345 6TH AVE 3RD FLR","","PITTSBURGH","PA","15108","PORT AUTHORITY OF ALLEGHENY CO","4125665500","","","","","","N","","","","","","N","","A-00976060","","","","","","1","","11"
"2009083317","05","1","UNK","","UNK","ZZ","99999","UNKNOWN","9999999999","","","","","","N","","","","","","N","","","","","","","","1","","08"
"2009108761","02","4","4859 STATE RT 51","","BELLE VERNON","PA","15012","BIG'S SANITATION INC.","7243794331","070000","","","","","N","","","","","","N","","","","","","","","2","01339470","05"
"2009014397","02","8","345 SIXTH AVE 3RD FL","","PITTSBURGH","PA","152222527","PORT AUTHORITY OF ALLEGHENY CO","4125665500","","","","","","N","","","","","","N","","A-00976060","","","","","","3","","11"
"2009102503","05","1","1460 GREENSBURGH ROAD","","NEW KENSINGTON","PA","15068","ECM TRANSPORT","8005487379","080000","","","","","N","","","","","","N","","","","","","","","2","00317494","08"
"2009026893","02","8","330 LINDEN ST","","MCKEES ROCK","PA","15136","PAUL BROWN PROFFESSIONAL LIMO","4123381414","999999","","","","","","","","","","","N","","A-00117049","","","","","","2","","11"
"2009094139","02","8","345 SIXTH AVE.","","PITTSBURGH","PA","152222527","PORT AUTHORITY OF ALLEGHENY CO.","4124422000","039000","","","","","N","","","","","","N","","","","","","","","1","","11"
"2009069163","03","7","310 LEGER RD.","","N. HUNTINGTON","PA","15642","WASTE MANAGEMENT","7248646475","026001","","","","","N","","","","","","N","","","","","","","","2","00344050","04"
"2009019678","05","3","100A STREET","","PITTSBURGH","PA","15235","HARCHELROAD TRUCKING","4127931396","080000","","","","","N","","","","","000004428","N","","","","","","","","1","00051815","08"
"2009019678","02","3","1214 FREEDOM ROAD","","CRANBERRY TWP.","PA","16066","FERGUSON ENTERPRISES","7247422522","019500","","","","","N","","","","","","N","","","","","","","","3","00282018","03"
"2009032742","02","7","310 LEGER RD","","IRWIN","PA","15642","WAISTE MANAGEMENT OF PA INC","7248646476","000000","","","","","N","","","","","","N","","","","","","","","2","09999999","03"
"2009102827","02","8","415 REBECCA ST","","MCKEESPORT","PA","15132","PENNSYLVANIA COACH LINES","9999999999","999999","","","","","N","","","","","","N","","","","","","","","1","","11"
"2009056122","02","8","345 6TH AVE","3RD FLR","PITTSBURGH","PA","152222527","PORT AUTHORITY OF ALLEGHENY COUN","4125665500","","","","","","N","","","","","","N","","A-00976060","","","","","","1","","11"
"2009085011","02","0","1825 LIVERPOOL ST","","PITTSBURGH","PA","15233","TRANSPORTATION/PEOPLES CAB","4124415334","","","","","","N","","","","","","N","","A-00120860","","","","","","1","","02"
"2009066102","02","1","PO BOX 21508","","PHOENIX","AZ","850361508","U HAUL","8007893638","019900","","","","","N","","","","","","N","","","","","","","","2","","03"
"2009122562","02","1","7839 ENTERPRISE DRIVE","","MENTOR","OH","44060","EUCLID FISH COMPANY","4409510448","025950","","","","","N","","","","","","N","","","","","","","","2","00209939","03"
"2009098470","05","1","P.O. BOX 506","","KEARNY","NJ","07032","LOUIS J KENNEDY TRUCKING CO","8775387712","008000","","","","","N","","","","","","N","","","","","","","","1","00024370","08"
"2009066258","03","4","115 3RD ST.","","LEETSDALE","PA","15056","LATIMORE TRUCKING","7242510120","026000","","","","","N","","","","","","N","","","","","","","","1","00599090","04"
"2009096142","02","3","121 SQUAW RUN RD","","PITTSBURGH","PA","15238","CILENTI CONSTRUCTION CO.","4127824964","022800","","","","","N","","","","","","N","","","","","","","","1","","03"
"2009096142","02","4","121 SQUAW RUN RD","","PITTSBURGH","PA","15238","CILENTI CONSTRUCTION CO.","4127824964","068000","","","","","N","","","","","","N","","","","","","","","2","","03"
"2009068298","99","99","5 SOLLY LANE","","BERNVILLE","PA","19506","JEFFERSON TOWNSHIP","9999999999","999999","","","","","N","","","","","","N","","","","","","","","2","","98"
"2009020626","03","1","55 1/2 COLBORNE ST.","","LINDSAY","ON","K9V1K6","G.L. GIBBONS TRAILER DELIVERY SE","8005656147","080000","","","","","N","","","","","","N","","","","","","","","1","00464143","08"
"2009016057","03","1","PO BOX 5010","","FREEHOLD","NJ","07728","FCI TRANSPORT INC.","7324621001","080000","6","","","","Y","1","","","","","N","","","","","","","","1","00190713","08"
"2009070412","05","1","5250 OLD MAVMEC RD","","FORT WAYNE","IN","46803","PENSKE INC.,","8566298226","080000","","","","","N","","","","","","N","","","","","","","","2","00327574","08"
"2009031065","05","3","908 CROADWAY ST.","","MASURY","OH","44438","PI & I EXPRESS","3304484035","080000","","","","","N","","","","","","N","","","","","","","","1","00122443","08"
"2009025770","02","8","UNKNOWN","","VALENCIA","PA","16059","MONARK STUDENT TRASPORT","9999999999","999999","","","","","N","","","","","","N","","","","","","","","1","","11"
"2009034788","03","0","286 WINFIELD TERRACE","","MISSISSAUGA","ON","99999","AST LOGISTICS INC","9055078005","295000","","","","","N","","","","","000566482","N","","","","","","","","2","01511888","08"
"2009060351","03","4","2930 DUSS AVE","","AMBRIDGE","PA","15003","MYG ENTERPRISE INC DBA DIAMON","7245131965","","","","","","N","","","","","","N","","","","","","","","1","01587911","04"
"2009093197","99","99","9000 MIDLANTIC DR","","MOUNT LAUREL","PA","08054","FEDERAL EXPRESS CORP","9999999999","999999","","","","","N","","","","","","N","","","","","","","","2","","98"
"2009019319","02","3","7740 N 900","","E MONTOMERY","IN","47558","GSG TRUCKING INC","8126367355","080000","","","","","N","","","","","","N","","","","","","","","1","00694890","08"
"2009088446","99","99","CITY COUNTY BUILDING","","PITTSBURGH","PA","15219","CITY OF PITTSBURGH","9999999999","999999","","","","","N","","","","","","N","","","","","","","","1","","98"
"2009044553","02","3","3903 HOMESTEAD DUQ ROAD","","WEST MIFFLIN","PA","15122","CARLS TREE SERVICE","4124663539","","","","","","N","","","","","","N","","","","","","","","1","","09"
"2009043613","01","8","1920 FORBES AVE","","PITTSBURGH","PA","15219","TRANSPORTATION SOLUTIONS","4124522790","","","","","","N","","","","","","N","","A-00123482","","","","","","1","","10"
"2009129412","04","99","3108 INDUSTRIAL PARK RD","","VAN BUREN","AR","72956","USA TRUCKING","8008728782","","","","","","N","","","","","","N","","","","","","","","1","00213754","06"
"2009127878","07","99","523 BINGHAM ST.","","PITTSBURGH","PA","15203","APPLIANCE WAREHOUSE","4123818800","080000","","","","","N","","","","","000376277","N","","","","","","","","1","00588938","08"
"2009080974","02","8","2235 BEAVER AVENUE","","PITTSBURGH","PA","15233","PORT AUTHORITY","4124422000","","","","","","N","","","","","","N","","A-00976060","","","","","","1","","11"
"2009110345","99","99","5 COMMERCE DRIVE","","PITTSBURGH","PA","15239","FEDERAL EXPRESS CORPORATION","9999999999","999999","","","","","N","","","","","","N","","","","","","","","1","","98"
"2009012234","02","4","526 CITY COUNTY BLDG","","PITTSBURGH","PA","15219","CITY OF PITTSBURGH","4122552790","260000","","","","","N","","","","","","N","","","","","","","","2","","99"
"2009091422","03","3","PO BOX 448","","CARNEGIE","PA","15106","BROWNING FERRIS INDUSTRIES","4124292600","000000","","","","","N","","","","","","N","","","","","","","","2","00962087","04"
"2009125307","04","1","1416 E 46TH ST","","TACOMA","WA","98404","AMA EXPRESS LLC","2532691253","","","","","","N","","","","","","U","","","","","","","","2","01636299","08"
"2009031442","02","8","701 FLAUGHERTY RUN RD","","CORAOPOLIS","PA","15108","AMERICA IMPORTS LLC","9999999999","999999","","","","","N","","","","","","N","","","","","","","","2","","11"
"2009026845","03","1","1920 S SR3","","RUSHVILLE","IN","46173","FRALEYTSCHILLING INC","8003389023","800000","","","","","","","","","","","U","","","","","","","","2","","08"
"2009043038","03","3","5800 WEST CANAL RD","","VALLEY VIEW","OH","44125","PREMIER TRUCK SALES","2164074411","999999","","","","","N","","","","","999999999","N","","A-00999999","","","","","","2","99999999","04"
"2009049688","05","99","301 FITZ HENRY ROAD","","SMITHTON","PA","15479","LF TRUCKING INC","7248722050","080000","","","","","N","","","","","","U","","","","","","","","1","01601728","08"
"2009000034","02","8","345 SIXTH AVE","","PITTSBURGH","PA","152222527","PORT AUTHORITY ALLEGHENY COUNTY","4124422000","039000","","","","","N","","","","","","N","","A-00976060","","","","","","1","","11"
"2009110104","04","2","1967 SAXONBURGH BLVD","","CURTISVILLE","PA","15032","GLASSMERE FUEL SERVICE","8002359054","","","","","","N","","","","","009541423","N","","A-00114860","","","","","","1","00276273","08"
"2009084003","02","8","345 6TH AVE 3RD FLOOR","","PITTSBURGH","PA","152222527","PORT AUTHORITY ALLEGHENY COUNTY","4124422000","","","","","","N","","","","","","N","","A-00976060","","","","","","2","","11"
"2009117565","05","4","5720 SCHAFF ROAD","","INDEPENDENCE","OH","44130","INDEPENDENCE EXCAVATING CO","2165241700","067500","","","","","N","","","","","","N","","A-00682400","","","","","","1","","04"
"2009033257","02","8","309 COLLINS DRIVE","","PITTSBURGH","PA","15235","PENN HILLS SCHOOL DISTRICT","4127937000","","","","","","N","","","","","","N","","","","","","","","1","","11"
"2009059808","02","8","345 6TH AVE.","","PGH.","PA","152222527","PORT AUTHORITY ALLEGHENY CO.","4125665500","026000","","","","","N","","","","","","N","","A-00976060","","","","","","2","","11"
"2009005586","02","1","1140 THORN RUN","","MOON TOWNSHIP","PA","15108","US POSTAL SERVICE","4122644629","999999","","","","","N","","","","","","N","","","","","","","","2","09214495","98"
"2009033934","05","1","5337 COOK STEWART ROAD","","WHITSETT","NC","27377","WARD FARMS TRUCKING","3365807902","080000","","","","","N","","","","","0MC459536","N","","","","","","","","1","01128873","08"
"2009013258","04","3","1019 ROUTE 30","","IMPERIAL","PA","15126","EMPIRE ENVIRONMENTAL SERVICES","7246950629","073280","","","","","N","","","","","","N","","","","","","","","1","00455796","98"
"2009094604","02","6","4715 ROUTE 8","","ALLISON PARK","PA","15101","ANSO INC","4124862211","045000","","","","","N","","","","","000393557","N","","A-00117159","","","","","","2","00908315","08"
"2009082396","02","99","UNKOWN","","UNKNOWN","ZZ","00000","UNKNOWN","0000000000","","","","","","","","","","","","U","","A-00000000","","","","","","2","","99"
"2009071634","02","8","2235 BEAVER AVE","","PITTSBURGH","PA","15233","PORT AUTHORITY OF ALLEGHENY COUN","4125665500","","","","","","N","","","","","","N","","A-00976060","","","","","","2","","11"
"2009132864","02","0","8051 STEUBENVILLE PIKE","","OAKDALE","PA","15071","NAPPIES FOOD","7246953500","032900","","","","","N","","","","","","N","","","","","","","","1","00984105","09"
"2009053391","04","8","345 SIXTH AVE","","PITTSBURGH","PA","15222","PORT AUTHORITY OF ALLEGHENY","4124422000","","","","","","N","","","","","","N","","A-00976060","","","","","","1","","11"
"2009095656","02","1","1500 TRUMBULL ROAD","","GIRARD","OH","44420","AIM LEASING","8003219038","032000","","","","","N","","","","","000244504","N","","A-00109844","","","","","","2","00877115","03"
"2009050809","99","99","430 ROUTE 519","","EIGHTY FOUR","PA","15330","NORTHERN PIPELINE CONSTRUCTION","9999999999","999999","","","","","N","","","","","","N","","","","","","","","2","","98"
"2009075839","02","7","4857 RT 51","","BELLE VERNON","PA","15012","BIGS SANITATION","4129693278","","","","","","N","","","","","","N","","","","","","","","1","","00"
"2010000440","02","1","3907 TRANSPORTATION DR","","FORTWAYNE","IN","46818","FED EX","8004478140","072000","","","","","N","","","","","","N","","","","","","","","2","00239039","03"
"2009018185","02","8","345 SIXTH AVE.","","PITTSBURGH","PA","15222","PORT AUTHORITY","4125665200","","","","","","N","","","","","","N","","A-00976060","","","","","","1","","10"
"2009128204","05","99","UNKNOWN","","UNKNOWN","ZZ","UNKNOWN","UNKNOWN","9999999999","","","","","","N","","","","","","U","","","","","","","","1","00000009","99"
"2009089016","03","0","4401 W. 62ND ST","","INDIANAPOLIS","IN","46268","D.M. BOWMAN, INC.","3012336900","080000","","","","","N","","","","","","N","","","","","","","","1","00135530","07"
"2009125477","02","8","2235 BEAVER AVE","","PITTSBURGH","PA","15233","PORT AUTHORITY","4124422000","","","","","","N","","","","","","N","","A-00976060","","","","","","1","","11"
"2009111252","99","99","459 DAVIDSON ROAD","","PLUM","PA","15239","LIBERONI LANDSCAPING INC","9999999999","999999","","","","","N","","","","","","N","","","","","","","","2","","98"
"2009084072","05","1","7000 NORTHFIELD RD","","WALTON HILLS","OH","44146","ARHAUS LOGISTICS","4404397700","080000","","","","","N","","","","","","N","","","","","","","","2","00319796","08"
"2009084072","05","1","14507 FRONTIER ROAD","","OMAHA","NE","68138","WERNER ENTERPRISES INC","4028956640","080000","","","","","N","","","","","","N","","","","","","","","3","00053467","08"
"2009056711","02","4","150 PERRYSVILLE AV","","PITTSBURGH","PA","15229","ABS","4129314930","021500","","","","","N","","","","","","N","","","","","","","","1","00444171","03"
"2009062029","03","7","211 BRUNNER RD","","ZELIENOPLE","PA","16063","JOSEPH J. BRUNNER","7247756665","073280","","","","","N","","","","","","N","","","","","","","","1","00236447","98"
"2009054935","02","8","2235 BEAVER AVENUE","","PITTSBURGH","PA","15233","PORT AUTHORITY ALLEGHENY COUNTY","4124422000","","","","","","N","","","","","","N","","A-00976060","","","","","","1","","11"
"2009006976","02","8","345 SIXTH AVE 3RD FL","","PITTSBURGH","PA","152222527","PORT AUTHORITY OF ALLEGHENY CO","4125665500","","","","","","N","","","","","000000000","N","","A-00976060","","","","","","1","00000000","11"
"2009131042","05","1","5300 NEVILLE RD","","NEVILLE ISLAND","PA","15225","CONWAY FREIGHT","8003438361","080000","","","","","N","","","","","","N","","","","","","","","1","00241829","08"
"2009122646","02","1","3907 TRANSPORTATION DR","","FORT WAYNE","IN","46818","FEDEX","8004046297","","","","","","N","","","","","","N","","","","","","","","1","00239039","08"
"2009131127","04","1","878 PLANK RD","","BERLIN","PA","15530","GERALO I WALKER","8146348343","048000","","","","","N","","","","","","N","","","","","","","","1","00084848","08"
"2009048076","03","4","1010 OHIO RIVER BLVD","","PITTSBURGH","PA","15202","H & M SERVICES","7242667270","073280","","","","","N","","","","","","N","","A-00109771","","","","","","1","00809659","04"
"2009052251","02","8","13413 STATE RT 422","","KITTANING","PA","16201","AJ MYERS & SONS","4126462320","000000","","","","","","","","","","","N","","","","","","","","2","","10"
"2009100219","02","1","3 PARK AVE,BOX 109","","TIPTON","PA","16684","BALFORD INC.","8009920003","011000","","","","","N","","","","","","N","","","","","","","","3","01743754","03"
"2009124727","02","4","4575 NEW TEXAS ROAD","","PLUM","PA","15239","BOROUGH OF PLUM","4127956800","040120","","","","","N","","","","","","N","","","","","","","","1","","03"
"2009061339","99","99","1649 PENN AVE","","PITTSBURGH","PA","99999","LOTUS FOOD INC","9999999999","019500","","","","","N","","","","","","N","","","","","","","","1","","05"
"2009017449","03","1","1300 BRUSSELLS STREET","","ST MARYS","PA","15817","EAGLE TRUCKING EXPRESS, INC.","8148342375","","1","","","","Y","2","","","","0MC459787","N","","A-00119177","","","","","","1","01130633","06"
"2009095852","02","8","345 SIXTH AVE 3RD FL","","PITTSBURGH","PA","152222527","PORT AUTHORITY OF ALLEGHENY CO","4125665500","","","","","","N","","","","","","N","","A-00976060","","","","","","1","","11"
"2009080902","99","99","5751 CERNI PLACE","","YOUNGSTOWN","OH","44515","IDEAL LEASE OF CERNI MOTORS","9999999999","999999","","","","","N","","","","","","N","","","","","","","","1","","98"
"2009125334","02","8","200 HAHN RD","","PITTSBURGH","PA","15209","FIRST STUDENT","4128248210","","","","","","","","","","","","N","","","","","","","","2","","11"
"2009007375","04","99","6283 MARVIN RD","","ANDOVOER","OH","44003","ROBERT YORK","2075497541","099999","1","","","","Y","1","","","","000999999","N","","","","","","","","1","00099999","08"
"2009028680","04","99","1306 MAIN STREET","","CRESCENT","PA","15046","IRON CITY EXPRESS","7244572727","073280","","","","","N","","","","","","N","","","","","","","","1","00508426","04"
"2009054716","02","99","1300 E. POLAND AVE.","","BESSEMER","PA","16112","MARTING TRUCKING","8009229819","080000","","","","","N","","","","","000105886","N","","","","","","","","2","00088339","08"
"2009041209","03","1","WATERWORKS RD.","","HOPEDALE","OH","439760000","MARK R. LEWIS TRUCKING","7409372343","080000","","","","","N","","","","","","N","","","","","","","","1","00723845","08"
"2009005365","04","1","1 CVS DRIVE","","WOONSOCKET","RI","02895","CVS TRANSPORTATION","8144454166","080000","","","","","N","","","","","","N","","","","","","","","1","00612151","06"
"2009115603","99","99","4179 WILLIAM FLYNN HWY","","ALLISON PARK","PA","15101","GLENSHAW STEEL SUPPLY","9999999999","999999","","","","","N","","","","","","N","","","","","","","","1","","98"
"2009037106","02","1","1825 LIVERPOOL STREET","","PITTSBURGH","PA","15233","YELLOW CAB OF PITTSBURGH","4123218100","","","","","","N","","","","","","N","","A-00992634","","","","","","1","","02"
"2009082892","99","99","526 CITY COUNTY BLDG","","PITTSBURGH","PA","15219","CITY OF PITTSBURGH","9999999999","999999","","","","","N","","","","","","N","","","","","","","","1","","98"
"2009047055","02","8","798 EKASTOWN RD","","PITTSBURGH","PA","15055","WL ROENIGK LEASING","4122248796","","","","","","N","","","","","","N","","","","","","","","2","","11"
"2009103488","05","0","6600 BESSEMER AVE","","CLEVELAND","OH","44127","KAPLAN TRUCKING","8772174772","","","","","","N","","","","","000002304","N","","","","","","","","1","00120670","08"
"2009075325","03","7","200 RANGOS LN","","WASHIGTON","PA","15301","WASTE MANAGEMENT OF PA INC","8004537625","073280","","","","","N","","","","","","N","","","","","","","","2","","04"
"2009063014","02","8","2235 BEAVER AVENUE","","PITTSBURGH","PA","15233","PORT AUTHORITY, ALLEGHENY COUNTY","4124422000","","","","","","N","","","","","","N","","A-00976060","","","","","","1","","11"
"2009099368","02","8","1850 GILL HALL ROAD","","FINLEYVILLE","PA","15332","MATTHEWS BUS COMPANY","4123848810","033000","","","","","N","","","","","","N","","","","","","","","2","01245654","11"
"2009069789","02","99","83 STULTS RD.","","DAYTON","NJ","08810","HERMAN LEASING CO","7245477474","","","","","","N","","","","","","N","","","","","","","","2","01215023","08"
"2009010799","03","8","345 6TH AVE","","PGH","PA","15219","PORT AUTHORITY","4124422000","999999","","","","","N","","","","","","N","","A-00976060","","","","","","1","","11"
"2009005571","02","8","3130 ROUTE 100","","MARCUNGIE","PA","18062","LAIDLAW","4127939600","020000","","","","","","","","","","","N","","","","","","","","2","00711716","11"
"2009128245","02","8","2235 BEAVER AVE","","PITTSBURGH","PA","15233","PORT AUTHORITY","4124422000","","","","","","N","","","","","","N","","A-00976060","","","","","","1","","11"
"2009133954","99","1","UNKNOWN","UNKNOWN","UNKNOWN","ZZ","99999","UNKNOWN","9999999999","","","","","","","","","","","000009999","U","","A-00999999","","","","","","2","00009999","08"
"2009101581","02","8","5501 STEUBENVILLE PIKE","","MCKEES ROCKS","PA","15136","MONTOUR SCHOOL DISTRICT","7242713100","000000","","","","","N","","","","","","N","","","","","","","","2","","11"
"2009004783","02","8","345 SIXTH AVE 3RD FL","","PITTSBURGH","PA","15222","PORT AUTHORITY OF ALLEGHENY CO","4125665500","","","","","","N","","","","","000000000","N","","A-00976060","","","","","","1","00000000","11"
"2009014377","05","2","666 GRAND AVE","","DES MOINES","IA","50309","RUAN TRANSPORTATION CORP","5152452734","080000","2","","","","Y","1","","","","","N","","","","","","","","2","00055787","08"
"2009040219","03","99","615 J B HUNT CORPORATE","","LOWELL","AR","72745","J.B. HUNT","4798200000","","","","","","N","","","","","","N","","","","","","","","1","00080806","08"
"2009098660","04","4","4320 SR 156","","AVONMORE","PA","15618","TIMOTHY COLEMAN","7246407614","073000","","","","","N","","","","","","N","","","","","","","","1","00120871","04"
"2009103100","05","2","151 VAL PRO DRIVE","","WINCHESTER","VA","22603","VALLEY PROTEINS INC","8142891466","080000","","","","","N","","","","","","N","","","","","","","","2","00036807","08"
"2009082143","02","3","4200 CASTEEL DRIVE","","CORAOPOLIS","PA","15108","H AND K EQUIPMENT CO","4124905300","025500","","","","","N","","","","","","N","","","","","","","","1","00349047","09"
"2010000896","05","1","11358 BREININGER RD.","","HICKSVILLE","OH","43526","JOSHUA YODER","2603851424","080000","","","","","N","","","","","","N","","","","","","","","2","01059652","08"
"2009057731","04","1","2800 RED LION ROAD","","PHILADELPHIA","PA","19114","SOUTHWARK METAL MFG CO","2157353401","065000","","","","","N","","","","","","N","","","","","","","","1","00010350","08"
"2009071496","02","8","345 6TH AVE 3RD FL.","","PITTSBURGH","PA","15222","PORT AUTHORITY OF ALLEGHENY CO.","4122551385","000000","","","","","N","","","","","","N","","A-00976000","","","","","","1","","11"
"2009011968","03","8","41 BELL WAY","","GREENSBURG","PA","15601","WESTMORELAND COUNTY TRANSIT AUTH","7248326715","","","","","","N","","","","","000000000","N","","A-00000000","","","","","","2","00000000","11"
"2009075164","02","8","345 6TH AVE","","PITTSBURGH","PA","15222","PORT AUTHORITY OF ALLEGHENY","4124422000","","","","","","N","","","","","000000000","N","","A-00976060","","","","","","1","00000000","11"
"2009125727","02","8","798 EKASTOWN ROAD","","SARVER PA","PA","16055","WL ROENIGK LEASING","7243531515","","","","","","N","","","","","","N","","","","","","","","2","","11"
"2009058154","03","4","550 5TH STREET","","TRAFFORD","PA","15085","TRAFFORD CORPORATION","4123721219","054600","","","","","N","","","","","","N","","","","","","","","1","00648072","04"
"2009099541","02","8","235 CHARTIERS AVENUE","","PITTSBURGH","PA","15205","FIRST STUDENT INC.","4129210212","029220","","","","","N","","","","","999999999","N","","O-00108982","","","","","","2","00711716","11"
"2009069798","04","7","4859 RT 51 NORTH","","BELLE VERNON","PA","15012","BIGS TRUCKING","7243794331","073280","","","","","N","","","","","","N","","","","","","","","1","01339470","04"
"2009069798","02","3","300 MELDON AVE","","DONORA","PA","15033","DONORA LUMBER COMPANY","8003797232","025950","","","","","N","","","","","","N","","","","","","","","2","","03"
"2009116263","02","8","345 6TH AVE 3RD FL","","PITTSBURGH","PA","152222527","PORT AUTHORITY ALLEGHENY COUNTY","4124422000","","","","","","N","","","","","","N","","A-00976060","","","","","","2","","11"
"2009106103","99","99","8325 ARDWICK ARMORE RD","","LANDOVER","MD","20785","UNITED PARCEL SERVICE INC","9999999999","999999","","","","","N","","","","","","N","","","","","","","","2","","05"
"2009117444","01","99","3866 MILLERS RUN","","MCDONALD","PA","15136","WEAVERTOWN TOWING","4122519193","007000","","","","","N","","","","","","N","","","","","","","","2","","98"
"2009031001","05","1","4080 JENKINS ROAD","","CHATTANOOGA","TN","37421","U S EXPRESS","4235103000","080000","","","","","N","","","","","","N","","","","","","","","1","00303024","08"
"2009047454","02","7","1790 PITTSBURGH RD","","WALTERSBURG","PA","15488","FAYETTE WASTE LLC","7244300100","073280","","","","","N","","","","","","N","","","","","","","","1","","03"
"2009050590","05","1","105 GUTHRIE STREET","","AYR","ON","N0B1E0","HERITAGE TURCK LINES INC","8008525063","080000","","","","","N","","","","","002013917","N","","","","","","","","2","","08"
"2009129275","02","8","2235 BEAVER AVE","","PGH","PA","15233","PORT AUTHORITY OF ALLEGHENY COUN","4124422000","000000","","","","","N","","","","","000000000","N","","A-00976060","","","","","","2","00000000","11"
"2009033938","05","1","901 MOSSIDE BLVD","","WALL","PA","15148","AGX INTERMODAL","8887447249","080000","","","","","N","","","","","0MC335285","N","","A-00899525","","","","","","1","01712031","04"
"2009012931","05","1","UNKNOWN","","UNKNOWN","ZZ","99999","UNKNOWN","9999999999","080000","","","","","N","","","","","","N","","","","","","","","1","09999999","08"
"2009098996","02","1","9025 RIVER RD","SUITE 300","INDIANAPOLIS","IN","46240","ROLLING FRITO LAY SALES LP","7249162346","023500","","","","","N","","","","","","N","","","","","","","","1","00926150","09"
"2009078196","02","1","2702 NEVILLE RD","","NEVILLE ISLAND","PA","15225","FEDX","4127786000","023000","","","","","N","","","","","","N","","","","","","","","2","00265752","00"
"2009083116","05","3","8585      RTE TRANSCANA","","SAINT-LAURENT","QC","H4S1Z6","TRANSPORT TFI 16, S.E.C.","5142078755","080000","","","","","N","","","","","","N","","","","","","","","1","01432948","08"
"2009015336","05","1","916 BRUSH CREEK RD","","WARRENDALE","PA","15086","DANDY SERVICE CORP","8003523232","080000","","","","","N","","","","","","N","","A-00111688","","","","","","1","00202393","08"
"2009029610","02","99","3101 PACKERLAND DRIVE","P.O.BOX 2545","GREEN BAY","WI","543062545","SCHNEIDER NATIONAL, INC.","7176914403","","","","","","N","","","","","","U","","","","","","","","2","00264184","08"
"2009052945","02","1","RT 51 AND LEWIS RUN RD","","PITTSBURGH","PA","15236","BOWSER PONTIAC INC","8002314452","012300","","","","","N","","","","","","N","","","","","","","","2","01355917","00"
"2009004386","02","1","170 BILMAR DRIVE","","PITTSBURGH","PA","15205","PITTSBURGH MAILING SYSTEMS","4126445505","025500","","","","","N","","","","","000300196","N","","A-00112780","","","","","","2","","03"
"2009091601","03","1","1001 CALIFORNIA AVE.","","PITTSBURGH","PA","15212","US POSTAL SERVICE","4123597848","011000","","","","","N","","","","","","N","","","","","","","","2","","04"
"2009033940","05","1","POB 3520","","DECATUR","IL","62524","MC LEOD FARMS INC","7404851034","","","","","","N","","","","","000130628","N","","C-00992986","","","","","","1","00992986","08"
"2009099696","04","4","1180 STATE RTE 711 N","","SEWARD","PA","15954","MILLCREEK TRANSPORT","8144464446","073280","","","","","N","","","","","","N","","A-00120700","","","","","","2","","04"
"2009006607","04","7","W NOBLESTOWN RD","","PITTSBURGH","PA","15106","BFI WASTE SERVICES OF PA LLC","4125051004","073280","","","","","N","","","","","","N","","","","","","","","2","00962087","04"
"2009068284","02","8","2235 BEAVER AVENUE","","PITTSBURGH","PA","15233","PORT AUTHORITY, ALLEGHENY COINTY","4124422000","","","","","","N","","","","","","N","","A-00976060","","","","","","1","","11"
"2009030496","99","8","1500 ARDMORE BLVD","SUITE 504","PITTSBURGH","PA","15221","WIL TRANSIT","4126824110","","","","","","N","","","","","","N","","","","","","","","1","","10"
"2009117575","05","2","200 ROSEMONT RD","","NORTH JACKSON","OH","44451","HILLTRUX TANK LINES INC.","3305653484","080000","3","","","","Y","1","","","","000258132","N","","A-00087921","","","","","","2","00502629","08"
"2009035047","02","1","PO BOX 332","231 HASKELL LANE","VERONA","PA","15147","CERTIFIED CARPET DISTRIBUTORS IN","8004412701","033000","","","","","N","","","","","","N","","","","","","","","2","00447479","03"
"2009044746","05","3","1275 PENNSYLVANIA AVE.","","E. LIVERPOOL","OH","43920","PGD IV LLC","8008326748","080000","","","","","N","","","","","","N","","","","","","","","1","00192897","08"
"2009066608","03","7","310 LEGER RD","","N. HUNTINGDON","PA","15642","WASTE MANAGEMENT OF PENNA.","7248646476","066000","","","","","N","","","","","","N","","","","","","","","1","00344050","04"
"2009130768","02","1","971 BRIARSDALE","","HARRISBURGH","PA","17109","RYDER TRUCK RENTAL LT","8003251453","080000","","","","","N","","","","","","N","","","","","","","","2","01393392","06"
"2009092044","04","1","1485 SUNRISE DR.","","AUTHER","IL","6191","CHI OVERHEAD DOORS INC.","8662443667","080000","","","","","N","","","","","000305583","N","","","","","","","","3","00016130","08"
"2009123473","02","8","1061 MAIN ST","","N HUNTINGDON","PA","15642","LAIDLAW TRANSIT INC","9999999999","999999","","","","","N","","","","","","N","","","","","","","","1","","11"
"2009016431","05","","5250 OLD MAUMEE RD","","FORT WAYNE","IN","46803","PENSKE TRUCK LEASING","5179607115","800000","","","","","N","","","","","","U","","","","","","","","1","00327574","06"
"2009076704","05","99","P.O. BOX 171","","SAUK /RAPIDS","MN","56379","SEXTON LEASING","6412273546","008000","","","","","N","","","","","0MC285349","N","","","","","","","","2","00100727","06"
"2009060817","02","4","227 CAMP HORNE ROAD","","PITTSBURGH","PA","15202","DAVID LANG","4123233623","011000","","","","","N","","","","","","N","","","","","","","","2","","06"
"2009069525","01","1","1535 MAHONING AVENUE","","YOUNGSTOWN","OH","445092522","INTERSTATE BRANDS CORP.","4126084327","011000","","","","","N","","","","","000037535","N","","","","","","","","2","00078334","03"
"2009113246","02","8","2235 BEAVER AVENUE","","PITTSBURGH","PA","15233","PORT AUTHORITY ALLEGHENY CTY","4124422000","","","","","","N","","","","","","N","","","","","","","","1","","11"
"2009053366","02","8","2235 BEAVER AVENUE","","PITTSBURGH","PA","15233","PORT AUTHORITY ALLEGHENY CTY","4124422000","","","","","","N","","","","","","N","","A-00976060","","","","","","3","","11"
"2009102470","03","99","2 ALLEGHENY CO AIRPORT","","WEST MIFFLIN","PA","15122","RAY ANTHONY INTERNATIONAL LLC","7245034257","080000","","","","","N","","","","","","N","","","","","","","","1","00895298","09"
"2009035955","02","99","1000 WASHINGTON PIKE","","BRIDGEVILLE","PA","15017","ANDERSON EQUIPMENT CO","4123432300","025500","","","","","N","","","","","","N","","","","","","","","1","00345963","09"
"2009055132","02","8","5374 WILLIAM FLYNN HWY","","GIBSONIA","PA","15044","MONARK STUDENT TRANSPORTATION CO","7244447766","","","","","","N","","","","","","N","","","","","","","","2","","11"
"2009063529","02","8","345 SIXTH AVE.","","PITTSBURGH","PA","152222527","PORT AUTHORITY OF ALLEGHENY CO.","4124422000","039000","","","","","N","","","","","","N","","","","","","","","1","","11"
"2009022462","05","2","11800 S  STONY ISLAND A","","CHICAGO","IL","60617","CLEAN HARBORS ENVIORONMENTAL SER","7736461342","080000","","","","","N","","","","","","N","","","","","","","","1","00180743","08"
"2009006945","02","8","200 HAHN RD.","","PITTSBURGH","PA","15209","LAIDLAW TRANSIT","7245393545","","","","","","N","","","","","","N","","","","","","","","2","","10"
"2009127368","05","1","1962 NW 22 CT #B","","MIAMI","FL","33125","OMEGA FREIGHT  CORP","3056913311","080000","","","","","N","","","","","","N","","","","","","","","3","01731947","06"
"2009133251","01","1","7600 FIRST PL","","OAKWOOD","OH","44146","PENSKE TRUCK LEASING","3308215022","","","","","","N","","","","","","N","","","","","","","","1","00333038","98"
"2009065571","02","8","1061 MAIN STREET","","N HUNTINGTON","PA","15642","LAIDLAW TRANSIT","4128313112","","","","","","N","","","","","","N","","","","","","","","2","","10"
"2009095901","04","8","345 SIXTH AVE","","PITTSBURGH","PA","15222","PORT AUTHORITY OF ALLEGHENY","4124422000","","","","","","N","","","","","","N","","A-00976060","","","","","","2","","11"
"2009119258","99","99","310 LEGER ROAD","","HUNTINGDON","PA","15642","WASTE MANAGEMENT OF PA","9999999999","999999","","","","","N","","","","","","N","","","","","","","","3","","98"
"2009063545","05","3","1421 CONVENTRY COURT","","JOHNSTOWN","PA","15905","M&C TRUCKING","8146195696","","","","","","N","","","","","","N","","","","","","","","1","00008942","08"
"2009037278","02","8","200 HAHN RD","","PITTSBURGH","PA","15209","LAIDLAW TRANSIT","4129210212","999999","","","","","N","","","","","","N","","","","","","","","1","","10"
"2009075580","02","1","2315 SANDERS ROAD","","NORTHBROCK","PA","60062","CUMMINGS","4128208300","018750","","","","","N","","","","","","N","","","","","","","","2","","03"
"2009093860","99","99","707 GRANT ST","","PITTSBURGH","PA","15219","FIFTH THIRD LEASING COMPANY","9999999999","999999","","","","","N","","","","","","N","","","","","","","","5","","98"
"2009084750","02","1","1040 SW 70TH AVE.","LOT A 152","MIAMI","FL","33144","JLA TRANSPORT CORP.","3052626973","068000","","","","","N","","","","","0MC672526","N","","","","","","","","2","01858530","06"
"2009043477","02","8","345 6TH AVE 3RD FLOOR","","PITTSBURGH","PA","152222527","PORT AUTHORITY OF ALLEGHENY CO","4122377000","","","","","","N","","","","","","N","","A-00976060","","","","","","2","","11"
"2009105227","99","99","4489 CAMPBELLS RUN RD","","PITTSBURGH","PA","15205","EAN TRUST ENTERPRISE","9999999999","999999","","","","","N","","","","","","N","","","","","","","","1","","98"
"2009105227","05","99","426 HOWARD ST","","MOUNT PLEASANT","PA","15666","CLA INDUSTRIES","0000000000","080000","","","","","N","","","","","","N","","","","","","","","2","","08"
"2009081168","04","1","PO BOX 4208","","SPRINGFIELD","MO","65083","NEW PRIME INC","4178660001","080000","","","","","N","","","","","","N","","","","","","","","1","00003706","08"
"2009017999","02","8","345 SIXTH AVE","","PGH","PA","15222","PORT AUTHORITY OF ALLEGHENY CO","4125665500","","","","","","N","","","","","","N","","A-00976060","","","","","","1","","11"
"2009092195","02","8","1825 LIVERPOOL ST.","","PITTSBURGH","PA","15233","PITTSBURGH TRANSPORTATION GROUP","4123234725","","","","","","N","","","","","","N","","","","","","","","2","","11"
"2009106652","05","1","2601 S INDIAN MERIDIAN","","PAULS VALLEY","OK","73075","WAL-MART TRANSPORTATION LLC","8006828045","080000","","","","","N","","","","","","N","","A-00116491","","","","","","2","00063585","08"
"2009067956","02","1","172 S. 21ST","P.O. BOX#16037","PITTSBURGH","PA","15242","COURIER EXPRESS","4124520929","","","","","","N","","","","","","N","","A-00105585","","","","","","1","00269750","02"
"2009111959","03","3","100 NICHOLAS AVE","","MCKEES ROCKS","PA","15136","BUTLER GAS CO.","8008602427","080000","","","","","N","","","","","","N","","","","","","","","1","00147351","06"
"2009097659","17","4","SAME","","SAME","PA","15101","STALLION","7244434371","035000","","","","","N","","","","","999999999","N","","A-00009999","","","","","","1","99999999","03"
"2009105511","05","1","7501 INDUSTRIAL AVE","","FOREST PARK","IL","60130","PERISHABLE DISTRIBUTION SOLUTION","7084055000","080000","","","","","N","","","","","000391629","N","","","","","","","","2","00934642","08"
"2009004800","02","99","2833 NEW BEAVER","","PITTSBURGH","PA","15233","DUQUESNE LIGHT COMPANY","4123937200","000000","","","","","N","1","","","","","N","","","","","","","","3","","03"
"2009004800","05","99","PO BOX 6098","","JACKSON","MS","39288","KLLM  TRANSPORTATION SERVICES","8009251000","000000","","","","","N","1","","","","","N","","","","","","","","4","00154237","08"
"2009048068","04","99","119 RUTH HILL ROAD","","WORTHINGTON","PA","16262","THE BAUER COMPANY","7242973200","073280","","","","","N","","","","","","N","","","","","","","","2","00488556","04"
"2009081989","02","1","4315 WALNUT ST","","MCKEESPORT","PA","15132","SCHWEBEL BAKING CO","4124698431","","","","","","N","","","","","","N","","","","","","","","1","","99"
"2010000640","04","4","601 MARCO RD","","APPOLLO","PA","15613","PAUL RIGGLE & SONS","8002417251","073280","","","","","N","","","","","","N","","A-00110075","","","","","","4","00226415","04"
"2009058226","02","1","34 BLVD OF THE ALLIES","","PITTSBURGH","PA","15222","PRESS ACQUISITION CORP","4123677987","028280","","","","","N","","","","","","N","","","","","","","","1","00358261","09"
"2009026417","05","3","6600 BESSEMER AVE","","CLEVELAND","OH","44127","KAPLAN TRUCKING COMPANY","8003522848","","","","","","N","","","","","","N","","","","","","","","1","00120670","06"
"2009116899","02","8","416 REBECCA STREET","","MCKEESPORT","PA","15134","PENNA COACH LINES","9999999999","999999","","","","","N","","","","","","N","","","","","","","","1","","11"
"2009040028","02","1","9025 RIVER RD SUITE 300","","INDIANAPOLIS","IN","46240","ROLLING FRITO LAY SALES","4127798039","","","","","","N","","","","","","N","","","","","","","","2","","03"
"2009051021","02","8","2235 BEAVER AVENUE","","PITTSBURGH","PA","15233","PORT AUTHORITY, ALLEGHENY CTY","4124422000","","","","","","N","","","","","","N","","","","","","","","3","","11"
"2009059036","04","4","108 ALBIN RD","","SAXONBURG","PA","16056","JOHN THROWER JR","7243529421","073280","","","","","N","","","","","0MC221742","N","","","","","","","","2","","04"
"2009072742","02","8","1300 MCKEAN AVE","","CHARLEROI","PA","15022","MID MON VALLEY TRANSIT AUTH","7244890880","014000","","","","","N","","","","","","N","","","","","","","","3","01002211","11"
"2009039314","","99","","","","","","UNKNOWN","","","","","","","N","","","","","","","","","","","","","","1","","99"
"2009050771","02","1","9809 E 121ST","","FISCHERS","IN","0000","WATERS OF AMERICA","4122982207","","","","","","N","","","","","","N","","","","","","","","1","00155682","03"
"2009126450","02","8","345 6TH AVE 3RD FL","","PITTSBURGH","PA","152222527","PORT AUTHORITY ALLEGHENY COUNTY","4124422000","","","","","","N","","","","","","N","","A-00976060","","","","","","2","","11"
"2009054960","05","1","1700 WILLIS RD","","RICHMOND","VA","23237","ABILENE MOTOR TRANSPORT","8042750224","080000","","","","","N","","","","","000194957","N","","","","","","","","2","03355555","08"
"2009092398","02","8","13413 STATE ROUTE 422","","KITTANNING","PA","16201","A J MYERS AND SONS","9999999999","999999","","","","","N","","","","","","N","","","","","","","","1","","11"
"2009001674","04","4","1010 OHIO RIVER BLVD","","PITTSBURGH","PA","15202","H & M SERVICE","7247093669","073280","","","","","N","","","","","","N","","","","","","","","1","00809659","04"
"2009027542","99","1","2031 QUAIL AVE PO BOX 4","","FT DODGE","IA","50501","SMITHWAY MOTOR XPRESS","4123222348","","","","","","N","","","","","","N","","","","","","","","3","00001803","07"
"2009121194","03","1","6335 ENGLISH ST","","INDIANAPOLIS","IN","46219","CLM","3173542930","080000","","","","","N","","","","","000163216","N","","","","","","","","2","00245822","08"
"2009029790","03","4","1595 SMITH TWP STATE RD","BOX 369","ATLASBURG","PA","150040369","ALEX E PARIS CONTRACTING COMPANY","7249472235","560000","","","","","","","","","","","N","","","","","","","","1","00876278","04"
"2009014001","02","8","1061 MAIN STREET","","NORTH HUNTINGTON","PA","15842","LAIDLAW TRANSIT IN","4128210300","","","","","","N","","","","","","N","","","","","","","","1","","11"
"2009075995","02","8","345 SIXTH AVE","","PITTSBURGH","PA","15222","PORT AUTHORITY OF ALLEGHENY COUN","4124422000","","","","","","N","","","","","","N","","A-00976060","","","","","","2","","11"
"2009094039","05","1","1407 FRONTIER RD","","OMAHA","NE","68138","WERNER ENT INC","8003310361","080000","","","","","N","","","","","","N","","","","","","","","2","00053467","06"
"2009012970","99","99","1500 TRUMBULL RD","","GIRARD","PA","44420","AIM LEASING CO","9999999999","999999","","","","","N","","","","","","N","","","","","","","","2","","98"
"2009115605","04","4","151 WEST FOURTH AVENUE,","","TARENTUM","PA","15084","TESONE TRUCKING","7242746364","025000","","","","","N","","","","","000247442","N","","A-00109950","","","","","","1","","04"
"2009072255","01","1","7400 MARIET RD","","FAIRVIEW","PA","16415","THRAYER POWER AND COMMUNICATION","8144741174","","","","","","N","","","","","","N","","","","","","","","1","00476271","99"
"2009017461","02","8","200 HAHN ROAD","","PITTSBURGH","PA","15209","LAIDLAW TRANSIT","4127939600","009600","","","","","N","","","","","","N","","","","","","","","1","00762924","11"
"2009051560","04","4","1215 RUSSELLTON RD","","CHESWICK","PA","15024","TESONE TRANPORT CO.","7248262078","","","","","","N","","","","","000247447","N","","A-00109950","","","","","","1","","04"
"2009102285","03","99","121 BRICKYARD RD","","MARS","PA","16046","DIAMOND MULCH INC","4129638003","073280","","","","","N","","","","","","N","","A-00114100","","","","","","1","01704940","04"
"2009105422","02","8","5000 FORBES AVENUE","","PITTSBURGH","PA","15213","CARNEGIE MELLON UNIVERSITY","4122682000","030000","","","","","N","","","","","999999999","N","","A-00999999","","","","","","2","99999999","11"
"2009011305","02","8","5374 WILLIAM FLYNN HW","","GIBSONIA","PA","150444","MONARK STUDENT TRANSPORTATION","7248982472","","","","","","N","","","","","","U","","","","","","","","1","","11"
"2009046307","02","1","1 JOHN STREET","","MCKEES ROCKS","PA","15136","RED DIAMOND TRUCKING","4127788877","026000","","","","","N","","","","","","N","","","","","","","","1","01738977","03"
"2009077960","99","99","115 W MCNUTT ST","","HOUSTON","PA","15342","AMITY ASPHALT PAVING INC","9999999999","999999","","","","","","","","","","","N","","","","","","","","2","","99"
"2009041516","04","4","8020 ROWAN RD","","CRANBERRY TWP","PA","16066","CRANBERRY SUPPLY COMPANY INC","7247761610","073280","","","","","N","","","","","MC-382822","N","","A-00116854","","","","","","2","00834695","04"
"2009064099","02","4","5 SHINGISS STREET","","MCKEES ROCKS","PA","15136","SEARIGHT TRUCKING / EXCAVATING","4127600923","073250","","","","","N","","","","","","N","","","","","","","","1","","03"
"2009024040","05","1","5000 LETTERKENNY RD STE","","CHAMBERSBURG","PA","17201","AFCO TRANSPORT LLC","8003451329","080000","","","","","N","","","","","","N","","","","","","","","2","00012474","08"
"2009049343","99","99","3222 US 422","","NEW CASTLE","PA","16101","SSD DISTRIBUTION","9999999999","012000","","","","","N","","","","","","N","","","","","","","","2","","98"
"2009058206","04","1","3014 ELROY AVE","","PITTSBURGH","PA","15227","APPLIANCE WAREHOUSE","7249847220","015000","","","","","N","","","","","","N","","","","","","","","1","00588938","08"
"2009051280","03","8","345 BEAVER AVENUE","","PITTSBURGH","PA","15233","PORT AUTHORITY ALLEGHENY CO.","4124422000","","","","","","N","","","","","","N","","A-00976060","","","","","","1","","11"
"2009126493","02","3","174 ONEIDA VALLEY RD","","BUTLER","PA","16001","HUNTER LEASING INC.","7245137153","025999","","","","","N","","","","","","N","","","","","","","","2","01505091","03"
"2009058365","02","99","200 HUNT VALLEY","","NEW KENSINGTON","PA","15068","SWANK ASSOCIATES","9999999999","033200","","","","","N","","","","","","N","","","","","","","","1","","09"
"2009033966","02","1","170 N RADNOR","","RADNOR","PA","19087","ENTERPRISE LSG CO OF PHILA","6108287654","014050","","","","","N","","","","","","N","","","","","","","","1","01493874","03"
"2009094817","02","4","2129 GREENSBURG ROAD","","NEW KENSINGTON","PA","15068","HERB GREGG TRUCKING INC","7243355982","020000","","","","","N","","","","","","N","","","","","","","","1","00252988","03"
"2009128895","02","1","215 MCKEAN STREET","","PITTSBURGH","PA","15219","ALLEGENY COUNTY","4122412447","","","","","","N","","","","","","N","","","","","","","","2","","02"
"2009030329","02","8","200 HAHN RD","","PITTSBURGH","PA","15209","LAIDLAW TRANSIT","4122710300","999999","","","","","N","","","","","","N","","","","","","","","1","","11"
"2009081922","02","1","4489 CAMPBELLS RUN ROAD","","PITTSBURGH","PA","15205","EAN TRUST","4125834198","025999","","","","","N","","","","","","N","","","","","","","","2","00528529","03"
"2009051535","05","1","2200  FORWARD DR","","HARRISON","AZ","72601","FED EX","8008744723","080000","","","","","N","","","","","","N","","","","","","","","1","00239039","08"
"2009113946","02","1","400 GRANT STREET","","PITTSBURGH","PA","15219","PITTSBURGH WATER AUTHORITY","4122558935","","","","","","N","","","","","","N","","","","","","","","2","","02"
"2009071498","05","3","130 JEFFERSON HILLS","","JEFFERSON HILLS","PA","15236","RAMSEY","4123851254","080000","","","","","N","","","","","","N","","","","","","","","1","00999999","08"
"2009099380","04","4","679 PLAINGROVE N.LIBERT","","VOLANT","PA","16055","HEIWAY LLC","7245309965","073280","","","","","N","","","","","","U","","","","","","","","1","01822502","98"
"2009093234","01","1","400 SECO RD","","MONROEVILLE","PA","15146","TRANS CARE","4123736300","000000","","","","","N","","","","","000000000","N","","","","","","","","1","00000000","02"
"2009064146","05","3","ONE PGT WAY","","MONACA","PA","15061","PGT TRUCKING","7249871604","080000","","","","","N","","","","","","N","","","","","","","","1","00192897","08"
"2009020532","02","8","309 COLLINS DR","","PITTSBURGH","PA","15235","PENN HILLS SCHOOL DISTRICT","9999999999","999999","","","","","N","","","","","","N","","","","","","","","2","","11"
"2009082133","05","1","55 CHAMISA RD","","COVINGTON","GA","30016","LI-WAY TRANSFER AND STORAGE","7707878113","080000","","","","","N","","","","","","N","","","","","","","","2","00432907","08"
"2009014641","99","99","UNKNOWN ADDRESS","","UNKNOWN","ZZ","99999","UNKNOWN CARRIER","9999999999","","","","","","","","","","","","U","","","","","","","","1","","08"
"2009056727","02","8","2235 BEAVER AVENUE","","PITTSBURGH","PA","15233","PORT AUTHORITY, ALLEGHENY COUNTY","4124422000","","","","","","N","","","","","","N","","A-00976060","","","","","","2","","11"
"2009116325","03","1","1000 S MAIN","","GREENSBURG","PA","15601","SOUTH MAIN TRUCKING","7247130014","023000","","","","","N","","","","","","N","","","","","","","","2","00696383","04"
"2009079684","05","1","15 27TH ST","","PITTSBURGH","PA","15222","PITT-OHIO EXPRESS LLC","8006697488","073280","3","4","","","Y","1","1","","","","N","","A-00102471","","","","","","1","00190180","08"
"2009113769","02","8","2235 BEAVER AVE","","PITTSBURGH","PA","15233","PORT AUTHORITY OF ALLEGHENY COUN","4124422000","","","","","","N","","","","","","N","","A-00976060","","","","","","1","","11"
"2009108748","02","1","124 BRADIS RD","","KITTANNING","PA","16201","KEVIN RUPERT","7243543865","027000","","","","","N","","","","","","N","","A-00111111","","","","","","1","","03"
"2009119460","04","3","2313 SR 18, PO BOX 55","","WAMPUM","PA","16157","DOREN INC.  DBA   LAMPUS CO.","7242745035","073280","","","","","N","","","","","","N","","A-00122356","","","","","","1","","09"
"2009081846","02","3","221CURRYHOLLOW","ROAD","PITTSBURGH","PA","15236","HADDADS INCORPORATED","4126558822","150000","","","","","N","","","","","","N","","","","","","","","4","00369163","03"
"2009040896","02","1","5020 THOMS RUN RD","","OAKDALE","PA","15071","TRANSPORT U LLC","4122514233","870000","","","","","N","","","","","","N","","A-00123251","","","","","","2","01594477","02"
"2009064144","04","4","CURRIE RD","P.O. BOX 296","PORTERSVILLE","PA","16051","M & M LEASING INC","7243688040","073280","","","","","N","","","","","","N","","","","","","","","2","00269478","04"
"2009078095","02","99","3147 W. 169TH PLACE","","HAMMOND","IN","46323","UNITED PARCEL SERVICE INC","2198442416","072000","","","","","N","","","","","","N","","","","","","","","1","00021800","09"
"2009073289","02","4","1423  FIFTH AVE","","CORAOPOLIS","PA","15108","PAVE RITE","9999999999","026000","","","","","N","","","","","","N","","","","","","","","1","00176490","03"
"2009003553","02","8","345 6TH AVE 3RD FL","","PITTSBURGH","PA","152222527","PORT AUTHORITY OF ALLEGHENY CO.","4122377000","","","","","","N","","","","","","N","","","","","","","","1","","10"
"2009030883","03","7","310 LEGER RD","","NORTH HUNTINGDON","PA","15642","WASTE MANAGEMENT OF PA","8663391691","732800","","","","","N","","","","","","N","","","","","","","","1","00344050","04"
"2009080860","99","99","1440 SPRING GARDEN RD","","PITTSBURGH","PA","15212","CROSS TRUCKING INC","9999999999","999999","","","","","N","","","","","","N","","","","","","","","1","","98"
"2009132902","02","4","5100 W. LIBRARY","","BETHEL PARK","PA","15102","MUNICIPALITY OF BETHEL PARK","4128316800","032500","","","","","N","","","","","","N","","","","","","","","2","","03"
"2009112386","02","1","6635 BUSINESS PARKWAY","","ELKRIDGE","MD","57942","INTERLINE BRANDS","8002272273","025500","","","","","N","","","","","","N","","","","","","","","1","00298424","03"
"2009079556","05","1","1498 EVANS CITY ROAD","","EVANS CITY","PA","16033","THREE RIVERS ICE CREAM","7245389190","080000","","","","","N","","","","","A99999999","N","","A-00999999","","","","","","2","00335464","06"
"2009041547","03","2","350 EAGLEVIEW BLVD","","EXTON","PA","19341","SUNOCO INC R&M","6104505343","","9","","","","Y","1","","","","","N","","","","","","","","2","00010328","04"
"2009119072","02","8","2030 SWALLOW HI","","PGH","PA","15220","CHARTIERS VALLEY SCHOOL DIST","4124297011","000000","","","","","","","","","","","N","","","","","","","","1","","11"
"2009053407","02","8","2354 BRODHEAD ROAD","","ALIQUIPPA","PA","15001","HOPEWELL AREA SCHOOLS","9999999999","999999","","","","","N","","","","","","N","","","","","","","","2","","11"
"2009092514","02","99","2991 INDUSTRIAL BLVD","","PITTSBURGH","PA","15102","PLP ACQUISITION CO. LLC","4126531182","050487","","","","","N","","","","","","N","","","","","","","","2","","06"
"2009066150","02","8","345 SIXTH AVE.","","PITTSBURGH","PA","15222","PORT AUTHORITY","4124422000","","","","","","N","","","","","","N","","A-00976060","","","","","","3","","11"
"2009009092","02","8","345 6TH AVE","","PITTSBURGH","PA","152222527","PORT AUTH. OF ALLEG. CO","4124422000","","","","","","N","","","","","","N","","A-00976060","","","","","","1","","11"
"2009087793","02","8","345 SIXTH AVE 3RD FL","","PITTSBURGH","PA","152222527","PORT AUTHORITY OF ALLEGHENY CO","4125665500","","","","","","N","","","","","","N","","A-00976060","","","","","","1","","11"
"2009068160","07","1","3343 COLISEUM BLVD.","","FORT WAYNE","IN","46808","UPS GROUND FREIGHT INC.","8002421274","080000","","","","","N","","","","","","N","","","","","","","","1","00121058","08"
"2009045591","02","8","345 SIXTH AVE","","PGH","PA","15222","PORT AUTHORITY OF ALLEGHENY CO","4122377000","","","","","","N","","","","","","N","","A-00976060","","","","","","1","","11"
"2009037562","05","1","6420 ASHVILLE HWY.","","KNOXVILLE","TN","37924","SUPER SERVICE INC.","6066791141","080000","","","","","N","","","","","","N","","","","","","","","1","00185359","08"
"2009037562","02","3","2656 IDLEWOOD RD.","","PITTSBURGH","PA","15205","ROBINSON PIPE CLEANING CO.","4129212100","011400","","","","","N","","","","","","N","","","","","","","","2","00131232","03"
"2009027543","05","1","109A W ATKINS ST.","","DOBSON","NC","27017","SOUTHLAND TRANS CO","3362628631","080000","","","","","N","","","","","","N","","","","","","","","1","00311711","08"
"2009040990","04","1","1799 N STATE RD","P O BOX 130","FREEBURG","IL","62243","H C PARISH TRUCK SERVICE INC","8004863885","","","","","","N","","","","","000126904","N","","","","","","","","1","00111884","06"
"2009006571","02","8","325 SIXTH AVE","","PITTSBURGH","PA","15222","PORT AUTHORITY","9999999999","","","","","","N","","","","","","N","","A-00976060","","","","","","1","","11"
"2009050948","99","99","115 PICKETT LN","","FRIEDENS","PA","15541","PILES CONCRETE PRODUCTS CO","9999999999","999999","","","","","N","","","","","","N","","","","","","","","2","","98"
"2009083020","02","8","345 6TH AVENUE","3RD FLR","PITTSBURGH","PA","152222527","PORT AUTHORITY OF ALLEGHENY CO","4125665500","","","","","","N","","","","","","N","","A-00976060","","","","","","1","","11"
"2009043608","03","1","100 PAPERCRAFT BLVD","","BLAWNOX","PA","15238","GENCO","4128261199","032900","","","","","N","","","","","000408676","N","","A-00118018","","","","","","2","00955549","04"
"2009014350","05","1","9701 EAST 102ND. AVE","","HENDERSON","CO","80640","AMERICAN ARMORED TRANSPORT INC","8002139806","080000","","","","","N","","","","","","N","","","","","","","","2","00606697","08"
"2009046612","04","4","ELIZABETH","PO BOX B","GLASSPORT","PA","15045","MENDLOWITZ","4126724116","059180","","","","","N","","","","","","N","","A-00094461","","","","","","1","01270703","04"
"2009042006","04","7","310 LEGER RD.","","NORTH HUNTINGDON","PA","15642","WASTE MANAGEMENT OF PA.INC.","7248645166","733280","","","","","N","","","","","","N","","","","","","","","1","00344050","04"
"2009042006","03","7","310 LEGER RD.","","NORTH HUNTINGDON","PA","15142","WASTE MANAGEMENT OF PA. INC.","7248645166","073280","","","","","N","","","","","","N","","","","","","","","2","00344050","04"
"2009098936","05","99","2001 N CLINE AVE","","GRIFFITH","IN","43619","BULKMATIC TRANPORT","8005269004","080000","","","","","N","","","","","","N","","","","","","","","1","00076065","08"
"2009080137","01","99","UNKNOWN","UNKNOWN","UNKNOWN","ZZ","99999","UNKNOWN","9999999999","099999","","","","","N","","","","","","N","","","","","","","","1","","98"
"2010000239","04","8","2235 BEAVER AVE","345 SIXTH AVE","PITTSBURGH","PA","15233","PORT AUTHORITY OF ALLEGHENY COUN","4125665500","","","","","","N","","","","","","N","","A-00976060","","","","","","1","","11"
"2009027232","05","2","PO BOX 187","","CURTISVILLE","PA","15032","GLASSMERE FUEL SERVICES","8002350954","080000","3","","","","Y","1","","","","","N","","A-00114860","","","","","","1","","08"
"2009120295","99","1","5250 OLD MAUMEE RD","","FT WAYNE","IN","46803","PENSKE TRUCK LEASING","9999999999","999999","","","","","N","","","","","","N","","","","","","","","2","00327574","08"
"2009094874","02","8","345 6TH AVENUE","3RD FLR","PITTSBURGH","PA","15222","PORT AUTHORITY OF ALLEGHENY CO","4125665500","999999","","","","","","","","","","","N","","A-00976060","","","","","","1","","11"
"2009005191","02","8","2235 BEAVER AVENUE","","PITTSBURGH","PA","15233","PORT AUTHORITY ALLEGHENY CTY","4124422000","","","","","","N","","","","","","N","","A-00976060","","","","","","1","","11"
"2009116434","01","1","3690 ROUTE 30","","LATROBE","PA","15650","FOX&JAMES INC.DBA FJ LEASING COM","8149435563","033000","","","","","N","","","","","001842999","N","","","","","","","","2","00274282","98"
"2009003925","02","8","2235 BEAVER AVENUE","","PITTSBURGH","PA","15233","PORT AUTHORITY OF ALLEG. COUNTY","4124764020","","","","","","N","","","","","","N","","","","","","","","1","","11"
"2009039052","02","8","110 LENZNER CT","","SEWICKLEY","PA","15143","TRANSPORTATION MANAGEMENT SERVER","4123219822","999999","","","","","N","","","","","","N","","","","","","","","2","","11"
"2009080903","05","1","41 HUFF AVENUE","","GREENSBURG","PA","15601","LUBOVINSKY TRUCKING","7247877350","080000","","","","","N","","","","","","N","","","","","","","","2","00003811","06"
"2009034636","99","1","45 SOUTH 23RD ST","PO BOX 4295","PITTSBURGH","PA","15203","TYPECRAFTPRESS LLC","9999999999","330000","","","","","N","","","","","","N","","","","","","","","1","","98"
"2009055562","02","8","345 6TH AVE","","PITTSBURGH","PA","15222","PORT AUTHORITY OF ALLEGHENY CO","4124422000","","","","","","N","","","","","","N","","A-00976060","","","","","","1","","11"
"2009082895","05","99","4944 BELMONT AVENUE","","YOUNGSTOWN","OH","445050000","FALCON TRANSPORT CO","3307931345","","","","","","N","","","","","000148604","N","","A-00112635","","","","","","1","00260165","08"
"2009026169","99","6","510 HEMLOCK CT","","CORAOPOLIS","PA","15108","KOLESAROBAEPICLIMOUSINE","7248310701","","","","","","N","","","","","","N","","","","","","","","3","","98"
"2009110733","02","8","2569 DARLINGTON ROAD","","BEAVER FALLS","PA","15010","MCCARTER TRANSIT INC.","7248470530","","","","","","","","","","","","N","","","","","","","","2","","10"
"2009052957","05","0","P.O. BOX 2297","","SANDUSKY","OH","44870","OHIO EASTERN EXPRESS INC","4196258433","080000","","","","","N","","","","","","N","","","","","","","","1","00071644","06"
"2009063058","02","1","1305 MURIAL ST.","","PITTSBURGH","PA","15203","PITTSBURGH BOARD OF EDUCATION","4124885155","026000","","","","","N","","","","","","N","","","","","","","","2","","03"
"2009027541","05","1","15200 SR RD 11 S","","COLUMBUS","IN","47201","CELADON TRUCKING SERVICES INC","8002352366","080000","","","","","N","","","","","","N","","","","","","","","1","00261902","08"
"2009008382","02","8","345 6TH AVENUE","","PITTSBURGH","PA","15222","PORT AUTHORITY ALLEGHENY CO","4125665500","","","","","","N","","","","","","N","","A-00976060","","","","","","1","","11"
"2009075854","04","4","3004 BABCOCK BLVD","","PITTSBURGH","PA","15237","DAROCO INCORPORATED","4129317569","073280","","","","","N","","","","","","N","","","","","","","","1","01649908","04"
"2009093733","02","1","400 SECO ROAD","","PITTSBURGH","PA","15146","TRANS CARE","4123730200","","","","","","N","","","","","","U","","A-00117211","","","","","","1","","02"
"2009115224","04","3","342 SCHUYLER AVE","","KEARNY","NJ","07032","L.J. KENNEDY","8005261221","080000","","","","","N","","","","","","N","","A-00110164","","","","","","1","00024370","08"
"2009005523","02","3","530 BELL AVENUE","","CARNEGIE","PA","15106","DIMPERIO SERVICES INC","4122764011","025950","","","","","N","","","","","","N","","","","","","","","2","00705904","03"
"2009035214","99","99","117 SCHNUR ROAD","","BUTLER","PA","16002","JO-DE ENTERPRISES INC","9999999999","017000","","","","","","","","","","","U","","","","","","","","1","","05"
"2009113575","04","4","601 MARCO RD","","APPOLLO","PA","15613","PAUL RIGGLE & SONS LEASING","7247273477","073280","","","","","N","","","","","000155872","N","","A-00110075","","","","","","1","00226415","04"
"2009054776","05","0","10220 W. RENO","","OKLAHOMA CITY","OK","73127","US XPRESS ENTERPRISES","8006015500","034000","","","","","N","","","","","000188121","N","","","","","","","","2","00303024","08"
"2009030495","02","99","4001 CLAIRTON RD","","WEST MIFFLIN","PA","15122","AIRPORT LIMOUSINE","4123218100","340000","","","","","N","","","","","","N","","A-00049946","","","","","","2","","98"
"2009089002","02","8","345 6TH AVE","3RD FLR","PITTSBURGH","PA","152222527","PORT AUTHORITY OF ALLEGHENY CO","4125665500","","","","","","N","","","","","","N","","A-00976060","","","","","","1","","11"
"2009085477","02","0","4189 OLD WILLIAM HWY","","MONROEVILLE","PA","15146","TRUMBULL CO","4123737301","","","","","","N","","","","","","N","","","","","","","","2","00418111","00"
"2009013027","05","3","7565 RT 30","","IRWIN","PA","15642","COORDINATORS INCORPORTED","7248642171","080000","","","","","N","","","","","000243894","N","","","","","","","","2","30588886","06"
"2009069010","02","8","2235 BEAVER AVENUE","","PITTSBURGH","PA","15233","PORT AUTHORITY, ALLEGHENY COUNTY","4124422000","","","","","","N","","","","","","N","","A-00976060","","","","","","3","","11"
"2009046465","02","8","345 6TH AVE","","PITTSBURGH","PA","15222","PORT AUTH.OF ALLEG CO","4124422000","","","","","","N","","","","","","N","","A-00976060","","","","","","2","","11"
"2009117664","02","1","1401 PARKWAY VIEW DRIVE","","PITTSBURGH","PA","15205","ARAMARK UNIFORM","8008277233","019000","","","","","N","","","","","","N","","","","","","","","1","00120205","09"
"2009039168","02","8","200 HAHN RD","","PITTSBURGH","PA","15209","LAIDLAW TRANSIT","4124318747","999999","","","","","N","","","","","","N","","","","","","","","1","","11"
"2009101072","03","7","W. NOBLESTOWN ROAD","","CARNEGIE","PA","5106","BFI WASTE SERVICES","4124292600","058400","","","","","N","","","","","","N","","","","","","","","1","00962087","00"
"2009053755","02","8","200 HAHN RD","","PGH","PA","15209","LAIDLAW TRANSIT INC.","4123735715","014050","","","","","N","","","","","","N","","","","","","","","2","","11"
"2009046841","02","3","702 FREEPORT ROAD","","CHESWICK","PA","15024","WALSH CONSTRUCTION CO.","7242740160","026000","","","","","N","","","","","","N","","","","","","","","2","00374649","02"
"2009046841","05","1","1850 ARTHUR AVE","","ELK GROVE VILLA","IL","60007","CEVA GROUND","8883008635","080000","","","","","N","","","","","","N","","","","","","","","3","01183746","08"
"2009014906","03","7","2197 DUSS AVE","","AMBRIDGE","PA","15003","WASTE MANAGEMENT","7248439450","073280","","","","","N","1","1","1","1","","N","","","","","","","","1","00344050","04"
"2009068191","05","1","2250 INDUSTRIAL DR.","","CONNELLSVILLE","PA","15425","PLEASANT VALLEY TRUCKING INC","7249703790","080000","","","","","N","","","","","","N","","","","","","","","1","00274292","08"
"2009133734","05","3","PO BOX 36","","MARIETTA","OH","45750","MARIETTA TRANSFER CO. INC.","7403743448","080000","","","","","N","","","","","","N","","","","","","","","2","00834931","08"
"2009069503","03","1","801 MCNEILLY RD","","PITTSBURGH","PA","15226","MICHAEL FACCHIANO CONTRACTING","4128357370","080000","","","","","N","","","","","","N","","","","","","","","2","","09"
"2009089070","02","8","1061 MAIN ST","","NORTH HUNTINGDON","PA","99999","LAIDLAW TRANSIT INC","9999999999","999999","","","","","N","","","","","","N","","","","","","","","2","","11"
"2009019677","01","1","3020 SEVENTH AVE","","ALTOONA","PA","16602","IMLERS POULTRY","8149435563","","","","","","N","","","","","000184299","N","","","","","","","","1","00274282","03"
"2009071072","01","8","110 LENZNER CT","","SEWICKLEY","PA","15143","TRANSPORTATION MANAGEMENT SERVIC","4123219822","","","","","","N","","","","","","N","","A-00112590","","","","","","1","00583785","11"
"2010001958","02","8","200 HAHN RD","","PITTSBURGH","PA","15209","LAIDLAW TRANSIT INC","9999999999","999999","","","","","N","","","","","","N","","","","","","","","2","","11"
"2009056326","04","4","1","","AMBRIDGE","PA","15243","DGB ENTERPRISES","7242665268","","","","","","N","","","","","","N","","","","","","","","2","","04"
"2009046157","02","99","526 CITY COUNTY BUILDIN","","PITTSBURGH","PA","15219","FIRST VEHICLE","4122552466","015000","","","","","N","","","","","","N","","","","","","","","2","","09"
"2009119642","03","0","110 MEADOW LN","","GLASGOW","PA","16644","MATTHEWS TRUCKING","8143175088","035500","","","","","N","","","","","","N","","","","","","","","1","00452593","04"
"2009016747","99","6","170 BILMAR DRIVE","","PITTSBURGH","PA","15205","PITTSBURGH MAILING","4129728181","","","","","","N","","","","","","N","","","","","","","","2","","01"
"2009049254","03","1","281 ARONA RD","","N HUNTINGDON","PA","15642","EMMETT MCARDLE","4123027280","080000","","","","","","","","","","","N","","","","","","","","2","01712031","04"
"2009059962","05","2","200 SPEERS ST","","BELLE VERNON","PA","15012","SOURCE ONE TRANSPORTATION LLC","8002453242","080000","3","","","","Y","1","","","","0MC401203","U","","A-00011756","","","","","","2","00930620","08"
"2009004403","02","99","283 THOMPSON HILL RD","","ALIQUIPPA","PA","15001","INCHES CONCRETE INC","7243757483","005000","","","","","N","","","","","A-0999999","N","","A-00999999","","","","","","2","99999999","06"
"2009023743","02","8","345 SIXTH AVE.","","PITTSBURGH","PA","15222","PORT AUTHORITY","4125665200","","","","","","N","","","","","","N","","A-00976060","","","","","","2","","11"
"2009039136","02","3","18 SPENCER PLACE","","GARFIELD","NJ","07026","SPEEDY PK TRANS LLC","2014869646","259900","","","","","N","","","","","000661401","N","","","","","","","","1","18222748","03"
"2010001078","02","4","5100 W. LIBRARY","","BETHEL PARK","PA","15102","MUNICIPALITY OF BETHEL PARK","4128316800","036220","","","","","N","","","","","","N","","","","","","","","2","","03"
"2009106746","02","8","1380 PITTSBURGH CIRCLE","","VALENCIA","PA","16059","MONARK STUDENT TRANSPORTATION","9999999999","999999","","","","","N","","","","","","N","","","","","","","","1","","11"
"2009044316","99","99","4489 CAMPBELLS RUN RD","","PITTSBURGH","PA","15205","ENTERPRIZE RENTAL","9999999999","999999","","","","","N","","","","","","N","","","","","","","","2","","98"
"2009088444","99","99","2646 ALAMANCE CH RD","","GREENSBORO","NC","274075187","STEPHEN STANLEY","9999999999","999999","","","","","N","","","","","","N","","","","","","","","1","","06"
"2009088444","99","99","142 CALLEN RD","","SARVER","PA","16055","RICHARD S ADAMIK","9999999999","999999","","","","","N","","","","","","N","","","","","","","","2","","98"
"2009102154","02","1","142 FERRY ST. BUILDING","","LEETSDALE","PA","15056","NORANDEX BUILDING MATERIALS DIST","7242510555","014500","","","","","N","","","","","","N","","","","","","","","1","00044625","02"
"2009126489","03","99","625 S CHURCH ST S 100","","MURFREESBORO","TN","37130","MCCORMICK TRUCKING","6158907585","","","","","","N","","","","","000195958","N","","","","","","","","2","00757183","06"
"2009060894","04","8","345 SIXTH AVE","","PITTSBURGH","PA","15222","PORT AUTHORITY OF ALLEGHENY","4124422000","","","","","","N","","","","","","N","","A-00976060","","","","","","2","","11"
"2009129455","05","1","109 MCGREW HILL RD","","IRWIN","PA","15642","NEIL D. SNYDER TRUCKING","4126012034","080000","","","","","N","","","","","000328381","N","","A-00114375","","","","","","1","00712324","06"
"2009043797","02","8","101 OLD FRANKSTOWN RD","","PITTSBURGH","PA","15239","FIRST STUDENT","4127939600","029000","","","","","N","","","","","","N","","A-00108982","","","","","","2","","11"
"2009109864","02","8","1850 GILL HALL ROAD","","FINLEYVILLE","PA","15332","MATTHEWS BUS CO., INC.","4123848810","","","","","","N","","","","","","N","","A-00121306","","","","","","1","01245654","11"
"2009051532","05","1","GINGER CREEK VILLAGE ST","","GLEN CARBON","IL","62034","TITUS TRANSPORTATION LP","5405602330","080000","","","","","N","","","","","","N","","","","","","","","1","01500926","08"
"2009028818","05","3","1865 E. SUMMIT ST","","CROWN POINT","IN","46307","UNIVERSAL AM CAN LTD","7243689124","080000","","","","","N","","","","","","N","","","","","","","","1","00258277","08"
"2009096239","05","1","7101 W 17TH AVE.","","GARY","IN","46407","SCHNEIDER NATIONAL CARRIER","8005581184","080000","","","","","N","","","","","","N","","","","","","","","1","00264184","06"
"2009050413","03","2","297 BOY SCOUT CAMP ROAD","","MORGANTOWN","WV","26508","DEVONIAN INDUSTRIES INC","3042910383","070000","","","","","N","","","","","","N","","","","","","","","2","00486502","04"
"2009038398","02","8","2235 BEAVER AVENUE","","PITTSBURGH","PA","15233","PORT AUTHORITY ALLEGHENY CO.","4122551350","","","","","","N","","","","","000009999","N","","A-00976060","","","","","","1","00009999","11"
"2009076636","99","99","100ATLANTICAVENUE","","MCKEESPORT","PA","15132","MCKEESPORTMUNICIPALAUTHORITY","4126738276","260010","","","","","N","","","","","","N","","","","","","","","1","000USDOT","09"
"2009115080","02","99","117 E 21ST ST","","ERIE","PA","16503","LOOMIS FARGO & CO","8144561233","032200","","","","","N","","","","","","N","","","","","","","","1","00251101","09"
"2009005550","02","8","345 6TH AVE","","PITTSBURGH","PA","152222527","PORT AUTHORITY","4124422000","","","","","","N","","","","","","N","","A-00976060","","","","","","1","","11"
"2009119239","03","7","RD1 COX 717 LANDFILL RD","","SCOTTDALE","PA","15683","GREENRIDGE WASTE SERVICES","8777889400","052350","","","","","N","","","","","","N","","","","","","","","2","00960505","04"
"2009090744","99","99","315 HILLS CHURCH RD","","EXPORT","PA","15632","FARBARIK PLUMBING","9999999999","999999","","","","","N","","","","","","N","","","","","","","","1","","05"
"2009112262","02","1","5562 HOBART ST","","PITTSBURGH","PA","15217","MANITCORE TRANSPORT","4126806951","022000","","","","","N","","","","","","N","","","","","","","","2","00265752","03"
"2009014959","03","1","PO BOX 1553 2ND AVE & 7","","ALTOONA","PA","16603","WARD TRUCKING","8146841535","","","","","","N","","","","","","N","","","","","","","","1","01237168","08"
"2009085429","02","8","345 SIXTH AVE","","PGH","PA","15222","PORT AUTHORITY OF ALLEGHENY CO","4124422000","","","","","","N","","","","","","N","","A-00976060","","","","","","1","","11"
"2009030319","03","3","4391 GIBSONIA RD","","GIBSONIA","PA","15044","GASLINESERVICECO","7244447788","540000","","","","","N","","","","","","N","","","","","","","","1","","04"
"2009069547","99","99","24 OVERBROOK ROAD","","PITTSBURGH","PA","15235","CLARENCE JACKSON","9999999999","999999","","","","","N","","","","","","N","","","","","","","","1","","98"
"2009100432","02","1","201 INTERNATIONAL DR","","OAKDALE","PA","15071","AIR CHARTER OF PA","7246950200","026000","","","","","N","","","","","","N","","","","","","","","2","00397887","03"
"2009081923","04","4","4041 JORDAN ST","","SOUTH HEIGHTS","PA","15081","GEODRAIN INC","4128124152","073280","","","","","N","","","","","","N","","A-00114970","","","","","","2","01151959","04"
"2009124558","04","99","1100 6TH AVE","","BRACKENRIDGE","PA","15014","TOMSONS SCRAP METALS","7242240387","072380","","","","","N","","","","","","N","","","","","","","","2","00362256","04"
"2009032065","03","7","121 BRICKYARD RD","","MARS","PA","16046","VOGEL DISPOSAL SERVICE INC","7256251511","058400","","","","","N","","","","","","N","","","","","","","","1","00290052","04"
"2009046134","03","1","1717 NW 21ST AVE","","PORTLAND","OR","97228","CON-WAY TRANSPORTATION SERVICES","7248646234","080000","","","","","N","","","","","","N","","","","","","","","2","00241829","04"
"2009017371","05","1","1000 NORTH 14TH STREET","","ST LOUIS","MO","63106","HOGAN MOTOR LEASING INC.","8002844320","080000","","","","","N","","","","","","N","","","","","","","","2","01137660","08"
"2009018738","05","99","7101 W. 17TH AVE.","","GARY","IN","46406","SCHNEIDER NATIONAL CARRIERS INC.","9205922000","080000","","","","","N","","","","","","N","","","","","","","","1","00264184","08"
"2009113686","02","4","1119 SPRING ST","","MCDONALD","PA","15057","HENRI COOK","7249261929","012000","","","","","N","","","","","","N","","","","","","","","1","00000000","03"
"2009011616","05","1","160 VELTRI DR.","","WASHINGTON","PA","15301","VELTRI TRUCKING INC.","7243500988","080000","","","","","N","","","","","","N","","","","","","","","2","01077151","08"
"2009073548","05","1","21852 R & R ROAD","","GRETNA","NE","68028-0720","NEBRASKA ATLANTIC TRANSPORT","4023320200","080000","","","","","N","","","","","","N","","","","","","","","1","00597730","08"
"2009115514","05","3","PO BOX 227","","CONNOQUENESSING","PA","16027","VINCORFARMS","9999999999","080000","","","","","N","","","","","","N","","","","","","","","1","00000999","08"
"2009126530","03","4","PO BOX 642","2046 MCKINNEY ROAD","IRWIN","PA","15642","C+L TRUCKING","4122601198","073280","","","","","N","","","","","","U","","A-00118101","","","","","","1","","04"
"2009043602","99","99","UNKNOWN","","UNKNOWN","ZZ","99999","RYDER TRUCK RENTAL","9999999999","999999","","","","","N","","","","","","N","","","","","","","","2","","98"
"2009019283","02","8","4715 BRIERLY DR","","WEST MIFFLIN","PA","15122","CYNTHIA ROTH","4124612543","","","","","","N","","","","","","N","","","","","","","","2","","11"
"2009059415","02","8","1061 MAIN ST","","NORTH HUNTINGDON","PA","15642","LAIDLAN TRANSIT INC","4124691033","318000","","","","","N","","","","","","N","","A-00108982","","","","","","1","00711716","11"
"2009101064","02","8","345 6TH AVE 3RD FLOOR","","PITTSBURGH","PA","152222527","PORT AUTHORITY OF ALLEGHENY COUN","4124422000","000000","","","","","N","","","","","","N","","A-00976060","","","","","","3","","11"
"2009043235","02","99","1227 ROOSEVELT","","PITTSBURGH","PA","15237","ABC EZ MOVING CO INC","4123313590","011770","","","","","N","","","","","","N","","A-00108005","","","","","","1","00470943","03"
"2009031189","02","8","2235 BEAVER AVE","","PITTSBURGH","PA","15233","PORT AUTHORITY OF ALLEGHENY","9999999999","999999","","","","","N","","","","","","N","","","","","","","","1","","11"
"2009073404","02","1","1620 PENNSYLVANIA AVE","","WEST MIFFLIN","PA","15122","DUQUESNE ANNEX VOLUNTEER FIRE CO","4124667500","","","","","","N","","","","","","N","","","","","","","","1","","02"
"2009096549","05","2","4366 MT  PLEASA","","NORTH CANTON","OH","44720","KENN ADVANTAGE TANK LINES","8146761419","000000","3","","","","Y","1","","","","","N","","A-00010724","","","","","","2","00469756","06"
"2009108938","99","99","473 MURRYSVILLE RD","","TRAFFORD","PA","15085","TIMOTHY FEERST","9999999999","999999","","","","","N","","","","","","N","","","","","","","","2","","98"
"2010070628","03","7","200 RANGOS LANE","","WASHINGTON","PA","15301","WASTE MANAGEMENT OF PENNSYLVAN","7242284200","073280","","","","","N","","","","","","N","","","","","","","","1","00344050","04"
"2009010792","02","8","200 HAHN ROAD","","PITTSBURGH","PA","15209","LAIDLAW TRANSIT","4128210300","","","","","","N","","","","","","N","","","","","","","","2","","10"
"2009039976","02","1","3215 ENGLISH CO","","BALTIMORE","MD","21230","MAHABAZAAR COM INC","4435244400","026000","","","","","N","","","","","","N","","","","","","","","1","","00"
"2009033121","02","8","200 HAHN ROAD","","PITTSBURGH","PA","15209","FIRST STUDENT","4128248210","","","","","","","","","","","","N","","","","","","","","2","","11"
"2009094320","02","8","1380 PITTSBURGH RD","","VALENCIA","PA","16059","MONARK STUDENT TRANSPORTATION","9999999999","999999","","","","","N","","","","","","N","","","","","","","","1","","11"
"2009015288","03","99","212 MANSION ST","","PITTSBURGH","PA","15207","JADELL MINNIEFIELD CONSTRUCTION","4124212186","","","","","","N","","","","","","U","","","","","","","","1","01159419","08"
"2009084687","05","2","4366 MT PLEASANT STREET","","NORTH CANTON","OH","44720","ADVANTAGE TANK LINES INC","8772131622","080000","2","","","","Y","1","","","","","N","","","","","","","","1","00469756","08"
"2009080691","02","0","1825 LIVERPOOL ST","","PITTSBURGH","PA","15233","YELLOW CAB","9999999999","","","","","","N","","","","","","N","","","","","","","","2","","98"
"2009020954","02","8","345 6TH AVE 3RD FLOOR","","PITTSBURGH","PA","152222527","PORT AUTHORITY OF ALLEGHENY CO","4124422000","","","","","","N","","","","","","N","","A-00976060","","","","","","1","","11"
"2009093065","02","1","835 HERRON AVENUE","","PITTSBURGH","PA","15219","MASTRO INCORPORATED","4126814423","","","","","","N","","","","","","N","","","","","","","","2","01453438","03"
"2009117982","05","1","1000 SO RIVER IND BLVD","","ATLANTA","GA","30315","NATIONWIDE FLEET","4046245215","080000","","","","","N","","","","","","N","","","","","","","","3","00538247","06"
"2009130777","03","1","700 ONEILL BLVD","","MCKEESPORT","PA","15132","GREEN GROCER","4126787794","017999","","","","","N","","","","","000973585","N","","","","","","","","1","00973585","04"
"2009133269","01","1","17TH ARSENAL BLVD","","HARRISBURG","PA","17120","PENNDOT","4127813260","","","","","","N","","","","","","N","","","","","","","","1","","09"
"2009047439","03","0","P.O. BOX 60","41738 ESTERLY DRIVE","COLUMBIANA","OH","44408","DART TRUCKING","3304827070","","","","","","N","","","","","","N","","","","","","","","1","00124009","04"
"2009047439","02","8","2235 BEAVER AVE","","PITTSBURGH","PA","15233","PORT AUTHORITY","4124402000","","","","","","N","","","","","","N","","A-00976060","","","","","","2","","11"
"2009106879","04","1","143 DONALD LANE","","JOHNSTOWN","PA","15904","GALLIKER DAIRY COMPANY","4122668702","080000","","","","","N","","","","","","N","","","","","","","","2","00345054","08"
"2009077877","99","99","UNKNOWN ADDRESS","","UNKNOWN CITY","ZZ","99999","UNKNOWN CARRIER","9999999999","999999","","","","","N","","","","","","N","","","","","","","","1","","99"
"2009106724","02","1","2100 BRIGHTON RD.","","PGH.","PA","15212","BREADWORKS INC.","4122317555","","","","","","N","","","","","000000000","N","","","","","","","","2","00000000","03"
"2009055825","02","8","798 EKASTOWN ROAD","","SARVER","PA","16055","W.L. ROENIGK LEASING INC.","4123188100","","","","","","N","","","","","","N","","A-00110238","","","","","","2","00153855","11"
"2009036042","04","4","P.O. BOX 97935","","PITTSBURGH","PA","15227","AMC TRUCKING","4128843205","073280","","","","","N","","","","","","N","","A-00121286","","","","","","1","01349719","04"
"2009051186","99","99","1504 ORANGEWOOD AVE","","PITTSBURGH","PA","15216","DARYL HOUSTON","9999999999","999999","","","","","N","","","","","","N","","","","","","","","3","","98"
"2009132053","05","3","1868 LIONS CLUB RD","","NEW ALEXANDRIA","PA","15670","D & M CONTRACTING INC","7246688775","080000","","","","","N","","","","","","N","","","","","","","","1","00066276","06"
"2009022080","99","1","150 VILLAGE CT","","CAROL STREAM","IL","60188","BLACK HORSE CARRIER","6148716616","800000","","","","","N","","","","","","N","","A-00119479","","","","","","2","00807505","08"
"2009074102","05","7","3467 WASHINGTON AVE","","FINLEYVILLE","PA","15332","RICHARD LAWSON EXCAVATION INC","7243480717","070000","","","","","N","","","","","","N","","A-00113645","","","","","","2","00361769","08"
"2009052119","03","7","1500 HAYDEN RD","","ELIZABETH","PA","15037","WASTE MANAGEMENT","7248648049","732800","","","","","","","","","","","N","","","","","","","","2","00344050","04"
"2009126270","03","99","215 MCKEAN ST","","PITTSBURGH","PA","15219","COUNTY OF ALLEGHENY","4127931167","072000","","","","","N","","","","","","N","","","","","","","","1","","04"
"2009133265","05","6","145 N. KANSAS ST.","","EDWARDSVILLE","IL","62025","CASSENS TRANSPORT CO.","8666631739","080000","","","","","N","","","","","02643MCCR","N","","","","","","","","3","00124358","08"
"2009108006","02","1","207 WEST TAYLOR ST","","SYRACUSE","NY","13202","COYNE INTERNATIONAL ENTERPRISE","7739724447","010000","","","","","N","","","","","","N","","","","","","","","1","00020928","03"
"2009039908","02","3","2235 BEAVER AVE.","","PITTSBURGH","PA","15233","PORT AUTHORITY OF ALLEGHENY CO.","4124422000","","","","","","N","","","","","","N","","A-00976060","","","","","","2","","03"
"2009068998","04","4","1251 RUSSELLTON RD","PO BOX 250","CHESWICK","PA","15024","TESONE TRANSPORT INC.","7242742250","073280","","","","","N","","","","","0MC247442","N","","","","","","","","1","00507931","04"
"2009057128","04","3","111 BRIDGE STREET","","BURGETTSTOWN","PA","15021","WOOD WASTE RECYCLING","9999999999","027040","","","","","N","","","","","","N","","","","","","","","1","00899783","04"
"2009107007","99","99","2833 NEW BEAVER AVE","","PITTSBURGH","PA","15233","DUQUESNE LIGHT","9999999999","999999","","","","","N","","","","","","N","","","","","","","","1","","98"
"2009127469","05","1","14507 FRONTIER RD","","OMAHA","NE","68138","WERN","9999999999","080000","","","","","N","","","","","","N","","","","","","","","1","00053467","06"
"2009127469","05","1","400 HWY 151E","","WALFORD","IA","52351","GORDEN SEVIG TRUCKING","3198465540","080000","","","","","N","","","","","","N","","","","","","","","2","00999999","06"
"2009116091","02","8","345 6TH AVE","","PITTSBURGH","PA","152222527","PORT AUTH OF ALLEG. CO.","4124422000","","","","","","N","","","","","","N","","A-00976060","","","","","","1","","11"
"2009007522","99","99","UNKNOWN","","UNKNOWN","ZZ","99999","BOROUGH OF WHITE OAK","9999999999","999999","","","","","N","","","","","","N","","","","","","","","2","","98"
"2009089320","02","8","110 LENZER CT","","SEWICKLY","PA","15143","TRANSPORTATION MANAGEMENT","4125275332","010000","","","","","N","","","","","","U","","","","","","","","3","00583785","10"
"2009061962","05","3","1767 S. STATE ROAD 3","","RUSHVILLE","IN","46173","EQUIPMENT LESSORS INC","3044791079","080000","","","","","N","","","","","","N","","A-00116934","","","","","","1","00125465","09"
"2009099169","06","0","6041 BENORE RD","","TOLEDO","OH","436120000","TRIANGLE LEASING CORPORATION","7247204032","080000","","","","","N","","","","","0MC151224","N","","O-00218410","","","","","","2","00154454","06"
"2009007043","99","99","UNKNOWN","","UNKNOWN","ZZ","99999","UNKNOWN","9999999999","","","","","","","","","","","","U","","","","","","","","1","09999999","99"
"2009071045","01","8","110 LENZNER CT","","SEWICKLEY","PA","15143","TRANSPORTATION MANG SERVICES INC","4123219822","","","","","","N","","","","","","N","","A-00112590","","","","","","2","00583785","11"
"2009121781","07","1","3100 CARSON ST","","PITTSBURGH","PA","15203","FRANK B FUHRER","4128821948","054900","","","","","N","","","","","","N","","","","","","","","2","","06"
"2009088006","05","4","101 CREEKSIDE ROAD","","WEST COLUMBIA","SC","29172-1966","CDJ BULK EXPRESS INC","8038228229","","","","","","N","","","","","","N","","","","","","","","4","00491211","06"
"2009078341","03","8","345 SIXTH AVE","","PGH","PA","15122","PORT AUTHORITIY","4124422000","","","","","","N","","","","","","N","","A-00976060","","","","","","1","","11"
"2009083009","05","1","101 S CARTAGE LANE","","STAFFORD","MO","65757","TRANSPORTATION LOGISTICS","3214742755","080000","","","","","N","","","","","","N","","","","","","","","1","00003706","06"
"2009119299","05","1","3100 EAST CARSON STREET","","PITTSBURGH","PA","15203","FRANK B FUHRER","4124888844","080000","","","","","N","","","","","000000496","N","","","","","","","","2","","08"
"2009132122","02","8","400 MAIN STREET","","NEW EAGLE","PA","15067","RINGGOLD SCHOOL DISTRICT","7242585709","000000","","","","","N","","","","","","N","","","","","","","","1","01127344","10"
"2009045717","02","1","1 JOHN ST","","MCKEES ROCKS","PA","15136","LINCO TRUCKING CO INC","4127788877","025500","","","","","N","","","","","","N","","","","","","","","1","00451975","09"
"2009037157","02","8","200 HAHN RD","","PITTSBURGH","PA","15209","LAIDLAW TRANSIT INC","9999999999","999999","","","","","N","","","","","","N","","","","","","","","1","","11"
"2009097257","02","8","798 EVASTOWN RD.","","SARVER","PA","16055","W L ROENIGK LEASING","7243531515","999999","","","","","N","","","","","","N","","","","","","","","2","","11"
"2009126274","03","4","17TH & ARSENAL BLVD","","HARRISBURG","PA","17120","PENNDOT","4126141369","","","","","","N","","","","","","N","","","","","","","","1","","09"
"2009119823","04","1","100 EAST COVE EXT.","","WHEELING","WV","26003","SLEDD COMPANY","3042431820","065000","","","","","N","","","","","A-9999999","N","","A-00999999","","","","","","2","00735267","08"
"2009091144","03","3","P.O.BOX 235","","WEST MIDDLESEX","PA","16159","CHAMBERS STEEL SERVICES","8003523313","054000","","","","","N","","","","","","Y","","","","","","","","1","00479448","04"
"2009040200","02","8","2235 BEAVER AVENUE","","PITTSBURGH","PA","15233","PORT AUTHORITY ALLEGHENY CTY","4124422000","","","","","","","","","","","","N","","A-00976060","","","","","","1","","11"
"2009133731","02","2","259 GOOSE HILL ROAD","","JEFFERSON","ME","04348","BULK CARRIERS","7243121700","","3","","","","Y","2","","","","","N","","","","","","","","2","00432319","08"
"2009008109","02","8","400 HILLVUE LANE","","PITTSBURGH","PA","15237","NORTH ALLEGHENY SCHOOL DISTRICT","9999999999","999999","","","","","N","","","","","","N","","","","","","","","2","","11"
