"CRN","AXLE_CNT","CARGO_BD_TYPE","CARRIER_ADDR_1","CARRIER_ADDR_2","CARRIER_ADDR_CITY","CARRIER_ADDR_STATE","CARRIER_ADDR_ZIP","CARRIER_NM","CARRIER_TEL","GVWR","HAZMAT_CD1","HAZMAT_CD2","HAZMAT_CD3","HAZMAT_CD4","HAZMAT_IND","HAZMAT_REL_IND1","HAZMAT_REL_IND2","HAZMAT_REL_IND3","HAZMAT_REL_IND4","ICC_NUM","OSIZE_LOAD_IND","PERMITTED","PUC_NUM","SPECIAL_SIZING1","SPECIAL_SIZING2","SPECIAL_SIZING3","SPECIAL_SIZING4","TYPE_OF_CARRIER","UNIT_NUM","USDOT_NUM","VEH_CONFIG_CD"
"2022087640","03","4","251 CEMETERY RD","","SALTSBURG","PA","15681","TAYLOR LEASING","7248409474","","","","","","N","","","","","","","99","0000","00","","","","9","1","00000000","05"
"2022106253","02","0","2235 BEAVER AVE","","PITTSBURGH","PA","15233","PORT AUTHORITY OF ALLEGHENY CO","4124432000","","","","","","N","","","","","","","","A-00976060","00","","","","9","2","","13"
"2022029699","02","0","2235 BEAVER AVE","","PITTSBURGH","PA","15233","PORT AUTHORITY OF ALLEGHENY CO","4124422000","","","","","","N","","","","","","","","","00","","","","4","2","","13"
"2022042209","02","0","2235 BEAVER AVENUE","","PITTSBURGH","PA","15233","PORT AUTHORITY OF ALLEGHENY COUN","4124422000","","","","","","N","","","","","","","","A-00976060","00","","","","2","2","","13"
"2022048501","02","8","101 CASTLEVIEW ROAD","","PITTSBURGH","PA","15234","MATTHEWS BUS CO.","4123848810","","","","","","N","","","","","","","99","","00","","","","4","2","","10"
"2022012380","04","1","100 ILLNOIS ST","","ST. CHARLES","IL","60174","CARDINAL","8336586437","","","","","","N","","","","","","","99","","00","","","","1","1","00191496","08"
"2022124294","02","3","300 COMMERCIAL DR","","WASHINGTON","PA","15301","SPECIALIZED PROFESSIONAL SERVICE","7243289019","","","","","","N","","","","","","","99","","00","","","","9","1","","03"
"2022043523","02","98","2235 BEAVER AVE","","PITTSBURGH","PA","15233","PORT AUTHORITY OF ALLEGHENY CO","4124422000","041600","","","","","N","","","","","","","02","A-00976060","00","","","","1","1","09999999","13"
"2022074287","05","3","8555","STUBENVILLE PIKE","IMPERIAL","PA","15126","GOLDEN TRIANGLE CONSTRUCTION","7248282800","","","","","","N","","","","","","","","","00","","","","1","3","02088033","08"
"2022096875","03","8","415 REBECCA ST","","MCKEESPORT","PA","15221","SUN COACH LINES LLC","4126640911","","","","","","N","","","","","","","","A-6423333","00","","","","2","1","00185303","12"
"2022078777","03","3","745 GREYMONT ST","","PHILADELPHIA","PA","19116","NYC TRUCKING","2679166600","080000","","","","","N","","","","","","","01","","00","","","","1","2","03146967","08"
"2022112972","02","7","414 GRANT ST","","PITTSBURGH","PA","15219","CITY OF PITTSBURGH","4122552640","","","","","","","","","","","","","","","00","","","","3","2","","98"
"2023007600","05","3","27500 RIVERVIEW CENTER BLVD BL","","BONITA SPRINGS","FL","34134","HERC RENTALS","2393011000","080000","","","","","N","","","","","","","","","00","","","","1","2","00372163","08"
"2022100854","03","1","1100 THOMPSON PARK DR.","","CRANBERRY TWP","PA","16066","ROLLING FRITO LAY SALES LP","7247795000","000000","","","","","N","","","","","","","99","","00","","","","4","2","00012345","00"
"2022015386","03","2","1131 FREEPORT RD","","KITTANING","PA","16201","RSA TRANSPORT LLC","7245990489","080000","","","","","N","","","","","","","02","","00","","","","1","1","00900416","06"
"2022105157","06","1","820 ROWAN RD.","","CRANBERRY TOWNSHIP","PA","16066","CRANBERRY SUPPLY CO INC","7247761610","","","","","","N","","","","","","","01","A00116854","00","","","","1","1","00834695","00"
"2022115672","02","2","415 SQUIRES DRIVE","","MILAN","MI","48160","INNOVATIVE FLUIDS LLC","8008892110","054000","","","","","N","","","","","","","02","115354","00","","","","1","1","01711586","03"
"2022022148","05","1","770 N WATER ST FL 8TH","","MILWAUKEE","WI","53202","BMO HARRIS EQUIP FINANCE CO","9999999999","","","","","","","","","","","","","","","00","","","","1","1","99999999","08"
"2022044927","02","98","411 7TH","","PITTSBURGH","PA","15219","DUQUESNE LIGHT","4123937000","036220","","","","","N","","","","","","","02","","00","","","","3","2","00413803","03"
"2022120144","02","4","2675 BROWNSVILLE ROAD","","SOUTH PARK","PA","15129","SOUTH PARK TOWNSHIP","4128331000","","","","","","N","","","","","","","99","","00","","","","9","2","","09"
"2022103764","02","1","11690 NW 105 ST","","MIAMI","FL","33178","RYDER TRUCK RENTAL INC","4129835517","","","","","","N","","","","","","","99","","00","","","","9","1","00252402","03"
"2022115995","99","0","15150 SOMMERMEYER ST","","HOUSTON","PA","77041","ALTUS INVENTION","9999999999","999999","","","","","","","","","","","","","","00","","","","9","1","","00"
"2022115194","02","1","209 13TH ST","","PITTSBURGH","PA","15215","NORTHERN AREA MULTI SERVICE CE","7249801904","","","","","","N","","","","","","","","","00","","","","9","1","00000999","02"
"2022068306","02","1","2675 MORGANTOWN RD","PO BOX 791","READING","PA","19603","PENSKE LEASING AND RENTAL CO","4126605052","025999","","","","","N","","","","","","","99","","00","","","","9","2","03534344","03"
"2022012106","03","1","PO BOX 21508","","PHOENIX","AZ","850361508","U-HAUL CO OF ARIZONA","6029770902","999999","","","","","N","","","","","","","","","00","","","","9","1","00428348","02"
"2022094800","02","0","2235 BEAVER AVENUE","","PITTSBURGH","PA","15233","PORT AUTHORITY OF ALLEGHENY CO","4124422000","041600","","","","","N","","","","","","","","A-00976060","00","","","","2","2","","13"
"2022103158","02","2","4366 MT PLEASANT ST. NW","","NORTH CANTON","OH","44720","ADVANTAGE TANK LINES, LLC","4122150350","","","","","","","","","","","","","","","00","","","","1","2","00469756","08"
"2022044297","03","2","5170 CAMPBELLS RUN ROAD","","PITTSBURGH","PA","15205","CASPER COLOSIMO + SAN INC","7245485178","","","","","","N","","","","","","","99","2125339032","00","","","","9","1","","04"
"2022058675","02","3","1015 W JACKSON STREET","","MUNCIE","IN","47305","THE TOWNSEND CORPORATION","8004288128","","","","","","N","","","","","","","","","00","","","","1","1","00173584","03"
"2022118010","99","1","2641 WASHINGTON RD","","CANONSBURG","PA","15317","AMISH YARD LLC","9999999999","014000","","","","","","","","","","","","","","00","","","","9","1","","02"
"2022058427","06","4","1807 SHENAGO RD","","NEW GALILEE","PA","16141","PNM TRUCKING LLC","7246527714","077000","","","","","N","","","","","","","99","","00","","","","9","1","01489817","04"
"2022100807","99","99","4001 LEADENHALL RD","","MOUNT LAUREL","PA","08054","LOOMIS ARMORED US LLC","9999999999","999999","","","","","","","","","","","","","","00","","","","9","1","","99"
"2022036689","99","0","2020 SMALLMAN ST","","CARNEIGIE","PA","15106","TROIANI GROUP","9999999999","999999","","","","","","","","","","","","","","00","","","","9","1","","02"
"2022036006","02","7","1101 WILLIAM FLYNN HW","","GLENSHAW","PA","15116","BLL CHARLES INC","4122260859","014500","","","","","N","","","","","","","99","","00","","","","9","2","02929277","03"
"2022098974","05","6","413 EUCLID ROAD","","BUTLER","PA","16001","JERRY WILLIAMS TRANSPORT","7244960302","004800","","","","","N","","","","","","","","A-8921722","00","","","","9","1","03226054","06"
"2022035777","02","1","392 COTTAGE RD","","CLINTON","PA","15026","ABEL EXPRESS","4125276568","025999","","","","","N","","","","","","","02","","00","","","","1","1","03115737","03"
"2022109215","02","3","1019 OHIO WORKS DR","","YOUNGSTOWN","OH","44510","M7 TECHNOLOGY","3307790700","006000","","","","","N","","","","","","","02","","00","","","","1","2","00648701","03"
"2022067964","03","4","4002 LORIGAN ST","","PITTSBURGH","PA","15224","M. O'HERRON COMPANY","4126836422","","","","","","N","","","","","","","","","00","","","","9","1","02110229","04"
"2022114602","99","0","5951 BROWNSVILLE RD","","PITTSBURGH","PA","15236","PUSH AND PULL","9999999999","016000","","","","","","","","","","","","","","00","","","","9","1","","02"
"2022114602","02","0","2235 BEAVER AVE","","PITTSBURGH","PA","15233","PORT AUTHORITY OF ALLEGHENY COUN","4124432000","","","","","","N","","","","","","","","A-00976060","00","","","","9","2","","13"
"2022116153","05","1","UNKNOWN","","UNKNOWN","ZZ","99999","UNKNOWN","9999999999","","","","","","N","","","","","","","99","","00","","","","9","2","","08"
"2022109967","04","3","232 E LANCASTER RD","","HARMONY","PA","16037","IPC SERVICES","8008600090","073280","","","","","N","","","","","","","","A-8918621","00","","","","1","1","00218267","09"
"2022038632","02","98","2235 BEAVER AVE.","","PITTSBURGH","PA","15233","PORT AUTHORITY OF ALLEGHENY COUN","4125665214","026000","","","","","N","","","","","","","01","A-00976060","00","","","","4","1","","13"
"2022046983","02","1","492 CLAY PIKE ROAD","","ACME","PA","15610","CALYPSO CLEAN OUT","8142792535","","","","","","N","","","","","","","","","00","","","","1","1","03415936","03"
"2022046095","03","0","419 SACHS ST ET","","PLEASANT UNITY","PA","15676","WESTMORELAND TRANSIT","8002219282","","","","","","N","","","","","","","02","9999999999","00","","","","4","2","","14"
"2022034715","03","2","4075 WINDGAP AVE","","PITTSBURGH","PA","15204","CALHOUN","4125404345","080000","","","","","N","","","","","","","02","A-00111715","00","","","","1","2","00443021","04"
"2022123590","03","1","3050 BRETON ROAD SE","","GRAND RAPIDS","MI","49528","SWEET EXPRESS LLC","6162419200","080000","","","","","N","","","","","","","01","","00","","","","1","1","01128178","08"
"2022007092","05","99","1052 CORPORATE LANE","","EXPORT","PA","15632","MYERS WELL SERVICES","7242226001","040000","","","","","N","","","","","","","","","00","","","","9","1","02065689","04"
"2022043673","05","1","3390 COUNTRY VILLAGE RD APT 53","","JURUPA VALLEY","CA","92509","ZOOD TANSPORT INC","9515079241","080000","","","","","N","","","","","","","02","","00","","","","1","1","03407131","08"
"2022099372","99","1","2727 N CENTRAL AVE","","PHOENIX","AZ","85036","UHAUL CO OF ARIZONA","9999999999","999999","","","","","N","","","","","","","","","00","","","","9","1","","05"
"2022016530","02","0","2235 BEAVER AVE","","PITTSBURGH","PA","15233","PORT AUTHORITY OF ALLEGHENY CO","4124422000","026000","","","","","N","","","","","","","","A-00976060","00","","","","4","2","","13"
"2022084699","99","1","1500 TRUMBULL AVE","","GIRAD","OH","44420","AIM LEASING COMPANY","9999999999","999999","","","","","N","","","","","","","","","00","","","","9","1","","05"
"2022120531","02","10","261 MAGNOLIA PLACE","","PITTSBURGH","PA","15228","BENSON HAULING LLC DBA PITTSBURG","4122061125","","","","","","N","","","","","","","","999999","00","","","","9","2","","05"
"2022053371","03","4","251 CEMETERY RD","","SALTSBURG","PA","15681","JOHN F COLEMAN","7248012470","073280","","","","","N","","","","","","","","9999999999","00","","","","9","2","99999999","04"
"2022078236","02","4","536 12TH ST","","OAKMONT","PA","15139","LOMBARDO CONCRETE","4126074949","025000","","","","","N","","","","","","","99","0093","00","","","","9","2","","03"
"2022037552","03","4","234 OAK WAY","","GLASSPORT","PA","15045","MURIN &MURN","4128960031","075280","","","","","N","","","","","","","","","00","","","","1","2","99999999","04"
"2022006095","02","1","1049 JEFFERSON ROAD","","PITTSBURGH","PA","15235","TURNER DAIRY FARMS INC","4122741750","033000","","","","","N","","","","","","","","","00","","","","9","2","00381686","03"
"2022109060","02","3","1000 GREGG ST","BLDG 14","CARNEGIE","PA","15106","ADVANTAGE TOWING","4122765909","025500","","","","","N","","","","","","","01","","00","","","","4","1","03158067","03"
"2022041728","04","4","950 1ST AVENUE","","CORAOPOLIS","PA","15108","PROFESSIONAL DEMOLISHION AND EXC","4124683201","073280","","","","","N","","","","","","","01","","00","","","","9","2","01829487","04"
"2022037225","05","2","6 LOOP ST  #4C","","PITTSBURGH","PA","15215","VIDEOTEK CONSTRUCTION","4126288394","080000","","","","","N","","","","","","","99","000","00","","","","9","1","00000000","06"
"2022123965","04","1","31 SPRING RUN ROAD EXT","","CORAOPOLIS","PA","151089043","GRAND SLAM EXPEDITED","7247451600","080000","","","","","N","","","","","","","01","","00","","","","9","1","02373462","08"
"2022123965","02","0","4383 GIBSONIA RD","","GIBSONIA","PA","150449343","ALLISON PARK CONTRACTORS INC","4123165004","033000","","","","","N","","","","","","","99","","00","","","","9","2","00158624","09"
"2022024185","02","0","2235 BEAVER AVENUE","","PITTSBURGH","PA","15233","PORT AUTHORITY OF ALLEGHENY COUN","4124422000","","","","","","N","","","","","","","02","A-00976060","00","","","","2","2","","13"
"2022045725","03","4","2072 MCKEES ROCKS ROAD","","MCKEES ROCKS","PA","15136","J & M CUSANO EXCAVATING INC","4122928886","073820","","","","","","","","","","","","","","00","","","","9","1","00870449","04"
"2022087036","04","7","111 CONNER LN","","ROSTRAVER TWP","PA","15012","WESTMORELAND SANITARY LANDFILL L","7242084418","066000","","","","","N","","","","","","","","","00","","","","4","1","02572451","04"
"2022101091","99","99","2011 7TH ST REAR","","NEW KENSINGTON","PA","15068","STEEL CITY HOLDINGS CO","9999999999","999999","","","","","","","","","","","","","","00","","","","9","2","","99"
"2022113778","99","0","1909 WRIGHT ST","","PITTSBURGH","PA","15221","A TO Z LLC","9999999999","011000","","","","","","","","","","","","","","00","","","","9","1","","02"
"2022082030","99","1","1227 LYSLE RD","","MCKEESPORT","PA","15132","AMERICAN RECOVERY CORP","9999999999","999999","","","","","N","","","","","","","","","00","","","","9","2","","05"
"2022009027","02","3","45 THOMS RUN ROAD","","BRIDGEVILLE","PA","15017","PENNDOT","4127811326","038000","","","","","N","","","","","","","","","00","","","","9","1","","03"
"2022038411","02","4","116 STURGEON ST","","MCDONALD","PA","15057","LITTLES LANDSCAPING LLC","4129526856","035000","","","","","N","","","","","","","","","00","","","","4","1","02530275","03"
"2022037421","03","1","470 W MAIN ST","","CANFIELD","OH","44406","HOMETOWN PRODUCE","2344147120","051000","","","","","N","","","","","","","02","","00","","","","2","2","02034343","08"
"2022108297","02","8","2235 BEAVER AVE","","PENN HILLS","PA","15233","PORT AUTHORITY OF ALLEGHENY CO","4124422000","","","","","","N","","","","","","","","","00","","","","9","4","","13"
"2022034912","02","1","2675 MORGANTOWN ROAD","","READING","PA","19607","PENSKE TRUCK LEASING COMPANY","4129160792","002600","","","","","N","","","","","","","99","","00","","","","9","2","01884571","03"
"2022029016","","98","125 E 21ST ST","","CHICAGO","IL","60616","018 INC","7737660057","080000","","","","","N","","","","","","","","","00","","","","1","1","02971623","08"
"2022013665","10","0","7500 NW 25TH ST","UNIT 234","MIAMI","PA","33172","SKYLORD LLC","8004551058","033000","","","","","N","","","","","","","","1096600","00","","","","2","2","00003480","06"
"2022044317","99","0","261 WALLACE RUN RD","","BEAVER FALLS","PA","15010","VALLEY WASTE SERVICE INC","9999999999","014250","","","","","","","","","","","","","","00","","","","9","1","","02"
"2022085014","01","98","1200 PENN AVENUE","","PITTSBURGH","PA","15222","PITTSBURGH WATER&SEWER AUTHORITY","4122552423","000000","","","","","N","","","","","","","02","N/A","00","","","","9","1","00000000","02"
"2022085014","01","8","1825 LIVERPOOL STREET","","PITTSBURGH","PA","15233","PITTSBURGH TRANSPORTATION GROUP","4123775628","000000","","","","","N","","","","","","","99","N/A","00","","","","9","2","","13"
"2022003714","02","1","1 JOHN STREET","","MCKEES ROCKS","PA","15136","RED DIAMOND TRUCKING","4127788877","026000","","","","","N","","","","","","","99","","00","","","","9","1","01738977","02"
"2022011447","03","4","923 WEIMER LN","","SALTSBURG","PA","15681","VISIONARY EQUIPMENT CORP","7246393239","073280","","","","","N","","","","","","","99","A108395","00","","","","9","1","00120871","04"
"2022111195","02","3","2341 DEERFIELD DR","","FORT MILL","SC","29715","SUNBELT RENTALS","7172162900","026000","","","","","N","","","","","","","01","","00","","","","2","2","00500579","09"
"2022011912","03","7","2700 MONROEVILLE BLVD","","MONROEVILLE","PA","15146","MUNICIPALITY OF MONROEVILLE","4128561000","037780","","","","","N","","","","","","","","","00","","","","4","2","","09"
"2022091237","99","99","UNKNOWN","","UNKNOWN","ZZ","99999","UNKNOWN","9999999999","","","","","","N","","","","","","","01","","00","","","","9","1","00099999","99"
"2022091237","03","1","4600 ALBERT S WHITE DRIVE STE","","WHITESTOWN","IN","46075","AWH LOGISTICS","3176584565","026000","","","","","N","","","","","","","01","","00","","","","1","2","03315525","04"
"2022091753","04","99","881 GLEN RD.","","NEW CASTLE","PA","16105","FULENA PAVERS INC.","7248604076","080000","","","","","N","","","","","","","01","","00","","","","2","2","00527474","99"
"2022060100","05","1","232 WARREN ST 1ST FL","","PATERSON","NJ","07524","A DECENA TRANSPORT CORP","8564080241","","","","","","N","","","","","","","","","00","","","","1","1","03051397","08"
"2022090200","99","1","15 W 580 NORTH FRONTAGE RD","","BURR RIDGE","IL","605279999","COMPASS TRUCK RENTAL","9999999999","999999","","","","","","","","","","","","02","","00","","","","1","1","","08"
"2022060467","99","7","111 CONNER LANE","","ROSTRAVER TWP","PA","15012","WESTMORELAND SANITARY LANDFILL","6106989291","","","","","","","","","","","","","","","00","","","","1","2","02572451","05"
"2022054581","03","1","55 MATCHETT RD, PO BOX 438","","CLINTON","PA","15026","AIR GROUND XPRESS INC","7246951110","026000","","","","","N","","","","","","","01","","00","","","","1","2","00259447","04"
"2022063451","04","4","2255 ROUTE 217 S","","BLAIRSVILLE","PA","15717","TAYLOR SERVICES INC","7244598901","079280","","","","","N","","","","","","","","","00","","","","9","1","00120871","04"
"2022063451","02","99","2833 NEW BEAVER AVE","","PITTSBURGH","PA","15233","DUQUESNE LIGHT CO","4123937100","019500","","","","","N","","","","","","","","","00","","","","9","2","00413803","99"
"2022063451","02","99","2833 NEW BEAVER RD","","PITTSBURGH","PA","15233","DUQUESNE LIGHT CO","4123937100","010700","","","","","N","","","","","","","","","00","","","","9","3","00002744","02"
"2022008516","02","3","3634 GRENADA ST","","BRIDGEVILLE","PA","15017","JAY'S TOWING","4128613395","010000","","","","","N","","","","","","","99","N/A","00","","","","9","1","","03"
"2022053390","99","99","108 KERR RD","","NEW KENSINGTON","PA","15068","KERR ROAD SUPPLY & CONTRACTING","7243371847","013000","","","","","N","","","","","","","99","","00","","","","9","1","","99"
"2022030376","99","99","526 CITY COUNTY BLDG","","PITTSBURGH","PA","15219","CITY OF PGH EQUIPMENT LEASING","9999999999","058400","","","","","","","","","","","","99","","00","","","","3","1","","99"
"2022105596","03","0","UNKNOWN","UNKNOWN","UNKNOWN","ZZ","99999","UNKNOWN","9999999999","","","","","","N","","","","","","","99","","00","","","","9","1","","07"
"2022088382","99","1","3332 BABCOCK BLVD","","PITTSBURGH","PA","15237","ALL INC OF PA","9999999999","999999","","","","","N","","","","","","","","","00","","","","9","1","","05"
"2022062189","01","8","1920 FORBES AVE","","PITTSBURGH","PA","15219","UPMC","4123373931","","","","","","","","","","","","","","","00","","","","4","2","99999999","13"
"2022064937","03","6","137 POLECAT RD","","EAST FREEDOM","PA","16637","DALE CLAYCOMB DBA NIGHT TRAIN TR","8143276623","080000","","","","","N","","","","","","","01","","00","","","","1","1","02337462","08"
"2022082495","02","8","220 HILLVUE LANE","","PITTSBURGH","PA","15237","NORTH ALLEGHENY SCHOOL DISTRICT","7243163375","014500","","","","","N","","","","","","","02","","00","","","","9","3","","12"
"2022003917","02","1","2675 MORGANTOWN ROAD","","READING","PA","19607","PENSKE TRUCK LEASING CO L P","9999999999","065000","","","","","N","","","","","","","","","00","","","","9","1","00347194","08"
"2022094554","99","1","8054 BENNETT STREET","","PITTSBURGH","PA","15221","NEVER REST INC","9999999999","080000","","","","","N","","","","","","","","","00","","","","9","2","","05"
"2022102388","02","8","2235 BEAVER AVE","","PITTSBURGH","PA","15233","PORT AUTHORITY OF ALLEGHENY CO","4124422000","","","","","","N","","","","","","","01","A-00976060","00","","","","2","2","","13"
"2022051119","02","1","6045 BRIDGETOWN RD STE 1","","CINCINNATI","OH","45248-3047","HOME CITY ICE","5135741800","","","","","","N","","","","","","","02","","00","","","","9","1","00726855","03"
"2022095520","02","8","2235 BEAVER AVE","","PITTSBURGH","PA","15233","PORT AUTHORITY ALLEGHENY COUNTY","4124422000","026000","","","","","N","","","","","","","01","A-00976060","00","","","","4","2","","13"
"2022089659","02","1","160 FAULKNER RD","","LEMONT FURNACE","PA","15456","JAMES VENDING","7249635078","","","","","","","","","","","","","","","00","","","","4","1","00099999","03"
"2022042105","02","1","375 SHIPPENSBURG DR","","NEWVILLE","PA","17241","NEW BERN TRANSPORT CORP","7247975231","068000","","","","","N","","","","","","","99","","00","","","","2","2","00692947","06"
"2022048522","02","99","7 ROBINWOOD DR","","CORAPOLIS","PA","15108","TREES AND STUFF","9999999999","019000","","","","","N","","","","","","","99","","00","","","","9","1","","99"
"2022112465","03","1","2727 N CENTRAL","","PHOENIX","AZ","99999","UHAUL CO OF ARIZONA","4128535073","","","","","","N","","","","","","","99","","00","","","","9","1","","04"
"2022065083","03","7","121 BRICKYARD ROAD","","MARS","PA","16046","VOGEL DISPOSAL SERVICES INC.","7246251511","073000","","","","","N","","","","","","","01","000","00","","","","1","1","00290052","04"
"2022094190","99","0","125 MONROE AVE","","TURTLE CREEK","PA","15145","BOROUGH OF TURTLE CREEK","9999999999","019500","","","","","","","","","","","","","","00","","","","9","2","","02"
"2022044323","99","99","UNKNOWN","","UNKNOWN","ZZ","99999","UNKNOWN","9999999999","099999","","","","","N","","","","","","","99","UNKNOWN","00","","","","9","1","99999999","99"
"2022079366","99","0","3690 SR 30","","LATROSE","PA","15650","FOX & JAMES INC DBA F J LEASING","9999999999","026000","","","","","","","","","","","","99","","00","","","","9","1","","99"
"2022068261","03","1","73 GREENTREE DR PMB 325","","DOVER","DE","19904","SDSF TRANSPORT LLC","3023442739","080000","","","","","N","","","","","","","01","","00","","","","2","1","00719204","08"
"2022123577","05","0","3200 INDUSTRIES ROAD","","RICHMOND","IN","47374","XPO LOGISTICS","8007552728","080000","","","","","N","","","","","","","01","","00","","","","1","1","00241829","08"
"2022069349","03","7","1107 THOMPSON AVE","","MCKEES ROCKS","PA","15136","BOYD ROLL OFF SERVICES","4123316830","073280","","","","","N","","","","","","","02","","00","","","","2","1","00807021","04"
"2022016726","04","4","420 BURNS LN","","RUFFS DALE","PA","15679","TR TRUCKING & EXCAVATING INC.","7247224434","073280","","","","","N","","","","","","","","","00","","","","9","1","01122214","99"
"2022024612","01","1","1200 LEBANON RD","","WEST MIFFLEN","PA","15122","DON FARR MOVING","4124699700","","","","","","N","","","","","","","99","A#8922932","00","","","","9","1","00345157","02"
"2022064120","05","3","5020 THOMAS RUN ROAD","","OAKDALE","PA","15071","INDEPENDENT EQUIPMENT TRANSFER","4122213435","","","","","","N","","","","","","","","","00","","","","9","1","00010677","06"
"2022103187","05","10","1734 RACCOON RUN ROAD","","SALEM","WV","26426","BENEDUM AND SONS INC.","3047822718","080000","","","","","N","","","","","","","02","","00","","","","2","2","01009105","08"
"2022081666","04","12","5900 US 322","","FRANKLIN","PA","16323","KAREN DELP","8144931198","073280","","","","","N","","","","","","","","","00","","","","1","2","00215280","99"
"2022087031","99","1","3272 EASTVIEW RD","","BETHEL PARK","PA","15102","R G BEHERS ELECTRICAL SERVICE","9999999999","019500","","","","","N","","","","","","","","","00","","","","9","3","","05"
"2022098659","04","2","649 E CLOVERYLY RD","","FREMONT","NE","68025","HIRSCHBACK","4024042163","080000","","","","","N","","","","","","","02","","00","","","","1","1","00065769","04"
"2022039757","99","98","4013 VAN BUREN ST","","UNIVERSITY PARK","MD","20782","TERRAPIN TRANSPORTATION SERVICES","9999999999","080000","","","","","N","","","","","","","99","","00","","","","9","2","02932210","98"
"2022122462","02","6","831 N CROTON AVE","","NEW CASTLE","PA","16101","MCDANIELS TOWING LLC","7247147594","","","","","","N","","","","","","","99","","00","","","","9","2","00874737","98"
"2022056137","03","98","2235 BEAVER AVE","","PITTSBURGH","PA","15233","PORT AUTHORITY OF ALLEGHENY CO","4124422000","041600","","","","","N","","","","","","","02","A-00976060","00","","","","2","1","","13"
"2022104854","02","1","230 THORN HILL RD","","WARRENDALE","PA","15086","GUNTON CORPORATION","6106319500","020000","","","","","N","","","","","","","99","","00","","","","9","1","00142412","03"
"2022104854","03","2","1209 FOURTH AVE","","CORAOPOLIS","PA","15108","R L BOLEA INC","4122641130","030000","","","","","N","","","","","","","99","","00","","","","9","2","00495214","04"
"2022094541","03","5","606 MCCORMICK AVENUE","","CONNELLSVILLE","PA","15425","STONE AND COMPANY INC.","7245945390","033450","","","","","N","","","","","","","99","A-00115059","00","","","","1","2","00896842","04"
"2022053524","05","2","2327 BRODHEAD RD","","ALIQUIPPA","PA","15001","WONDER TRANSPORT COMPANY","7243783780","068900","3","","","","Y","1","","","","","","01","","00","","","","1","1","00432319","08"
"2022064913","05","1","1111 WEST CHESTER AVE","","WHITE PLAINS","NY","10604","NEW BERN TRANSPORTATION","8142426832","080000","","","","","N","","","","","","","02","","00","","","","1","2","00061092","08"
"2022116496","02","99","EQUIP 078-2073,17TH & ARSENALD","","HARRISBURG","PA","17120","PENN DOT EQUIPMENT","4124811444","","","","","","N","","","","","","","99","","00","","","","9","2","09999999","99"
"2022008115","05","1","6110 N. ALBANY AVE","","CHICAGO","IL","60659","JAX LINES LLC","9546106291","080000","","","","","N","","","","","","","","","00","","","","9","1","03536921","08"
"2022044857","02","2","1011 FOGGY HOLLOW RD","","GIBSONIA","PA","15044","MMC LAND MANAGEMENT","7248229517","","","","","","N","","","","","","","","","00","","","","4","2","02202512","03"
"2022034953","05","1","999 RIVERVIEW DR STE 303","","TOTOWA","NJ","07512","TOTAL QUALITY TRUCKING","8667020022","080000","","","","","","","","","","","","99","887585","00","","","","1","1","02548733","08"
"2022079825","05","3","7135 CENTENNIAL PLACE","","NASHVILLE","TN","37209","WESTERN EXPRESS INC","8669711119","080000","","","","","N","","","","","","","01","","00","","","","1","1","00511412","08"
"2022098399","01","8","714 EKASTOWN ROAD","","SARVER","PA","16055","ABC TRANSIT INC","4128289000","","","","","","N","","","","","","","","","00","","","","9","1","02420569","12"
"2022111926","01","1","4842 STREETS RUN ROAD","","PITTSBURGH","PA","15236","BAIANO CONSTRUCTION","4124194056","012000","","","","","N","","","","","","","99","","00","","","","9","1","02483212","02"
"2022062092","02","4","421 N 2ND STREET","","WEST NEWTON","PA","15089","KIMBERLY CONTRACTING SERVICES","7248729488","033000","","","","","N","","","","","","","","088199","00","","","","2","1","02088896","03"
"2022043476","02","4","308 MEADOW LN","","SEWICKLEY","PA","15143","GREEN LEAF LANDSCAPE","4128814166","019500","","","","","N","","","","","","","02","","00","","","","1","1","02327335","09"
"2022093698","99","13","20 SCHOOL STREET","","CUDDY","PA","15031","M&M TOWING","9999999999","016500","","","","","N","","","","","","","","","00","","","","9","1","","05"
"2022076337","05","0","7424 CENTRAL AVE","","BEDFORD PARK","IL","60638-6516","D B CARTAGEINC","7087280808","064000","","","","","N","","","","","","","02","","00","","","","1","2","00375784","08"
"2022037045","02","0","235 BEAVER AVE.","","PITTSBURGH","PA","15233","PORT AUTHORITY OF ALLEGHENY CO","4124422000","","","","","","N","","","","","","","","A-00976060","00","","","","4","1","","13"
"2022017402","03","4","45 THOMS RUN RD","","BRIDGEVILLE","PA","15017","PENNDOT","4127813260","058400","","","","","N","","","","","","N","","","","","","","","2","","09"
"2022064581","99","1","2820 BOBMEYER RD HANGAR C7 S","","HAMILTON","OH","45015","ASAP LOGISTICS","7189955547","080000","","","","","N","","","","","","","02","","00","","","","1","1","03506847","08"
"2022014495","03","98","258 RYFFSDALE RD","","RUFFS DALE","PA","15679","MARSH AUTOMOTIVE","7246964820","","","","","","","","","","","","","","UNKNOWN","00","","","","2","2","00000000","06"
"2022075177","02","98","1145 STATE ROUTE 31","","MT PLEASANT","PA","15666","GULISEK CONSTRUCTION LLC","7246963341","025999","","","","","N","","","","","","","","","00","","","","4","2","00705015","09"
"2022122436","01","1","3111 GRAND AVENUE","","PITTSBURGH","PA","15225","TRI-STATE TRRAILER LEASING","4124278348","","","","","","","","","","","","","","MC 1001-38","00","","","","9","2","00796834","09"
"2022016326","02","1","3340 FRANSCISCO ST","","PITTSBURGH","PA","15204","OKA TRANSPORT LLC","3019068047","025999","","","","","N","","","","","","","","","00","","","","9","1","01704957","03"
"2022123304","99","0","475 W NEWTON RD","","ELIZABETH","PA","15037","BIGS SANTATION INC","9999999999","058400","","","","","","","","","","","","","","00","","","","9","1","","00"
"2022032389","99","0","3221 SR 764","","DUNCANVILLE","PA","16635","WITISI LLC","9999999999","999999","","","","","","","","","","","","","","00","","","","9","2","","02"
"2022037192","02","1","810 S. MAIN ST. UNIT 179","","AKRON","OH","44311","WILKES ENTERPRISES UNLIM. LLC","3309079930","026000","","","","","N","","","","","","","01","","00","","","","1","1","03788840","03"
"2022077978","99","98","1 JOHN STREET","","MCKEES ROCKS","PA","15136","RED DIAMOND TRUCKING CO INC","4127788877","044000","","","","","N","","","","","","","99","","00","","","","9","1","01738977","05"
"2022113627","03","4","923 WEIMER LANE","","SALTSBURG","PA","15681","VISIONARY EQUIPMENT CORPORATION","7244598901","","","","","","","","","","","","","","999","00","","","","9","1","00000999","04"
"2022077097","02","8","2235 BEAVER AVENUE","","PITTSBURGH","PA","15233","PORT AUTHORITY OF ALLEGHENY CO","4124422000","030000","","","","","N","","","","","","","","A-00976060","00","","","","4","3","","13"
"2022123341","99","0","560 HORNING RD","","BETHEL PARK","PA","15102","PENNSYLVANIA AMERCIAN WATER CO","9999999999","033000","","","","","","","","","","","","","","00","","","","9","1","","02"
"2022089269","99","1","4140 N BOND STREET","","KINGMAN","AZ","86409","HIPES[ONE LAST TIME]","9999999999","999999","","","","","N","","","","","","","","","00","","","","9","1","","08"
"2022067259","02","1","209 13TH ST","","PITTSBURGH","PA","15215","NORTHERN AREA MULTI SERVICE CENT","4127811175","","","","","","N","","","","","","","","","00","","","","2","1","02430252","03"
"2023002773","03","4","1000 CASTELVIEW DRIVE","","PITTSBURGH","PA","15234","MARSA CONSTRUCTION","4123413400","080000","","","","","N","","","","","","","","","00","","","","1","1","01994692","08"
"2022024883","03","1","400 GRAHAM ST","","MCKEES ROCKS","PA","15136","NEW BERN TRANSPORT CORP","4123316767","033000","","","","","N","","","","","","","99","","00","","","","9","1","","04"
"2022049471","05","1","900 APOLLO ROAD","","EAGEN","MN","55121","LOGISTIC SERVICES INC","6512893600","080000","","","","","N","","","","","","","","","00","","","","1","2","00675241","08"
"2022107920","02","8","2235 BEAVER AVE.","","PITTSBURGH","PA","15233","PORT AUTHORITY OF ALLEGHENY CO","4124422000","","","","","","N","","","","","","","01","A00976060","00","","","","4","2","","13"
"2022122004","03","3","PO BOX 845","","CLINTON","OK","73601","T.AS. TRUCKING, INC.","5803232888","090000","","","","","N","","","","","","","","","00","","","","2","2","00268849","08"
"2022102761","02","1","329 JEFFERSON RD","","ROCHESTER","NY","14623","SAMUELS & SON/RYDER TRUCK RENTAL","4123773273","","","","","","N","","","","","","","","","00","","","","9","2","01601147","09"
"2022077470","05","0","1 JOHN ST","","MCKEES ROCKS","PA","15136","RED DIAMOND TRUCKING","4127788877","052500","","","","","N","","","","","","","99","","00","","","","9","1","01738977","08"
"2022044570","02","98","300 LIONVILLE STATION RD","","CHESTER SPRINGS","PA","19425","PENN TANK LINES INC","8008266149","080000","","","","","N","","","","","","","","","00","","","","9","3","00264473","08"
"2022019114","02","0","2235 BEAVER AVE","","PITTSBURGH","PA","15233","PORT AUTHORITY ALLEGHENY COUNTY","4124422000","017963","","","","","N","","","","","","","99","A-00976060","00","","","","4","1","","13"
"2022113765","01","8","2235 AVENUE","","PITTSBURGH","PA","15233","PORT AUTHORITY OF ALLEGHENY CO","4124422000","","","","","","N","","","","","","","","","00","","","","4","2","","13"
"2022060534","02","3","1463 STATE ROUTE 819","","GREENSBURG","PA","15601","DANIELS EXCAVATING","7246892276","012000","","","","","N","","","","","","","","","00","","","","1","4","02269635","03"
"2022104289","","98","19824 KYLEMORE DR","","STRONGSVILLE","OH","44149","SAFE TRUCKING INC","2164631754","055000","","","","","N","","","","","","","","","00","","","","1","1","03886734","08"
"2022010809","02","8","2235 BEAVER AVENUE","","PITTSBURGH","PA","15223","PORT AUTHORITY OF ALLEGHENY CO","4124422000","030000","","","","","N","","","","","","","","A-00976060","00","","","","9","1","","13"
"2022036368","02","7","73A W NOBLESTOWN ROAD","","CARNEGIE","PA","15106","BFI WASTE SERVICES OF PENNSYLVAN","4127157991","","","","","","N","","","","","","","99","","00","","","","9","2","00962087","98"
"2022036447","02","99","4845 HARRISON STREET","","PITTSBURGH","PA","15201","STEEL CITY BEER WHOLESALERS","4126820272","","","","","","N","","","","","","","","","00","","","","1","1","03066943","02"
"2022112888","02","8","2990 DUSS AVE","","AMBRIDGE","PA","15003","RHODES TRANSIT INC","7242664322","","","","","","N","","","","","","","01","","00","00","00","00","2","1","00239894","12"
"2022121218","99","0","1568 PERRY HWY","","PORTERSVILLE","PA","16051","DESUTA CONCRETE FORMS LLC","9999999999","012250","","","","","","","","","","","","","","00","","","","9","2","","02"
"2022027726","02","0","2235 BEAVER AVE","","PITTSBURGH","PA","15233","PORT AUTHORITY OF ALLEGHENY CO","4124432000","","","","","","N","","","","","","","","A-00976060","00","","","","9","1","","13"
"2022003121","02","98","1300 MCKEAN AVE","","CHARLEROI","PA","15022","MID MON VALLEY TRANSIT AUTHORITY","7243795956","","","","","","N","","","","","","","","","00","","","","9","1","","15"
"2022110576","05","1","7201 FRANKFORD AVE #1001","","PHILADELPHIA","PA","19135","PNJ TRUCK LLC","6108807365","080000","","","","","","","","","","","","99","","00","","","","9","1","03945232","06"
"2022015065","02","98","2235 BEAVER AVE.","","PITTSBURGH","PA","15233","PORT AUTHORITY OF ALLEGHENY COUN","4125665214","026000","","","","","N","","","","","","","01","A-00976060","00","","","","4","2","","13"
"2022092371","02","1","808 LITTLE DEER CREEK VALLEY","RD","RUSSELLTON","PA","15076","GET IT DONE MAILING SERVICE INC","7242653000","014500","","","","","N","","","","","","","02","C2","00","","","","1","1","00000772","03"
"2022032179","05","1","485 ROUTE 1 SO BUILDING F","SUITE 310","ISELIN","NJ","08830","GROCERY HAULERS INC","7324993818","065000","","","","","N","","","","","","","99","A00114689","00","","","","9","2","00507644","06"
"2022118634","99","1","365 CARLTON RD","","BETHEL PARK","PA","15102","BRYAN KERN CONSTRUCTION LLC","9999999999","999999","","","","","N","","","","","","","99","","00","","","","9","2","","99"
"2022065721","02","99","806 CLAWSON STREET","","PUNXSUTAWNEY","PA","15767","RONALD QUICK","8149526608","","","","","","N","","","","","","","99","","00","","","","4","1","","05"
"2022091731","05","6","141 JAMES P MURPHY HWY","","WEST WARWICK","RI","02893","VIRGINIA TRANSPORTATION","4018212900","080000","","","","","N","","","","","","","02","","00","","","","1","1","00643760","08"
"2022093470","03","1","4001 LEADENHALL ROAD","","MT LAUREL","NJ","08054","IRON MOUNTAIN","8008994166","","","","","","","","","","","","","","","00","","","","9","2","00012858","04"
"2022018826","01","8","345 SIXTH AVE. 3RD FL","","PITTSBURGH","PA","15222","PORT AUTHORITY ALLEGHENY COUNTY","4124422000","","","","","","N","","","","","","","","A-00976060","00","","","","4","2","","13"
"2022000665","04","0","2235 BEAVER AVENUE","","PITTSBURGH","PA","15222","PORT AUTHORITY","4124422000","","","","","","N","","","","","","","01","A-00976060","00","","","","4","2","","13"
"2022057272","02","8","415 REBECCA ST","","MCKEESPORT","PA","15132","SUN COACH LINES LLC","4126640911","","","","","","N","","","","","","","","","00","","","","9","1","00185303","12"
"2022059037","02","0","2235 BEAVER AVENUE","","PITTSBURGH","PA","15233","PORT AUTHORITY OF ALLEGHENY CO","4124422000","041600","","","","","N","","","","","","","","A-00976060","00","","","","4","2","","13"
"2022018303","03","99","685 BURCH FARM RD","","FAISON","NC","28341","BURCH EQUIPTMENT LLC","9102675781","080000","","","","","N","","","","","","","","","00","","","","1","1","00329689","99"
"2022018303","03","99","7682 MORNING MIST DR","","EASTVALE","CA","92880","A SCOTT TRUCKING LLC","9513376793","080000","","","","","N","","","","","","","","","00","","","","1","2","03573148","99"
"2022123071","03","1","I 414 GRANT ST","","PITTSBURGH","PA","15219","CITY OF PITTSBURGH EQUIP LEASING","4126704036","","","","","","N","","","","","","","99","","00","","","","9","2","","04"
"2022006290","01","0","345 SIXTH AVE. 3RD FL","","PITTSBURGH","PA","15222","PORT AUTHORITY ALLEGHENY COUNTY","4124422000","","","","","","N","","","","","","","","A-00976060","00","","","","4","2","","13"
"2022072667","05","1","7101 W 17 TH AVE Y","","GARY","IN","46406","SCHNEIDER NATIONAL CARRIERS","2199777839","080000","","","","","N","","","","","","","99","","00","","","","1","3","00264184","08"
"2022080571","02","1","130 ANDERSON LN","","PITTSBURGH","PA","15239","RESTANO INC","4124152160","000999","","","","","N","","","","","","","99","999","00","","","","9","1","00000999","02"
"2022125063","02","8","2235 BEAVER ROAD","","PITTSBURGH","PA","15233","PORT AUTHORITY","4124422000","","","","","","N","","","","","","","02","A-00976060","00","","","","2","3","","13"
"2022116293","05","1","1306 MAIN ST","","CRESCENT","PA","15046","IRON CITY EXPRESS","7244572727","080000","","","","","N","","","","","","","99","","00","","","","9","2","02253879","08"
"2022116293","03","1","3000 LIBERTY AVENUE SUITE 809","","PITTSBURGH","PA","15201","U HAUL COMPANY OF PENNSYLVANIA","4125387002","","","","","","N","","","","","","","99","","00","","","","9","3","","04"
"2022119259","04","4","102 SMITH DRIVE","","CLINTON","PA","15026","D&M WESTON TRUCKING LLC","4126701307","073280","","","","","N","","","","","","","","","00","","","","1","1","02072143","04"
"2022088375","04","1","36 TREASURE DRIVE","","BRAMTON","ON","L7A3L1","2450883 ONTARIO INC","6472991400","080000","","","","","N","","","","","","","99","","00","","","","1","2","03279397","08"
"2022117004","05","98","4067 BONHILL DR","","ARLINGTON HEIGHTS","IL","60004","SILK WAY CARGO TRANSPORTATION IN","3125202722","080000","","","","","N","","","","","","","02","","00","","","","1","1","03369454","04"
"2022076384","02","3","575 NEW GOFF MOUNTAIN ROAD","","CHARLESTON","WV","25313","ROADSAFE TRAFFIC SYSTEMS","8886507623","013200","","","","","N","","","","","","","01","VE18393","00","","","","1","1","00717663","03"
"2022076384","02","1","1728 ROUTE 30","","CLINTON","PA","15026","DIAMOND CARGO EXPRESS","7242270510","025999","","","","","N","","","","","","","01","347058","00","","","","1","2","00327574","09"
"2022110705","05","4","1790 PITTSBURGH ROAD","","WALTERSBURG","PA","15488","PICCOLOMINI CONTRACTORS INC","7244377946","080000","","","","","N","","","","","","","01","","00","","","","1","2","00961907","08"
"2022107266","02","4","560 HORNING ROAD","","BETHEL PARK","PA","15102","PA AMERICAN WATER","8005657292","","","","","","N","","","","","","","","","00","","","","1","1","02147799","09"
"2022062986","05","0","1076 PINOLA RD","","SHIPPENSBURG","PA","17257","ROWE RUN TRANSPORTATION","7174146406","080000","","","","","N","","","","","","","02","","00","","","","9","2","02025378","06"
"2022123968","04","4","7130 COTTAGE ST","","PHILADELPHIA","PA","19135","HAMILTON ALLIANCE INC","5618552079","066000","","","","","N","","","","","","","99","","00","","","","9","2","03073740","04"
"2022024107","02","99","10-20 1/2 & AVRR","","PITTSBURGH","PA","15201","CITY OF PITTSBURGH EQUIPMENT LEA","4123237800","056300","","","","","N","","","","","","","99","9999","00","","","","9","1","09999999","99"
"2022024107","02","99","10-20 1/2 & AVRR","","PITTSBURGH","PA","15201","CITY OF PITTSBURGH EQUIPMENT LEA","4123237800","060000","","","","","N","","","","","","","01","99999","00","","","","9","2","09999999","99"
"2022059709","02","0","213 CHESTNUT RD","","SEWICKLEY","PA","15143","VERMONT STONE & HORTICULTURE","8025220526","","","","","","N","","","","","","","","9999","00","","","","9","1","","99"
"2022051640","04","0","2235 BEAVER AVENUE","","PITTSBURGH","PA","15222","PORT AUTHORITY","4124422000","","","","","","","","","","","","","","A-00976060","00","","","","4","2","","13"
"2022077905","02","8","2235 BEAVER AVENUE","","PITTSBURGH","PA","15233","PORT AUTHORITY OF ALLEGHENY COUN","4124422000","030000","","","","","N","","","","","","","","A-00976060","00","","","","4","1","","13"
"2022057330","02","0","2235 BEAVER AVE","","PITTSBURGH","PA","15233","PORT AUTHORITY","4124422000","041600","","","","","N","","","","","","","02","A00976060","00","","","","2","1","","13"
"2022113807","02","0","2235 BEAVER AVE.","","PITTSBURGH","PA","15233","PORT AUTHORITY OF ALLEGHENY CO","4124422000","","","","","","N","","","","","","","","A00976060","00","","","","2","2","","13"
"2022071260","02","1","573 BRADDOCK AVENUE","","EAST PITTSBURGH","PA","15112","PRN TRANSIT SERVICE","8008608222","","","","","","","","","","","","","","","00","","","","4","1","02432891","02"
"2022094975","03","2","187 SECOND ST","","VINTONDALE","PA","15961","L&J OILFIELD SERVICES INC","8144216303","030040","","","","","N","","","","","","","99","","00","","","","1","1","02337281","04"
"2022089293","02","1","8220 ALLISON AVENUE","","INDIANAPOLIS","IN","46268","CLARKS WHITE GLOVE DELIVERY","3178760801","026000","","","","","N","","","","","","","01","","00","","","","1","1","00758848","03"
"2022103923","99","99","98 VANADIUM RD","","BRIDGEVILLE","PA","15017","KLOSTERMAN BANKING CO","9999999999","999999","","","","","","","","","","","","","","00","","","","9","1","","99"
"2022003391","99","0","1069 MILL RD","","DUNCANSVILLE","PA","16635","BRINKS INC","9999999999","999999","","","","","N","","","","","","","99","","00","","","","9","2","","99"
"2022042241","04","0","2235 BEAVER AVENUE","","PITTSBURGH","PA","15222","PORT AUTHORITY","4124422000","","","","","","N","","","","","","","","A-00976060","00","","","","3","1","","13"
"2022030189","99","8","158 MIDWAY CANDOR RD","","MIDWAY","PA","15060","BISH TRANSPORTATION","9999999999","999999","","","","","","","","","","","","","","00","","","","9","1","","12"
"2022012434","02","0","2235 BEAVER AVE","","PITTSBURGH","PA","15233","PORT AUTHORITY OF ALLEGHENY CO","4124422000","026000","","","","","N","","","","","","","","A-00976060","00","","","","4","2","","13"
"2022001149","02","0","2235 BEAVER AVE.","","PITTSBURGH","PA","15233","PORT AUTHORITY OF ALLEGHENY CO","4124422000","","","","","","N","","","","","","","","A-00976060","00","","","","4","1","","13"
"2022050754","02","3","2700  FREEPORT RD","","SPRINGDALE","PA","15144","ZALESKI'S ALUMINUM OUTLET INC","7242744744","025999","","","","","N","","","","","","","01","","00","","","","2","2","03775792","03"
"2022057625","04","1","160 VELTRI DR","","WASHINGTON","PA","15301","JAMES R VELTRI TRUCKING","7242289381","065000","","","","","N","","","","","","","01","","00","","","","9","1","01085746","08"
"2022112634","07","98","3901 WEST BROAD STREET","","RICHMOND","VA","23230","ESTES EXPRESS LINES","3042386067","040000","","","","","N","","","","","","","99","","00","","","","4","2","00121018","08"
"2022040187","03","2","535 PARK QUARRY ROAD","","FREEDOM","PA","15042","ECONOMY SEPTIC SERVICE & EXCAVAT","7247751269","020000","","","","","N","","","","","","","","","00","","","","2","1","02324972","04"
"2022051041","99","7","1107 THOMPSON AVE.","","MCKEES ROCKS","PA","15136","BOYD ROLL OFF AND TRANSFER STATI","4123316830","056000","","","","","N","","","","","","","01","","00","","","","2","1","00807021","08"
"2022111720","03","4","501 INDIAN SPRINGS RD","","INDIANA","PA","15701","B B EQUIPMENT LLC","7244630344","073280","","","","","N","","","","","","","02","A-8917110","00","","","","2","2","01855990","04"
"2022053589","02","4","8878 COVENANT DR","","PITTSBURGH","PA","15237","COLLIN""S PAVING","4123666655","035000","","","","","N","","","","","","","99","","00","","","","9","1","02323815","00"
"2022051852","99","99","180 MILLERS RUN RD","","BRIDGEVILLE","PA","15017","FOREMOST AUTO BODY LLC","9999999999","","","","","","N","","","","","","","99","","00","","","","9","1","","99"
"2022024136","02","8","2235 BEAVER AVENUE","","PITTSBURGH","PA","15233","PORT AUTHORITY OF ALLEGHENY CO","4124422000","026000","","","","","N","","","","","","","01","A-00976060","00","","","","4","1","","13"
"2022038325","02","8","2235 BEAVER AVE","","PITTSBURGH","PA","15233","PORT AUTHORITY ALLEGHENY COUNTY","4124422000","","","","","","N","","","","","","","","A-00976060","00","","","","4","2","","15"
"2022072961","03","4","202 BUCKEYE ST","","PITTSBURGH","PA","15241","WOEHLER","7249416363","073280","","","","","N","","","","","","","99","","00","","","","9","2","03438278","04"
"2022000819","03","3","109 MCCLURE ST","","DRAVOSBURG","PA","15034","C & D TOWING & RECOVERY INC","4124699380","","","","","","N","","","","","","","99","A00123372","00","","","","3","2","00536207","04"
"2022034786","05","0","1940 E MICHIGAN AVE","","ALBION","MI","49224","HAAS TRUCKING INCORPORATED","5176292326","","","","","","N","","","","","","","99","","00","","","","2","2","00521126","08"
"2022020846","99","3","3701 W MORRIS STREET  SUITE 3","","INDIANAPOLIS","IN","46241","ECM TRANSPORT LLC","8005487379","080000","","","","","N","","","","","","","","","00","","","","9","1","00317494","04"
"2022116333","99","0","530 COUTLAND ST","","PITTSBURGH","PA","15207","HALBEIB AUTOMOTIVE","9999999999","013200","","","","","","","","","","","","","","00","","","","9","2","","02"
"2022045677","02","3","10-29 1/2 & AVRR","","PITTS","PA","15999","CITY OF PITTSBURGH EQUIPMENT","4122552774","010000","","","","","N","","","","","","","","","00","","","","2","2","","03"
"2022051527","03","1","1196 GEOGHEGAN ROAD","","SHELBYVILLE","KY","40065","J&H TRUCKING LLC","9722395727","","","","","","N","","","","","","","02","106918","00","","","","3","1","03154632","04"
"2022108909","03","3","1000 GREGG ST","","CARNEGIE","PA","15106","ADVANTAGE TOWING","4122765909","","","","","","N","","","","","","","99","","00","","","","9","1","","04"
"2022122159","03","4","545 GREEN STREET","","BROWNSVILLE","PA","15417","HOOKS TRUCKING LLC","4125001300","","","","","","N","","","","","","","99","","00","","","","9","2","03764766","04"
"2022100013","05","1","671 SOUDER ROAD","","SOUDERTON","PA","18964","ICELAND TRANSPORT INC","2157237621","080000","","","","","N","","","","","","","99","","00","","","","1","1","01405051","08"
"2022016879","04","98","750 W 5TH AVE","","MCKEESPORT","PA","15132","CASTURO IRON & METAL","4129067434","080000","","","","","N","","","","","","","02","","00","","","","2","1","00562386","08"
"2022102299","02","2","726 FRANK STREET","","PITTSBURGH","PA","15227","SCHNEIDER'S DAIRY","4128813525","033000","","","","","N","","","","","","","","A00111579","00","","","","9","4","00937962","03"
"2022031301","03","4","51 FOX CHAPEL ROAD","","PITTSBURGH","PA","15238","PENNDOT","4127813260","058400","","","","","N","","","","","","","99","","00","","","","3","2","","04"
"2022031301","03","98","4223 E 49TH STREET","","CLEVELAND","OH","44125","GATEWAY PRODUCTS RECYCLING INC","4128378777","080000","","","","","N","","","","","","","99","","00","","","","9","3","02573874","08"
"2022012942","01","10","414 GRANT ST RM 526","","PITTSBURGH","PA","15219","CITY OF PITTSBURGH EQUIPMENT L","4122552138","","","","","","","","","","","","","","","00","","","","9","1","","98"
"2022067967","05","1","790 VISTA PARK","","PITTSBURGH","PA","15205","MOHAWK","4124909547","080000","","","","","N","","","","","","","99","","00","","","","9","1","00000374","08"
"2022016036","02","98","2235 BEAVER AVE","","PITTSBURGH","PA","15233","PORT AUTHORITY ALLEGHENY COUNTY","4124422000","026000","","","","","N","","","","","","","","A-00976060","00","","","","4","1","","15"
"2022003567","04","8","345 SIXTH AVE","","PITTSBURGH","PA","15233","ALLEGHENY COUNTY PORT AUTHORITY","4124422000","","","","","","N","","","","","","","","A-00976060","00","","","","3","1","","13"
"2022019968","04","3","167 LARSON RD","","CURWENSVILLE","PA","16833","WILLS, MATTHEW","8142908987","","","","","","N","","","","","","","02","UNK","00","","","","1","1","99999999","04"
"2022115864","04","4","430 HERSHINGER RD","","CORAOPOLIS","PA","15108","FILMA LLC","4126383883","073280","","","","","N","","","","","","","99","","00","","","","2","1","03406296","04"
"2022115864","02","8","13570 PA 18","","CONNEAUT LAKE","PA","16316","AC SCHOOL SERVICES","8143821280","031000","","","","","N","","","","","","","99","","00","","","","2","3","00099999","12"
"2022038728","05","1","28 SUMMIT PARK DRIVE","","PITTSBURGH","PA","15275","GATEWAY RECYCLING","4128378777","120000","","","","","N","","","","","","","01","","00","","","","2","1","02573874","08"
"2022105505","03","1","300 CENTRE POINTE DRIVE","","VIRGINIA BEACH","VA","23462","BUDGET TRUCK RENTAL LLC","8005515998","026000","","","","","N","","","","","","","02","","00","","","","1","1","01092543","04"
"2022046171","02","8","346 SIXTH AVENUE 3RD FLOOR","","PITTSBURGH","PA","15222","PORT AUTHORITY","4124422000","","","","","","N","","","","","","","","A-00976060","00","","","","3","1","","15"
"2022011898","02","0","1325 SCOTLAND AVE EXT","","PUNXSUTAWNEY","PA","15767","KRISE TRANSPORTATION INC","4120000000","","","","","","N","","","","","","","","00000","00","","","","9","2","","12"
"2022006686","99","0","600 VINE ST SUITE 1400","","CINCINNATI","OH","45202","FIRST  STUDENT INC","5132412200","016000","","","","","N","","","","","","","","","00","","","","9","2","00354406","12"
"2022027917","02","3","4905 LIBRARY RD","","BETHEL PARK","PA","15102","MARK GILLECE PLUMBING & HEATING","4122973391","","","","","","N","","","","","","","99","","00","","","","9","3","","02"
"2022029994","02","1","4391 CAMPBELLS RUN RD","","PITTSBURGH","PA","15205","NOBLE AUTO SALES","4124291116","019800","","","","","N","","","","","","","","","00","","","","9","2","","03"
"2022054059","02","3","4203 STATE ROUTE 136","","GREENSBURG","PA","15601","STEVE'S AUTO SERVICE","7247579526","066000","","","","","N","","","","","","","02","","00","","","","1","1","00624655","03"
"2022091727","99","13","1920 SOUTH STATE ROAD 3","","RUSHVILLE","IN","46173","FRALEY & SCHILLING, INC.","7659325977","033000","","","","","N","","","","","","","02","","00","","","","9","2","00125465","08"
"2022037907","02","0","2235 BEAVER AVE","","PITTSBURGH","PA","15233","PORT AUTHORITY OF ALLEGHENY CO","4124422000","260001","","","","","N","","","","","","","02","A-00976060","00","","","","4","1","","13"
"2022116477","02","8","5374 WILLIAM FLYNN HWY","","GIBSONIA","PA","15044","MONARK STUDENT TRANSPORTATION","7248983563","","","","","","N","","","","","","","","","00","","","","1","2","00856887","12"
"2022064674","03","13","5619 WILLOWS AVE","","PHILADELPHIA","PA","19143","LBR TRANSPORTATION LLC","2673673355","040000","","","","","N","","","","","","","","","00","","","","4","1","03500041","98"
"2022016111","01","1","1030 EVE DR APT G","","PITTSBURGH","PA","15216","IBRA TECHNOLOGIES, LLC","4122512452","026000","","","","","N","","","","","","","99","","00","","","","9","2","03530647","09"
"2022027894","02","4","126 MAYER DRIVE","","PITTSBURGH","PA","15237","JR'S LAWN AND TREE LLC","4123669315","019500","","","","","N","","","","","","","01","","00","","","","2","1","02517801","03"
"2022109689","02","98","338 SY HUFFMAN HL","","WAYNESBURG","PA","15370","HIGGENS HAULING","3048423314","036000","","","","","N","","","","","","","02","","00","","","","2","2","00292254","09"
"2022109689","99","5","200 NYALA FARMS RD","","WESTPORT","PA","06880","TEREX MASTER TRUST","9999999999","080000","","","","","","","","","","","","","","00","","","","9","3","","99"
"2022098964","99","1","100 OLD POND RD","","BRIDGEVILLE","PA","15017","BBL FLEET CO","9999999999","999999","","","","","","","","","","","","","","00","","","","9","2","","02"
"2022003593","21","1","1500 TRUMBULL AVENUE","","GIRARD","OH","44420","AIM LEASING CO","2404468059","019500","","","","","N","","","","","","","","","00","","","","9","1","02161033","03"
"2022050714","02","0","2235 BEAVER AVE","","PITTSBURGH","PA","15233","PORT AUTHORITY OF ALLEGHENY CO","4124422000","041600","","","","","N","","","","","","","02","A-00976060","00","","","","2","1","","13"
"2022053951","99","99","500 LOGAN ST","","CARNEGIE","PA","15106","JG DRYWALL","9999999999","011000","","","","","N","","","","","","","99","","00","","","","9","1","","99"
"2022088444","03","10","113 LEE VALLEY RD","","DERRY","PA","15627","DICKSON BULK SERVICES INC.","7247873241","999999","","","","","N","","","","","","","01","","00","","","","1","2","00511520","08"
"2022097590","99","0","438 DIVISION ST","","SEWICKLEY","PA","15143","MR FLUSH LLC","9999999999","019500","","","","","","","","","","","","","","00","","","","9","2","","02"
"2022017954","04","98","5020 THOMS RUN RD.","","OAKDALE","PA","15071","INDEPENDENT EQUIPMENT TRANSFER C","4122570808","020000","","","","","N","","","","","","","","","00","","","","1","2","00479580","04"
"2022031466","02","98","27 W CRAFTON AVE","","PITTSBURGH","PA","15205","FREDERICK AMENDOLA","4128615466","","","","","","","","","","","","","99","","00","","","","4","1","00000000","98"
"2022073099","02","0","2235 BEAVER AVE","","PITTSBURGH","PA","15233","PORT AUTHORITY ALLEGHENY COUNTY","4124422000","041600","","","","","N","","","","","","","02","A-00976060","00","","","","2","1","","13"
"2022059291","02","1","1877 PAINTERS RUN RD","","PITTSBURGH","PA","15241","JIM JENKINS LAWN & GARDEN CENTER","4122213070","212631","","","","","N","","","","","","","","","00","","","","1","2","02126316","03"
"2022065114","02","1","2675 MORGANTOWN RD","","READING","PA","19607","PENSKE TRUCK LEASING CO L P","6107756000","","","","","","","","","","","","","","","00","","","","1","1","00327574","03"
"2022088686","99","1","75 BRADEN ST","","WASHINGTON","PA","15301","AMBULANCE & CHAIR SERVICE","9999999999","999999","","","","","N","","","","","","","","","00","","","","9","1","","98"
"2022056379","99","98","17TH& ARSENAL","","HARRISBURG","PA","17120","PENNDOT EQUIP355-3098","9999999999","018000","","","","","N","","","","","","","","","00","","","","9","2","","98"
"2022098925","02","98","3327 W CARSON ST","","PITTSBURGH","PA","15204","SIERRA TRANSPORTATION LLC","4123310202","","","","","","N","","","","","","","","A-00124177","00","","","","9","1","01856389","98"
"2022069597","02","0","2235 BEAVER AVENUE","","PITTSBURGH","PA","15233","PORT AUTHORITY OF ALLEGHENY CO","4125665214","039600","","","","","N","","","","","","","","A-00976060","00","","","","4","2","","13"
"2022097383","03","3","1275 GLENLIVET DRIVE, STE 100","","ALLENTOWN","PA","18106","NO FEAR EXPRESS LLC","9999999999","080000","","","","","N","","","","","","","01","","00","","","","1","3","03582548","08"
"2022112038","02","1","300 CENTRE POINTE DR","","VIRGINIA BEACH","VA","23462","PV HOLDING / BUDGET TRUCK RENTAL","0000000000","008600","","","","","N","","","","","","","02","","00","","","","1","2","01092543","02"
"2022052550","03","5","18 LESLIE ST","","PITTSBURGH","PA","15205","HBF CONCRETE","4124753702","015000","","","","","N","","","","","","","99","","00","","","","9","1","03702513","04"
"2022120977","99","8","798 EKASTOWN RD","","SARVER","PA","16055","W INC","9999999999","999999","","","","","","","","","","","","99","","00","","","","9","2","","13"
"2022011692","02","99","1272 CLAY PIKE","","IRWIN","PA","15642","J&S ROADSIDE LLC","9999999999","019500","","","","","","","","","","","","","","00","","","","9","1","","99"
"2022109313","03","1","3340 FRANCISCO ST","","PITTSBURGH","PA","15204","OKA TRANSPORT","3019068047","080000","","","","","N","","","","","","","01","","00","","","","1","2","03168175","08"
"2022061397","02","1","573 BRADDOCK AVE","","EAST PITTSBURGH","PA","151121224","PRN TRANSIT SERVICE INC","4123940082","","","","","","","","","","","","","","","00","","","","1","2","02432891","03"
"2022063595","04","3","562 MCMASTERS AVE","","TURTLE CREEK","PA","15145","JP GAS LINE EXCAVATION","9999999999","017460","","","","","N","","","","","","","01","","00","","","","4","1","00000099","06"
"2022010417","05","3","11690 NW 105STREET","","MIAMI","FL","331781103","RYDER INTEGRATED LOGISTICSINC","3055003556","080000","","","","","N","","","","","","","","","00","","","","9","1","00165420","06"
"2022051673","02","10","739 DUNSTER STREET","","PITTSBURGH","PA","15226","THOMAS PECCO","4125520849","009800","","","","","N","","","","","","","99","0000000000","00","","","","1","2","99999999","00"
"2022064177","02","8","4780 LIBRARY RD","","BETHAL PARK","PA","15102","FIRST TRANSIT","4124803733","","","","","","","","","","","","","99","BA75597","00","","","","4","1","","10"
"2022013474","05","0","1 JOHN STREET","","MCKEES ROCKS","PA","15136","RED DIAMOND TRUCKING CO INC","9563036586","","","","","","N","","","","","","","02","","00","","","","1","1","01738977","08"
"2022085473","03","1","2150 SCHUETZ ROAD STE","","SAINT LOUIS","MO","63146","HOGAN TRUCK LEASING INC","3142310966","","","","","","N","","","","","","","","99999999","00","","","","9","1","00099999","08"
"2022012807","02","4","1807 FIFTH AVE","","PITTSBURGH","PA","15219","CITY OF PITTSBURGH","4122558850","","","","","","N","","","","","","","","PW-403","00","","","","9","1","","98"
"2022025239","02","3","855 SHERWOOD RD","","PITTSBURGH","PA","15221","412 TOWING & RECOVERY","4125218600","019500","","","","","N","","","","","","","02","","00","","","","9","1","01820153","03"
"2022074824","02","8","2235 BEAVER AVE","","PITTSBURGH","PA","15233","PORT AUTHORITY OF ALLEGHENY CO","4122551385","","","","","","N","","","","","","","02","A-00976060","00","","","","4","1","","13"
"2022067197","07","12","1052 CORPORATE LANE","","EXPORT","PA","15632","MYERS WELL SERVICE","7242898423","080000","","","","","N","","","","","","","","","00","","","","1","1","02065689","04"
"2022041948","02","0","2235 BEAVER AVE.","","PITTSBURGH","PA","15233","PORT AUTHORITY OF ALLEGHENY CO","4124422000","","","","","","N","","","","","","","","A-00976060","00","","","","1","2","09999999","13"
"2022113731","99","0","3990 ROGERDALE ROAD","","HOUSTON","TX","77042","NEXTIER COMPLETION SOLUTIONS","7247626890","","","","","","N","","","","","","","99","","00","","","","1","3","01617384","06"
"2022102107","99","3","1685 GREENFIELD LOOP","","EMMETT","ID","83617","PAULS PRIORITY TRUCKS INC","0000000000","","","","","","N","","","","","","","","","00","","","","1","3","00961513","08"
"2022059402","02","1","523 BINGHAM STREET","","PITTSBURGH","PA","15203","APPLIANCE WAREHOUSE INC","4123818800","000000","","","","","N","","","","","","","99","A-00116468","00","","","","9","1","00588938","03"
"2022083351","99","1","2675 MORGANTOWN RD","","READING","PA","19607","PENSKE TRUCK LEASING","9999999999","999999","","","","","N","","","","","","","","","00","","","","9","1","","05"
"2022079487","05","99","135 RIVERVIEW DR.","","RICHLAND","MS","39218","KLLM TRANSPORT SERVICES LLC","8553567119","800000","","","","","N","","","","","","","","","00","","","","1","2","00154237","08"
"2022095753","99","98","600 SPRING GARDEN","","PITTSBURGH","PA","15212","CITY OF PITTSBURGH","9999999999","070800","","","","","","","","","","","","","","00","","","","9","2","","98"
"2022011431","04","1","7306 N. BAKER RD","","FREMONT","IN","46737","FEDEX FREIGHT INC","7246963651","072000","","","","","N","","","","","","","01","","00","","","","1","2","00239039","08"
"2022009475","05","98","4600 ALBERT S WHITE DRIVE","SUITE 200","WHITESTOWN","IN","46075","AWH","3177692678","080000","","","","","N","","","","","","","99","N/A","00","","","","1","2","03315525","98"
"2022095555","04","3","2313 RT 18","","WAMPUM","PA","16157","DOREN INC","4127422819","073280","","","","","N","","","","","","","","","00","","","","1","1","01456045","04"
"2022037377","02","0","2235 BEAVER AVE","","PITTSBURGH","PA","15233","PORT AUTHORITY OF ALLEGHENY CO","4124422000","026000","","","","","N","","","","","","","","A-00976060","00","","","","4","2","","13"
"2022055006","","3","1 MELE PL","","BRADDOCK","PA","15104","MELE & MELE & SONS","4123511234","080000","","","","","N","","","","","","","99","","00","","","","4","2","02045293","08"
"2022054276","05","1","400 KECK ST","","SEWARD","PA","15945","M & C TRUCKING CO","8144464441","034000","","","","","N","","","","","","","02","127","00","","","","2","2","00163516","99"
"2022009312","03","98","600 GRANT STREET","","PITTSBURGH","PA","15219","UPMC HEALTH SYSTEMS","7249845257","026000","","","","","N","","","","","","","99","","00","","","","9","2","02210798","04"
"2022029348","99","0","5000 FORBES AVE","","PITTSBURGH","PA","15213","CARNEGIE MELLON UNIVERSITY","9999999999","999999","","","","","","","","","","","","","","00","","","","9","1","","02"
"2022104287","03","3","495 PITTSBURGH RD","","BUTLER","PA","16002","SUNBELT RENTALS","8006679328","080000","","","","","N","","","","","","","","","00","","","","2","2","00500579","08"
"2022083137","99","1","14002 E 21ST STREET,1500","","TULSA","OK","74134","EAN HOLDINGS LLC","9999999999","999999","","","","","N","","","","","","","","","00","","","","9","1","","05"
"2023017887","03","0","3487 WESTERVILLE RD","","COLUMBUS","OH","43224","IGAL TRUCKING INC","6143966730","080000","","","","","N","","","","","","","02","","00","","","","2","3","00361554","07"
"2022018416","03","4","278 N PIKE RD","","SARVER","PA","16055","BACHMAN TRUCKING","7243531733","000000","","","","","N","","","","","","","","","00","","","","9","2","00901016","04"
"2022061499","03","98","11351 W 183RD ST","","ORLANDO PARK","IL","60467","EVENNON INC","8476212483","","","","","","","","","","","","","","","00","","","","1","2","02818966","07"
"2022053413","02","0","561 CLIFTON RD.","","BETHEL PARK","PA","15102","TERRSURB","4123415652","006800","","","","","N","","","","","","","01","","00","","","","1","4","00999999","05"
"2022102535","05","1","7135 CENTENNIAL PLACE","","NASHVILLE","TN","37209","WESTERN EXPRESS","6152599920","080000","","","","","N","","","","","","","01","","00","","","","1","1","00511412","08"
"2022091758","99","99","270 HEMLOCK RD","","GROVE CITY","PA","16127","WOLF CREEK HOLDING","8147868041","033001","","","","","N","","","","","","","02","","00","","","","9","1","01140131","09"
"2022080813","05","3","1557 WAYNESBURG DR SE","","CANTON","OH","44707","PGD IV LLC","7408762836","080000","","","","","N","","","","","","","","","00","","","","1","1","00192897","08"
"2022002638","03","4","1251 RUSSELLTON RD","","CHESWICK","PA","15024","TESONE TRANSPORT","7242742250","028040","","","","","N","","","","","","N","","A-00109950","","","","","","2","00607931","04"
"2022085178","04","3","244 ANTIOCH ROAD","","PONTOTOC","MS","38863","WESTERN EXPRESS","6624196977","","","","","","N","","","","","","","02","9999999999","00","","","","1","1","00511412","08"
"2022022488","02","8","153 RAMSEY RD","","EVANS CITY","PA","16033","W.L. ROENIGK INC.","7247131809","014500","","","","","N","","","","","","","","","00","","","","3","1","00153855","10"
"2022118173","02","8","2030 SWALLOW HILL RD","","PITTSBURGH","PA","15220","CHARTIERS VALLEY SCHOOL DISTRICT","4124297011","","","","","","N","","","","","","","99","","00","","","","9","2","","12"
"2022066100","99","99","UNKNOWN","","UNKNOWN","ZZ","00000","UNKNOWN","9999999999","","","","","","N","","","","","","","99","","00","","","","9","1","09999999","99"
"2022111207","","99","UNKNOWN","","UNKNOWN","ZZ","99999","UNKNOWN","9999999999","","","","","","","","","","","","","","","00","","","","9","1","99999999","99"
"2022018584","05","4","1 MELE PLACE","","BRADDOCK","PA","15104","MELE AND MELE AND SONS","4123511234","080000","","","","","N","","","","","","N","","","","","","","","1","02045293","09"
"2022041142","02","99","4777 STREETS RUN RD","","PITTSBURGH","PA","15236","GREAT DAY IMPROVEMENTS","4124173452","","","","","","N","","","","","","","","UNKNOWN","00","","","","9","1","","99"
"2022041142","03","4","478 MURRYSVILLE RD","","TRAFFORD","PA","15085","PITTSBURGH MOBILE TELEVISION","4124019950","","","","","","N","","","","","","","","UNKNOWN","00","","","","9","3","","99"
"2022007935","02","98","2235 BEAVER AVENUE","","PITTSBURGH","PA","15233","PORT AUTHORITY OF ALLEGHENY CO","4124222000","308000","","","","","N","","","","","","","","","00","","","","2","2","","13"
"2022033636","03","98","4890 GRAND AVE","","PITTSBURGH","PA","15225","PENSKE","4122622552","","","","","","N","","","","","","","02","","00","","","","2","1","00274282","04"
"2022052591","99","99","8555 STEUBENVILLE PIKE","","IMPERIAL","PA","15126","GOLDEN TRIANGLE CONSTRUCTION","7248582800","010700","","","","","N","","","","","","","99","","00","","","","9","2","","99"
"2022014047","03","8","2235 BEAVER AVE","","PITTSBURGH","PA","15233","PORT AUTHORITY OF ALLEGHENY CO","4124432000","","","","","","N","","","","","","","","A-00976060","00","","","","2","1","","13"
"2022064565","99","0","UNKNOWN","","UNKNOWN","ZZ","99999","UNKNOWN","9999999999","999999","","","","","N","","","","","","","99","","00","","","","9","1","00999999","99"
"2022006208","03","4","8555 OLD STEUBENVILLE PIKE","","IMPERIAL","PA","15126","GOLDEN TRIANGLE CONSTRUCTION CO","4127384994","999999","","","","","N","","","","","","","","","00","","","","9","2","0UNKNOWN","00"
"2022006208","03","4","8555 OLD STEUBENVILLE PIKE","","IMPERIAL","PA","15126","GOLDEN TRIANGLE CONSTRUCTION CO","4127384994","999999","","","","","N","","","","","","","","","00","","","","9","3","0UNKNOWN","00"
"2022016732","05","3","2876 STATE ROUTE 286","","SALTSBURG","PA","15681","CLAY TRANSPORT INC","7246399043","080000","","","","","N","","","","","","N","","","","","","","","1","00085150","08"
"2022086012","03","5","312 VINE ST","","JEFFERSON HILLS","PA","15025","JUST POUR IT LLC","4126705496","000999","","","","","N","","","","","","","01","999","00","","","","9","2","00000999","04"
"2022022080","03","1","2406 WATKINS ROAD EXT","","ANDERSON","SC","29625","YAROSLAV KLIMOVICH","8646346025","080000","","","","","N","","","","","","","","","00","","","","9","1","02974452","08"
"2022020694","02","98","2235 BEAVER AVENUE","","PITTSBURGH","PA","15233","PORT AUTHORITY OF ALLEGHENY CO","4122551385","026000","","","","","N","","","","","","","99","A-00976060","00","","","","2","2","","13"
"2022031022","99","7","1106 CALIFORNIA AVE","","NATRONA HEIGHTS","PA","15065","LARGENTS PALLETS AND RECYCLING","4126103178","025999","","","","","N","","","","","","","02","","00","","","","9","2","02130431","09"
"2022039827","02","3","347 LEBANON RD","","WEST MIFFLIN","PA","15122","J&A SOUTH PARK HEATING COOLING","4123763174","026000","","","","","N","","","","","","","","","00","","","","1","1","03883932","03"
"2022115724","05","1","1632 ROLLING HILLS DRIVE","","CRYSTAL LAKE","IL","60014","MCC FREIGHT INC","2673746643","080000","","","","","N","","","","","","","02","","00","","","","1","2","01902862","08"
"2022092695","02","8","2235 BEAVER AVE","","PITTSBURGH","PA","15233","PORT AUTHORITY OF ALLEGHENY CO","4122551385","","","","","","N","","","","","","","","A-00976060","00","","","","2","3","","15"
"2022071289","02","3","5477 STEUBENVILLE PIKE","","MCKEES ROCKS","PA","15136","FRATANGELO GARDENS","4127477592","016000","","","","","","","","","","","","","","00","","","","2","1","02142865","03"
"2022075526","05","1","143 DONALD LN","","JOHNSTOWN","PA","16002","GALLIKER DAIRY CO","8149448193","","","","","","N","","","","","","","01","","00","","","","2","2","00345054","08"
"2022074144","02","8","2235 BEAVER AVENUE","","PITTSBURGH","PA","15233","PORT AUTHORITY ALLEGHENY CO","4124422000","030000","","","","","N","","","","","","","","A-00976060","00","","","","3","1","","13"
"2022054077","03","0","2235 BEAVER AVENUE","","PITTSBURGH","PA","15233","PORT AUTHORITY ALLEGHENY COUNTY","4124422000","041600","","","","","N","","","","","","","01","A-00976060","00","","","","4","2","","13"
"2022094936","02","5","100 UNION ST","","BRIDGEVILLE","PA","15017","SILHOL TRANSPORTATION COMPANY","4122217400","030000","","","","","N","","","","","","","02","","00","","","","2","2","01970893","03"
"2022085390","03","4","234 LANDFILL RD","","SCOTTDALE","PA","15683","GREENRIDGE WASTE SERVICES LLC","7248879400","073280","","","","","N","","","","","","","99","","00","","","","2","2","00962087","04"
"2022068822","03","4","2018 AUSTIN CT","","IRWIN","PA","15642","FOSTER TRUCKING COMPANY LLC","4123711304","","","","","","N","","","","","","","99","","00","","","","2","1","02416995","04"
"2022070550","99","1","10517 RAYSTOWN RD","","HUNTINGDON","PA","16652","ROLLINGTON FRITO LAY SALES LP","9999999999","011030","","","","","N","","","","","","","","","00","","","","9","1","","05"
"2022067945","02","1","116 23RD ST","","PITTSBURGH","PA","15222","SUNFRESH FOODS","4123917532","025999","","","","","N","","","","","","","02","","00","","","","9","1","00482039","03"
"2022083492","02","8","2235 BEAVER AVENUE","","PITTSBURGH","PA","15233","PORT AUTHORITY","4124422000","","","","","","N","","","","","","","","","00","","","","2","1","00041600","13"
"2022082783","99","1","530 CCOURTLAND ST","","PITTSBURGH","PA","15207","HALBEIB AUTOMOTIVE","9999999999","013200","","","","","N","","","","","","","","","00","","","","9","2","","05"
"2022087336","02","0","2833 NEW BEAVER AVENUE","BLDG 5","PITTSBURGH","PA","152331003","DUQUESNE LIGHT COMPANY","4123937100","","","","","","N","","","","","","","02","","00","","","","4","3","00413803","02"
"2022021174","02","0","2235 BEAVER AVENUE","","PITTSBURGH","PA","15233","PORT AUTHORITY OF ALLEGHENY CO","4124422000","046000","","","","","N","","","","","","","99","A-00976060","00","","","","2","2","","13"
"2022078393","05","3","353 WILD ROSE WAY NW","","EDMONTON","AB","T6T1P3","TS SETHI TRANSPORT INC","7808637507","080000","","","","","N","","","","","","","","","00","","","","1","1","03294788","08"
"2022023636","02","1","4780 LIBRARY RD","","BETHEL PARK","PA","15102","FIRST TRANSIT INC","4128338200","999999","","","","","N","","","","","","","","9999999999","00","","","","9","2","01002211","02"
"2022117476","02","8","2235 BEAVER ROAD","","PITTSBURGH","PA","15233","PORT AUTHORITY","4124422000","","","","","","N","","","","","","","","A-00976060","00","","","","4","2","","13"
"2022043134","02","0","2235 BEAVER AVE","","PITTSBURGH","PA","15233","PORT AUTHORITY OF ALLEGHENY CO","4124422000","041600","","","","","N","","","","","","","02","A-00976606","00","","","","2","2","","13"
"2022108217","05","0","171 ROWLEY ST","","WINSTED","CT","06098","LIPPINCOTT VAN LINES","8002458563","","","","","","N","","","","","","","02","","00","","","","1","2","00731441","08"
"2022087789","99","1","301 8THAVE","","SUTHERSVILLE","PA","15083","WUNDERLICH TRANSPORTATIONS INC","9999999999","012200","","","","","N","","","","","","","","","00","","","","9","2","","05"
"2022013944","03","1","5650 BLAZER PARKWAY STE 170","","DUBLIN","OH","43017","MAESTRO GROUP INV","3056196039","080000","","","","","N","","","","","","N","","","","","","","","1","03591548","08"
"2022053520","03","5","238 T585","","SAXONBURG","PA","16056","CRYSTAL CONCRETE SUPPLY","7243166297","080000","","","","","N","","","","","","","02","A-00123777","00","","","","9","2","01699403","08"
"2022092951","04","4","205 HAZELNUT RD","","CHICORA","PA","16205","WALLACE TRUCKING","7246797321","042500","","","","","N","","","","","","","99","","00","","","","9","2","02171996","04"
"2022067912","02","8","2235 BEAVER AVE","","PITTSBURGH","PA","15233","PITTSBURGH REGIONAL TRANSIT","4124422000","","","","","","N","","","","","","","01","A-00976060","00","","","","4","2","","13"
"2022077328","03","4","2255 RT. 217 SOUTH","","BLAIRSVILLE","PA","15717","TAYLOR LEASING INC.","7244598901","073280","","","","","N","","","","","","","99","A108395","00","","","","9","2","00120871","04"
"2022076919","99","1","399 BRENTWOOD DR","","GREENVILLE","PA","16125","INTERLINE RECOVERY SERVICE","9999999999","011500","","","","","N","","","","","","","","","00","","","","9","1","","05"
"2022076919","99","98","1350 CHARITIERS AVE","","PITTSBURGH","PA","15220","INNER CITY TOWINNG","9999999999","999999","","","","","N","","","","","","","","","00","","","","9","2","","05"
"2022058309","","11","1106 NORTHSIDE ST","","KANNAPOLIS","NC","28081-4132","R&R XPRESS LLC","9193333015","","","","","","N","","","","","","","02","","00","","","","2","1","03647433","06"
"2022083079","02","98","3301 SMALLMAN STREET","","PITTSBURGH","PA","15201","PITTSBURGH TIRE COMPANY","4126837800","017500","","","","","N","","","","","","","99","9999999999","00","","","","9","2","99999999","99"
"2022069096","02","0","2504 CRESCENT FOREST DR","","RALEIGH","NC","27610","EBE TRANSPORT LLC","9197062736","050000","","","","","N","","","","","","","01","","00","","","","1","1","03575840","06"
"2022096359","99","1","11690 NW 105 ST","","MIAMI","FL","33178","RYDER TRUCK RENTAL INC","9999999999","999999","","","","","N","","","","","","","","","00","","","","9","1","","05"
"2022115140","02","1","2675 MORGANTOWN ROAD","","READING","PA","19607","PENSKE TRUCK","2035962949","033000","","","","","N","","","","","","","02","","00","","","","2","2","00196104","00"
"2022124053","02","0","2235 BEAVER AVE","","PITTSBURGH","PA","15233","PORT AUTHORITY OF ALLEGHENY CO","4124422000","","","","","","N","","","","","","","","A-00976060","00","","","","9","1","","13"
"2022068903","02","1","55 11TH ST","","PITTSBURGH","PA","15221","ENTERPRISE","4123257042","026000","","","","","N","","","","","","","99","","00","","","","9","1","00849834","03"
"2022109681","01","0","1652 4TH STREET","","MONONGAHELA","PA","15063","CAMERON CONCRETE","7243103381","","","","","","N","","","","","","","01","","00","","","","4","1","02515736","00"
"2022094953","99","1","1788 SAXONBURG BLVD","","TARENTUM","PA","15084","SMULLIN ASPHALT & CONCRETE","9999999999","012000","","","","","","","","","","","","","","00","","","","9","2","","05"
"2022063627","02","8","2235 BEAVER AVE","","PITTSBURGH","PA","15233","PORT AUTHORITY OF ALLEGHENY CO","4124422000","","","","","","N","","","","","","","99","A-00976060","00","","","","9","1","","13"
"2022105515","02","7","121 BRICKYARD RD","","MARS","PA","16046","VOGEL DISPOSAL SERVICE INC","7246251511","014500","","","","","N","","","","","","","02","","00","","","","1","2","99999999","03"
"2022004007","02","1","107 VILLAGE RD","","PITTSBURGH","PA","15205","CAMER SPEED SERVICES LLC","5139757022","","","","","","N","","","","","","","","","00","","","","1","1","03423428","09"
"2022054613","03","98","4383 GIBSONIA RD","","GIBSONIA","PA","15044","ALLISON PARK CONTRACTORS","7244437700","020260","","","","","N","","","","","","","01","","00","","","","4","2","01586241","04"
"2022122396","04","4","1051 MCCARTNEY ST","","PITTSBURGH","PA","15220","QUALITY CONCRETE","4129220200","077000","","","","","N","","","","","","","","","00","","","","2","1","02066094","04"
"2022056172","02","0","2235 BEAVER AVE","","PITTSBURGH","PA","15233","PORT AUTHORITY OF ALLEGHENY CO","4124422000","041600","","","","","N","","","","","","","02","A-00976060","00","","","","2","1","","13"
"2022056172","02","0","2235 BEAVER AVE","","PITTSBURGH","PA","15233","PORT AUTHORITY OF ALLEGHENY CO","4124422000","041600","","","","","N","","","","","","","02","A-00976060","00","","","","2","2","","13"
"2022034952","02","3","9008 KIDDER RD","","SHERMAIL","NY","14781","INSULATION COATING","8149203646","","","","","","N","","","","","","","","","00","","","","1","2","00324231","03"
"2022045220","02","8","2235 BEAVER AVE","","PITTSBURGH","PA","15233","PORT AUTHORITY OF ALLEGHENY COUN","4124422000","","","","","","","","","","","","","","","00","","","","9","1","00000000","13"
"2022093602","03","1","101 KAPPA DR","","PITTSBURGH","PA","15238","TALON LOGISTICS INC","8122850566","080000","","","","","N","","","","","","","","","00","","","","9","2","00030237","06"
"2022046428","02","1","2992 GREEN VALLEY RD","","CLAYSVILLE","PA","15323","GREEN VALLEY PACKING CO","7249483321","033000","","","","","N","","","","","","","01","","00","","","","2","2","00046732","03"
"2022025172","02","4","9955 GRUBBS ROAD","","WEXFORD","PA","15909","TOWN OF MCCANDLESS","4123640616","042000","","","","","N","","","","","","","01","","00","","","","3","1","","03"
"2022012236","99","3","417 BROADWAY BLVD","","MONROEVILLE","PA","15140","MAGILL'S AUTO SERVICE INC","4123738155","999999","","","","","N","","","","","","","","","00","","","","9","1","00513657","05"
"2022122243","02","99","2833 NEW BEAVER AVE","","PITTSBURGH","PA","15233","DUQUESNE LIGHT","4123936032","","","","","","N","","","","","","","99","","00","","","","9","1","00413803","98"
"2022013741","03","99","53971 N PARK AVE","","ELKHART","IN","46514","ENVIRO SERVE A SAVAGE COMPANY","4122204429","073280","","","","","N","","","","","","","","","00","","","","9","1","00388329","04"
"2022032503","99","0","438 DIVISION ST","","SEWICKLEY","PA","15143","MR FLUSH LLC","9999999999","999999","","","","","","","","","","","","","","00","","","","9","6","","02"
"2022035477","03","1","6109 PARKRIDGE AVE","","CLEVELAND","OH","44144","S & E HAULING","2162721033","025500","","","","","N","","","","","","","02","","00","","","","1","2","03683281","09"
"2022115838","05","3","346 RUE RODIN","","BELOEIL","QC","J3G3K7","9283 3847 QUEBEC INC","5142320666","078000","","","","","N","","","","","","","02","","00","","","","1","1","02455621","08"
"2022063503","03","1","1010 DELAFIELD RD.","","PITTSBURGH","PA","15215","US GOVERNEMT","4128222222","033000","","","","","N","","","","","","","99","A-00123456","00","","","","9","1","99999999","98"
"2022079910","02","0","1781 E RISSEN ST","","KANKAKEE","IL","60901","GT EXPRESS INC","6013345525","080000","","","","","N","","","","","","","","00","00","","","","9","1","02472326","00"
"2022040508","03","99","4072 CLARKLAND AVE","","HAMPTON","PA","15101","BRAVE","7243214123","073280","","","","","N","","","","","","","99","A-00114660","00","","","","9","1","02127712","04"
"2022099744","99","99","1150 KENLY AVE APT 2","","HAGERSTOWN","MD","21740","NATHAN TRANSPORT LLC","2405509143","","","","","","N","","","","","","Y","99","","02","03","04","","4","1","03038837","99"
"2022080250","02","4","1053 RED MILL ROAD","","KITTANING","PA","16201","G CHAD PERRY TRUCKING","7245434469","073280","","","","","N","","","","","","","99","","00","","","","4","1","02464183","03"
"2022046768","99","7","1020 LEBANON RD","","WEST MIFFLIN","PA","15122","BOROUGH OF WEST MIFFLIN","4124668170","073280","","","","","N","","","","","","","99","","00","","","","2","1","","99"
"2022039170","05","99","7135 CENTENNIAL PLACE","","NASHVILLE","TN","37209","WESTERN EXPRESS INC.","9089778787","","","","","","N","","","","","","","02","","00","","","","9","1","","08"
"2022102426","02","8","345 SIXTH AVE","","PITTSBURGH","PA","15222","PORT AUTHORITY","4124422000","","","","","","N","","","","","","","","A-00976060","00","","","","4","1","","13"
"2022014723","02","0","345 SIXTH AVE. 3RD FL","","PITTSBURGH","PA","15222","PORT AUTHORITY ALLEGHENY COUNTY","4124422000","","","","","","N","","","","","","","","A-00976060","00","","","","4","1","","13"
"2022071780","03","7","111 CONNER LN.","","ROSTRAVER","PA","15012","WESTMORELAND SANITARY LANDFILL","4123775787","066000","","","","","N","","","","","","","","","00","","","","2","1","02572451","04"
"2022058752","99","98","222 PARK HILL ROAD","","BADEN","PA","15005","H & M SERVICE INC","7243443400","073208","","","","","","","","","","","","","","00","","","","1","1","00809659","09"
"2022121917","04","98","73A WEST NOBLESTOWN ROAD","","CARNEGIE","PA","15106","BFI WASTE SERVICES OF PENNSYLVAN","9999999999","073280","","","","","N","","","","","","","99","","00","","","","9","1","00962087","04"
"2022121917","03","1","3100 NILES ROAD SE","","WARREN","OH","44484","LOGICAL SOLUTIONS TRANSPORT LLC","9999999999","080000","","","","","N","","","","","","","99","","00","","","","9","2","00911902","08"
"2022032735","05","1","3887 NORTH US HWY 52","","LEBANON","IN","46052","USA TRUCK INC","8665763033","080000","","","","","N","","","","","","","01","","00","","","","1","1","00213754","08"
"2022032735","02","3","4383 GIBSONIA RD","","GIBSONIA","PA","15044","ALLISON PARK CONTRACTORS, INC","7244437700","026000","","","","","N","","","","","","","01","","00","","","","1","2","01586241","03"
"2022001075","02","1","301 FITZ HENRY ROAD","","SMITHTON","PA","15479","LEVIN TRUCKING LLC","7248722050","026000","","","","","N","","","","","","","01","","00","","","","2","2","03437285","03"
"2022113593","02","8","4351 WILLIAM PENN HIGHWAY","","MURRYSVILLE","PA","15668","ELITE COACH LIMOUSINE","7243252626","","","","","","N","","","","","","","99","A-00114509","00","","","","9","1","01041814","14"
"2022089924","01","1","2355 WAUKEGAN RD","","BANNOCKBURN","IL","60015","STERICYCLE","8667837422","","","","","","N","","","","","","","99","50071","00","","","","1","1","00238316","09"
"2022050630","03","4","1107 THOMPSON AVENUE","","MCKEES ROCKS","PA","15136","BOYD ROLL OFF SERVICES INC","4123316830","073280","","","","","N","","","","","","","","","00","","","","9","1","00807021","04"
"2022095366","03","4","552 FOURTH AVE","","PITTSBURGH","PA","15219","ALLEGHENY COUNTY PUBLIC WORKS","4127797459","040000","","","","","N","","","","","","","","","00","","","","2","1","","09"
"2022071131","03","3","421 CONSTITUTION BLVD","","NEW BRIGHTON","PA","15066","SULLIS TOWING LLC","7243841588","036287","","","","","N","","","","","","","02","","00","","","","1","1","00239206","99"
"2022084046","05","0","1405 N. 98TH ST","","KANSAS CITY","KS","66111","DFA DAIRY BRANDS","8168016455","080000","","","","","N","","","","","","","01","","00","","","","2","2","03421178","08"
"2022045283","05","1","3400 W 4TH AVE","","GARY","IN","46406","PGT TRUCKING","7247283500","080000","","","","","N","","","","","","","","","00","","","","2","1","00016130","08"
"2022033453","04","1","209 13TH ST","","PITTSBURGH","PA","15215","NORTHERN AREA MULTI SERVICE CE","4129532741","","","","","","N","","","","","","","","","00","","","","9","2","00000999","02"
"2022045699","02","13","700 HARGROVE ST","","PITTSBURGH","PA","15226","MCGANN AND CHESTER","4127379480","","","","","","N","","","","","","","99","","00","","","","9","2","","00"
"2022110951","01","1","829 W. TRINDLE ROAD","","MECHANICSBURGH","PA","17055","WERTZ COAL YARD","4127669592","","","","","","N","","","","","","","","","00","","","","1","2","02565930","00"
"2022076537","02","4","4252 SAMPLE CT","","ALLISON PARK","PA","15101","MICHALEK'S","4125139520","012000","","","","","N","","","","","","","99","","00","","","","9","2","00000000","03"
"2022050862","99","1","5000 ANDREW DR","","PITTSBURGH","PA","15221","CLISTA ELECTRIC INC","9999999999","016000","","","","","N","","","","","","","","","00","","","","9","1","","05"
"2022095366","05","2","296 CURRIE RD","PO BOX 296","PORTERSVILLE","PA","16051","MCCLYMONDS SUPPLY & TRANSIT","7243688040","080000","","","","","N","","","","","","","","A105846","00","","","","9","2","00269478","08"
"2022075066","99","1","1821 BEAVER AVENUE","","PITTSBURGH","PA","15233","UNITED PARCEL SERVICE INC","9999999999","026000","","","","","N","","","","","","","99","","00","","","","1","2","99999999","05"
"2022048944","02","8","420 STILLEY ROAD","","CLAIRTON","PA","15025","THE SUZ GROUP LLC","4122812085","","","","","","N","","","","","","","02","A6420788","00","","","","4","1","03109380","15"
"2022061534","02","1","2675 MORGANTOWN ROAD","","READING","PA","19607","PENSKE TRUCK","6107756000","100000","","","","","N","","","","","","","","","00","","","","9","2","00327574","03"
"2022024139","02","0","2235 BEAVER AVE.","","PITTSBURGH","PA","15233","PORT AUTHORITY-ALLEGHENY COUNTY","4125665214","026000","","","","","N","","","","","","","01","A-00976060","00","","","","4","1","","13"
"2022069626","02","4","113 LEE VALLEY ROAD","","DERRY","PA","15627","WILLIAM DICKSON INDUSTRIES","7245398840","","","","","","N","","","","","","","","A00110005","00","","","","9","1","00356775","03"
"2022075093","02","1","405 KEYSTONE DR.","","WARRANDALE","PA","15086","UPMC","4122240720","012000","","","","","N","","","","","","Y","99","9999","03","","","","4","2","02210798","03"
"2022071551","02","0","1500 HAYDEN BLVD","","ELIZABETH","PA","15037","WASTE MANAGEMENT","8669094458","073280","","","","","N","","","","","","","02","0000","00","","","","1","2","00000000","00"
"2022108641","02","1","2850 100TH CT NE","","BLAINE","MN","55449","CLEAN EARTH SPECIALTY WASTE SOLU","9726273224","026000","","","","","","","","","","","","","","00","","","","1","1","01348411","03"
"2022085897","99","1","414 GRANT ST RM 526","","PITTSBURGH","PA","15219","CITY OF PITTSBURGH","9999999999","999999","","","","","N","","","","","","","","","00","","","","9","1","","05"
"2022107926","03","98","4520 NORTH STATE ROAD 37","","ORLEANS","IN","47452","GRANITE TRANSPORT COMPANY","8128653232","062000","","","","","N","","","","","","","02","","00","","","","1","2","00648651","09"
"2022103359","02","1","24431 CHERRY HILL ST","","DEARBORN","MI","48124","US WIDE LOGISTICS INC","3134592003","026000","","","","","N","","","","","","","","","00","","","","2","1","03697976","03"
"2022026765","99","0","2244 SR 268","","CHICORA","PA","16025","RANDY LYNN TOY","9999999999","999999","","","","","","","","","","","","","","00","","","","9","1","","99"
"2022101802","99","99","103 FREEDOM DR","","LAWRENCE","PA","15055","J M DAUGHERTY INDUSTRIES","9999999999","999999","","","","","","","","","","","","","","00","","","","1","2","","99"
"2022051669","02","1","4001 LEADENHALL RD","","MOUNT LAUREL","NJ","08054","TRUEGREEN LP","8008784736","","","","","","N","","","","","","","","BU9580","00","","","","1","2","00342305","03"
"2022084183","03","98","135 ROOFER ROAD","","KITTANNING","PA","16201","SCHULTEIS BROTHERS","9999999999","014000","","","","","N","","","","","","","99","9999999999","00","","","","9","1","99999999","04"
"2022084183","02","8","900 ELICKER ROAD","","PITTSBURGH","PA","15239","PLUM BOROUGH SCHOOL DISTRICT","9999999999","021500","","","","","N","","","","","","","01","9999999999","00","","","","9","2","99999999","12"
"2022046170","06","7","111 CONNER LN","","ROSTRAVER TWP","PA","15012","WESTMORELAND LANDFILL","4048202652","","","","","","N","","","","","","","","9999999","00","","","","9","1","","98"
"2022025647","03","3","538 EDWARDS AVENUE","","CALVERTON","NY","11933","MILLER ENVIRONMENTAL","5707551150","027860","","","","","N","","","","","","","","","00","","","","9","3","00239798","09"
"2022057675","05","3","7135 CENTENNIAL PL","","NASHVILLE","TN","37209","WESTERN EXPRESS","2283411838","080000","","","","","N","","","","","","","01","","00","","","","2","2","00511412","08"
"2022013065","05","3","13410 SUTTON PARK DR. SOUTH","","JACKSONVILLE","FL","32224","LANDSTAR RANGER INC.","8008729412","080000","","","","","N","","","","","","","01","","00","","","","1","1","00241572","08"
"2022030998","03","5","1051 MCCARTNEY ST","","PITTSBURGH","PA","15220","QUALITY CONCRETE INC","8568291605","066000","","","","","N","","","","","","","01","","00","","","","4","1","02066094","09"
"2022037787","03","7","1306 MAIN ST","","CRESCENT","PA","15046","ARMADA WASTE OH-PA LLC","7244572727","066000","","","","","N","","","","","","","99","","00","","","","9","2","03048989","04"
"2022066923","02","98","345 SIXTH AVE","","PITTSBURGH","PA","15222","PORT AUTHORITY","4124422000","","","","","","N","","","","","","","","A-00976060","00","","","","4","1","","98"
"2022058433","05","1","1700 WILLIS ROAD","","NORTH CHESTERFIELD","WA","23237","ABILENE MOTOR EXPRESS","8042750224","080000","","","","","N","","","","","","","","","00","","","","1","2","00335555","08"
"2022063781","02","8","2235 BEAVER AVE","","PITTSBURGH","PA","15233","PORT AUTHORITY","4124422000","","","","","","N","","","","","","","","A-00976060","00","","","","4","2","","13"
"2022086657","02","8","2235 BEAVER AVE","","PITTSBURGH","PA","15233","PORT AUTHORITY OF ALLEGHENY CO","4124422000","","","","","","N","","","","","","","","A-00976060","00","","","","2","2","","13"
"2022111284","99","4","2023 COUNTY LINE RD","","CHAMPION","PA","15622","W G LAND COMPANY LLC","4126011079","025950","","","","","N","","","","","","","","","00","","","","9","2","01430883","03"
"2022023305","99","99","160 VELTRI DRIVE","","WASHINGTON","PA","15301","VELTRI TRUCKING INC","7242289381","","","","","","","","","","","","","","","00","","","","9","2","01077151","06"
"2022060147","03","0","125 E. KENSINGER DR.","","CRANBERRY TWP","PA","16006","SPLASH TRANSPORT INC","4129015583","032700","","","","","N","","","","","","","","","00","","","","3","1","01765150","04"
"2022068727","06","3","2 MELE PLACE","","RANKIN","PA","15104","MELE LANDSCAPE CONTRACTORS","4123511279","080000","","","","","N","","","","","","","01","","00","","","","1","2","02045293","08"
"2022006444","02","98","4000 CLINE AVENUE","","EAST CHICAGO","IN","46312","PENSKE TRUCK LEASING","4122810394","026000","","","","","N","","","","","","","","357762","00","","","","9","2","00097235","98"
"2022074206","05","98","5029 ALPHA CT","","COLUMBUS","OH","43231","CARE TRUCKING LLC","6142184775","068000","","","","","N","","","","","","","02","","00","","","","2","4","03144080","08"
"2022113237","05","1","ONE SODREL DRIVE","","JEFFERSONVILLE","IN","47130","SODREL TRUCK LINES INC","5024158715","","","","","","N","","","","","","","","","00","","","","1","2","00052294","06"
"2022124133","02","3","1 MATHIAS STREET","","PITTSBURGH","PA","15212","DAVID CLYDE","4129096037","099999","","","","","N","","","","","","","99","999999","00","","","","9","1","00099999","03"
"2022000506","02","4","4002 LORIGAN ST.","","PITTSBURGH","PA","15224","M. OHERRON COMPANY","7248751973","023000","","","","","N","","","","","","","99","","00","","","","2","2","02110229","03"
"2022051605","05","4","582 SARVER ROAD","","SARVER","PA","16055","TONY BURKE TRUCKING","4123107040","080000","","","","","N","","","","","","","","","00","","","","2","1","00956915","08"
"2022086568","99","99","8010 S 259TH ST","","KENT","WA","98032","BLT TRANSPORTATION","2532364667","009999","","","","","N","","","","","","","99","","00","","","","9","2","02034807","99"
"2022110261","02","1","4700 NEW MIDDLE RD","","JEFFERSONVILLE","IN","47130","DIAMOND BILLIARD PRODUCTS INC.","8122887655","","","","","","","","","","","","","","","00","","","","1","3","99999999","03"
"2022037165","02","1","1049 JEFFERSON","","PITTSBURGH","PA","15235","TURNERS DAIRY COMPANY","4123722211","033000","","","","","N","","","","","","","","999999","00","","","","2","2","00999999","03"
"2022119256","02","0","440 EAST PGH MCKEESPORT BLVD.","","NORTH VERSAILLES","PA","15137","ALLMOR CORP","4126701903","25,500","","","","","N","","","","","","","01","","00","","","","2","2","02040268","03"
"2022069165","02","8","345 SIXTH AVE","","PITTSBURGH","PA","15222","PORT AUTHORITY","4124422000","","","","","","N","","","","","","","","A-00976060","00","","","","1","1","00012345","13"
"2022069165","02","8","345 SIXTH AVE","","PITTSBURGH","PA","15222","PORT AUTHORITY","4124422000","","","","","","N","","","","","","","","A-00976060","00","","","","1","2","00012345","13"
"2022039762","99","0","1000 FEDEX DR","","MOON TWP","PA","15108","FEDEX","8004633339","","","","","","N","","","","","","","","","00","","","","9","1","00265752","08"
"2022032031","04","99","113 LEE-VALLEY ROAD","","DERRY","PA","15627","WILLIAM DICKSON ENTERPRISES","7245398840","073280","","","","","N","","","","","","","99","A00110005","00","","","","9","2","00356775","04"
"2022114247","02","3","2806 BROADWAY BLVD","","MONROEVILLE","PA","15146","ANGELO'S PITTSBURGH TOWING","4122478888","019500","","","","","N","","","","","","","01","","00","","","","1","1","03213866","03"
"2022017965","02","99","10491 FRANKSTOWN RD.","","PITTSBURGH","PA","15235","LAKETON TV","4128916431","012000","","","","","N","","","","","","","","000000","00","","","","9","2","00000000","99"
"2022067107","03","2","438 DIVISION STREET","","SEWICKLEY","PA","15143","MR FLUSH LLC","4123078034","019500","","","","","N","","","","","","","01","","00","","","","1","1","02505332","03"
"2022091865","04","8","345 SIXTH AVE","","PITTSBURGH","PA","15222","ALLEGHENY COUNTY PORT AUTHORITY","4124422000","","","","","","N","","","","","","","","A-00976060","00","","","","9","1","","13"
"2023004083","02","1","1821 BEAVER AVE","","PITTSBURGH","PA","15233","UNITED PARCEL SERVICE","0000000000","017000","","","","","","","","","","","","","","00","","","","1","2","09999999","02"
"2022002766","02","0","2235 BEAVER AVE","","PITTSBURGH","PA","15233","PORT AUTHORITY ALLEGHENY COUNTY","4124422000","","","","","","N","","","","","","","","A-00976060","00","","","","1","1","00012345","00"
"2022105905","05","3","1050 OHIO AVE","","GLASSPORT","PA","15045","ROYAL OAK RECYCLING","4123292590","080000","","","","","N","","","","","","","","","00","","","","2","1","01884571","08"
"2022077371","03","98","12755 E 9 MILE","","WARREN","MI","48089","UNIVERSAL INTERMODEL SERVICES","4124451126","080000","","","","","N","","","","","","","99","","00","","","","1","1","01162977","06"
"2022086913","05","98","6065 HILLCROFT ST SUITE 620","","HOUSTON","TX","77081","SKYLINE CAPITAL VENTURE INC","8323144213","080000","","","","","N","","","","","","","01","","00","","","","1","1","03844460","08"
"2022032501","03","8","49751 OATES LN","","COACHELLA","CA","92236","DREAMLINER LUXURY COACHES LLC","7142700418","054000","","","","","N","","","","","","","","","00","","","","4","2","03541630","14"
"2022071092","03","7","475 PA-136","","ELIZABETH","PA","15037","BIGS SANITATION","7243794331","026001","","","","","N","","","","","","","99","","00","","","","9","1","","03"
"2022078759","03","3","NO 1 LEGGET RD","","CARTHAGE","MO","64836","HANES COMPANIES INC","4173588131","032000","","","","","N","","","","","","","01","","00","","","","2","1","00389889","04"
"2022082784","06","10","296 CURRIC ROAD","","POTERSVILLE","PA","16051","MCCLYMONDS SUPPLY + TRANSPORT","7246781312","060000","","","","","N","","","","","","","","A105846","00","","","","1","2","00269478","04"
"2022107958","05","1","9200 E 146TH STREET","","NOBLESVILLE","IN","46060","J.B. HUNT TRANSPORT INC.","8007239029","080000","","","","","N","","","","","","","","","00","","","","2","1","00080806","08"
"2022051849","02","1","1 JOHN STREET","","MCKEES ROCKS","PA","15136","RED DIAMOND TRUCKING COMPANY","4127788877","025999","","","","","N","","","","","","","02","","00","","","","1","1","01738977","03"
"2022123269","02","7","3739 FOSTER ST","","PITTSBURGH","PA","15201","IRON CITY SERVICE","8004685865","016000","","","","","N","","","","","","","01","","00","","","","1","2","03275360","03"
"2022062069","05","1","1 JEFFRIE AVENUE STE 2","","SOUTH RIVER","NJ","08882","JXD TRANSPORT INC COUNTY","9732599777","080000","","","","","N","","","","","","","99","","00","","","","1","2","02206516","08"
"2022020262","02","99","142 7TH STREET","","NEW FLORENCE","PA","15944","SHAWN BARNHART TRUCKING","7242446313","073280","","","","","N","","","","","","","99","","00","","","","9","2","00226415","99"
"2022055749","04","7","3001 RAIL ROAD ST","","PITTSBURGH","PA","15201","CITY OF PITTSBURGH","4122558636","999999","","","","","N","","","","","","","99","999999","00","","","","9","1","00099999","04"
"2022083962","03","0","4270 SW 6TH ST","","MIAMI","FL","331341001","ACORD","3212435038","080000","","","","","N","","","","","","","99","","00","","","","9","1","00000000","00"
"2022086854","02","0","2235 BEAVER AVE","","PITTSBURGH","PA","15233","PORT AUTHORITY","4124422000","041600","","","","","N","","","","","","","02","A00976060","00","","","","2","2","","13"
"2022076062","02","8","2235 BEAVER AVENUE","","PITTSBURGH","PA","15233","PORT AUTHORITY OF ALLEGHENY COUN","4125665214","039600","","","","","N","","","","","","","","A-00976060","00","","","","2","2","","13"
"2022051984","03","7","310 LEGER RD","","N HUNTINGTON","PA","15642","WASTE MANAGEMENT","8669094458","079000","","","","","N","","","","","","","02","","00","","","","9","1","00344050","04"
"2022088145","03","4","3816 EVERGREEN AVE","","MONROEVILLE","PA","15146","KOPACZYNSKI TRUCKING INC","4123723442","027000","","","","","N","","","","","","","01","","00","","","","2","1","02131228","04"
"2022120506","01","8","415 REBECCA ST","","MCKEESPORT","PA","15132","SUN COACH LINES","4125835173","","","","","","N","","","","","","","99","9999999","00","","","","4","1","00099999","12"
"2022108305","04","8","345 SIXTH AVE","","PITTSBURGH","PA","15223","ALLEGHENY COUNTY PORT AUTHORITY","4124422000","","","","","","N","","","","","","","","A-00976060","00","","","","3","1","","13"
"2022003145","05","1","1037 HIMEIRIGHT BLVD","","AKRON","OH","44320","BIG G'S TRUCKING LLC","3309425225","080000","","","","","N","","","","","","","01","","00","","","","1","2","03529495","08"
"2023014666","99","2","4200 STONE RD","","KILGORE","TX","75662","MARTIN TRANSPORT INC","9034209340","080000","3","","","","Y","9","","","","","","99","","00","","","","1","1","00033094","08"
"2022000397","02","0","1889 MAYVIEW RD","","BRIDGEVILLE","PA","15017","CLOVERDALE EQUIPMENT COMPANY","4128387600","019500","","","","","N","","","","","","","99","","00","","","","9","1","03235803","03"
"2022095432","02","0","2235 BEAVER AVENUE","","PITTSBURGH","PA","15233","PORT AUTHORITY OF ALLEGHENY CO","4125665214","039600","","","","","N","","","","","","","","A-00976060","00","","","","2","2","","13"
"2022068141","02","4","383 ROCHESTER RD","","PITTSBURGH","PA","15237","STEEL CITY LANDSCAPE","4126357126","028000","","","","","","","","","","","","99","","00","","","","9","1","02266735","00"
"2022052111","02","8","2235 BEAVER AVE","","PITTSBURGH","PA","15233","PORT AUTHORITY ALLEGHENY COUNTY","4124422000","","","","","","N","","","","","","","","A-00976060","00","","","","9","2","","13"
"2022093611","99","1","2727 N CENTRAL AVE PO BOX 2","","PHOENIX","AZ","85004","UHAUL CO OF ARIZONA","9999999999","999999","","","","","","","","","","","","","","00","","","","9","1","","02"
"2022118770","99","0","120 PUTTNAM ST","","PITTSBURGH","PA","15206","C & R COLLISION II","9999999999","999999","","","","","","","","","","","","","","00","","","","9","1","","02"
"2022026788","02","99","5866 SW 162ND PATH","","MIAMI","FL","33193","JGD TRANSPORT LLC","7862304025","","","","","","N","","","","","","","","","00","","","","1","1","","08"
"2022026788","02","0","2235 BEAVER AVENUE","","PITTSBURGH","PA","15233","PORT AUTHORITY","4124422000","026000","","","","","N","","","","","","","","A-00976060","00","","","","4","3","","13"
"2022028821","02","1","PO BOX 246","","STOCKDALE","PA","15483","SEE MORE TOOLS","7246781393","","","","","","N","","","","","","","01","","00","","","","1","3","03051710","02"
"2022105430","05","3","3400 W 4TH AVE","","GARY","IN","46406","PGT TRUCKING","7249871724","080000","","","","","N","","","","","","","","","00","","","","1","1","00192897","06"
"2022073600","03","11","9399 W HIGGINS RD SUITE 100","","ROSEMONT","IL","60018","TRANS-PORTE INC","4124631344","","","","","","N","","","","","","","02","","00","","","","1","2","00745614","04"
"2022102105","99","2","116 SHANNON DRIVE","","MORGANTOWN","WV","26508","BRUCETON PETROLEUM CO","0000000000","080000","3","","","","Y","1","","","","","","","","00","","","","1","1","00574001","08"
"2022011293","02","1","1830 PAINTERS RUN RD.","","PITTSBURGH","PA","15241","THREE RIVERS LIMOUSINE SERVICE","4128121771","","","","","","","","","","","","","","A00113458","00","","","","4","2","","02"
"2022082930","02","8","2235 BEAVER AVENUE","","PITTSBURGH","PA","15233","PORT AUTHORITY OF ALLEGHENY CO","4125665214","041600","","","","","N","","","","","","","","A-00976060","00","","","","2","1","","13"
"2022106181","05","3","2675 MORGANTOWN RD","","READING","PA","19607","PENSKE TRUCK LEASING CO","8663091962","080000","","","","","N","","","","","","","02","","00","","","","1","2","01884571","08"
"2022111719","04","4","1463 STATE ROUTE 819","","GREENSBURG","PA","15601","DANIELS TRUCKING","7248345134","","","","","","N","","","","","","","02","","00","","","","1","2","03265387","04"
"2022094949","99","1","PO BOX 791","","READING","PA","19603","PENSKE LEASING & RENTAL CO","9999999999","026000","","","","","N","","","","","","","","","00","","","","9","2","","05"
"2022064970","03","98","300 E. NAGHTEN ST","","COLUMBUS","OH","43215","FLEETMASTER LEASING CORP","6142247201","120000","","","","","N","","","","","","","02","507749","00","","","","1","1","02160321","98"
"2022111236","99","0","105 CRAVENER RD","","VANDERGRIFT","PA","15690","LC DEER DISPOSAL LLC","9999999999","010300","","","","","","","","","","","","","","00","","","","9","2","","02"
"2022071818","02","1","7035 SCHANTZ RD STE 350","","ALLENTOWN","PA","18106","SARENE PENNSYLVANIA INC","9178044872","025999","","","","","N","","","","","","","","","00","","","","1","1","03180114","99"
"2022113378","02","8","2235 BEAVER AVENUE","","PITTSBURGH","PA","15233","PORT AUTHORITY OF ALLEGHENY CO","4124422000","030000","","","","","","","","","","","","","A-00976060","00","","","","3","1","","13"
"2022102111","99","99","G4 PAARING","","ANNVILLE","PA","17003","GSA","0000000000","","","","","","","","","","","","","","","00","","","","3","2","99999999","99"
"2022040557","02","7","73A NOBLESTOWN ROAD","","CARNEGIE","PA","15106","REPUBLIC SERVICES","4125056327","","","","","","N","","","","","","","99","","00","","","","9","2","","03"
"2022067512","03","2","1967 SAXONBURG BLVD","","TARENTUM","PA","15084","GLASSMERE FUEL SERVICE","7242654646","","","","","","","","","","","","","","00114860","00","","","","1","2","00276273","04"
"2022076116","03","98","615 WEST MAIN ST 311","","ARLINGTON","TX","76010","CYLOG EXPRESS CORP","6318396078","080000","","","","","N","","","","","","","02","","00","","","","9","1","03043741","06"
"2022116478","04","8","2255 BEAVER AVE","","PITTSBURGH","PA","15122","PORT AUTHORITY OF ALLEGHENY","4124422000","","","","","","","","","","","","","","A-00976060","00","","","","3","2","","13"
"2022075444","99","1","351R E WASHINGTON STREET","","NEW CASTLE","PA","16101","FULENA INC","8004036322","025000","","","","","N","","","","","","","99","","00","","","","9","2","","05"
"2022077033","04","5","1409 MORAVIA ST","","NEW CASTLE","PA","16101","CASTLE BUILDERS SUPPLY AND TRUCK","4122051578","073280","","","","","N","","","","","","","","","00","","","","1","1","02723634","04"
"2022090562","02","1","209 13TH ST.","","PITTSBURGH","PA","15215","NAMS","4124068611","","","","","","","","","","","","","","","00","","","","9","2","02430252","02"
"2022013335","02","4","23 SAINT WILLIAM PL","","PITTSBURGH","PA","15237","SALACHUP LANDSCAPE INC","4122928097","019500","","","","","N","","","","","","","01","","00","","","","2","1","02903564","03"
"2022049986","02","6","PO BOX 452354","","KISSIMMEE","FL","347452354","PRESTIGE AUTO CARRIERS LLC","4075774390","017500","","","","","N","","","","","","","02","307218","00","","","","1","2","01919389","08"
"2022098418","99","8","209 13TH ST","","PITTSBURGH","PA","15215","NORTHERN AREA SERVICE CE","9999999999","999999","","","","","","","","","","","","","","00","","","","9","2","","15"
"2022029511","04","1","114 S WATER STREET EXT","","KITTANNING","PA","16201","PAUL BRADIGANS & SONS","7244222853","068000","","","","","N","","","","","","","","","00","","","","9","3","00266946","08"
"2022091754","99","0","8031 E MARKET ST STE 6","","WARREN","OH","44484","DIAMOND ROOFING SYSTEMS","3303077981","","","","","","N","","","","","","","","","00","","","","9","2","03588674","09"
"2022062747","01","99","1667 EVANS CITY ROAD","","EVANS CITY","PA","16033","SKANDER TIRE SERVICE INC","7245388711","020000","","","","","N","","","","","","","99","","00","","","","9","2","00301240","99"
"2022089639","03","4","5170 CAMPBELLS RUN ROAD","","PITTSBURGH","PA","15205","CASPER COLOSIMO & SONS INC","4127871260","","","","","","N","","","","","","","99","","00","","","","9","3","00085206","04"
"2022091792","03","1","1001 CALIFORNIA AVE, RM 1002","","PITTSBURGH","PA","15290","U.S. POSTAL SERVICE","8002758777","052000","","","","","N","","","","","","","01","","00","","","","3","1","","04"
"2022092314","03","99","2327 HILL CHURCH HOUSTON ROAD","","CANONSBURG","PA","15317","HOWARD CONCRETE PUMPING CO INC","4122571800","057400","","","","","N","","","","","","","99","9999999999","00","","","","9","1","00360868","99"
"2022104925","99","99","73A NOBLESTOWN RD","","CARNEGIE","PA","15106","BFI WASTE SERVICE OF PA LLC","9999999999","073000","","","","","","","","","","","","","","00","","","","9","2","","99"
"2022030053","02","99","PO BOX 791","","READINIG","PA","19603","ON TIME DELIVERY","8149375458","","","","","","N","","","","","","","02","UNKNOWN","00","","","","1","1","00184394","05"
"2022084464","99","99","UNKNOWN","","UNKNOWN","ZZ","99999","UNKNOWN","9999999999","080000","","","","","N","","","","","","","","","00","","","","9","2","00999999","08"
"2022015347","02","98","2235 BEAVER AVE","","PITTSBURGH","PA","15233","PORT AUTHORITY OF ALLEGHENY CO","4122551385","","","","","","N","","","","","","","02","A-00976060","00","","","","4","1","","13"
"2023000763","05","1","6582 MUSETTE AVE","","LAS VEGAS","NV","89139","AMEN TRANSPORT LLC","8573169829","080000","","","","","N","","","","","","","01","","00","","","","1","1","03859677","08"
"2023000763","06","1","7306 N. BAKER RD","","FREMONT","IN","46737","FED EX FREIGHT","3305380390","080000","","","","","N","","","","","","","01","","00","","","","1","2","00239039","08"
"2022013029","02","3","2507 BEAVER GRADE ROAD","","CORAOPOLIS","PA","15108","MCA CONSTRUCTION","4123022034","","","","","","N","","","","","","","","","00","","","","9","1","03606466","03"
"2022048507","99","0","155 BROADBENT RD","","SEWICKLEY","PA","15143","BRENDAN CUTENESE","4126085841","010400","","","","","N","","","","","","","99","","00","","","","9","1","","00"
"2022015890","02","1","555A SAXONBURG ROAD","","BUTLER","PA","16002","FEDEX","7249712652","012300","","","","","N","","","","","","","02","","00","","","","1","2","09999999","03"
"2022095149","99","1","GRANT STREET","","PITTSBURGH","PA","15219","UPMC","9999999999","999999","","","","","N","","","","","","","","","00","","","","9","2","","02"
"2022108893","02","1","971 BRIARDALE RD","","HARRISBURG","PA","17109","RYDER TRUCK RENTAL","4123037761","260000","","","","","N","","","","","","Y","02","748614","01","","","","9","1","77839203","99"
"2022069064","03","0","5831 CROSS CREEK BLVD","","FORT WAYNE","IN","468180000","GFS TRANSPORT LLC","6165307000","072000","","","","","N","","","","","","","02","","00","","","","2","2","99999999","06"
"2022084164","02","8","2235 BEAVER AVENUE","","PITTSBURGH","PA","15233","ALLEGHENY COUNTY PORT AUTHORITY","4122377000","035000","","","","","N","","","","","","","","A-00976060","00","","","","2","1","","13"
"2022013521","05","0","10901 REED HARTMAN HWY 104","","CINCINNATI","OH","45242","GG CARGO GROUP INC","9515505050","080000","","","","","N","","","","","","","","","00","","","","9","1","03148669","08"
"2022079206","03","4","150 KLEIN RD","","FREEDOM","PA","15042","GRAHAM TRUCKING","7246226441","073320","","","","","N","","","","","","","02","","00","","","","9","1","00889016","09"
"2022080954","05","11","4000 N STATE RD 7 SUITE 209A","","LAUD LAKE","FL","33319","JMB TRUCK SERVICES","8005582280","","","","","","N","","","","","","","99","","00","","","","1","1","03494306","08"
"2022115128","03","4","3830 WILKSBORO AVE","","PITTSBURGH","PA","15212","SEARIGHT TRUCKING LLC","4129921533","073280","","","","","N","","","","","","","01","","00","","","","2","1","03397329","04"
"2022024865","02","0","2235 BEAVER AVENUE","","PITTSBURGH","PA","15233","PORT AUTHORITY OF ALLEGHENY CO","4124422000","","","","","","N","","","","","","","","A-00976060","00","","","","9","2","","13"
"2022087585","05","1","719 N EAST 83 TER UNIT 204","","MIAMI","FL","33138","JOELEM LLC","7866968500","080000","","","","","N","","","","","","","","","00","","","","1","1","03684690","08"
"2022118047","03","0","2445 E SOUTHLAKE BLVD","","SOUTHLAKE","TX","76092","ANDREWS LOGISTICS INC","8175272770","080000","","","","","N","","","","","","","","","00","","","","1","2","02231660","07"
"2022009875","03","4","114 SPADE ROAD","","ROCHESTER","PA","15074","SCOBIE WATER SERVICE INC & TRUCK","7247747610","073280","","","","","N","","","","","","","02","","00","","","","4","1","00379559","04"
"2022059874","03","99","7050 TELFORD WAY UNIT 13","","MISSISSAUGA","ON","L5S1V7","KINGSMEN TRANSPORT","8105438084","035000","","","","","N","","","","","","","02","","00","","","","1","1","03191607","00"
"2022026259","99","0","1118 3RD ST","","N VERSALLIES","PA","15137","BANKS GAS SERVICE INC","9999999999","019500","","","","","","","","","","","","","","00","","","","9","1","","02"
"2022092364","99","1","500 DARGAN ST","","PITTSBURGH","PA","15224","ARCH MASONRY INC","9999999999","010050","","","","","N","","","","","","","","","00","","","","9","2","","02"
"2022064623","02","0","1798 BABCOCK BLVD","","PITTSBURGH","PA","15209","JEFF CRITCHLOW AUTO BODY","7243280365","012000","","","","","N","","","","","","","99","08919849","00","","","","1","2","01014653","00"
"2023008883","05","1","2105 E LIZARD CREEK ROAD","","LEHIGHTON","PA","18235","AJJT ENTERPRISES LLC","6107219329","080000","","","","","N","","","","","","","02","","00","","","","1","1","00429688","08"
"2022078470","05","1","1600 SE 66TH","","OKLAHOMA CITY","OK","73149","J B HUN TRANSPORT","4125120943","","","","","","N","","","","","","","99","","00","","","","1","2","00080806","06"
"2022118911","02","8","281 CHESSROWN AVE","","GIBSONIA","PA","15044","STUDENT TRANSPORTATION OF AMERIC","7245024614","","","","","","N","","","","","","","","","00","","","","9","1","","12"
"2022067434","03","8","350 N ST.PAUL ST","PO BOX 660362","DALLAS","TX","75266","GREYHOUND LINES INC","8007233287","","","","","","N","","","","","","","","","00","","","","1","1","00044110","14"
"2022110247","05","1","22904 148TH AVE.","","ROSEDALE","NY","11413","TIVY TRUCKING INC.","9173647780","080000","","","","","N","","","","","","","","408135","00","","","","9","1","00768586","06"
"2022030492","02","98","2235 BEAVER AVENUE","","PITTSBURGH","PA","15233","ALLEGHENY COUNTY PORT AUTHORITY","4122377000","","","","","","N","","","","","","","","","00","","","","4","1","","13"
"2022062164","02","99","147 S UNION ST","","SPENCERPORT","NY","14559","OAKS DUMPSTER RENTAL","8666496257","","","","","","N","","","","","","","99","NY","00","","","","9","2","01657223","99"
"2022110715","99","0","101 DEERIDGE RD","","SARVER","PA","16055","LARNOLD  & SONS INC","9999999999","019000","","","","","","","","","","","","99","","00","","","","9","3","","02"
"2022079412","05","3","7625 NOBLESTOWN ROAD","","MCDONALD","PA","15057","ALLEGHENY GOLF CART RENTALS","7249264440","024500","","","","","N","","","","","","","02","","00","","","","2","1","01121631","06"
"2022061821","03","6","140 W MAIN ST","","CANFIELD","OH","44406","HOMETOWN PRODUCE CO","2344147120","065000","","","","","N","","","","","","","02","","00","","","","1","2","02034343","08"
"2022030298","02","99","2512 GRANDVIEW AVE","","MCKEESPORT","PA","15123","GREGORY ANDERSON","4122088772","","","","","","N","","","","","","","99","","00","","","","9","4","","99"
"2022050171","02","8","2235 BEAVER AVENUE","","PITTSBURGH","PA","15233","PORT AUTHORITY OF ALLEGHENY CO.","4124422000","","","","","","","","","","","","","02","A-00976060","00","","","","2","2","","13"
"2022063121","05","99","444 WILLOW CROSSING RD","","GREENSBURG","PA","15601","BRADISH GLASS INC","7248375100","080000","","","","","N","","","","","","","01","","00","","","","2","2","00028815","08"
"2022115837","03","4","296 CURRIE ROAD","","PORTERSVILLE","PA","16051","MCCLYMONDS","7243688040","038000","","","","","N","","","","","","","99","A-1058460","00","","","","9","1","00269478","09"
"2022121603","03","98","3401 MAIN ST","","MUNHALL","PA","15120","PARK VOLUNTEER FIRE CO","4124647324","","","","","","N","","","","","","","99","","00","","","","9","1","","04"
"2022050698","99","99","UNKNOWN","","UNKNOWN","SC","99999","UNKNOWN","9999999999","999999","","","","","N","","","","","","","99","","00","","","","9","2","","99"
"2022063790","02","8","2235 BEAVER AVENUE","","PITTSBURGH","PA","15233","PORT AUTHORITY OF ALLEGHENY COUN","4124422000","","","","","","","","","","","","","","A-00976060","00","","","","2","2","","13"
"2022031319","03","99","1300 MCKEAN AVE","","CHARLEROI","PA","15022","MID MON VALLEY TRANSIT","7244890880","","","","","","N","","","","","","","","","00","","","","2","2","","13"
"2022121550","04","1","6720 N. 9TH STREET","","OMAHA","NE","681123526","REINHART TRANSPORTATION, LLC","6087822660","062000","","","","","N","","","","","","","02","","00","","","","1","2","00882290","08"
"2022103213","02","0","3627 LANDSHIR VIEW LN","","RALEIGH","NC","27616","SYNLA TRANSPORT LLC","2522940777","000000","","","","","N","","","","","","","02","000","00","","","","1","1","00000000","00"
"2022041457","02","3","2833 NEW BEAVER AVE","","PITTSBURGH","PA","15233","DUQUESNE LIGHT CO","4123938175","","","","","","N","","","","","","","","","00","","","","1","1","00413803","03"
"2022084210","","98","1 JOHN ST","","MCKEES ROCKS","PA","15136","RED DIAMOND TRUCKING CO INC","4127788877","080000","","","","","N","","","","","","","99","","00","","","","9","1","01738977","08"
"2022019913","04","0","211 BRUNNER RD","","ZELIENOPLE","PA","16063","JOSEPH J BRUNNER INC","7247756665","073280","","","","","","","","","","","","","","00","","","","1","1","00236447","98"
"2022019913","02","98","714 EKASTOWN RD","","SARVER","PA","16055","ABC TRANSIT","7248289000","","","","","","","","","","","","","","","00","","","","4","2","02420569","12"
"2022080207","02","98","580 GIFCO ROAD","","PITTSBURGH","TX","76065","LIBERTY TIRE RECYCLING","3307712457","026000","","","","","N","","","","","","","01","145801-P","00","","","","1","1","01019241","98"
"2022125221","02","1","45 BALMFORTH AVE. APT 3","","DANBURY","CT","06810","OSITO TRUCKING SERVICE INC","4757319043","025950","","","","","N","","","","","","","01","","00","","","","9","1","01452227","03"
"2022083207","03","3","305 MONROE AVE","","BROWNSVILLE","PA","15301","COULSON ENTERPRISE LLC","7242239299","080000","","","","","N","","","","","","","02","081621","00","","","","1","1","03108918","08"
"2022083207","03","3","305 MONROE AVE","","BROWNSVILLE","PA","15301","COULSON ENTERPRISE LLC","7242239299","080000","","","","","N","","","","","","","02","081621","00","","","","1","2","03108918","08"
"2022069025","03","4","971 EKASTOWN RD","","SAXONBURG","PA","16056","ARMSTRONG FARMS LANDSCAPE SUPPLY","7243533366","073280","","","","","N","","","","","","","99","","00","","","","9","2","02790510","04"
"2023015239","05","1","8059 STATE ROUTE 22","PO BOX 707","NEW ALEXANDRIA","PA","15670","WATT TRUCK LEASING LLC","7245162884","","","","","","N","","","","","","","02","","00","","","","1","2","00000504","08"
"2022095334","02","0","2235 BEAVER AV","","PITTSBURGH","PA","15233","PORT AUTHORITY OF ALLEGHENY COUN","4122552000","999999","","","","","N","","","","","","","","A-00976060","00","","","","4","2","","13"
"2022034206","04","4","PO BOX 250","","CHESWICK","PA","15024","TESTONE TRANSPORT INC","7242742250","064000","","","","","N","","","","","","","01","","00","","","","9","2","00507931","04"
"2022023989","02","98","608 OHIO RIVER BLVD","","PITTTSBURGH","PA","15202","KENYON ROOFING & ALUMINUM","4127615400","","","","","","N","","","","","","","99","9999999999","00","","","","9","1","99999999","02"
"2022048041","02","8","6831 5TH AVE","","PITTSBURGH","PA","15219","PORT AUTHORITY OF ALLEGHENY COUN","4124422000","039600","","","","","N","","","","","","","99","","00","","","","2","2","","13"
"2022024099","04","4","160 ANNA GOODMAN ROAD","","LATROBE","PA","15650","LAUREL CREEK TRANSPORT","7245721132","073280","","","","","N","","","","","","","02","N/A","00","","","","1","2","00733016","04"
"2022029299","02","99","11465  JOHN CREEK PARKWAY","","JOHNS CREEK","GA","30097","SAIA MOTOR FREIGHT LINE","7248331215","999999","","","","","N","","","","","","","02","","00","","","","9","1","","99"
"2022019250","02","99","321 W 7TH AVE","","TARENTUM","PA","15084","SUMMIT HOSE COMPANY","7242242555","040000","","","","","N","","","","","","","","A-00999999","00","","","","9","3","99999999","09"
"2022114906","99","99","20 S 6TH ST REAR","","PITTSBURGH","PA","15203","APPLIANCE WAREHOUSE INC","4123818800","080000","","","","","N","","","","","","","99","","00","","","","9","1","00588938","09"
"2022074645","03","4","73 W NOBLESTOWN ROAD","","PITTSBURGH","PA","15205","BFI WASTE  SERVICES OF PA","4126065742","007000","","","","","N","","","","","","Y","02","","01","00","00","00","1","3","40126546","98"
"2022068667","03","7","1306 MAIN ST","","CRESCENT","PA","15046","ARMADA WASTE OH LLC DBA IRON CIT","7244572777","","","","","","N","","","","","","","99","","00","","","","2","1","03048989","04"
"2022120460","04","13","1441 NORTHHAMPTON LN","","NEW CUMBERLAND","PA","17070","NARROW WAY TRUCKING LLC","7174212245","080000","","","","","N","","","","","","","","","00","","","","1","2","03870266","08"
"2023000220","02","98","2235 BEAVER AVENUE","","PITTSBURGH","PA","15233","PORT AUTHORITY OF ALLEGHENY CO","4125665214","","","","","","N","","","","","","","","A-00976060","00","","","","2","2","","13"
"2022006188","05","1","129 PORTAGE TRAIL STE D 2ND FL","","CUYAHOGA FALLS","OH","44221","I & S TRANSPORTATION INC","6303623635","080000","","","","","N","","","","","","","99","","00","","","","1","1","03063860","08"
"2022064606","04","2","7306 N BAKER ROAD","","FREMONT","IN","46737-0000","FEDEX FREIGHT INC","7244491150","080000","","","","","N","","","","","","","01","","00","","","","9","2","00239039","08"
"2022091231","02","8","11 CRESCENT STREET","","PITTSBURGH","PA","15223","ALLEGHENY TRANSPORTATION SERVICE","9999999999","015000","","","","","N","","","","","","","99","6411342","00","","","","9","3","00531808","12"
"2022101783","03","3","381 MIMS BRANCH","","PIKEVILLE","KY","41501","KENS TOWING","6064718552","080000","","","","","N","","","","","","","01","A-6064323","00","","","","1","1","01161134","09"
"2022096024","03","98","520 FIFTH ST","P O BOX 571","W ELIZABETH","PA","15088","WEST ELIZABETH VOLUNTEER FIRE","4123849450","","","","","","N","","","","","","","99","","00","","","","9","1","","04"
"2022054357","99","7","10 29 1/9 & AV RR","","PITTSBURGH","PA","15201","CITY OF PITTSBURGH EQUIPMENT","9999999999","","","","","","N","","","","","","","","","00","","","","2","1","","09"
"2022033990","04","4","1306 MAIN STREET","","CRESENT","PA","15046","ARMADA WASTE","7246837623","064000","","","","","N","","","","","","","","","00","","","","9","2","00330489","09"
"2022037585","02","0","415 REBECCA STREET","","MCKEESPORT","PA","15132","LINCOLN BUS GROUP LLC","4126640911","","","","","","N","","","","","","","01","A-6423333","00","","","","4","2","00185303","12"
"2022070212","02","0","2235 BEAVER AVENUE","","PITTSBURGH","PA","15233","PORT AUTHORITY OF ALLEGHENY CO","4124422000","","","","","","","","","","","","","","A-00976060","00","","","","4","2","","13"
"2023019437","03","1","1318 DUSS AVE","","AMBRIDGE","PA","15003","JOSHUA KOLESAR","9999999999","","","","","","N","","","","","","","99","","00","","","","9","2","","04"
"2022119137","02","13","11800 EXIT 5 PKWY  STE 120","","FISHERS","IN","46037","AMAZON LOGISITICS INC","8882804331","080000","","","","","N","","","","","","","01","","00","","","","1","2","03003404","08"
"2022095802","02","8","2235 BEAVER ROAD","","PITTSBURGH","PA","15233","PORT AUTHORITY","4124422000","","","","","","N","","","","","","","01","A-00976060","00","","","","2","2","","13"
"2022094092","05","1","615 J B HUNT CORPORATE DRIVE","","LOWELL","AR","72745","J B HUNT TRANSPORT INC","8888870478","080000","","","","","N","","","","","","","01","","00","","","","1","1","00080806","08"
"2022119692","02","1","51 DUTCH RD SUITE 310","","CRANBERRY","PA","16066","PGW AUTO GLASS","4129956500","012000","","","","","N","","","","","","","02","","00","","","","9","1","00000009","03"
"2022031299","05","1","11351 W 183RD ST.","","ORLAND PARK","IL","60467","EVENNON INC.","2672641858","080000","","","","","N","","","","","","","01","","00","","","","1","1","02818966","08"
"2022009942","06","6","19 MEADOWBROOK AVENUE","","YOUNGSTOWN","OH","44512","CAR FOX TRANSPORT LLC","3306101768","033001","","","","","N","","","","","","","","","00","","","","1","2","03750681","06"
"2022099743","02","4","162 LYNN DR","","FREEDOM","PA","15042","DEMARCO WASTE","4125893700","","","","","","N","","","","","","","99","","00","","","","9","2","","03"
"2022100382","03","99","285 GIRTY RD","","SPRING CHURCH","PA","15686","AMELIE CONSTRUCTION &SUPPLY LL","7243545292","011500","","","","","N","","","","","","","","","00","","","","4","2","01725071","09"
"2022011847","04","4","2145 STATE ROUTE 179","","JEROMESVILLE","OH","44840","KERR TRUCKING","4196513957","080000","","","","","N","","","","","","","","","00","","","","9","2","00771687","08"
"2022028150","03","98","RITTS RD","","ALTOONA","PA","16601","NEW BERN TRANSPORT","9999999999","054999","","","","","N","","","","","","","01","A114468","00","","","","2","1","00692947","06"
"2022016160","02","0","2235 BEAVER AVENUE","","PITTSBURGH","PA","15233","PORT AUTHORITY OF ALLEGHENY COUN","4124422000","","","","","","N","","","","","","","","A-00976060","00","","","","2","2","","13"
"2022034256","02","0","400 NW 56TH ST","","LINCOLN","NE","68528","SHAFFER TRUCKING","4024759521","052500","","","","","N","","","","","","","99","","00","","","","2","2","00073705","07"
"2022083243","02","2","13445 MACK RD","","IRWIN","PA","15642","JIM PAVING INC","4128247767","","","","","","N","","","","","","","02","","00","","","","1","2","09999999","02"
"2022083243","02","4","250 SCHULTZ ROAD","","MT PLEASANT","PA","15666","SILVIS GROUP INC","7245475268","","","","","","N","","","","","","","02","","00","","","","1","3","01679971","03"
"2022014453","02","99","1 MASONIC DR","","ELIZABETH","PA","17022","MASONIC VILLAGES","4127411400","010000","","","","","N","","","","","","","01","00000","00","","","","4","1","02161710","13"
"2022081267","03","1","3101 PACKERLAND DR","","GREEN BAY","WI","54313","SCHNEIDER TRUCKING","9203573075","080000","","","","","N","","","","","","","01","","00","","","","1","1","00264184","06"
"2022073854","02","98","3147 W 169TH PL","","HAMMOND","IN","46323","UPS","8007425877","080000","","","","","N","","","","","","","02","","00","","","","9","2","00021800","06"
"2022115853","04","11","10990 ROE AVENUE","","OVERLAND PARK","KS","66216","YRC INC","9136966100","060000","","","","","N","","","","","","","","","00","","","","1","2","00071821","08"
"2022101191","99","99","3360 EVERGREEN RD","","PITTSBURGH","PA","15210","DAROCO INC","9999999999","999999","","","","","","","","","","","","","","00","","","","9","2","","99"
"2022117503","99","1","5250 MEADOWGREEN DR","","PITTSBURGH","PA","15236","SNH PENN TENANT LLC","9999999999","999999","","","","","","","","","","","","","","00","","","","9","1","","02"
"2022121883","04","2","420 UHL RD POBOX196","","KERSEY","PA","15846","BEIMEL TRANSPORTATION","8148858990","040000","","","","","N","","","","","","","02","","00","","","","1","1","01037590","04"
"2022040182","02","1","11690 NW 105TH STREET","","MIAMI","FL","331781103","RYDER","8667475648","026000","","","","","N","","","","","","","","","00","","","","1","2","00016130","03"
"2022005347","02","0","2235 BEAVER AVENUE","","PITTSBURGH","PA","15223","PORT AUTHORITY OF ALLEGHENY CO.","4124422000","","","","","","","","","","","","","","A-00976060","00","","","","2","2","","13"
"2022073966","02","8","2235 BEAVER AVENUE","","PITTSBURGH","PA","15233","PORT AUTHORITY OF ALLEGHENY CO","4124422000","030000","","","","","N","","","","","","","","A-00976060","00","","","","9","2","","13"
"2022048082","05","99","4080 BUSINESS PARK DRIVE","","COLUMBUS","OH","43204","STAR LEASING COMPANY","6142789999","","","","","","N","","","","","","","","124092","00","","","","9","2","00733637","08"
"2022112054","05","1","3510 SAM JONES EXPRESSWAY STE","","INDIANAPOLIS","IN","46241","10 ROADS EXPRESS LLC","8889282196","072000","","","","","N","","","","","","","","","00","","","","2","2","03345061","08"
"2022006239","05","1","6720 N 9TH ST","","OMAHA","NE","681123526","REINHART TRANSPORTATION LLC","8657248228","062000","","","","","","","","","","","","","","00","","","","1","2","00882290","06"
"2022086699","05","3","111 KELSO RD","","MCDONALD","PA","15057","LAND CLEARING SPECIALISTS","4128078365","080000","","","","","N","","","","","","","02","","00","","","","1","2","01612326","08"
"2022049767","03","1","526 YALE CIR","","PICKERINGTON","OH","431477983","SCOTT STEWART LOGISTICS LLC","8324598806","060000","","","","","N","","","","","","","","","00","","","","1","1","00354953","08"
"2022048851","02","0","2235 BEAVER AVE.","","PITTSBURGH","PA","15233","PORT AUTHORITY OF ALLEGHENY COUN","4125665214","026000","","","","","N","","","","","","","01","A-00976060","00","","","","4","2","","13"
"2022091383","02","3","1623 MIDDLEROAD EXT","","GIBSONIA","PA","15044","ARI FLEET ROADSAFE TRAFFIC","4124002069","013200","","","","","N","","","","","","","01","","00","","","","4","1","02717663","06"
"2022035150","04","4","296 CURRIE RD","","PORTERSVILLE","PA","16051","MCCLYMONDS SUPPLY & TRUCKING CO","7243688040","073280","","","","","N","","","","","","","01","A-0105846","00","","","","9","2","00269478","04"
"2022095512","99","3","579 INDEPENDENCE DR","","CLAIRTON","PA","15025","DEVIN LEE MAIN","9999999999","999999","","","","","N","","","","","","","","","00","","","","9","1","","05"
"2022121604","02","0","2235 BEAVER AVENUE","","PITTSBURGH","PA","15233","PORT AUTHORITY","4122551385","","","","","","N","","","","","","","01","A-00976060","00","","","","2","2","","13"
"2022039448","02","98","2235 BEAVER AVE.","","PITTSBURGH","PA","15233","PORT AUTHORITY OF ALLEGHENY COUN","4125665214","026000","","","","","N","","","","","","","01","A-00976060","00","","","","4","2","","13"
"2022114719","02","1","5 RUTGERS ROAD BLDG B","","PITTSBURGH","PA","15205","MONTEVERDE'S LLC","4129229200","026000","","","","","N","","","","","","","","1399652","00","","","","9","1","03784171","03"
"2022113574","02","1","209 13TH ST","","PITTSBURGH","PA","15215","NORTHERN AREA MULTI SERVICE CE","4126076350","","","","","","N","","","","","","","","","00","","","","9","1","00000999","02"
"2022014931","02","0","2235 BEAVER AVE","","PITTSBURGH","PA","15233","PORT AUTHORITY","4124422000","025000","","","","","N","","","","","","","","A-00976060","00","","","","9","1","","13"
"2022019430","05","1","4001 LEADENHALL ROAD","","MOUNT LAUREL","NJ","08054","FEDERAL EXPRESS CORP","4124728180","074000","","","","","N","","","","","","N","","","","","","","","2","00086876","08"
"2022046786","03","99","593 TARRTOWN ROAD","","KITTANNING","PA","16201","GRECO RECYCLING SERVICE","7245431052","999999","","","","","N","","","","","","","","","00","","","","9","2","01991017","04"
"2022084815","02","98","475 L'ENFANT PLAZA","","WASHINGTON DC","ZG","20260","UNITED STATES POSTAL SERVICE","4123597848","036000","","","","","N","","","","","","","99","8811123","00","","","","9","2","08811123","99"
"2022100589","05","98","14201 CALIBER SUIT 300","","OKLAHOMA CITY","OK","73134","SILVERBACK ENERGY","5808193651","","","","","","N","","","","","","","02","461012207","00","","","","1","1","02353477","06"
"2022023035","05","99","1022 DELAUM RD","PO BOX 497","SAINT MARYS","PA","15857","DELULLO TRUCKING CORP","8148341464","080000","","","","","N","","","","","","","99","","00","","","","9","2","00382653","08"
"2022009132","02","3","1037 WINFIELD RD","","CABOT","PA","16023","RONALD GROSS INC","7243521270","080000","","","","","N","","","","","","","99","","00","","","","9","2","00042987","08"
"2022029806","02","98","2235 BEAVER AVE","","PITTSBURGH","PA","15233","PORT AUTHORITY OF ALLEGHENY CO","4122551385","026000","","","","","N","","","","","","","02","A-00976060","00","","","","4","1","","13"
"2022035788","02","0","2235 BEAVER AVE","","PITTSBURGH","PA","15233","PORT AUTHORITY OF ALLEGHENY CO","4124422000","260001","","","","","N","","","","","","","02","A-00976060","00","","","","1","3","00999999","13"
"2022065624","99","98","1250 WALCUTT ROAD","","COLUMBUS","OH","43228","HIGHWAY COMMERCIAL SERVICE INC","6148510005","","","","","","N","","","","","","","99","","00","","","","9","1","99999999","08"
"2022031211","02","99","495 PITTSBURGH RD","","BUTLER","PA","16002","HUNTER LEASING LLC","9999999999","025999","","","","","N","","","","","","","99","999999","00","","","","9","2","01851271","99"
"2022050831","03","99","2675 MORGANTOWN RD","","READING","PA","196070000","PENSKE TRUCK LEASING CO","6107756000","008000","","","","","N","","","","","","","","","00","","","","1","1","02076111","06"
"2022042211","03","98","1706 PITTSBURGH ST","","CHESWICK","PA","15024","OAKS AUTO TRUCK SERVICE LLC","4126214211","080000","","","","","N","","","","","","","02","A-0118726","00","","","","1","2","01009961","08"
"2022042077","02","99","9000 EXECUTIVE PK DR STE A115","","KNOXVILLE","TN","379234653","CSX TRANSPORTATION INC.","8002320144","","","","","","N","","","","","","","","","","","","","","2","","03"
"2022027484","03","4","407 E NESHANNOCK AVE","","NEW WILMINGTON","PA","16142","WILSON EXCAVATING AND UTILITY CO","7249368338","039000","","","","","N","","","","","","","99","","00","","","","9","2","03552420","04"
"2022009549","02","1","222 HERRON AVE","","CHESWICK","PA","15204","LOWER VALLEY AMBULANCE SERVICE","7242744155","","","","","","N","","","","","","","","2589749","00","","","","4","1","03350607","98"
"2022027176","02","0","2235 BEAVER AVE","","PITTSBURGH","PA","15233","PORT AUTHORITY OF ALLEGHENY CO","4124422000","","","","","","","","","","","","","","A-00976060","00","","","","2","1","","13"
"2022074496","99","4","107 BLACKMORE DRIVE","","VENETIA","PA","15367","INKS INSTALLATION LLC","4126533100","014000","","","","","N","","","","","","","99","","00","","","","9","1","","05"
"2022056564","02","8","1825 LIVERPOOL ST","","PITTSBRUGH","PA","15233","PITTSBUGH TRANSPORTATION GRP","8777973400","000000","","","","","N","","","","","","","99","A-00120862","00","","","","9","2","01164759","10"
"2022061597","02","1","1608 WILLIAM FLINN HWY","","GLENSHAW","PA","15116","ENTERPRISE TRUCK RENTAL","4122192991","012500","","","","","N","","","","","","","02","","00","","","","1","1","01704957","03"
"2022037701","02","4","324 CECIL HENDERSON RD","","CANONSBURG","PA","15317-5925","JL BUILDERS","4124912021","026000","","","","","N","","","","","","","01","","00","","","","9","1","03009303","03"
"2022049861","02","1","71 SHACKELFORD RD","","PATASKALA","OH","43062","ELITE AUTO SERVICES","7409640989","","","","","","","","","","","","","","","00","","","","1","2","01942156","03"
"2022115289","02","8","2235 BEAVER AVE","","PITTSBURGH","PA","15233","PORT AUTHORITY OF ALLEGHENY CO","4124422000","026000","","","","","N","","","","","","","","A-00976060","00","","","","4","2","","13"
"2022077757","99","99","1307 TENNESSEE AVE","","PITTSBURGH","PA","15216","DEMETRIO ARAGON","4124250352","999999","","","","","","","","","","","","99","","00","","","","9","2","","99"
"2022050823","04","7","1306 MAIN ST","","CRESCENT","PA","15046","IRON CITY EXPRESS","7244572727","073280","","","","","N","","","","","","","","","00","","","","1","2","00304898","99"
"2022086967","99","1","UNKNOWN","","UNKNOWN","ZZ","99999","UNKNOWN","9999999999","999999","","","","","N","","","","","","","","","00","","","","9","2","","05"
"2022005515","99","0","4214 TOWNSHIP RD 216","","MARENGO","OH","43334","PEACHTREE LLC","9999999999","999999","","","","","","","","","","","","","","00","","","","9","1","","09"
"2022080319","04","5","1000 BIG SEWICKLEY CREEK ROAD","","SEWICKLEY","PA","15143","WINE CONCRETE PRODUCTS","7247090609","073280","","","","","N","","","","","","","99","","00","","","","9","1","00000000","04"
"2022123914","05","1","14475 CARL ST","","MT UNION","PA","17066","IAN ROSENSTEEL","8145715243","080000","","","","","N","","","","","","","01","","00","","","","2","2","00088322","08"
"2022045076","04","4","202 EVERGLADE DR","","PITTSBURGH","PA","15235","COLE & COLE TRUCKING","4122878007","073280","","","","","N","","","","","","","02","A-8919980","00","","","","9","2","01669651","03"
