"CRN","AXLE_CNT","CARGO_BD_TYPE","CARRIER_ADDR_1","CARRIER_ADDR_2","CARRIER_ADDR_CITY","CARRIER_ADDR_STATE","CARRIER_ADDR_ZIP","CARRIER_NM","CARRIER_TEL","GVWR","HAZMAT_CD1","HAZMAT_CD2","HAZMAT_CD3","HAZMAT_CD4","HAZMAT_IND","HAZMAT_REL_IND1","HAZMAT_REL_IND2","HAZMAT_REL_IND3","HAZMAT_REL_IND4","ICC_NUM","OSIZE_LOAD_IND","PERMITTED","PUC_NUM","SPECIAL_SIZING1","SPECIAL_SIZING2","SPECIAL_SIZING3","SPECIAL_SIZING4","TYPE_OF_CARRIER","UNIT_NUM","USDOT_NUM","VEH_CONFIG_CD"
"2014118151","02","8","110 LENZNER COURT","","SEWICKLEY","PA","15143","TRANSPORTATION MANAGEMENT SVCS","4123219822","","","","","","N","","","","","","N","","A-00112590","","","","","","1","00583785","11"
"2014054284","02","8","345 6TH AVE 3RD FL.","","PITTSBURGH","PA","152222527","PORT AUTHORITY OF ALLEGHENY CO.","4124422000","","","","","","N","","","","","","N","","A-00976060","","","","","","1","","11"
"2014000026","02","0","57 NOBLE AVENUE","","PITTSBURGH","PA","15205","SHAW'S BEER DISTRIBUTOR","4129217495","","","","","","N","","","","","","N","","","","","","","","1","","02"
"2014073317","02","1","25145 BROADWAY AVENUE","","CLEVELAND","OH","44146","UNITED SURVEY INC.","4404397250","002590","","","","","N","","","","","","N","","","","","","","","1","00548479","03"
"2014049252","02","1","11250 BROOKPARK RD","","CLEVELAND","OH","44130","RYDER TRUCK RENTAL INC","6148010224","033000","","","","","N","","","","","","N","","","","","","","","1","00165420","03"
"2014010673","01","1","3100 E CARSON ST","","PITTSBURGH","PA","15203","FRANK B FUHRER WHOLESALE","4124888844","064000","","","","","N","","","","","","N","","","","","","","","4","02066069","08"
"2014123306","05","2","1768 MILEGROUND RD","","MORGANTOWN","WV","26505","BRUCETON PETROLEUM CO., INC.","3042916980","","","","","","N","","","","","000000000","N","","A-0000000","","","","","","2","00000000","08"
"2014076670","04","7","340 THOMPSON RUN RD","","PITTSBURGH","PA","15237","NORTH HILLS DISPOSAL INC","4128228441","073280","","","","","N","","","","","","N","","","","","","","","1","01651375","04"
"2014032766","03","99","5477 STEUBENVILLE PIKE","","MCKEES ROCKS","PA","15136","PHELPS NURSERY PGH WEST INC","4125590216","008000","","","","","N","","","","","","N","","","","","","","","1","02319884","08"
"2014032766","02","1","174 ONEIDA VALLEY RD","","BUTLER","PA","16001","HUNTER LEASING LLC","4122925592","","","","","","N","","","","","","N","","","","","","","","2","00348632","02"
"2014011740","02","1","28 FRONTIER DR","","GIBSONIA","PA","15044","TALON LOGISTICS","4129674541","080000","","","","","N","","","","","","N","","","","","","","","2","00030237","08"
"2014021383","02","8","2235 BEAVER AVENUE","","PITTSBURGH","PA","15233","PORT AUTHORITY OF ALLEGHENY COUN","4122377000","","","","","","N","","","","","","N","","","","","","","","2","","11"
"2014046241","03","3","233 BODA ROAD","","VERONA","PA","15147","GEO ENVIRONMENTAL DRILLING CO","4127121035","060000","","","","","N","","","","","","N","","","","","","","","1","01908336","06"
"2014017284","02","3","2833 NEW BEAVER AVE","","PITTSBURGH","PA","15233","DUQUESNE LIGHT CO.","4123937200","035000","","","","","N","","","","","","N","","","","","","","","2","00413803","03"
"2014017284","02","3","2833 NEW BEAVER AVE","","PITTSBURGH","PA","15233","DUQUESNE LIGHT CO.","4123937200","036220","","","","","N","","","","","","N","","","","","","","","3","00413803","09"
"2014131386","99","99","301 W 8TH AVE","","HOMESTEAD","PA","15120","EXTREME RESTORATIONS","9999999999","012000","","","","","N","","","","","","N","","","","","","","","2","","09"
"2014033360","05","1","101 PIN OAK LANE","","GLASGOW","KY","42141","WALBERT TRUCKING INC","2706516784","070000","","","","","N","","","","","","N","","","","","","","","1","00105258","08"
"2014040519","04","99","400 MAIN ST","","BELL VERNON","PA","15012","PITTSBURGH FAYETTE EXPRESS INC/","8002421441","065000","","","","","N","","","","","000004242","N","","A-00100948","","","","","","4","00088361","08"
"2014055400","99","1","4000 CL;INE AVE","","EAST CHICAGO","IL","46312","PENSKE TRUCK LEASING CO L P","9999999999","","","","","","N","","","","","","N","","","","","","","","1","","08"
"2014055400","02","8","2235 BEAVER AVE.","","PITTSBURGH","PA","15233","PORT AUTHORITY -ALLEGHENY CO.","4125665214","026000","","","","","","","","","","","N","","A-00976060","","","","","","2","","11"
"2014076256","02","1","777 106TH AVE NE","","BELLEVUE","PA","98004","PACCAR LEASING CO","9999999999","026000","","","","","N","","","","","","N","","","","","","","","1","","03"
"2014103865","02","8","2235 BEAVER AVENUE","","PITTSBURGH","PA","15233","PORT AUTHORITY ALLEGHENY COUNTY","4124422000","","","","","","N","","","","","","N","","A-00976060","","","","","","1","","11"
"2014103865","02","8","2235 BEAVER AVENUE","","PITTSBURGH","PA","15233","PORT AUTHORITY ALLEGHENY COUNTY","4124422000","","","","","","N","","","","","","N","","A-00976060","","","","","","2","","11"
"2014099591","05","1","703 FALLEN TIMBER RD","","ELIZABETH","PA","15037","CHARLES CASTURO","7248722905","080000","","","","","N","","","","","","N","","","","","","","","2","00954054","08"
"2014055162","02","8","2235 BEAVER AVENUE","","PITTSBURGH","PA","15233","PORT AUTHORITY OF ALLEGHENY COUN","4124222000","","","","","","N","","","","","","N","","A-00976060","","","","","","2","","11"
"2014082926","02","99","11 OLIVER ST","","MCDONALD","PA","15057","HEAVY IRON OILFIELD SERVICES","7242181725","010000","","","","","N","","","","","","N","","","","","","","","1","02297265","00"
"2014052688","02","1","400","EISENHOWER CT","JEFFERSON HILLS","PA","15025","GARY RIVET FLOORING INC","4122871422","011500","","","","","N","","","","","A-9999999","N","","A-99999999","","","","","","1","","03"
"2014105668","02","1","250 TECHNOLOGY DR","","CANONSBURG","PA","15317","APRIA HEALTH CARE","7247457581","017950","","","","","N","","","","","","N","","","","","","","","2","00270617","03"
"2014095308","03","8","200 HAHN RD","","PITTSBURGH","PA","15209","FIRST STUDENT INC","4127939600","","","","","","N","","","","","","N","","","","","","","","1","00354406","11"
"2014034940","99","2","2025 E 5000 S","","PRICE","UT","845018003","SAVAGE SERVICES CORPORATION","9999999999","999999","","","","","N","","","","","","N","","","","","","","","2","","05"
"2014054730","04","8","345 SIX AVE","","PITTSBURGH","PA","15222","ALLEGHENY COUNTY PORT AUTHORITY","4124422000","","","","","","N","","","","","","N","","A-00976060","","","","","","2","","11"
"2014073621","02","8","345 6TH AVE","","PITTS","PA","15222","PORT AUTHORITY ALLEGHENY COUNTY","4124424200","020000","","","","","N","","","","","","N","","","","","","","","2","","11"
"2014010541","02","0","13413 STATE ROUTE 422","","KITTANNING","PA","16201","PATCO TRANSIT","9999999999","","","","","","N","","","","","","N","","","","","","","","1","","00"
"2014010541","02","8","13413 STATE ROUTE 422","","KITTANNING","PA","16201","MYERS BROTHERS LLC","9999999999","","","","","","N","","","","","","N","","","","","","","","2","","11"
"2014079596","02","1","201 BERRINGTON CT","","PITTSBURGH","PA","15102","COYNER INVESTMENTS","4129999999","017000","","","","","N","","","","","","N","","","","","","","","2","00265752","03"
"2014096269","02","8","345 6TH AVE 3RD FLOOR","","PITTSBURGH","PA","152222527","PORT AUTHORITY OF ALLEGHENY COUN","4124422000","","","","","","N","","","","","","N","","A-00976060","","","","","","2","","11"
"2014063930","99","99","2905 IDLEWOOD RD","","PITTSBURGH","PA","15205","ALFONSO & SON LANDSCAP & LAWN","9999999999","016500","","","","","N","","","","","","N","","","","","","","","1","","09"
"2014075888","02","3","1815 S. 18TH ST","","PGH","PA","15203","LUX ORNAMENTAL IRON","4124815677","013000","","","","","N","","","","","","N","","","","","","","","2","00000999","03"
"2014122282","02","8","600 VINE ST ROUTE 910","","INDIANOLA","PA","15051","FIRST STUDENT","4128280226","","","","","","N","","","","","","N","","","","","","","","2","","11"
"2014077148","02","1","11385 N TRIMBLE RD","PO BOX 8608","ROBINSON","IL","62454","MIDWEST TRANSPORT INC","6106360165","025999","","","","","N","","","","","000000000","N","","A-00000000","","","","","","1","01084722","03"
"2014060134","99","7","2097 DUSS AVE","","AMBRIDGE","PA","15003","WASTE MANAGEMENT OF PENNSYLVAN","9999999999","073280","","","","","N","","","","","","N","","","","","","","","1","","04"
"2014088418","02","2","115 KAUFMANN RD","","GIBSONIA","PA","15044","BLAZCZAK HOME HEAT INC.","7242653841","033000","","","","","N","","","","","","N","","","","","","","","2","00476066","03"
"2014023397","05","1","2815 HWY 44 W","","EUSTIS","FL","32726","SERVICE TRUCKING INC","3523571300","080000","","","","","N","","","","","000201163","N","","","","","","","","1","00184218","08"
"2014103604","04","0","3800 COMMERCE ST","","CANTON","OH","44706","RUAN LOGISTIC","4193453475","080000","","","","","N","","","","","","N","","","","","","","","2","00149350","08"
"2014119307","03","7","2197 DUSS AVE","","AMBRIDGE","PA","15003","WASTE MANAGEMENT","7242662604","","","","","","N","","","","","","N","","","","","","","","1","","04"
"2014089383","99","1","UNKNOWN","","UNKNOWN","ZZ","99999","UNKNOWN","9999999999","","","","","","","","","","","","N","","","","","","","","1","00099999","08"
"2014074982","05","1","960 SIVERT DRIVE, SUITE","","WOOD DALE","IL","60191","BUTACIS","8477779312","080000","","","","","N","","","","","","N","","","","","","","","1","23675553","08"
"2014075122","02","8","154 SANDY CREEK ROAD","","VERONA","PA","15147","A-1 VAN SERVICES LLC","4127816170","","","","","","N","","","","","","N","","409818","","","","","","1","00960139","11"
"2014047680","02","4","320 OLD CAMP HORNE ROAD","","PITTSBURGH","PA","15237","DIAMOND LANDSCAPING","4123668454","033000","","","","","N","","","","","","N","","","","","","","","2","02119223","03"
"2014045929","99","6","3681 OKEMOS RD  SUITE 5","","OKEMOS","MI","48864","PRECISION MOTOR TRANSPORT GRP","5173493011","080000","","","","","N","","","","","","N","","","","","","","","1","01271780","08"
"2014080517","04","4","1000 ISLAND AVE.","","MCKEES ROCKS","PA","15136","ABC-EZ CONTAINERS","4123313590","073280","","","","","N","","","","","","N","","","","","","","","2","00470943","04"
"2014074908","02","3","1788 SAXONBURG BLVD","","TARENTUM","PA","15084","SMULLIN ASPHALT","4126164785","","","","","","N","","","","","","N","","","","","","","","1","00032114","03"
"2014008787","07","3","665 BENTON RD","","JEFFERSON","GA","30549","BUSH OVERSIZE TRANSPORT LLC","6784251495","","","","","","N","","","","","","Y","","","","","","","","1","01237748","06"
"2014021039","02","8","2235 BEAVER AVE","","PITTSBURGH","PA","15233","PORT AUTHORITY OF ALLEGHENT COUN","4122551385","999999","","","","","","","","","","","N","","A-00976060","","","","","","2","","11"
"2014052654","02","8","345 SITH AVENUE","3RD FLOOR","PITTSBURGH","PA","15222","PORT AUTHORTIY OF ALLEGHENY CO.","4125665500","","","","","","N","","","","","","N","","","","","","","","2","","11"
"2014081826","02","8","2235 BEAVER AVE","","PITTSBURGH","PA","15233","PORT AUTHORITY","4125665214","","","","","","N","","","","","","N","","A-00976076","","","","","","1","","11"
"2014108993","05","1","55 36TH ST","","PITTSBURGH","PA","15201","PARAGON MONTEVERDE FOODS","4126212626","080000","","","","","N","","","","","","N","","","","","","","","2","00435939","06"
"2014129256","04","5","606 MCCORMICK","","CONNELLSVILLE","PA","15425","STONE AND COMPANY INC","7246282200","073280","","","","","N","","","","","","N","","","","","","","","1","00896842","04"
"2014075688","02","99","4366 MT PLEASANT ST","","NORTH CANTON","OH","44720","ADVANTAGE TANK LINES INC","8009695419","999999","","","","","N","","","","","","U","","","","","","","","2","","08"
"2014059751","03","1","7633 LEONARD STREET","","PHILADELPHIA","PA","19152","GS EXPRESS INC","7742598193","004788","","","","","N","","","","","","N","","","","","","","","2","02164401","08"
"2014090077","05","1","1535 NEW HOPE CHURCH RD","","TUNNEL HILL","GA","30755","USXPRESS LEASING INC","8006015500","","","","","","N","","","","","","N","","","","","","","","2","00303024","08"
"2014046071","99","1","PO BOX 2547","","JOPLIN","MO","64803","CON-WAY TRUCKING","9999999999","","","","","","N","","","","","","N","","","","","","","","2","","08"
"2014076980","06","1","1460 GREENSBURG ROAD","","NEW KENSINGTON","PA","15068","ECM TRANSPORT LLC","7243398800","080000","","","","","N","","","","","0MC209658","N","","A-0102471","","","","","","2","00317494","06"
"2014038361","05","1","15232 STONEY CREED DR","","NOBLESVILLE","IN","46060","KNIGHT TRANSPORTATION INC","5862153814","080000","","","","","N","","","","","","N","","","","","","","","2","00428823","08"
"2014119813","05","4","4768 FRENCH CREEK RD","","SHEFFIELD","OH","44054","JONICK","4403430743","080000","","","","","N","","","","","","N","","","","","","","","1","00071618","08"
"2014011637","02","1","ROUTE10GREENHLSBX.405","","READING","PA","19603","PENSKE TRUCK LEASING","4126708435","024000","","","","","N","","","","","A99999999","U","","A-99999999","","","","","","2","","03"
"2014119317","99","99","526 CITY COUNTY BLDG","","PITTSBURGH","PA","15219","CITY OF PGH EQUIP LEASING AUTH","9999999999","058400","","","","","N","","","","","","N","","","","","","","","2","","09"
"2014014828","03","1","500   OAK BLUFF LN","","GOODLETTSVILLE","TN","37072","USF HOLLAND","3305492997","080000","","","","","N","","","","","","N","","","","","","","","1","00075806","08"
"2014097339","02","8","345 6TH AVE 3RD FL","","PITTSBURGH","PA","152222527","PORT AUTHORITY OF ALLEGHENY COUN","4124422000","","","","","","N","","","","","","N","","A-00976060","","","","","","1","","11"
"2014075264","05","7","150 SADLER DR","","INDIANA","PA","15701","L S SADLER INC","7244633044","080000","","","","","N","","","","","","N","","","","","","","","1","00393826","08"
"2014075264","03","2","610 SAXONBURG RD","","BUTLER","PA","16002","VETS SANITATION CO","7242875816","056000","","","","","N","","","","","","N","","","","","","","","2","02184734","04"
"2014127590","99","1","3100 E CARSON ST","","PITTSBURGH","PA","15203","FRANK B FUHRER HOLDINGS","7404247603","064000","","","","","N","","","","","","N","","","","","","","","2","02066069","08"
"2014077422","04","3","165ROLLING MEADOWS RD","","WAYNESBURG","PA","15370","H&K ENTERPRISES","7248522222","080000","","","","","N","","","","","","N","","","","","","","","2","00048296","08"
"2014058108","02","1","55 LEETSDALE INDUSTRIAL","DRIVE","LEETSDALE","PA","15056","BOB SUMEREL TIRE CO","7242663578","","","","","","N","","","","","","N","","","","","","","","1","00196324","05"
"2014096981","02","3","3401 QUEBEC ST/STE 3200","","DENVER","CO","80207","KIMZEY CASING SERVICE LLC","3072560619","026000","","","","","N","","","","","","N","","","","","","","","1","01697329","03"
"2015001385","03","1","920 IRWIN RUN RD","","WEST MIFFLIN","PA","15122","LIBERTY CANDY COMPANY","4127653510","080000","","","","","N","","","","","","N","","","","","","","","2","00660201","05"
"2014087089","03","3","221 ALLEGHENY AVE","109 DARK HOLLOW ROAD","OAKMONT","PA","15139","TDF SERVICES","4128202802","080000","","","","","N","","","","","","N","","","","","","","","2","00633820","08"
"2014033534","06","2","86 AIRPORT RD","","POTTSTOWN","PA","19464","VENEZIA HAULING INC","6104955200","080000","","","","","N","","","","","","N","","A-1053320","","","","","","2","01079986","08"
"2014124220","02","1","1100 THOMSON PARK DR.","","CRANBERRY TWP.","PA","16066","ROLLING FRITO LAY SALES LP","7246126521","026000","","","","","N","","","","","","N","","","","","","","","2","00926150","03"
"2014048629","02","8","2235 BEAVER AVENUE","","PITTSBURGH","PA","15233","PORT AUTHORITY ALLEGHENY COUNTY","4124422000","","","","","","N","","","","","","N","","A-00976060","","","","","","1","","11"
"2014089194","05","99","540 SLIGO RD EAST","","MOUNT FORREST","ON","KOK2G","TD SMITH FLEET 01","5193232004","","","","","","N","","","","","","N","","","","","","","","2","00332369","06"
"2014117494","02","7","234 LANDFILL RD","","SCOTTDALE","PA","15683","GREENRIDGE WASTE SYSTEMS","7248879400","058400","","","","","N","","","","","000999999","N","","","","","","","","2","","04"
"2014073172","02","4","829 BENWOOD AVE","","MCKEES ROCKS","PA","15136","CARPELLOTTI TRUCKING","4123315759","","","","","","N","","","","","","N","","","","","","","","1","","03"
"2014003260","03","8","4900 CURRY RD","","PITTSBURGH","PA","15236","BALDWIN WHITEHALL SCHOOL DISTRIC","4128857595","025000","","","","","N","","","","","000123456","N","","","","","","","","2","00123456","11"
"2014072349","06","8","173 EAST RIVERSIDE RD","","ADAH","PA","15410","BUDGET CHARTERS","7242461982","","","","","","N","","","","","","N","","","","","","","","1","00012234","10"
"2014127985","05","3","1214 FORSYTHIA ST S E","","DEMOTTE","IN","46310","GYPSUM EXPRESS LTD","8006217901","080000","","","","","N","","","","","","N","","","","","","","","1","00623098","06"
"2014078684","01","1","P.O. BOX 2018","","WHEELING","WV","2600","CHAS M SLED COMPANY","3042431820","","","","","","N","","","","","","N","","","","","","","","1","00329155","09"
"2014060391","05","1","1500 TRUMBULL ROAD","","GIRARD","OH","44420","AIM LEASING CO","3307590438","065000","","","","","N","","","","","","N","","","","","","","","2","00030237","08"
"2014065071","02","3","109 MCCLURE ST","","MCKEESPORT","PA","15034","C & D TOWING AND RECOVERY INC","4124699380","025900","","","","","N","","","","","","N","","A-00123372","","","","","","2","00536207","03"
"2014130339","02","1","2588 ELM RD NE","","WARREN","OH","44483","AVI FOODSYSTEMS INC","7246963515","","","","","","N","","","","","","N","","","","","","","","2","00320805","03"
"2014030353","03","4","108 REEDY RD","","NEW BETHLEHEM","PA","16242","GEORGE TRUCKING CO","7249047020","074000","","","","","N","","","","","000411960","N","","A-00103200","","","","","","1","00095366","04"
"2014030353","03","4","108 REEDY RD","","NEW BETHLEHEM","PA","16242","GEORGE TRUCKING CO","7249047020","074000","","","","","N","","","","","000411960","N","","A-00103200","","","","","","2","00955366","04"
"2014112958","99","99","1853 HIGHWAY 35","","PITTSTON","PA","18640","BANK CAPITAL SERVICES LLC","9999999999","026000","","","","","N","","","","","","N","","","","","","","","1","","09"
"2014093185","02","1","118 52ND ST","","PITTSBURGH","PA","15201","GOODWILL OF SOUTHWESTERN PA","4122951977","026000","","","","","N","","","","","","N","","","","","","","","1","00996893","03"
"2014127660","02","1","1331 NICHOLS HILL ROAD","","ELIZAETH","PA","15037","MARIO ROSSETTI","4126579003","","","","","","N","","","","","","N","","","","","","","","1","","99"
"2014027590","03","4","1051 MCCARTNEY","","PITTSBURGH","PA","15220","QUALITY CONCRETE","4129220200","","","","","","N","","","","","","U","","","","","","","","1","","99"
"2014050140","02","8","415 REBECCA ST.","","MCKEESPORT","PA","15132","PA COACH LINES INC.","4126724020","","","","","","N","","","","","","N","","A-00110344","","","","","","1","","10"
"2014043387","04","4","1251 RUSSELTON RD","","CHESWICK","PA","15024","TESONE TRANSPORT INC","7242742250","073280","","","","","N","","","","","","N","","","","","","","","2","00507931","04"
"2014053630","02","2","N 1081 TOWER VIEW DR","","GREENVILLE","WI","54942","FERRELL GAS LLP","8005392701","038000","2","","","","Y","1","","","","","N","","","","","","","","1","00089243","03"
"2014117723","03","4","643 LYNN PORTAL RD","","WASHINGTON","PA","15301","DINSMORE TRUCKING","7243504029","080000","","","","","N","","","","","","N","","","","","","","","2","00316809","09"
"2014054139","03","3","422 THORNTON RD","","BROWNSVILLE RD","PA","15417","JACK R WILSON JR","7245576244","080000","","","","","N","","","","","","N","","","","","","","","1","01194011","08"
"2014034108","03","8","415 REBECCA ST","","MCKEESPORT","PA","15132","PA COACH LINES","4126640911","","","","","","N","","","","","","N","","","","","","","","1","00465361","11"
"2014044223","03","4","296 CURRIE RD","","PORTERSVILLE","PA","16051","MM LEASING INC","4128552873","073280","","","","","N","","","","","","N","","","","","","","","2","00757900","04"
"2014060780","05","99","109 DARK HOLLOW ROAD","","OAKMONT","PA","15139","TDF SERVICES","4128287095","080000","","","","","N","","","","","","N","","A-00114665","","","","","","1","00945123","08"
"2014072610","01","99","240 BILAMR DR.","","PITTSBURGH","PA","15205","TRUEGREEN LAWN CARE","4129227800","014050","","","","","","","","","","","U","","","","","","","","1","00342305","05"
"2014108097","02","8","2990 DUSS AVE","","AMBRIDGE","PA","15003","RJ RHODES TRANSIT INC","4123102244","","","","","","N","","","","","","N","","","","","","","","2","","11"
"2014103446","02","8","798 EKASTOWN ROAD","","SARVER","PA","16055","W.L. ROENIGK","7243531515","030000","","","","","N","","","","","000142709","N","","","","","","","","2","00153855","11"
"2014116463","02","1","200 HAUN ROAD","","PITTSBURGH","PA","15209","FIRST STUDENT INC","4126735095","","","","","","N","","","","","","N","","","","","","","","1","03544061","02"
"2014010689","02","8","4910 FORBES AVENE","","PITTSBURGH","PA","15213","CARNEGIE MELLON UNIVERSITY","4126219728","002013","","","","","N","","","","","","N","","","","","","","","2","00003446","11"
"2014004378","04","3","1000 JOHN ROEBLING WAY","","SAXONBURG","PA","16056","BRAYMAN CONSTRUCTION CORP","7244431533","073280","","","","","N","","","","","","N","","","","","","","","2","00278559","04"
"2014079130","02","1","500 STATION ST","","BRIDGEVILLE","PA","15017","RUSMUR FLOORS","4128312711","026000","","","","","N","","","","","","N","","","","","","","","2","00506675","03"
"2014076537","02","4","10400 PERRY HWY","","WEXFORD","PA","15090","MATT MERTZ PLUMBING","4123670815","026000","","","","","N","","","","","","U","","","","","","","","1","","03"
"2014118531","05","1","1515 INDUSTRIAL DR NW","","ROCHESTER","MN","55901","LAWRENCE TRANSPORTATION CO","5072826715","080000","","","","","N","","","","","","N","","","","","","","","1","00124408","08"
"2014118531","05","3","7220 MARBELS WAY","","LOVES PARK","IL","61111","BEE LINE EXPRESS USA INC","8475621040","080000","","","","","N","","","","","","N","","","","","","","","2","01661153","08"
"2014103040","99","1","935 OHIO RIVER BLVD","","PITTSBURGH","PA","15202","RED WHITE & BLUE THRIFT STORE","9999999999","014500","","","","","N","","","","","","N","","","","","","","","1","","09"
"2014016749","99","0","UNKNOWN","","UNKNOWN","ZZ","99999999","UNKNOWN","9999999999","","","","","","N","","","","","","N","","","","","","","","2","99999999","06"
"2014112819","04","99","150 SADLER DR","","INDIANA","PA","15701","L S SADLER INC","7244633044","073280","","","","","N","","","","","","N","","","","","","","","1","00393826","04"
"2014062533","05","1","181 MULCH DR","","PETERSBURG","WV","26847","GRANT COUNTY MULCH INC","8007497451","080000","","","","","N","","","","","","N","","","","","","","","3","01025201","08"
"2014108972","02","1","971 BRIARSDALE ROAD UNI","","HARRISBURG","PA","17109","RYDER TRUCK RENTAL","5138602555","000000","","","","","N","","","","","","N","","","","","","","","1","00016130","98"
"2015000337","04","7","200 RANGOS LN","","WASHINGTON","PA","15301","WASTE MANAGEMENT OF PENNSYLVANIA","7246402122","073280","","","","","N","","","","","","N","","","","","","","","1","00344050","05"
"2014034782","99","99","176 VALLEY ST","","DERRY","PA","15627","SHUMAR TRUCKING INC","9999999999","026000","","","","","N","","","","","","N","","","","","","","","3","","05"
"2014049248","05","99","1550 STATE ROUTE 213","","STEUBENVILLE","OH","43952","LARRY MITCHELL TRUCKING CO","7406326188","080000","","","","","N","","","","","","N","","","","","","","","2","00616338","06"
"2014058583","04","4","251 RUSSELLTON ROAD","","CHESWICK","PA","15024","TESONE TRANSPORT INC","7242742250","073280","","","","","N","","","","","000247442","N","","A-00109950","","","","","","1","00507931","04"
"2014058583","03","7","PO BOX 448","","CARNEGIE","PA","15106","BFI WASTE SERVICES OF PA","8778047706","073280","","","","","N","","","","","","N","","","","","","","","2","00962087","04"
"2014022970","05","1","5501 THIRD STREET","","SAN FRANCISCO","CA","94124","ROADSHOW SERVICES INC","4158223000","080000","","","","","N","","","","","000197348","N","","","","","","","","1","00287123","08"
"2014123812","02","8","55 WEST MAIDEN STREET","","WASHINGTON","PA","15301","CITY OF WASHINGTON","7242222033","","","","","","N","","","","","","N","","","","","","","","2","","11"
"2014108431","03","8","301 CHURCH ROAD","","BETHEL PARK","PA","15102","BETHEL PARK SCHOOL DIST","4128548414","029800","","","","","N","","","","","","N","","","","","","","","1","01129231","11"
"2014124233","05","99","6000 N NOAH DR","","SAXONBURG","PA","16056","BLACK HORSE","7243521110","080000","","","","","N","","","","","","N","","","","","","","","2","00807505","08"
"2014034043","02","8","13570 ST HWY 18","","CONNEAT","PA","16311","FIRST STUDENT","9999999999","","","","","","N","","","","","","Y","","","","","","","","2","","11"
"2014080524","99","99","2833 NEW BEAVER AVE","","PITTSBURGH","PA","15233","DUQUESNE LIGHT CO","9999999999","018750","","","","","","","","","","","U","","","","","","","","2","","05"
"2014121299","03","1","1101 RUSSELLTON RD","","CHESWICK","PA","15024","STOVER & CO. INC.","7242746314","052000","","","","","N","","","","","","N","","","","","","","","2","00875750","04"
"2014055665","04","5","305 STEEL ST","","ALIQUIPPA","PA","15001","CASTLE BUILDERS TRUCKING","7246585656","073280","","","","","N","","","","","","N","","A-00121995","","","","","","1","00343561","09"
"2014012011","02","1","1800 PREBLE AVENUE","","PITTSBURGH","PA","15233","EXPERT SHIPPING","4122242243","025999","","","","","N","","","","","","N","","","","","","","","2","01998275","09"
"2014006037","03","8","345 SIXTH AVE","","PITTSBURGH","PA","15222","PORT AUTHORITY OF ALLEGHENY COUN","4125665500","","","","","","N","","","","","","N","","A-00976060","","","","","","2","","10"
"2014073673","02","8","2235 BEAVER AVENUE","PITTSBURGH","PITTSBURGH","PA","15233","PORT AUTHORITY OF ALLEGHENY CO","4124422000","","","","","","N","","","","","","N","","A-00976060","","","","","","2","","11"
"2014002428","05","0","7815 MOBILE HWY","","HOPE HULL","AK","36043","CHARLES G LAWSON TRUCKING CO","3342843220","","","","","","N","","","","","","N","","","","","","","","1","00092529","06"
"2014023343","01","99","3711 FRAN LANE","","HERMITAGE","PA","16148","DEANS FOODS","7243461120","","","","","","N","","","","","000000000","N","","","","","","","","1","00000000","05"
"2014043522","01","6","UNK","","UNK","OH","15108","AUTO","4124960053","000000","","","","","N","","","","","000000000","N","","","","","","","","2","00000000","99"
"2014017173","03","3","UNKNOWN","","UNKNOWN","ZZ","99999","UNKNOWN","9999999999","","","","","","N","","","","","","U","","","","","","","","1","","09"
"2014087481","07","1","5016 25TH AV NW","","ROCHESTER","MN","559015837","ZDRAVKO MILEUSNICH","9999999999","080000","","","","","N","","","","","","N","","","","","","","","1","02433005","08"
"2014085779","05","1","499 NIXON RD","","CHESWICK","PA","15024","PACKAGING SPECIALISTS LLC","7242753700","080000","","","","","N","","","","","","N","","","","","","","","1","00076672","08"
"2014116469","03","4","1251 RUSSELLTON RD","","CHESWICK","PA","15024","TESONE TRANSPORT INC","7242742250","073280","","","","","N","","","","","000247442","U","","A-00109950","","","","","","1","00507931","04"
"2014098111","99","4","21 FLORENCE AVE","","BURGETTSTOWN","PA","15021","CHARLES R HOSEY","9999999999","024500","","","","","","","","","","","U","","","","","","","","2","","05"
"2014009608","02","3","700 HARGROVE STREET","","PITTSBURGH PA","PA","15226","MCGANN AND CHESTER","4123819400","","","","","","N","","","","","","N","","A-00118499","","","","","","2","00279905","03"
"2014095096","02","8","2235 BEAVER AVE","","PITTSBURGH","PA","15233","PORT AUTHORITY OF ALLEGHENY CO.","4124422000","","","","","","N","","","","","","N","","A-00976060","","","","","","1","","11"
"2014113903","03","99","2601 S INDIAN MERIDIAN","","PAULS VALLEY","OK","73075","WALMART TRANSPORTATION LLC","6148275350","017500","","","","","N","","","","","","N","","","","","","","","2","00063585","06"
"2014019486","02","8","5374 WILLIAM FLINN HWY","","GIBSONIA","PA","15044","MONARK TRASPORTATION","7248983563","","","","","","N","","","","","","N","","","","","","","","2","","11"
"2014130723","04","4","113 LEE VALLEY RD BOX 8","","DERRY","PA","15627","WILLIAM DICKSON INDUSTRIES INC.","4127803154","073280","","","","","N","","","","","","N","","A-00110005","","","","","","1","00356775","04"
"2014130723","04","4","113 LEE VALLEY RD BOX 8","","DERRY","PA","15627","WILLIAM DICKSON INDUSTRIES INC.","4127803154","073280","","","","","N","","","","","","N","","A-00110005","","","","","","2","00356775","04"
"2014013534","05","3","6115 SW LELAND AVE.","","DES MOINES","IA","50321","TMC","8002472460","032000","","","","","N","","","","","000115730","N","","","","","","","","1","00087409","08"
"2014034861","02","8","301 CHURCH ROAD","","BETHEL PARK","PA","15102","BETHEL PARK SCHOOL DISTRICT","4128548414","000000","","","","","N","","","","","","N","","","","","","","","2","01129231","11"
"2014054022","05","99","SURRIE ROAD P.O BOX 296","","PORTERSVILLE","PA","16051","MCCLYMONDS SUPPLY AND TRANSIT","7243688040","","","","","","N","","","","","","N","","A-00105846","","","","","","2","00269478","08"
"2014027068","02","4","176 STONE CHURCH RD","","ELIZABETH","PA","15037","PENNDOT","4123846161","","","","","","N","","","","","","N","","","","","","","","2","","09"
"2014049598","04","8","345 SIXTH AVE","","PITTSBURGH","PA","15222","ALLEGHENY COUNTY PORT AUTHORITY","4124422000","","","","","","N","","","","","","N","","A-00976060","","","","","","1","","11"
"2014089560","05","3","1-71 NORTH AVE, BOX 603","","ELIZABETH","NJ","07201","NEW ENGLAND MOTOR FREIGHT LLC","7245132812","080000","","","","","N","","","","","","N","","","","","","","","3","00580793","08"
"2014120987","03","3","PO BOX 10","","HEBRON","OH","43025","MPW INDUSTRIAL SERVICES INC","7409278790","080000","","","","","N","","","","","","N","","","","","","","","1","00249701","08"
"2014067906","05","4","4002 LORIGAN ST","","PITTSBURGH","PA","15224","M O HERRON COMPANY","4126836422","","","","","","N","","","","","","U","","","","","","","","1","02180085","09"
"2014033687","03","4","900 GRANT AVE","","IRWIN","PA","15642","BRIAN YOST TRUCKING COMPANY","7248633453","","","","","","N","","","","","","N","","","","","","","","1","02205725","04"
"2014114574","06","3","RR 3 BOX 210","","ELIZABETH","PA","15037","ELIZABETH EQUIPMENT SERVICES INC","7243794344","080000","","","","","N","","","","","","N","","","","","","","","1","00901065","06"
"2014043536","05","2","609 LAKE SUMMERSET RD","","DAVIS","IL","61019","JEFF HEEREN TRUCKING","3524554642","999999","","","","","N","","","","","000286935","U","","","","","","","","2","00593486","06"
"2014085387","02","1","115 WEST COLLEGE","","MARSHALL","MI","56258","SCHWANS HOME SERVICES","8007249267","019500","","","","","N","","","","","","N","","","","","","","","1","00108029","03"
"2014094480","02","2","2833 NEW BEAVER AVENUE","","PITTSBURGH","PA","15233","DUQUESNE LIGHT","2403153597","018750","","","","","N","","","","","","N","","","","","","","","3","00413803","03"
"2014082534","02","7","526 CITY COUNTY BUILDIN","","PITTSBURGH","PA","15219","CITY OF PITTSBURGH","4122552778","","","","","","N","","","","","","N","","","","","","","","1","","03"
"2014061325","99","99","7 HOLLAND AVE","","BRADDOCK","PA","15104","ASE ENVIRONMENTAL INC","9999999999","999999","","","","","","","","","","","U","","","","","","","","2","","99"
"2014022614","03","4","10314 SOMERSET PIKE","","SOMERSET","PA","15501","BARRON TRUCKING LLC","8144433795","027800","","","","","N","","","","","0MC196026","N","","","","","","","","2","00084909","04"
"2014019226","02","0","600 BURSCA DR","","BRIDGEVILLE","PA","15017","COLUMBIA GAS","4122211438","","","","","","N","","","","","","N","","","","","","","","1","00085212","02"
"2014085104","02","8","200 HAHN RD","","PITTSBURGH","PA","15209","FIRST STUDENT INC","4124318747","","","","","","N","","","","","","N","","","","","","","","2","00354406","11"
"2014052349","02","8","9800 CROSSPOINT BLVD","SUITE 300","IDIANAPOLIS","IN","46256","MATTHEWS BUS","4123418288","029800","","","","","N","","","","","","N","","A-00121306","","","","","","2","01245654","11"
"2014021997","02","8","101 OLD FRANKSTOWN RD","","PITTSBURGH","PA","15239","FIRST STUDENT","4127939600","","","","","","N","","","","","","N","","","","","","","","1","","11"
"2015001933","02","1","1414 THIRD AVE","","CONWAY","PA","15027","CURCIO TRUCKING","7244073960","025500","","","","","N","","","","","","N","","","","","","","","2","02501169","03"
"2014024537","02","8","119 BUS LN.","","PUNXSUTAWNEY","PA","15767","STA OF PA","4126464711","","","","","","N","","","","","","N","","","","","","","","2","","11"
"2014036434","02","8","1000 LIBERTY AVE","","PITTSBURGH","PA","15222","DEPT OF VETERANS AFFAIRS","4128221634","","","","","","N","","","","","","N","","","","","","","","2","00099999","11"
"2014067554","03","2","4366 MT. PLEASANT RD.","","CANTON","OH","44720","CRYOGENIC TRANSPORTATION LLC","4127278185","080000","","","","","","","","","","","N","","","","","","","","1","00210140","08"
"2014010023","02","8","2235 BEAVER AVE","","PITTSBURGH","PA","15233","PORT AUTHORITY","4125665214","","","","","","N","","","","","","N","","A-00976060","","","","","","1","","11"
"2014084937","99","1","70 33RD ST","","PITTSBURGH","PA","15201","GARDA CL ATLANTIC INC","9999999999","026600","","","","","","","","","","","U","","","","","","","","2","","05"
"2014098970","05","1","400 GRAHAM ST","","MCKEES ROCKS","PA","15136","PEPSI CO","4127792293","","","","","","N","","","","","","N","","","","","","","","2","","08"
"2014123674","03","7","4859 SR 51","","NORTH BELLE VERNON","PA","15012","BIGS TRUCKING","7243794331","073280","","","","","N","","","","","","N","","","","","","","","1","01339470","09"
"2014001526","05","0","1500 TRUMBALL RD","","GIRARD","OH","444203492","AIM LEASING CO.","8003219038","018200","","","","","N","","","","","","N","","","","","","","","2","","08"
"2014064348","02","2","109 DARK HOLLOW ROAD","","OAKMONT","PA","15139","TDF SERVICES INC","8008772769","033000","","","","","N","","","","","","N","","","","","","","","1","00945123","09"
"2014012985","03","1","15200 ST RD 115","","COLUMBUS","IN","47201","CELADON TRUCKING SERVICES INC.","5708010553","080000","","","","","N","","","","","","N","","","","","","","","1","00261902","08"
"2014076976","02","1","395 BAIRD ST","","AKRON","OH","44311","PSC","2054272514","","2","3","8","6","Y","1","1","1","1","","N","","","","","","","","2","00337503","03"
"2014061584","05","1","705 B NORTH BLOOMINGTON","","LOWELL","AR","72745","JB HUNT TRANSPORT INC","8004524868","080000","","","","","N","","","","","","N","","","","","","","","1","00080806","06"
"2014116167","02","4","17TH & ARSENAL BLVD","","HARRISBURG","PA","17120","PDOT","4122929353","","","","","","N","","","","","","N","","","","","","","","2","06302076","03"
"2014049132","04","4","1342 CATHELL RD","","PITTSBURGH","PA","15236","BALDWIN ASPHALT PAVING INC","4128844414","058480","","","","","N","","","","","","N","","","","","","","","2","02169867","04"
"2014108221","01","0","216 MARSH LN","","LATROBE","PA","15234","TWO MEN AND A TRUCK MOVERS","4123572690","","","","","","N","","","","","000009999","N","","9999","","","","","","2","00009999","00"
"2014038729","05","1","510 S ENTERPRIZE BLVD","","LEBANON","MD","46052","NATIONAL FREIGHT INC","8884497690","080000","","","","","N","","","","","","N","","","","","","","","1","00085840","09"
"2014037860","03","8","2235 BEAVER AVENUE","","PITTSBURGH","PA","15233","PORT AUTHORITY OF ALLEGHENY COUN","4124422000","","","","","","N","","","","","","N","","A-00976060","","","","","","1","","11"
"2014094844","04","7","1500 HAYDEN BLVD","","ELIZABETH","PA","15037","WASTE MANAGEMENT OF PENNSYLVANIA","4124050680","073280","","","","","N","","","","","","N","","","","","","","","2","00344050","04"
"2014093613","03","4","307 BLAKE CT","","CORAOPOLIS","PA","15108","JNR TRUCKING INC.","4128743907","060000","","","","","N","","","","","","N","","","","","","","","1","02527150","04"
"2014101038","05","1","N 4993 6TH DR","","WESTFIELD","WI","53964","BRAKEBUSH TRANSPORTATION INC","6082962121","066000","","","","","N","","","","","","N","","","","","","","","1","00083566","08"
"2014122082","03","4","1022 GREENTREE RD","","PITTSBURGH","PA","15220","SMITH CONSTRUCTION SERVICE INC","4122879736","080000","","","","","N","","","","","","N","","","","","","","","1","02480619","04"
"2014128520","02","8","2235 BEAVER AVE","","PITTSBURGH","PA","15233","PORT AUTHORITY ALLEGHENY COUNTY","4124422000","","","","","","N","","","","","","N","","A-00976060","","","","","","2","","11"
"2014081336","03","7","73 W. NOBLESTOWN ROAD","","CARNEGIE","PA","15106","BFI WASTE SERVICE OF PA","4124292600","000000","","","","","N","","","","","","N","","","","","","","","2","00962087","04"
"2014129184","03","2","40 MURDOCK ST","","CANONSBURG","PA","15317","TURNKEY FOUNDATION INC","9999999999","","","","","","N","","","","","","N","","","","","","","","1","01270715","08"
"2014041500","99","1","109 DARK HOLLOW RD,PO B","","OAKMONT","PA","15139","TDF SERVICES INC","9999999999","073280","","","","","N","","","","","","N","","","","","","","","1","","08"
"2014033137","05","2","P.O. BOX 315","","MCDONALD","OH","44437","PREDATOR TRUCKING CO.","3305300712","008000","","","","","N","","","","","","N","","","","","","","","1","00401385","08"
"2014047052","05","1","510 S ENTERPRISE BLVD","","LEBANON","IN","46052","NATIONAL FREIGHT","8666157340","080000","","","","","N","","","","","","N","","","","","","","","1","00085840","08"
"2014067567","99","8","4 RIVER RD","","MCKEES ROCKS","PA","15136","COMMUNITY TRANSPORTATION INC D","9999999999","999999","","","","","N","","","","","","N","","","","","","","","3","","10"
"2014017979","99","99","UNKNOWN","","UNKNOWN","ZZ","99999","UNKNOWN","9999999999","","","","","","N","","","","","","N","","","","","","","","3","","99"
"2014046370","02","1","150 MEADOWLANDS PARKWAY","4TH FLOOR","SECAUCUS","NJ","070942300","JOSEPH CORY HOLDINGS LLC","4126708435","026000","","","","","N","","","","","","U","","","","","","","","2","02466341","03"
"2014050854","05","3","9408 SUNDOWN DR","","PEARLAND","TX","77044","INFINITY TRUCKING","8133699636","080000","","","","","N","","","","","","N","","","","","","","","1","02155555","08"
"2014112443","05","1","2601 ROCHESTER RD","","CRANBERRY TWP","PA","16066","WARREN C SAUERS CO INC","7247761504","080000","","","","","N","","","","","","N","","","","","","","","2","00098027","08"
"2014000111","02","8","345 6TH AVE 3RD FLOOR","","PITTSBURGH","PA","152222527","PORT AUTHORITY ALLEGHENY COUNTY","4124422000","","","","","","N","","","","","","N","","A-00976060","","","","","","2","","11"
"2014053874","99","8","200 HAHN ROAD","","PITTSBURGH","PA","15209","FIRST STUDENT INC","9999999999","","","","","","N","","","","","","N","","","","","","","","2","","11"
"2014041032","04","4","446 JOFFRE CHERRY","VALLEY RD","BURGEHSTOWN","PA","15201","VIOLA MOORE","7249477777","073280","","","","","N","","","","","000742101","N","","","","","","","","3","02046929","04"
"2014026873","02","8","235 BEAVER AVE.","","PIIISBURGH","PA","15233","PORT AUTHORITY OF ALLEGHENY COUN","4122551385","","","","","","N","","","","","A00976060","N","","","","","","","","2","","11"
"2014098509","05","1","2200 S 75TH AVE","","PHOENIX","AZ","85043","SWIFT TRANSPORTATION","8008002200","080000","","","","","N","","","","","000136818","N","","","","","","","","1","00054283","08"
"2014024440","03","1","7135 CENTENNIAL PL.","","NASHVILLE","TN","57209","WEATERN EXPRESS INC.","8003167160","080000","","","","","N","","","","","","N","","","","","","","","2","00511412","08"
"2014081044","03","8","2235 BEAVER AVE","","PITTSBURGH","PA","15233","PORT AUTHORITY","4125665214","","","","","","N","","","","","","N","","A-00976060","","","","","","1","","11"
"2014061663","08","1","UNKNOWN","UNKNOWN","UNKNOWN","PA","00000","UNKNOWN","4126290058","","","","","","N","","","","","000123252","N","","","","","","","","1","","08"
"2014128931","05","1","470 OVERBROOK ROAD","","VALENCIA","PA","16059","KENNETH G BECK TRUCKING INC","7248989620","080000","","","","","N","","","","","","U","","","","","","","","1","00839048","08"
"2014093470","02","4","1251 RUSSELLTON RD","","CHESWICK","PA","15024","TESONE TRANSPORT INC","9999999999","","","","","","N","","","","","","N","","","","","","","","2","","03"
"2014085649","99","3","221 ALLEGHENY AVE","","OAKMONT","PA","15139","T.D.F. SERVICES INC","4128287095","032900","","","","","N","","","","","","N","","","","","","","","1","00945125","04"
"2014085649","99","1","1275 PENNSYLVANIA","","EAST LIVERPOOL","OH","43920","PGD IV LLC","8008376514","","","","","","N","","","","","","N","","","","","","","","3","00192897","06"
"2014090674","02","2","10681 NW 107TH STREET","","YUKON","OK","73099","CECIL FORD AND MISTI FORD","3355736488","","","","","","N","","","","","","N","","","","","","","","2","02174233","08"
"2014110207","99","1","1906 RAILROAD ST","","CARNEGIE","PA","15106","BARGAIN LAND USA","9999999999","021500","","","","","N","","","","","","N","","","","","","","","1","","09"
"2014064163","03","99","273 COMMERCE ST","","WILLISTON","VT","05495","ENVIRONMENTAL PRODUSTS & SERVICE","3154566666","060000","","","","","N","","","","","","N","","","","","","","","1","00887504","09"
"2014022782","01","8","200 HAHN RD","","PITTSBURGH","PA","15209","FIRST STUDENT INC","4128210300","","","","","","N","","","","","","N","","","","","","","","1","","10"
"2014025748","02","4","12245 FRANKSTOWN ROAD","","PITTSBURGH","PA","15235","MUNICIPALITY OF PENN HILLS","4127982151","034700","","","","","N","","","","","","N","","","","","","","","1","","03"
"2014098217","04","4","UNKNOWN","","UNKNOWN","ZZ","99999","UNKNOWN","9999999999","","","","","","N","","","","","","N","","","","","","","","1","99999999","04"
"2014131261","03","7","211 BRUNNER ROAD","","ZELIENOPLE","PA","16063","JOS J. BRUNNER","7247756665","073280","","","","","N","","","","","","N","","","","","","","","1","00236447","04"
"2014116756","99","99","15 27TH STREET","","PITTSBURGH","PA","15222","PITT OHIO EXPRESS","9999999999","999999","","","","","N","","","","","","N","","","","","","","","2","","08"
"2014021436","06","1","1600 SE 66TH  STREET","","OKLAHOMA CITY","OK","73149","J.B.HUNT TRANSPORT","8007239029","080000","","","","","N","","","","","","N","","","","","","","","2","00080806","08"
"2014101998","01","0","1825 LIVERPOOL STREET","","PITTSBURGH","PA","15233","YELLOW CAB COMPANY OF PITTSBURGH","4123218100","","","","","","N","","","","","","N","","A-00049926","","","","","","1","","00"
"2014020999","03","1","5800 NW 74TH AVE.","","MIAMI","FL","33166","RENT EQUIPMENT LLC","7542144285","080000","","","","","N","","","","","","N","","","","","","","","1","02365609","06"
"2014041893","03","1","1872 ONEIDA LANE","","SHARPSVILLE","PA","16150","DEAN TRANSPORTATION INC.","7249627801","","","","","","N","","","","","","","","A00115224","","","","","","3","00714483","05"
"2014082164","02","8","2235 BEAVER AVENUE","","PITTSBURGH","PA","15233","PORT AUTHORITY OF ALLEGHENY CO.","4124422000","009999","","","","","N","","","","","","N","","A-00976060","","","","","","1","","11"
"2014110277","04","2","4320 DARK SHADE RD","","WINDBER","PA","15963","DIESEL TRANSPORT INC","8144678105","000000","3","","","","Y","1","","","","","N","","","","","","","","2","01063926","06"
"2014020230","04","3","PO BOX 184","","EAU CLAIR","PA","16030","GARDENSCAPE TRANSPORT INC","7248671711","080000","","","","","N","","","","","","N","","A-00112675","","","","","","2","00427659","08"
"2014117073","02","8","2235 BEAVER AVE","","PITTSBURGH","PA","15233","PORT AUTHORITY OF ALLEGHENY COUN","4124422000","","","","","","N","","","","","","N","","A-00976060","","","","","","1","","11"
"2014011543","02","8","3333 HESPER RD","","BILLINGS","MT","59102","GE TF TRUST","4126464711","","","","","","N","","","","","","N","","","","","","","","2","02259335","11"
"2014125464","03","8","1704 GRANBY ST NE","","ROANOKE","VA","24012","ABBOTT BUS LINES INC","5403431133","038000","","","","","N","","","","","000000000","N","","","","","","","","1","00000000","11"
"2014125464","03","8","2235 BEAVER AVE","2235 BEAVER AVE","PITTSBURGH","PA","15233","PORT AUTHORITY OF ALLEGHENY COUN","4124422000","","","","","","N","","","","","000000000","N","","A-00976060","","","","","","2","00000000","11"
"2014070255","02","8","345 LAME ST","","MCKESS ROCKS","PA","15136","COMMUNITY TRANSPORTATION","4123314396","","","","","","","","","","","","N","","","","","","","","3","","11"
"2014101933","05","99","266 HUNTERS RUN ROAD","","JACKSON","MS","39296","HH","6623575783","080000","","","","","N","","","","","","N","","","","","","","","1","99999999","99"
"2014046416","02","1","PO BOX 410603","","CHARLOTTE","NC","28241","DIRECT CHASSISLINK INC","7045943726","071650","","","","","N","","","","","","N","","","","","","","","1","00689077","08"
"2014025105","03","8","350 N. PAUL ST.","","DALLAS","TX","75201","GREYHOUND LINES INC.","2129947100","050000","","","","","N","","","","","A-9999999","N","","A-99999999","","","","","","2","99999999","11"
"2014074284","03","7","310 LEGER RD","","NORTH HUNINGTON","PA","15642","WASTE MANAGEMENT","8669094458","073280","","","","","N","","","","","000000000","N","","","","","","","","2","00000000","09"
"2014040013","04","1","110 NICHOL AVE","","MCKEES ROCKS","PA","15136","BUTLER GAS","4129284163","080000","","","","","N","","","","","","N","","","","","","","","2","00147351","08"
"2014109864","02","1","169 PINEHURST ST","","CRANBERRY TWP","PA","16066","EONTA DECARIA GROUP INC.","4128815675","009000","","","","","N","","","","","","N","","","","","","","","1","00999999","98"
"2014056977","05","2","515 W GREENS RD STE1100","","HOUSTON","TX","77067","NABORS COMPLETION & PRODUCTION","2818740035","080000","","","","","N","","","","","","N","","","","","","","","2","02312769","08"
"2014056977","05","1","734 BRENTWOOD AVE","","YOUNGSTOWN","OH","44511","REYNOLDS DEDICATED TRANSPORT","3307884890","080000","","","","","N","","","","","","N","","","","","","","","3","01246002","08"
"2014114458","05","99","2611 LINCOLN AVE","","URBANA","IL","61801","SUPER VALUE TRANSPORTATION INC.","7249255200","080000","","","","","N","","","","","","N","","","","","","","","2","00457296","98"
"2014009326","04","8","345 SIXTH AVE","","PITTSBURGH","PA","15222","ALLEGHENY COUNTY PORT AUTHORITY","4124422000","","","","","","N","","","","","","N","","A-00976060","","","","","","2","","11"
"2014030487","05","2","7101 WEST 17TH AVE","","GARY","IN","46406","SCHNEIDER ATIONAL LEASING","4129560000","080000","","","","","N","","","","","","N","","","","","","","","1","00164311","08"
"2014078533","02","1","34 BLVD OF THE ALLIES","","PITTSBURGH","PA","15222","PG PUBLISHING DBA","4127842250","014100","","","","","N","","","","","","N","","","","","","","","1","00358261","03"
"2014091103","04","4","1989 MCKEES ROCKS RD","","MCKEES ROCKS","PA","15136","AL GEISLER AND SONS INC","4123312555","","","","","","N","","","","","","N","","","","","","","","1","00494001","04"
"2014109318","99","1","3301 SMALLMAN ST","","PITTSBURGH","PA","15201","PITTSBURGH TIRE SERVICE","9999999999","019500","","","","","N","","","","","","N","","","","","","","","1","","09"
"2014096771","99","1","2875 W LIBERTY AVE","","PITTSBURGH","PA","15216","DORMONT APPLIANCE CENTER INC","9999999999","014500","","","","","N","","","","","","N","","","","","","","","1","","09"
"2014004800","05","2","14905 CROSS CREEK PKWY","","NEWBURY","OH","44065","KUHNLE BROS INC","4405647168","080000","","","","","N","","","","","","N","","","","","","","","2","00120682","09"
"2014041905","99","1","4489 CAMPBELLS RUN RD","","PITTSBURGH","PA","15205","ENTERPRISE RENT A CAR COMPANY","9999999999","999999","","","","","N","","","","","","N","","","","","","","","1","","05"
"2014045370","03","7","234 LANDFILL RD","","SCOTTDALE","PA","15683","GREENRIDGE WASTE SERVICES LLC","7248879401","","","","","","N","","","","","","N","","","","","","","","2","00960505","04"
"2014092158","05","1","L13 C6 DELHI","","SIMCOE R2","ON","N3Y4K1","BRUCE R SMITH","5194260904","080000","","","","","N","","","","","000129104","N","","","","","","","","1","00016727","08"
"2014039310","03","99","201 DEER RUN TRAIL","","OIL CITY","PA","16301","KLAPEC EXPRESS INC.","8145164024","017860","","","","","N","","","","","","N","","","","","","","","1","01438550","04"
"2014016791","02","99","174 ONEIDA VALLEY RD","1 HERRON AVE","PGH.","PA","15202","HUNTER LEASING LLC RAS DELIVERY","7242820641","025999","","","","","N","","","","","000999999","N","","","","","","","","2","","05"
"2014064999","03","8","2235 BEAVER AVE.","","PITTSBURGH","PA","15233","PORT AUTHORITY OF ALLEGHENY COUN","4124422000","","","","","","N","","","","","","N","","A-00976060","","","","","","1","","11"
"2014090895","02","8","8235 OHIO RIVER BLVD","","PITTSBURGH","PA","15202","HOLY FAMILY INSTITUTE","4127664030","","","","","","N","","","","","","N","","","","","","","","2","","11"
"2014060520","03","8","2235 BEAVER AVE","","PITTSBURGH","PA","15233","PORT AUTHORITY ALLEGHENY COUNTY","6109331116","","","","","","N","","","","","","N","","","","","","","","1","","11"
"2014112456","03","8","110 LENZNER CT","","SEWICKLEY","PA","15143","TRANSPORTATION MANAGEMENT SVCS","4123219822","","","","","","N","","","","","","N","","","","","","","","2","","11"
"2014015363","02","1","8110 ST LAWRENCE AVE","","PITTSBURGH","PA","15218","MARTIN J WOLF","4129992626","025950","","","","","N","","","","","","N","","","","","","","","1","00184394","09"
"2014015363","05","99","1825 REMINGTON RIDGE","","ZANESVILLE","OH","43701","BIG R TRUCKING","8002427666","080000","","","","","N","","","","","","N","","","","","","","","2","01844147","06"
"2014068692","03","4","1251 RUSSELLTON RD","","CHESWICK","PA","15024","TESONE TRANSPORT INC","7242742329","073280","","","","","N","","","","","","N","","A-00109950","","","","","","1","00507931","04"
"2014068692","04","0","6500 W INDUSTRIAL HWY","","GARY","IN","46406","SWIFT TRANSPORTATION CO OF AZ","8149520990","","","","","","N","","","","","","N","","","","","","","","3","00054283","06"
"2014044096","01","8","2235 BEAVER AVENUE","","PITTSBURGH","PA","15233","PORT AUTHORITY ALLEGHENY CO.","4124222000","","","","","","N","","","","","","N","","A-00976060","","","","","","1","","11"
"2014008091","02","1","1610 PARKWAY VW DR","","PITTSBURGH","PA","15205","LOOMIS FARGO & CO","4122231680","025500","","","","","N","","","","","","N","","","","","","","","1","00252201","09"
"2014079818","03","1","1000 S. MAIN STREET","","GREENSBURG","PA","15601","SOUTH MAIN TRUCKING CO","8004428045","","","","","","N","","","","","000322639","N","","A-00114078","","","","","","4","00696383","04"
"2014041008","03","4","384 OLD CURRY HOLLW RD","","PITTSBURGH","PA","15236","POSTY TRUCKING","4126557313","073280","","","","","N","","","","","","N","","A-00100443","","","","","","1","02083481","04"
"2014131850","03","8","2021  21ST AVE STE 311","","NASHVILLE","TN","37212","JEREMY CAMP LLC DBA FLAT TOURS","6159745084","051400","","","","","N","","","","","","N","","","","","","","","2","01103225","11"
"2014009385","05","3","1920 S SR 3","","RUSHVILLE","IN","46173","FRALEY AND SCHILLING INC.","8004286640","080000","","","","","N","","","","","","N","","A-0116934","","","","","","1","00125465","08"
"2014096907","03","7","139 VICTORY ROAD","","SAXONBURG","PA","16056","MORROW REFUSE INC","7242652491","060000","","","","","N","","","","","","N","","","","","","","","2","00400538","04"
"2014107392","02","8","400 HILLVUE LN","","PITTSBURGH","PA","15237","NORTH ALLEGHENY SCHOOL DISTRICT","4123695846","033000","","","","","N","","","","","","N","","","","","","","","2","01123161","11"
"2014070121","03","3","8503 W CATHERINE AVE","UNIT 108","CHICAGO","IL","60656","BLUE AND YELLO TRANSPORTATION IN","8772865505","","","","","","N","","","","","0MC820797","N","","","","","","","","1","02388244","06"
"2014074968","02","99","148 PENNSYLVANIA AVE","PO BOX 463","SCOTTSDALE","PA","15683","GREEN ACRES CONTRACTING CO.","7248878096","033000","","","","","N","","","","","","N","","","","","","","","2","00157810","98"
"2014088598","99","1","8335 IBM DR STE 100","","CHARLOTTE","PA","28262","ENTERPRISE FM TRUST","9999999999","017950","","","","","N","","","","","","N","","","","","","","","1","","09"
"2014088598","99","1","835 HERRON AVE","","PITTSBURGH","PA","15219","MASTRO ICE INC","9999999999","026000","","","","","N","","","","","","N","","","","","","","","2","","09"
"2014025237","02","99","6479 FRANKTOWN AVE.","","PITTSBURGH","PA","15206","COLUMBIA MARBLE CO. IN.","4124273536","","","","","","N","","","","","000099999","N","","","","","","","","2","","04"
"2014079177","02","4","307 KLINE AVENUE","","NORTH VERSAILLES","PA","15137","RUSS SAULA TRUCKING","4124180791","000020","","","","","N","","","","","","N","","A-00122625","","","","","","1","01805239","03"
"2014037848","99","99","890 SAW MILL RUN BLVD","","PITTSBURGH","PA","15226","RED WHITE & BLUE THRIFT STORE","9999999999","014500","","","","","N","","","","","","N","","","","","","","","2","","05"
"2014121274","02","1","923 5TH AVENUE","","CORAOPOLIS","PA","15108","ANTHONYS ORIGINAL INC","4122645885","012500","","","","","N","","","","","","N","","","","","","","","2","02369287","03"
"2014106065","05","1","1799 14 TH ST.","","DETROIT","MI","48216","FOREMAN BROTHER INC.","3139615049","080000","","","","","N","","","","","","N","","","","","","","","1","00100802","08"
"2014020111","99","99","EQUIPMENT LEASING AUTH,","","PITTSBURGH","PA","15219","CITY OF PITTSBURGH","9999999999","025999","","","","","N","","","","","","N","","","","","","","","2","","09"
"2014001189","04","1","12840 FORD DR","","FISHERS","IN","46038","ADVANCE TURF TRUCKING LLC","4123769097","","","","","","N","","","","","","N","","","","","","","","2","01098657","04"
"2014011763","02","3","#408 N. MERIDIAN RD.","","YOUNGSTOWN","OH","44509","MEANDER TIRE COMPANY","3303333998","014000","","","","","N","","","","","","N","","","","","","","","1","02387574","03"
"2014058326","02","3","1798 BABCOCK BLVD","","PITTSBURGH","PA","15209","JEFF CRITCHLOW AUTO BODY INC","4128211864","","","","","","N","","","","","","N","","","","","","","","2","01014653","03"
"2014066452","99","99","RR9 BOX 339","","LATROBE","PA","15650","PALCO SALES CORORATION","7244243900","","","","","","N","","","","","","N","","","","","","","","1","00570609","09"
"2014046125","05","3","390 LONG RUN RD","","AVONMORE","PA","15618","M&A TRANSPORTATION","7247268989","080000","","","","","N","","","","","","N","","","","","","","","2","00871981","06"
"2014121295","04","8","900 ELICKER ROAD","","PITTSBURGH","PA","15239","PLUM BOROUGH SCHOOL DISTRICT","4127932372","","","","","","N","","","","","000000000","N","","","","","","","","1","00000000","11"
"2014129335","03","8","1300 MCKEAN AVE","","CHARLEROI","PA","15022","MID MON VALLEY TRANSIT AUTHORITY","7244890880","","","","","","N","","","","","","N","","","","","","","","1","01002211","11"
"2014052741","99","1","4000 CLINE AVE.","","EAST CHICAGO","IN","46312","PENSKE TRUCK LEASING CO.","8008322306","050000","","","","","N","","","","","","N","","","","","","","","2","14804108","05"
"2014115051","99","99","526 CITY COUNTY BLDG","","PITTSBURGH","PA","15219","CITY OF PITTSBURGH EQUIP LEASING","9999999999","999999","","","","","","","","","","","N","","","","","","","","2","","99"
"2014038502","05","1","9 3RD AVENUE","","DODGE CENTER","MN","55927","FREERKSEN TRUCKING INC.","5073746708","999999","","","","","N","","","","","","U","","","","","","","","1","00461082","08"
"2014082440","01","4","148 PERRY HWY","","WEST VIEW","PA","15229","A AND N LAWN SERVICE","4129319230","019500","","","","","N","","","","","","N","","","","","","","","1","01886028","03"
"2014030714","99","1","7037 CARLISLE PIKE","","CARLISLE","PA","17015","PENSKE LEASING","9999999999","","","","","","N","","","","","","N","","","","","","","","2","","05"
"2014032116","02","3","1000","1000 S. MAIN ST","GREENSBURGH","PA","15601","SOUT MAIN TRUCKING CO","4126875000","032900","","","","","N","","","","","","N","","","","","","","","2","00696383","03"
"2014092870","04","8","345 SIXTH AVE","","PITTSBURGH","PA","15222","ALLEGHENY COUNTY PORT AUTHORITY","4124422000","","","","","","N","","","","","","N","","A-00976060","","","","","","1","","11"
"2014092870","04","8","345 SIXTH AVE","","PITTSBURGH","PA","15222","ALLEGHENY COUNTY PORT AUTHORITY","4124422000","","","","","","N","","","","","","N","","A-00976060","","","","","","2","","11"
"2014039466","05","3","1315 S CLEVELAND","MASSILLON RD","COPLEY","OH","44321","GRAVES LUMBER","3306661115","","","","","","N","","","","","","N","","","","","","","","3","00940965","08"
"2014009613","02","8","200 HAHN ROAD","","PITTSBURGH","PA","15229","FIRST STUDENT INC.","4128210300","036200","","","","","N","","","","","","N","","A-00109523","","","","","","2","00354406","11"
"2014091895","02","3","1508 BRINTON AVE","","NORTH BRADDOCK","PA","15104","ALLEGHENY ROAD SERVICES","4128235000","019500","","","","","N","","","","","","N","","","","","","","","1","00153820","03"
"2014086471","02","8","7035 SALTSBURG RD","","PITTSBURGH","PA","15235","AJ MYERS","4127937000","019000","","","","","N","","","","","","N","","A-00106393","","","","","","4","00281003","10"
"2014100401","02","8","2235 BEAVER AVE","","PITTSBURGH","PA","15233","PORT AUTHORITY","4125665124","","","","","","N","","","","","","N","","A-00976060","","","","","","1","","11"
"2014104952","02","8","200 HAHN RD","","PITTSBURGH","PA","15209","LAIDLAW TRANSIT COMPANY","4128210300","","","","","","N","","","","","","N","","A-00109523","","","","","","2","00354406","10"
"2014129587","05","99","24 CODY DRIVE","","STRATFORD","ON","N5A8C2","LENNARTZ, MARK","3134007002","050129","","","","","N","","","","","","N","","","","","","","","1","01053379","08"
"2014043380","02","4","1 8TH ST","","PITTSBURGH","PA","15104","GULF MATERIALS","7248313187","073280","","","","","N","","","","","","N","","","","","","","","2","00000000","03"
"2014075116","03","3","ONE PGT WAY","","MONACA","PA","15061","PGT TRUCKING INC","7249871610","080000","","","","","N","","","","","","N","","","","","","","","2","00192897","08"
"2014020412","03","8","2235 BEAVER AVE","","PITTSBURGH","PA","15233","PORT AUTHORITY ALLEGHENY COUNTY","4122551385","","","","","","N","","","","","","N","","A-00976060","","","","","","2","","11"
"2014059746","02","99","435 SOUTH AVE","","PITTSBURGH","PA","15221","BROWN BOYS TRUCKING LLC","4129806931","073280","","","","","N","","","","","","N","","A-8913656","","","","","","1","02159054","09"
"2014051884","99","1","415 MULBERRY ST","","BEAVER","PA","15009","HOMER NINE & SONS INC","9999999999","012000","","","","","N","","","","","","N","","","","","","","","1","","05"
"2014051884","05","3","1000 3RD AVE","","BEAVER","PA","15009","ELITE GASFIELD SERVICES","3307700120","080000","","","","","N","","","","","","N","","","","","","","","2","02206378","08"
"2014131312","02","8","2235 BEAVER AVE.","","PITTSBURGH","PA","15233","PORT AUTHORITY OF ALLEGHENY CO","4124422000","","","","","","N","","","","","","N","","A-00976060","","","","","","2","","11"
"2014079907","99","8","2235 BEAVER AVE","","PITTSBURGH","PA","15233","PORT AUTHORITY OF ALLEGHENY CO","9999999999","","","","","","N","","","","","","N","","","","","","","","3","","11"
"2014129657","05","1","7306 N.BAKER ROAD","","FREMONNT","IN","46737","FEDERAL EXPRESS","7244490118","","","","","","N","","","","","","N","","","","","","","","2","00239039","08"
"2014106476","03","1","400 NW 56TH ST","","LINCOLN","NE","68582","CRETE CARRIER CORP","8009989007","080000","","","","","N","","","","","","N","","","","","","","","1","00073705","08"
"2014100373","05","1","2035 APOLINE DR","","WEST BLOOMFIELD","MI","483233801","C&H TRANSPORT CO","2484321947","080000","","","","","N","","","","","","N","","","","","","","","1","","08"
"2014080512","05","2","PO BOX 10146","","KNOXVILLE","TN","37939","PILOT TRAVEL CENTERS","8778667378","080000","","","","","N","","","","","","N","","","","","","","","3","00091805","06"
"2014022505","02","1","1000 FED EX DRIVE","","CORAOPOLIS","PA","15108","FED EX GROUND","4122691000","","","","","","N","","","","","","N","","","","","","","","1","","02"
"2014068780","03","99","1807 SHENANGO RD","","NEW GALILEE","PA","16141","LINDY PAVING","7246529330","033000","","","","","N","","","","","","N","","","","","","","","1","00418111","04"
"2014105040","03","1","160 VELTRI DRIVE","","WASHINGTON","PA","15301","VELTRI TRUCKING INC.","7243500989","080000","","","","","N","","","","","","N","","","","","","","","1","01077151","08"
"2014109478","03","3","465 NEWGARDEN AVENUE","","SALEM","OH","44460","ROBERT C CAMPF","2342014689","080000","","","","","N","","","","","","N","","","","","","","","1","00604435","08"
"2014095000","03","8","345 6TH AVE.","","PGH.","PA","152222527","PORT AUTHORITY ALLEGHENY CO.","4125665214","026000","","","","","N","","","","","","N","","A-00976060","","","","","","2","","11"
"2014047269","02","8","2235 BEAVER AVENUE","","PITTSBURGH","PA","15233","PORT AUTHORITY OF ALLEGHENY COUN","4122377000","","","","","","N","","","","","","N","","","","","","","","2","","11"
"2014082539","02","1","415 REBECCA STREET","","MCKEESPORT","PA","15132","PENNSYLVANIA COACH LINES","4126724020","","","","","","N","","","","","000236344","N","","A-00110344","","","","","","2","00465361","02"
"2014127114","05","1","755 BEECHNUT INC.","","PITTSBURGH","PA","15205","TALON LOGISTICS","4129636200","080000","","","","","N","","","","","","N","","A-00297936","","","","","","2","00030237","08"
"2014110754","05","3","2840 EAST GRAND RIVER","","EAST LANSING","MI","48223","ALPHA LOGISTICS","8886490010","","","","","","N","","","","","","N","","","","","","","","2","02117524","06"
"2014084050","04","1","780 BIRCHWOOD","","MORTON.","IL","61550","YRC INC","4123313203","080000","","","","","N","","","","","","N","","","","","","","","1","","08"
"2014052870","05","1","14507 FRONTIER RD","","OMAHA","NE","68138","WERNER","8133129731","080000","","","","","N","","","","","","N","","","","","","","","1","00053467","08"
"2014059765","99","99","801 S 29TH ST","","HARRISBURG","PA","17111","VERIZON SERVICES CORP","9999999999","016500","","","","","","","","","","","N","","","","","","","","2","","09"
"2014021829","02","8","P.O. BOX 3052","","MCKEESPORT","PA","15134","PENNSYLVANIA COACH LINES INC.","4126785113","","","","","","N","","","","","","N","","","","","","","","2","","11"
"2014023043","05","99","9199 ASHCROFT LN","","TWINSBURG","OH","44087","UNITED FREIGHT INC.","4403901416","080000","","","","","N","","","","","","N","","","","","","","","1","02315517","08"
"2014125462","05","2","7703 W. 59TH ST.","","SUMMIT","IL","60501","DANA TRANSPORT INC","6143612772","072000","","","","","N","","","","","0MC159006","N","","","","","","","","2","00226673","08"
"2014109005","99","99","RT837 PO BOX 505","","W. ELIZABETH","PA","15088","ALL CRANE RENTAL OF PA LL","4123824200","019500","","","","","","","","","","","N","","","","","","","","2","00797466","99"
"2015002562","06","1","PO BOX 1330","","SALISBURY","NC","28145","DELHAIZE AMERICA TRANS","7046338250","080000","","","","","N","","","","","","N","","A-00874631","","","","","","1","","08"
"2014074020","02","8","345 6TH AVE","","PITTS","PA","15222","PORT AUTHORITY ALLEGHENY COUNTY","4124422000","030000","","","","","N","","","","","","N","","","","","","","","2","","11"
"2014033081","05","99","UNKNOWN","","UNKNOWN","ZZ","99999","UNKNOWN","9999999999","","","","","","N","","","","","","N","","","","","","","","1","00999999","99"
"2014014638","05","3","1212 HARRISON CITY  EXP","","JEANNETTE","PA","15644","JOHN C TEPKE DBA JCT TRUCKING","7247441697","080000","","","","","N","","","","","","N","","","","","","","","2","01361240","08"
"2014081318","03","3","190 E INDUSTRIAL DR","","MIFFLINTOWN","PA","17059","ZIMMERMAN TRUCK LIVES INC","8009972707","065000","","","","","N","","","","","000172419","N","","","","","","","","2","00246116","06"
"2014041081","03","2","2876 STATE ROUT 286","","SALTSBURG","PA","15681","GENERAL ELECTRIC CAPITAL CORP","8026544500","080000","","","","","N","","","","","","N","","","","","","","","4","01696456","06"
"2014012239","02","1","9200 EAST 146TH STREET","","NOBLESVILLE","IN","46060","J.B HUNT TRANSPORT INC.","9999999999","035000","","","","","N","","","","","","N","","","","","","","","2","00080806","03"
"2014079535","05","1","755 BEECHNUT DR","","PITTSBURGH","PA","15205","TALON LOGISTICS INC","4129193330","026400","","","","","N","","","","","","N","","","","","","","","2","00030237","06"
"2014004223","02","8","345 6TH AVE 3RD FL","","PITTSBURGH","PA","152222527","PORT AUTHORITY","4124422000","","","","","","N","","","","","","N","","A-00976060","","","","","","1","","11"
"2014019177","03","1","7101 WEST 17TH AVE","","GARY","IN","46406","SCHNEIDER NATIONAL CARRRIERS","9205922893","000000","","","","","N","","","","","","N","","","","","","","","2","00264184","06"
"2014117512","03","8","2235 BEAVER AVE","","PITTSBURGH","PA","15233","PORT AUTHORITY","4125665214","","","","","","N","","","","","","N","","","","","","","","1","","11"
"2014116401","02","3","1642 BUTLER PLANK RD","","GLENSHAW","PA","15116","INDUSTRIAL PUMP AND MOTOR","4124872015","019500","","","","","N","","","","","","N","","","","","","","","1","01372906","09"
"2014116401","02","3","33 INVERNESS CENTER PKW","","BIRMINGHAM","PA","35242","ALLEGHENY CUTY ELECTRIC","4122601926","017950","","","","","N","","","","","","N","","","","","","","","2","02347642","09"
"2014097081","02","4","1010 HERO ST.","","DUQUESNE","PA","15110","MCKEE ASPHALT","4124662200","026000","","","","","N","","","","","","N","","A-9999999","","","","","","2","","03"
"2014132492","02","1","645 COHASSET DR","","YOUNGSTOWN","OH","44511","RAAD TRANSPORTATION","3302333271","025999","","","","","N","","","","","","N","","","","","","","","1","02491935","03"
"2014058316","02","0","6600 GOVERNORS LAKE PAR","","NORCROSS","GA","30326","UNISORCE WORLDWIDE INC","4126892316","","","","","","N","","","","","","N","","","","","","","","2","00310582","07"
"2014105651","03","1","1500 N. MAINTUA ST.","","KENT","OH","44240","THE DAVEY TREE CO.","3306739511","050000","","","","","N","","","","","","N","","","","","","","","2","00093861","04"
"2014070947","05","1","780 W. BIRCHWOOD RD","","MORTON","IL","61550","YRC INC","4123313203","080000","","","","","N","","","","","","U","","","","","","","","1","00071821","06"
"2014111894","99","99","979 STATE ROUTE 917","","BENTLEYVILLE","PA","15314","TRAFFIC CONTROL EQUIPMENT & SU","9999999999","014050","","","","","N","","","","","","N","","","","","","","","1","","09"
"2014024935","99","1","6929 N LAKEWOOD AVENUE","","TULSA","OK","74117","EAN HOLDINGS LLC","9184016000","025999","","","","","N","","","","","","N","","","","","","","","1","01704957","05"
"2014116099","04","4","3816 EVERGREEN DRIVE","","MONROEVILLE","PA","15146","KOPACZYNSKI TRUCKING INC","4123723442","073280","","","","","N","","","","","","U","","","","","","","","1","02131228","09"
"2015003713","02","1","1601 HYLTON ROAD","","PENNSAUKEN","NJ","08110","LOOMIS ARMORED US,  LLC","4122231700","009500","","","","","N","","","","","","N","","","","","","","","2","00252201","02"
"2014031295","03","4","213 GLENFIELD DR","","PITTSBURGH","PA","15235","OMAR FOSTER","4126600220","073280","","","","","N","","","","","","N","","A-8910000","","","","","","1","02050137","04"
"2014047048","03","1","1049 JEFFERSON RD","","PITTSBURGH","PA","15235","TURNER DAIRY FARMS INC","7247334458","033000","","","","","N","","","","","","N","","","","","","","","2","00381686","04"
"2014061428","05","3","RR1, BOX 195H","","ROME","PA","18837","PERKINS TRUCKING","6078570540","073280","","","","","N","","","","","","N","","","","","","","","2","01488695","08"
"2014107433","05","99","1154 MT JACKSON RD","","NEW CASTLE","PA","16102","GWIN BROS TRANSPORT INC","7243365058","080000","","","","","N","","","","","","N","","","","","","","","1","00373818","06"
"2014103137","05","1","73 RAILSIDE DR.","","WEYERS CAVE","VA","24486","IDM TRUCKING INC.","5402349185","","","","","","N","","","","","","N","","","","","","","","2","00465237","06"
"2014072283","99","3","4000 CLINE AVE","","EAST CHICAGO","IN","46312","PENSKE TRUCK LEASING CO","9999999999","999999","","","","","N","","","","","","N","","","","","","","","1","","05"
"2015002828","05","1","P. O. BOX 38","","SHINNSTON","WV","26431","R NUZUM TRUCKING LLC","3045920503","080000","","","","","N","","","","","","N","","","","","","","","2","02102362","08"
"2014083913","05","1","12225 STEPHENS RD","","WARREN","MI","48089","GLS LEASCO INC","5869397000","080000","","","","","N","","","","","","N","","","","","","","","1","00661173","08"
"2014116834","03","8","345 6TH AVENUE","3RD FLR","PITTSBURGH","PA","152222527","PORT AUTHORITY OF ALLEGHENY COUN","4125665500","","","","","","N","","","","","","N","","A-00976060","","","","","","1","","10"
"2014130288","99","4","617 LEWIS AVE","","JEANNETTE","PA","15644","MARK ANTHONY PICCOLINO","9999999999","014000","","","","","N","","","","","","N","","","","","","","","1","","09"
"2014051369","04","4","216 LINCOLN AVE EXT","","CHARLEROI","PA","15022","ROLAND WOODAL JR","7243442020","073280","","","","","N","","","","","0MC730764","N","","A-00114554","","","","","","2","00860796","04"
"2014115441","02","8","2990 DUSS AVE","","AMBRIDGE","PA","15003","RJ RHODES","7242664322","","","","","","N","","","","","","N","","","","","","","","2","","11"
"2014034805","02","2","1220 MCKEE STREET","","MCKEES ROCKS","PA","15136","THE HOLDEN CORPORATION","4127716339","019500","","","","","N","","","","","","N","","","","","","","","2","00364088","03"
"2014064212","02","2","PO BOX 25","","LOWELLVILLE","OH","44436","J D SEALCOAT","3307266680","025999","","","","","N","","","","","","N","","","","","","","","1","01760896","03"
"2014102344","05","3","7173-7205 E 87TH ST","","INDIANAPOLIS","IN","46256","QUALITY LEASING CO INC","6108107231","080000","","","","","N","","","","","","N","","","","","","","","1","00820934","08"
"2014024192","03","99","101 KAPPA DRIVE","","PITTSBURGH","PA","15238","TALON LOGISTICS","4129636200","","","","","","N","","","","","A-9999999","N","","A-99999999","","","","","","2","00030237","08"
"2014087491","05","2","8606 MILLER RD #3","","HOUSTON","TX","770490000","PATTERSON MOTOR FREIGHT","2184560077","080000","","","","","N","","","","","","N","","","","","","","","1","01061388","08"
"2014115674","03","8","200 HAHN ROAD","","PITTSBURGH","PA","15209","FIRST STUDENT INC","4124318747","","","","","","N","","","","","","U","","","","","","","","2","","11"
"2014059887","02","4","202 BUCKEYE STREET","","LAWRENCE","PA","15055","FEDEROUCH LANDSCAPE SUPPLY","4126708917","019000","","","","","N","","","","","","N","","","","","","","","2","00901454","03"
"2015021577","04","3","8801 RTE-TRANSCANDIENNE","","QUEBEC","QC","H4S1Z","TRANSPORT TFI","4186465677","","","","","","N","","","","","","N","","","","","","","","1","37242236","06"
"2014053555","05","99","126 TEN SCHOOL RD.","","NEW ALEXANDRIA","PA","15670","CURRY AND KEPPLE INC.","7246682825","079000","","","","","N","","","","","","N","","","","","","","","5","00506286","06"
"2014015507","03","1","US HIGHWAY 31 SR 16E","","DENVER","IN","46926","ED BURNS AND SONS TRUCKING","7659853087","","","","","","N","","","","","000145421","N","","","","","","","","2","00125387","08"
"2014103881","02","8","99 BILLOT AVE","","N HUNTINGDON","PA","15642","FIRST STUDENT","7248632262","","","","","","N","","","","","","N","","","","","","","","2","00354406","11"
"2014067214","02","4","845 4TH ST","","VERONA","PA","15147","RONALD MAKAY","4123032788","","","","","","N","","","","","","U","","","","","","","","1","","03"
"2014119668","03","7","73 W. NOBLESTOWN AVE","","CARNEGIE","PA","15106","BFI WASTE SERVICES","6102658941","025999","","","","","N","","","","","","N","","","","","","","","2","00962087","04"
"2014094127","05","1","2450 ENTERPRISE ST","","FREMONT","OH","43420","STYLE CREST TRANSPORT INC","4193335883","080000","","","","","N","","","","","","N","","","","","","","","2","00195867","06"
"2014085095","02","2","15 POLHEMUS LANE","","BRIDGEWATER","NJ","08807","A&D LOGISTICS LLC","2019912222","","","","","","N","","","","","000999999","N","","","","","","","","2","","03"
"2014020871","03","8","345 6TH AVE.","","PITTSBURGH","PA","15222","PORT AUTHORITY ALLEGHENY CO.","4125665214","026000","","","","","N","","","","","","N","","A-00976060","","","","","","1","","11"
"2014080161","02","8","2235 BEAVER AVENUE","","PITTSBURGH","PA","15233","PORT AUTHORITY OF ALLEGHENY COUN","4124422000","099999","","","","","N","","","","","","N","","A-00976060","","","","","","2","","11"
"2014126157","03","1","5300 RICHMOND ROAD","","BEDFORD HTS","OH","44146","TALON LOGISTICS INC","4129193330","008000","","","","","N","","","","","000030237","N","","A-00030237","","","","","","2","00030237","08"
"2014098066","02","8","ROUTE 910","","INDIANOLA","PA","15051","FIRST STUDENT INC","4128280226","","","","","","N","","","","","","N","","","","","","","","2","00354406","11"
"2014072460","02","8","2235 BEAVER AVE","","PITTSBURGH","PA","15233","PORT AUTHORITY OF ALLEGHENY CO","4124422000","","","","","","N","","","","","","N","","A-00976060","","","","","","2","","11"
"2014121931","02","1","3608 SPRING GARDEN ROAD","","PITTSBURGH","PA","15212","STEEL CITY GREASE TRAPS INC","4125830206","017000","","","","","N","","","","","","N","","","","","","","","3","02152780","03"
"2014131462","03","7","4859 SR 51 N","","BELLE VERNON","PA","15012","BIGS SANITATION INC","7243794331","058400","","","","","","","","","","","N","","","","","","","","2","02099338","04"
"2015000512","02","8","2030 SWALLOW HILL RD","","PITTSBURGH","PA","15017","CHARTIERS VALLEY SCHOOL DISTRI","4124297011","000000","","","","","N","","","","","","N","","","","","","","","1","","11"
"2014033034","04","3","1420 KENSINGTON ROAD","STE 220","OAK BROOK","IL","60523","A M CASTLE & CO","8473493000","080000","","","","","N","","","","","000167456","N","","","","","","","","2","00076083","08"
"2014114796","02","99","2833 NEW BEAVER AVENUE","","PITTSBURGH","PA","15233","DUQUESENE LIGHT COMPANY","4123931754","023660","","","","","N","","","","","","N","","","","","","","","1","00413803","09"
"2014045486","03","8","41 BELL WAY","","GREENSBURG","PA","15601","WESTMORELAND COUNTY TRABSIT AUTH","7248349282","","","","","","N","","","","","","N","","","","","","","","2","","11"
"2014117928","05","2","15710 JOHN F KENNEDY BL","","HOUSTON","TX","77032","WEATHERFORD ARTIFICIAL LIFT SYST","7136934711","066000","","","","","N","","","","","","N","","","","","","","","1","00390016","09"
"2014117928","05","99","15710 JOHN F KENNEDY BL","","HOUSTON","TX","77032","WEATHERFORD ARTIFICIAL LIFT SYST","7136934711","080000","","","","","N","","","","","","N","","","","","","","","2","00390016","08"
"2014009017","04","6","19 HOMESTEAD AVE","","WEST HAMPTON BEACH","NY","11978","AVM TRANSPORTATION LLC","6318076143","025900","","","","","N","","","","","","N","","","","","","","","1","02313762","08"
"2014052599","02","3","7528 LINDA LANE","","BEDFORD","OH","441465061","DOMBROWSKI BORDONARO ENTERPRIS","3302851798","","","","","","N","","","","","","N","","","","","","","","1","02436816","98"
"2014008147","05","99","UNKNOWN","","UNKNOWN","ZZ","99999","UNKNOWN","9999999999","999999","","","","","N","","","","","999999999","U","","9999999999","","","","","","1","99999999","06"
"2014082146","02","8","2235 BEAVER AVE","","PITTSBURGH","PA","15233","PORT AUTHORITY OF ALLEGHENY CO","4124422000","","","","","","N","","","","","","N","","A-00976060","","","","","","2","","11"
"2014041907","05","1","PO BOX 960","","MIDLAND CITY","AL","36350","COLEMAN AMERICAN MOVING SERVIC","3348038888","080000","","","","","N","","","","","","N","","","","","","","","2","00076235","08"
"2014062311","04","4","2255 ROUTE 217 SOUTH","","BLAIRSVILLE","PA","157179107","TAYLOR SERVICES, INC.","7244598901","073280","","","","","N","","","","","","N","","A-0108395","","","","","","1","00120871","04"
"2014015354","03","1","1250 RT 34","","OSWEGO","IL","60543","EQUITY TRANSPORTATION CO INC","6167853800","080000","","","","","N","","","","","","N","","","","","","","","1","00190081","08"
"2014047912","99","6","2306 SAW MILL RUN BLVD","","PITTSBURGH","PA","15210","PITTSBURGH AUTO DEPOT INC","9999999999","","","","","","N","","","","","","N","","","","","","","","3","","09"
"2014023350","05","1","3379 STAFFORD STREET","","PITTSBURGH","PA","15204","BEITLER TRUCKING CO.","4127714204","080000","","","","","N","","","","","A-0099999","N","","A-9999999","","","","","","1","00335946","06"
"2015056773","03","8","110 LENZOR CT","","SEWICKLEY","PA","15143","LENZOR COACH LINES","4127417754","080000","","","","","N","","","","","","N","","","","","","","","2","00045908","11"
"2014124386","99","99","6918 GREENBACK LANE","","CITRUS HEIGHTS","CA","95621","AZOV TRANSPORT INC","9167454346","080000","","","","","N","","","","","","N","","","","","","","","1","02105770","08"
"2014051875","99","0","10 W MANILLA AVE","","PITTSBURGH","PA","15220","BORO OF GREEN TREE","9999999999","011100","","","","","N","","","","","","N","","","","","","","","2","","09"
"2014125371","03","99","PO BOX 67","","MASON","WV","25260","BOBS MARKET AND GREENHOUSE","3047735508","","","","","","N","","","","","","N","","","","","","","","2","00140825","09"
"2014099870","02","1","1500 TRUMBALL AVE.","","GIRARD","OH","44420","AIM NATIONAL LEASE","3307590438","","","","","","N","","","","","","N","","","","","","","","1","02101240","03"
"2014027573","04","4","1716 TEXAS AVENUE","","WEST MIFFLIN","PA","15122","MZK HAULING","4124660358","073280","","","","","N","","","","","","N","","","","","","","","2","00999999","04"
"2014109330","03","4","347 LEFEVER HILL RD","","CHESWICK","PA","15024","COSTA CONTRACTION","7242654388","","","","","","N","","","","","","N","","","","","","","","1","02065786","04"
"2014061494","02","4","461 MILLERS RUN RD.","","MORGAN","PA","15064","SUFFERN ASPHALT & PAVING","4122211488","073280","","","","","N","","","","","","N","","","","","","","","1","02177414","03"
"2014045577","02","8","200 KINNEY ST","","CARNEGIE","PA","15106","STUDENT TRANSPORTATION-AMERICA","4122498370","","","","","","N","","","","","","N","","","","","","","","2","","11"
"2014029420","02","8","P.O. BOX 3052","","MCKEESPORT","PA","15034","PENNSYLVANIA COACH LINES INC.","4126785113","","","","","","N","","","","","","N","","","","","","","","2","","11"
"2014125853","99","8","1850 GILL HALL RD","","FINLEYVILLE","PA","15332","MATTHEWS BUS CO INC","9999999999","","","","","","N","","","","","","N","","","","","","","","2","","11"
"2014008702","02","8","798 EKASTOWN RD","","SARVER","PA","16055","W L ROENIGK LEASING INC","7243351784","","","","","","N","","","","","","N","","","","","","","","1","","11"
"2014062463","03","1","303 INDUSTRIAL PARK RD","","JOHNSTOWN","PA","15904","SYNGERTICS INC","8142017700","","","","","","N","","","","","","N","","","","","","","","1","01307025","06"
"2014108402","02","4","1475 9TH STREET EXT.","","FREEDOM","PA","15042","VALLEYS BEST LANDSCAPING","7247285812","019500","","","","","N","","","","","","N","","","","","","","","1","02292918","03"
"2014021993","03","7","234 LANDFILL ROAD","","SCOTTDALE","PA","15683","GREENRIDGE WASTE SERVICES","7248879400","058400","","","","","N","","","","","","N","","","","","","","","2","00960505","04"
"2014020771","02","8","345 SIXTH AVE","","PITTSBURH","PA","152222527","PORT AUTHORITY","4124422000","030000","","","","","N","","","","","","N","","A-00976060","","","","","","1","","11"
"2014042904","07","3","114 ROSEMONT LN","","IMLER","PA","16655","CORLE TRANSPORT LLC","8142760250","080000","","","","","N","","","","","","N","","","","","","","","1","01618340","08"
"2014044320","05","3","65 LIGHTCAP RD","","POTTSTOWN","PA","19464","MONTGOMERY TRUCK RENTAL","6104957404","080000","","","","","N","","","","","","N","","","","","","","","2","00113651","08"
"2014021382","05","0","10411 HALL INDUSTRIAL","ROAD","FREDICKSBURG","VA","22408","PAYNE INC","5408980045","080000","","","","","N","","","","","000198849","N","","","","","","","","2","00194795","06"
"2014053994","05","1","5700 6TH AVE","","ALTOONA","PA","16602","SHEETZ INC","8142391600","080000","","","","","N","","","","","","N","","","","","","","","1","00811465","08"
"2014062879","03","3","61 FIFTH STREET","","BUCKHANNON","WV","26201","LEVINGE FREIGHT LINES","3048411847","080000","","","","","N","","","","","","N","","","","","","","","1","01385081","08"
"2014016037","02","8","2235 BEAVER AVENUE","","PITTSBURGH","PA","15233","PORT AUTHORITY, ALLEGHENY COUNTY","4124422000","","","","","","N","","","","","","N","","A-00976060","","","","","","1","","11"
"2014070631","02","8","154 SANDY CREEK RD","","PITTSBURGH","PA","15147","AL VAN SERVICE INC","4127932700","","","","","","N","","","","","","N","","","","","","","","2","","10"
"2014001680","01","99","526 GRANT ST.","","PITTSBURGH","PA","15219","CITY OF PITTSBURGH LEASING","4122552626","042000","","","","","","","","","","","N","","","","","","","","1","","98"
"2014002489","03","7","W. NOBLESTOWN RD.","","PITTSBURGH","PA","15106","BFI WASTE SERVICES","4124292600","260001","","","","","N","","","","","","N","","","","","","","","1","00962087","04"
"2014073431","04","5","1790 ROUTE 588","","FOMBELL","PA","16123","JJ KENNEDY INC.","8666993835","073280","","","","","N","","","","","","N","","","","","","","","1","01216585","04"
"2014096774","03","4","461 MILLERS RUN RD","","MORGAN","PA","15057","SUFFERN ASPHALT PAVING","4122211488","073280","","","","","N","","","","","","N","","","","","","","","2","","04"
"2015002977","05","0","6500 W INDUSTRIAL WAY","","GARY","IN","46406","SWIFT TRANSPORTATION","8005418605","080000","","","","","N","","","","","","N","","","","","","","","1","00054283","06"
"2014049092","02","8","2235 BEAVER AVE","","PITTSBURGH","PA","15233","PORT AUTHORITY OF ALLEGHENY CO.","4124422000","","","","","","N","","","","","","N","","A-00976060","","","","","","1","","11"
"2014049092","02","8","1850 GILL HALL RD","","FINLEYVILLE","PA","15332","MATTHEWS BUS CO. INC.","9999999999","","","","","","N","","","","","","N","","A-99999999","","","","","","2","","11"
"2014023056","99","1","UNKNOWN","","UNKNOWN","ZZ","99999","UNKNOWN","9999999999","","","","","","N","","","","","","N","","","","","","","","1","","08"
"2014129962","05","99","116 HARDY LN","","WAMPUM","PA","16157","EDWIN HARDY TRUCKIG INC","7245357376","080000","","","","","N","","","","","","N","","","","","","","","3","00132340","08"
"2014004335","02","8","1112 FIRST STREET","","JEFFERSON HILLS","PA","15025","MATTHEWS BUS COMPANY","4123848810","","","","","","N","","","","","","N","","","","","","","","2","01245654","11"
"2014129972","05","1","11385 NORTH TRIMBLE ROA","","ROBINSON","IL","62454","MIDWEST TRANSPORT INC","6185535115","080000","","","","","N","","","","","","N","","","","","","","","1","01084722","08"
"2014119210","03","1","2541 WESTCOTT BLVD","","KNOXVILLE","TN","37931","NEWS GROUP DISTRIBUTION SERVICES","9999999999","","","","","","N","","","","","","N","","","","","","","","3","00853311","08"
"2014085272","02","3","5331 MCANULTY ROAD","","PITTSBURGH","PA","15236","MICHAEL BROTHERS","4128356428","","","","","","N","","","","","","N","","","","","","","","2","02408389","03"
"2014107366","04","8","345 SIXTH AVE","","PITTSBURGH","PA","15222","ALLEGHENY COUNTY PORT AUTHORITY","4124422000","","","","","","N","","","","","","N","","A-00976060","","","","","","2","","11"
"2014061366","03","3","1225 WASHINGTON PIKE","","BRIDEGEVILLE","PA","15017","MAXIM CRANE WORKS","4125947500","073280","","","","","N","","","","","","N","","","","","","","","2","00343050","08"
"2014058135","03","7","234 LANDFILL RD","","SCOTTDALE","PA","15683","GREENRIDGE WASTE SERVICES","7248879400","073280","","","","","N","","","","","","N","","","","","","","","2","00960505","04"
"2014038497","03","99","1500 TRUMBELL RD","","GIRARD","OH","44420","AIM LEASING CO","7406322145","080000","","","","","N","","","","","","N","","","","","","","","2","02200542","08"
"2014011849","02","8","100 MONARK DRIVE","","MCDONALD","PA","15057","MONARK STUDENT TRANSPORTATION","7246954000","012300","","","","","N","","","","","","N","","","","","","","","2","","10"
"2014022534","99","1","UUNKNOWN","","UNKNOWN","ZZ","99999","TRINITY LOGISTICS GROUP","9999999999","","","","","","N","","","","","","N","","","","","","","","1","","08"
"2014010652","02","1","1560 BROAADWAY","","DENVER","CO","80202","BUDGET RENT-A-TRUCK","8004551332","","","","","","N","","","","","000662950","N","","","","","","","","1","01092543","03"
"2014119292","03","4","2930 DUSS AVENUE","","AMBRIDGE","PA","15003","DIAMONS HEAD (CALVIN WILSON)","7242665266","073280","","","","","N","","","","","","N","","A-8913415","","","","","","1","02127975","03"
"2014081415","05","1","1000 E DOVER AVE","","DOVER","OH","44622","RENO & COMPANY","3303433188","080000","","","","","N","","","","","","N","","","","","","","","2","00384892","08"
"2014072781","02","8","345 6TH AVE 3RD FL","","PITTSBURGH","PA","152222527","PORT AUTHORITY ALLEGHENY COUNTY","4124422000","","","","","","N","","","","","","N","","A-00976060","","","","","","2","","11"
"2014078332","05","3","109 DARK HOLLOW RD","","OAKMONT","PA","15139","TDF SERVICES INC","4128202800","080000","","","","","N","","","","","","N","","A-00114665","","","","","","3","00945123","08"
"2014106216","03","1","41738 ESTERLY DRIVE","","COLUMBIANA","OH","44408","BETTER MANAGEMENT CORP","3306923452","","","","","","N","","","","","","N","","","","","","","","1","","08"
"2014099144","05","6","145 N. KANSAS STREET","","EDWARDSVILLE","IL","62025","CASSENS TRANSPORT COMPANY","3308242107","080000","","","","","N","","","","","2643MC-CR","N","","","","","","","","3","00124358","08"
"2014108386","05","0","2305 S 900W","","SALT LAKE CITY","UT","841191515","ESTENSON LOGISTICS","4122661400","080000","","","","","N","","","","","000357193","N","","","","","","","","3","00801828","04"
"2014081974","05","3","1354 HUTTON RD","","OAKLAND","MD","21550","HOLLAND NURSERY LLC","3013348360","080000","","","","","N","","","","","","N","","","","","","","","2","00714303","08"
"2014092258","02","8","2235 BEAVER AVENUE","","PITTSBURGH","PA","15233","PORT AUTHORITY OF ALLEGHENY COU","4122377000","","","","","","N","","","","","","N","","","","","","","","1","","11"
"2014088523","03","2","201 KITTANNING ST","","BUTLER","PA","16002","GRECO GAS INC","7242854787","033000","3","","","","Y","1","","","","","N","","","","","","","","1","00409133","04"
"2014123970","02","3","GOOSE HILL ROAD BOX 259","","JEFFERSON","ME","04348","BLACKKSEEP MANAGEMENT INC","2078529043","","","","","","N","","","","","000123375","N","","A-00101510","","","","","","1","00088322","06"
"2014022982","01","0","1825 LIVERPOOL STREET","","PITTSBURGH","PA","15233","YELLOW CAB COMPANY","4123218100","","","","","","N","","","","","","N","","A-0049926","","","","","","1","","98"
"2014131678","05","1","605 OLD MILITARY RD S","","SANDSTONE","MN","55072","SCENIC BOUDARIES TRANSPORTATION","3202455533","080000","","","","","N","","","","","","N","","","","","","","","1","00124438","08"
"2014131678","05","1","1028 EAGLE PARK RD","","MADISON","IL","62060","LTI TRUCKING SERVICES INC","3149326970","080000","","","","","N","","","","","","N","","","","","","","","2","01420767","08"
"2014022793","02","8","223 CLEVER RD","","MCKEES ROCKS","PA","15136","MONTOUR SCHOOL DISTRICT","4124906500","000000","","","","","N","","","","","","N","","","","","","","","2","01125256","11"
"2014024256","05","1","755 BEECHNUT DR.","","PITTSBURGH","PA","15205","TALON LOGISTICS","4129636200","080000","","","","","N","","","","","","N","","","","","","","","1","00030237","08"
"2014024256","05","1","2200 S. 75TH AVE.","","PHOENIX","AZ","85043","SWIFT TRANSPORTATION CO OF ARIZO","8008002200","080000","","","","","N","","","","","","N","","","","","","","","2","00054283","08"
"2014076689","02","4","526 CITY COUNTY BLDG","","PITTSBURGH","PA","15219","CITY OF PITTSBURGH PUBLIC WORKS","4122550743","031000","","","","","N","","","","","","N","","","","","","","","2","00000009","03"
"2014112446","05","1","GOOSE HILL ROAD BOX 259","","JEFFERSON","ME","04348","O.S.T. TRUCKING CO INC","4435621693","080000","","","","","N","","","","","","N","","","","","","","","1","00247537","08"
"2014064973","03","8","345 6TH AVE","3RD FLR","PITTSBURGH","PA","15108","PORT AUTHORITY OF ALLEGHENY COUN","4125665500","","","","","","","","","","","","N","","A-00976060","","","","","","1","","11"
"2014048619","03","8","200 HAHN RD","","PITTSBURGH","PA","15209","FIRST STUDENT TRANSPORT","4128210300","","","","","","","","","","","","N","","","","","","","","2","","11"
"2014092861","05","5","PO BOX 4336","","PARKERSBURG","WV","26104","ESSROC READY MIX CORP","4128125218","073280","","","","","N","","","","","","N","","","","","","","","2","01977251","04"
"2014105813","02","8","2235 BEAVER AVE","","PITTSBURGH","PA","15233","PORT AUTHORITY OF ALLEGHENY COUN","4122551385","","","","","","N","","","","","","N","","A-00976060","","","","","","2","","11"
"2014034762","04","99","1044 GARDEN ST","","PITTSBURGH","PA","15601","TRANS-PORTE INC DBA US FOODS INC","8477202413","","","","","","N","","","","","","N","","","","","","","","2","00745614","04"
"2014122573","99","99","UNKNOWN","","UNKNOWN","ZZ","99999","UNKNOWN","9999999999","","","","","","N","","","","","","N","","","","","","","","1","00009999","99"
"2014083771","99","99","1105WASHINGTON BLVD","","PITTSBURGH","PA","15206","B&R POOLS","9999999999","010000","","","","","","","","","","","U","","","","","","","","2","","05"
"2014044454","05","3","7110 VETO RD.","","BELPRE","OH","45714","ECH TRANSPORT LLC","7404230334","080000","2","","","","Y","2","","","","","N","","","","","","","","1","01096367","08"
"2014026451","99","4","17TH & ARSENAL BLVD.","","HARRISBURG","PA","17120","PENN DOT","7248325353","073280","","","","","N","","","","","","N","","","","","","","","1","","05"
"2014096238","05","1","908 BROADWAY AVE. EXT.","","MASURY","OH","44438","PI & I MOTOR EXPRESS INC","8003212733","080000","","","","","N","","","","","","N","","","","","","","","1","00122443","08"
"2014102696","03","1","36 DARROW ROAD","","STONEY CREEK","ON","L8E4P5","PAUL'S GROUP LIMITED FLEET 200","2896892882","040000","","","","","N","","","","","","N","","","","","","","","1","01527362","08"
"2014001293","02","8","1820 MCLAUGHLIN RUN RD","","PITTSBURGH","PA","15241","UPPER ST CLAIR SCHOOL DIST","4128319000","","","","","","N","","","","","","N","","","","","","","","1","","11"
"2014026778","02","8","13413 STATE ROUTE 422","","KITTANNING","PA","16201","MYERS BROTHERS","9999999999","099999","","","","","N","","","","","","N","","","","","","","","2","","11"
"2014026536","99","99","201 LYSLE BLVD","","MCKEESPORT","PA","15132","CITY OF MCKEESPORT","9999999999","032200","","","","","N","","","","","","N","","","","","","","","1","","09"
"2014013492","02","99","345 6TH AVE 3RD FL","","PITTSBURGH","PA","152222527","PORT AUTHORITY ALLEGHENY COUNTY","4124422000","","","","","","N","","","","","","N","","A-00976060","","","","","","1","","98"
"2014008793","02","1","1150 2ND AVE","","NEW KENSINGTON","PA","15068","UNIFIRST","7243391077","011000","","","","","N","","","","","","N","","","","","","","","1","00063904","02"
"2014093615","99","0","838 CROFT ROAD","","GREENSBURG","PA","15601","LIBERTY TRANSPORTATION","9033532588","","","","","","","","","","","000908999","N","","","","","","","","2","","07"
"2014036414","03","7","121 BRICKYARD RD.","","MARS","PA","16046","VOGEL DISPOSAL SERVICE INC.","7246251511","073280","","","","","N","","","","","","N","","","","","","","","2","","04"
"2014020987","02","8","110 LENZNER COURT","","SEWICKLEY","PA","15143","TRANSPORTATION MANAGEMENT SERV","4127617000","","","","","","","","","","","","U","","A-00112590","","","","","","2","","10"
"2014062578","05","2","4366 MT PLEASANT ST","","NORTH CANTON","OH","44720","CRYOGENIC TRANSPORTATION","4123032247","080000","2","","","","Y","1","","","","000160798","N","","","","","","","","2","00210140","08"
"2014085946","02","1","1821 BEAVER AVE","","PITTSBURGH","PA","15233","UPS","4123351083","023000","","","","","N","","","","","","N","","","","","","","","1","","98"
"2014114502","02","99","789 EKASTOWN ROAD","","SARVER","PA","16055","W L ROENIGK LEASING INC","4122783107","","","","","","N","","","","","","N","","","","","","","","2","","98"
"2014027523","05","1","355 HORNER AVE.","","TORONTO","ON","M8W1Z7","HYGRID LOGISTICS","9093686848","080000","","","","","N","","","","","","N","","","","","","","","2","02265384","08"
"2014034723","05","99","225 SANDY CREEK ROAD","","VERONA","PA","15147","PVO EXPRESS","4127937347","080000","","","","","N","","","","","0MC483751","","","A00120019","","","","","","2","01148672","08"
"2014009498","04","4","1281 PROSPECT ROAD","","PITTSBURGH","PA","15227","EXPRESS LINE TRANSPORTATION","4126563891","073280","","","","","N","","","","","","N","","A-01780165","","","","","","2","","04"
"2014002985","05","1","1144 GARDEN ST","","GREENSBURG","PA","15601","TRANS PORTE INC/US FOODS INC","3146162531","080000","","","","","N","","","","","","N","","","","","","","","2","00745614","08"
"2014013517","01","7","PO BOX 552","","ELLWORTH","PA","15331","RITENOUR & SONS AUTO WRECKING","7243502872","025950","","","","","N","","","","","000532832","N","","","","","","","","2","01404699","03"
"2014062003","01","1","1052 WASHINGTON BLVD","","PITTSBURGH","PA","15206","U-HAUL","4123615580","020000","","","","","N","","","","","000648865","N","","","","","","","","1","00428384","00"
"2014106971","04","4","10314 SOMERSET PIKE","","SOMERSET","PA","15501","BARRON TRUCKING LLC","8144433795","073280","","","","","N","","","","","000196026","N","","","","","","","","1","00084909","04"
"2014089389","02","1","11676 PERRY HIGHWAY STE","","WEXFORD","PA","15090","THREE RIVERS ICE CREAM","7247592100","025999","","","","","N","","","","","","N","","","","","","","","1","00335464","03"
"2014127594","02","1","4489 CAMPBELL'S RUN RD.","","PITTSBURGH","PA","15205","EAN HOLDINGS LLC","7242270500","025999","","","","","N","","","","","","N","","","","","","","","2","00976457","02"
"2014093583","02","99","2319 PATTERSON AVE APT","","PITTSBURGH","PA","15218","DAVID ADBEBOLA OLALEYE","4124252034","","","","","","N","","","","","","N","","","","","","","","1","","98"
"2014056800","03","1","176 NORTH VALLEY STREET","","DERRY","PA","1567","SHUMAR TRUCKING INC","7246402333","","","","","","","","","","","000151731","N","","A-0010616","","","","","","1","00184394","04"
"2014058869","02","99","4008 GIBSONIA RD","","GIBSONIA","PA","15044","NORTH PITTSBURGH TELEPHONE CO","7244439619","050000","","","","","N","","","","","","N","","","","","","","","1","01379464","00"
"2014041120","02","1","6450 POE AVE SUIT 311","","DAYTON","OH","45414","DAYTON FREIGHT LINS INC","7249683565","","","","","","N","","","","","000076472","N","","","","","","","","1","00273301","03"
"2014020438","02","4","526 CITY COUNTY BLDG","","PITTSBURGH","PA","15219","CITY OF PGH EQUIP LEASING AUTH","9999999999","","","","","","N","","","","","","N","","","","","","","","2","","03"
"2014117062","03","4","8020 ROWAN RD.","","CRANBERRY TWP.","PA","16066","CRANBERRY SUPPLY CO.","4123642591","","","","","","N","","","","","002009900","N","","A-99999999","","","","","","1","","04"
"2014003248","02","8","2235 BEAVER AVENUE","","PITTSBURGH","PA","15233","PORT AUTHORITY, ALLEGHENY COUNTY","4124422000","","","","","","N","","","","","","N","","A-00976060","","","","","","1","","11"
"2014003248","02","8","2235 BEAVER AVENUE","","PITTSBURGH","PA","15233","PORT AUTHORITY,ALLEGHENY COUNTY","4124422000","","","","","","N","","","","","","N","","A-00976060","","","","","","2","","11"
"2014037459","02","1","1150 SECOND AVE","","NEW KENSINGTON","PA","15068","UNIFIRST","7244543140","011000","","","","","N","","","","","","N","","","","","","","","1","99999999","03"
"2014041408","05","1","PO BOX 836 1155 STOOPS","","MOON TWP","PA","15108","ARL TRANSPORT LLC","8002454722","","","","","","N","","","","","","N","","","","","","","","1","00186375","08"
"2014041038","02","1","503 NORTH PIKE ROAD","","CABOT","MC","16023","TR LAST CO.","9999999999","019500","","","","","N","","","","","","N","","","","","","","","2","","03"
"2014099463","02","3","109 DARK HOLLOW RD","","OAKMONT","PA","15139","T.D.F. SERVICES","4128202802","032900","","","","","N","","","","","","N","","","","","","","","1","00945123","03"
"2014029271","99","99","552 4TH AVE","","PITTSBURGH","PA","15219","COUNTY OF ALLEGHENY","9999999999","040000","","","","","N","","","","","","N","","","","","","","","1","","09"
"2014071172","02","1","151 FREIDHOFF LN","","JOHNSTOWN","PA","15902","HOFF ENTERPRISES INC","8143411366","025999","","","","","","","","","","","N","","","","","","","","2","00436178","03"
"2014002850","03","1","1317 FARRAGUT ST","","CONWAY","PA","15027","TROMBETTO TRUCKING","7244623948","000000","","","","","N","","","","","","N","","","","","","","","2","00840010","06"
"2014007597","02","8","2235 BEAVER AVENUE","","PITTSBURGH","PA","15233","PORT AUTHORITY OF ALLEGHENY COUN","4125665500","026000","","","","","N","","","","","","N","","A-00976060","","","","","","1","","11"
"2014077698","05","1","91 SPRING RUN RD EXT","","CORAOPOLIS","PA","15108","XPRESS GLOBAL SYSTEMS","4122645708","065000","","","","","N","","","","","","N","","","","","","","","1","00534817","08"
"2014101936","08","99","345 6TH AVE 3RD FLOOR","","PITTSBURGH","PA","152222527","PORT AUTHORITY ALLEGHENY CO","4124422000","","","","","","N","","","","","","N","","A-00976060","","","","","","2","","98"
"2014112454","04","8","345 SIXTH AVE","","PITTSBURGH","PA","15222","ALLEGHENY COUNTY PORT AUTHORITY","4122551385","","","","","","N","","","","","","N","","A-00976060","","","","","","2","","11"
"2014014952","01","99","552 4TH AVE.","","PITTSBURGH","PA","15219","ALLEGHENY COUNTY","4123843411","040600","","","","","N","","","","","","N","","","","","","","","2","","05"
"2014042161","99","1","5629 HARRISON ST","","PITTSBURGH","PA","15201","B & L MANUFACTURING T A STRAIT","9999999999","","","","","","N","","","","","","N","","","","","","","","2","","09"
"2014126880","02","8","415 REBECCA ST","PO BOX 3052","MCKEESPORT","PA","15134","PENNSYLVANIA COACH LINES INC.","4126640911","028999","","","","","N","","","","","","N","","A-00110344","","","","","","1","00465361","11"
"2014126880","05","2","4366 MT. PLEASANT ST.","","NORTH CANTON","OH","44720","CRYOGENIC TRANSPORTATION LLC.","4127202179","080000","2","","","","Y","1","","","","","N","","","","","","","","2","00210140","09"
"2014040876","02","3","5600 FORWARD AVE.","","PITTSBURGH","PA","15217","WALSH CONSTRUCTION COM.","4124635413","019080","","","","","N","","","","","","N","","","","","","","","2","01843685","03"
"2014098452","99","0","100 ZILLWEGER LANE","","BUTLER","PA","16002","ZILLWEGER CONTRACTING","4123679200","013200","","","","","N","","","","","","N","","","","","","","","2","02154338","05"
"2014107906","02","8","2030 SWALLOW HILL ROAD","","PITTSBURGH","PA","15220","CHARTIERS VALLEY SCHOOL  DIST","4124292204","","","","","","N","","","","","","N","","","","","","","","2","01129751","11"
"2014099543","03","8","131 PLEASANT DR","","ALLIQUIPA","PA","15001","BEAVER COUNTY TRANIST AUTHORITY","7243783099","","","","","","N","","","","","000000001","N","","","","","","","","1","00000001","11"
"2014011549","05","2","515 MONTGOMERY AVE","","NEW CASTLE","PA","16102","BRITTANY TRUCKING","7249249248","080000","1","","","","Y","1","","","","","N","","","","","","","","1","01034430","08"
"2014011549","05","2","S. WATER ST BOX 995","","KITTANNING","PA","16201","PAUL BRADIGAN AND SONS","8142291983","080000","1","","","","Y","1","","","","","N","","","","","","","","2","00266946","06"
"2014117080","05","3","ONE PGT WAY","","MONACA","PA","15061","PGT TRUCKING","8008376514","080000","","","","","N","","","","","","N","","","","","","","","1","00192897","08"
"2014096202","03","4","1251 RUSSELTON ROAD PO","","CHESWICK","PA","15024","TESONE TRANSPORT INC.","7242742361","050000","","","","","N","","","","","","N","","","","","","","","2","00507931","04"
"2014117657","99","1","1425 BABCOCK BLVD","","PITTSBURGH","PA","15209","RAMOND J PLATT","9999999999","015000","","","","","N","","","","","","N","","","","","","","","1","","09"
"2014034684","02","3","109 MCCLURE STREET","","DRAVOSBURG","PA","15034","C&D TOWING","4127511323","","","","","","N","","","","","","N","","","","","","","","2","","03"
"2014028239","04","0","200 MARSHALL DR.","","MCKEESPORT","PA","15123","JAMES W. FAWCETT","4127511365","073280","","","","","N","","","","","","N","","","","","","","","1","01244039","04"
"2014071641","02","3","2019 ROUTE 217","PO BOX 114","BLAIRSVILLE","PA","15717","PORT A JON","7244595680","013300","","","","","N","","","","","","N","","","","","","","","2","02144796","03"
"2014004924","03","1","101 KAPPA DRIVE","","PITTSBURGH","PA","15238","TALON LOGISTICS","4129193330","080000","","","","","N","","","","","","N","","","","","","","","1","00030237","08"
"2014021391","02","1","611 E. PGH MCKEESPORT B","","NORTH VERSAILLES","PA","15137","CINTAS","4128238703","030000","","","","","N","","","","","","N","","","","","","","","2","01457995","03"
"2014032283","02","1","3101 LIBERTY AVE","","PITTSBURGH","PA","15201","PLANTSCAPE INC.","4122816352","014500","","","","","N","","","","","","N","","","","","","","","1","00708079","03"
"2014028976","04","7","73A WEST NOBLESTOWN ROA","","CARNEGIE","PA","15106","BFI WASTES SERVICES OF PA LLC","4125056330","073280","","","","","N","","","","","","N","","","","","","","","2","00862087","04"
"2014019283","02","8","345 6TH AVENUE 3RD FLR","","PITTSBURGH","PA","152222527","PORT AUTHORITY OF ALLEGHENY COUN","4125665500","","","","","","","","","","","","N","","A-00976060","","","","","","1","","11"
"2014019283","04","5","PO BOX 4336 #10845","","PARKERSBURG","PA","15233","ESSROC/ ARROW","4126970585","","","","","","N","","","","","","N","","","","","","","","2","","04"
"2014053525","02","1","1463 SIMANTON ROAD","","ASHLAND","OH","44805","NESLON TREE SERVICE INC","4127218679","003700","","","","","N","","","","","","N","","","","","","","","2","00336944","03"
"2015003392","03","1","2850 APPLETON ST.","","CAMP HILL","PA","17011","DDI TRANSPORTATION INC.","8005380346","080000","","","","","N","","","","","","N","","","","","","","","1","00239956","08"
"2014061853","03","1","172 E SOUTH ST","","E CHICAGO","IL","49242","SHANE GROUP TRANSPORTAION","5174399368","","","","","","N","","","","","","N","","","","","","","","2","00667540","08"
"2014062618","05","1","10449 DAY RD.","","MARSHFIELD","WI","14950","WINDY HILL FOLIAGE INC","7153843137","080000","","","","","N","","","","","000157375","N","","","","","","","","1","00201875","08"
"2014067118","02","8","2235 BEAVER AVE","","PITTSBURGH","PA","15233","PORT AUTHORITY OF ALLEGHENY CO","4124422000","","","","","","N","","","","","","N","","A-00976060","","","","","","2","","11"
"2014098356","02","99","47 MARCHWOOD RD","STE 2A-13","EXTON","PA","19341","EMKAY INC TRUST","6105247682","","","","","","N","","","","","","N","","","","","","","","1","00027913","09"
"2014008130","01","3","3550 SPRING GARDEN RD","","PITTSBURGH","PA","15212","NORTH HILLS USED CARS","4126579522","029000","","","","","N","","","","","999999999","N","","","","","","","","1","99999999","02"
"2014035070","05","2","1487 8TH AVENUE","","FREEDOM","PA","15042","NATE AUGUST LLC","7243756191","080000","","","","","","","","","","000780650","N","","","","","","","","1","02285554","08"
"2014070103","02","4","2340 RIDGE RD","","FINLEYVILLE","PA","15332","RT 51 LANDSCAPE & SUPPLY INC","9999999999","017950","","","","","N","","","","","","N","","","","","","","","2","","03"
"2014046516","05","1","3350 CALUMET AVENUE","UNIT #2","HAMMOND","IN","46320","BJT","2192281800","080000","","","","","N","","","","","000545421","N","","","","","","","","1","01337564","08"
"2014092819","05","3","8834 S. NIDA CT","","HICKORY HILLS","IL","60457","MAXUM TRANS INC","6305188672","040000","","","","","N","","","","","0MC598563","N","","","","","","","","1","01474743","08"
"2014019716","05","3","601 N. PARK DRIVE","","SEDALIA","MO","65301","RBS INC.","8008215432","","","","","","N","","","","","000233424","N","","","","","","","","2","00402304","08"
"2014030662","02","8","2235 BEAVER AVE","","PITTSBURGH","PA","15233","PORT AUTHORITY OF ALLEGHENY CO","4124422000","","","","","","N","","","","","","N","","A-00976060","","","","","","2","","11"
"2014087268","04","4","118 DORRINGTON RD.","","OAKDALE","PA","15071","RICHARD WAGNER","4122981257","073280","","","","","N","","","","","0MC209978","N","","","","","","","","2","00316809","04"
"2014074461","03","5","1790 ROUTE 588","","FOMBELL","PA","16123","LAURIE TRANSIT LLC","7244526260","073280","","","","","N","","","","","","N","","","","","","","","2","01216585","04"
"2014019080","02","1","2727 N CENTRAL AVE","","PHOENIZ","AZ","85004","UHAUL","9999999999","","","","","","N","","","","","","N","","","","","","","","1","","03"
"2014122643","04","2","P.O. DRAWER 1639","","JACKSON","MS","392151639","ERGON TRUCKING INC.","8003740636","062000","3","","","","Y","1","","","","","N","","","","","","","","1","00137758","04"
"2014061758","05","3","ONE OGT WAY","","MONACA","PA","15061","PGT TRUCKING INC","7249871606","080000","","","","","N","","","","","000155377","N","","","","","","","","1","","08"
"2014082621","04","1","3600 JARVIS AVE.","","CHICAGO","IL","60076","GOLONS MOVING AND STORAGE","8479800906","","","","","","N","","","","","","U","","","","","","","","1","","09"
"2014074029","02","6","1825 LIVERPOOL STREET","","PITTSBURGH","PA","15233","YELLOW CAB CO. OF PITTSBURGH","4123218100","000000","","","","","N","","","","","","N","","A-00049926","","","","","","2","","98"
"2014132516","02","3","230 CORAOPOLIS ROAD","SUITE #200","CORAOPOLIS","PA","15108","BIRD & BEAR SERVICES INC","4127788845","","","","","","N","","","","","","N","","","","","","","","3","00833668","03"
"2014019838","03","4","414 GRANT STREET","","PGH","PA","15222","CITY OF PITTSBURGH","4122552015","006000","","","","","N","","","","","","N","","","","","","","","1","","04"
"2014040775","04","5","409 SAXONBURG BLVD","","SAXONBURG","PA","16056","THROWER TRUCKING INC","7243529421","073280","","","","","N","","","","","","N","","A-00095865","","","","","","2","02185759","04"
"2014022477","02","2","1220 MCKEE ST.","","MCKEES ROCKS","PA","15136","THE HOLDEN CORP.","4127715535","025999","","","","","N","","","","","","N","","","","","","","","1","00364088","03"
"2014012606","01","2","5695 WEST US6","","KENDALLVILLE","IN","46755","AMERIGAS PROPANE LP","7242880279","000000","","","","","N","","","","","000119565","N","","","","","","","","2","00388004","03"
"2014089856","05","1","4277 LYMAN DRIVE","","HILLARD","OH","43026","ARCTIC EXPRESS INC","6148764008","080000","","","","","N","","","","","000069564","N","","","","","","","","1","00193073","08"
"2014032269","02","8","1380 PITTSBURGH ROAD","","VALENCIA","PA","16059","MONARCH STUDENT TRANSPORTATION","7248983563","999999","","","","","N","","","","","","N","","","","","","","","1","","11"
"2014096525","03","3","1 ABC PARKWAY 838","","BELOIT","WI","53512","AMERICAN BULDERS & CONSTRUCTION","2404173638","054000","","","","","N","","","","","","N","","","","","","","","1","00251000","04"
"2014093144","02","8","345 6TH AVE","3RD FLOOR","PITTSBURGH","PA","15219","PORT AUTHORITY OF ALLEGHENY COUN","4124422000","","","","","","N","","","","","","N","","","","","","","","3","","11"
"2014021927","03","1","465 NEWGARDEN AVE","","SALEM","OH","44460","R K CAMPF CORP","3303329645","","","","","","N","","","","","","N","","","","","","","","1","00604435","08"
"2014028700","03","4","304 SHERWOOD DR","","LOWER BURRELL","PA","15068","JOSEPH SCHULLER","7245022604","","","","","","N","","","","","000014184","N","","","","","","","","1","","04"
"2014037593","02","2","1693 STATE ROUTE 56","","SPRING CHURCH","PA","15686","ROYAL FLUSH","7244783726","014500","","","","","N","","","","","","N","","","","","","","","1","00517598","03"
"2014046938","02","8","2235 BEAVER AVENUE","","PITTSBURGH","PA","15233","PORT AUTHORITY, ALLEGHENY COUNTY","4124422000","","","","","","N","","","","","","N","","A-00976060","","","","","","2","","11"
"2014083297","03","1","WORLDWIDE EQUIP LSG INC","","S CHARLESTON","WV","25303","WORLDWIDE EQUIP LSG INC","9999999999","080000","","","","","N","","","","","","N","","","","","","","","2","00213745","08"
"2014123368","05","1","15 27TH ST","","PITTSBURGH","PA","15222","PITT OHIO EXPRESS LLC","8006697488","080000","3","","","","Y","1","","","","","N","","","","","","","","2","00190180","08"
"2014126515","99","99","UNKNOWN ADDRESS","","UNKNOWN","PA","99999","UNKNOWN","9999999999","999999","","","","","","","","","","","U","","","","","","","","4","","09"
"2014018470","99","99","8 GARDNER ST","","UNIONTOWN","PA","15401","GNAGEY GAS & OIL","7244377241","","","","","","N","","","","","000009999","N","","A-00999999","","","","","","2","00275614","06"
"2014037668","99","99","5900 BAUM BLVD","","PITTSBURGH","PA","15206","AAA EAST CENTRAL","9999999999","025500","","","","","N","","","","","","N","","","","","","","","2","","09"
"2014094498","05","1","211 HUFF AVE","","GREENSBURG","PA","15601","R&G PROPERTIES","7247713959","080000","","","","","N","","","","","000374033","N","","A-00116443","","","","","","1","00845977","08"
"2014080036","02","1","3939 WILLIAM PENN HIGHW","","MONROEVILLE","PA","15146","PENSKE","4123722007","","","","","","N","","","","","","N","","","","","","","","1","00327574","03"
"2014050120","06","7","526 CITY COUNTY BUILDIN","","PITTSBURGH","PA","15219","CITY OF PITTSBURGH","4122552774","058400","","","","","N","","","","","078785688","N","","A-8676855","","","","","","2","05567888","03"
"2014095231","02","3","109 MCCLURE ST","","DRAVOSBURG","PA","15034","C&D TOWING","4127511323","","","","","","N","","","","","","N","","","","","","","","2","00536207","03"
"2014054867","02","99","200 HAHN RD","","PITTSBURGH","PA","15206","FIRST STUDENT","4128248210","014050","","","","","N","","","","","","N","","","","","","","","2","00354406","98"
"2014109171","03","1","1105 FAYETTE STREET","","WASHINGTON","PA","15301","DEAN TRANSPORTATION","7242231112","003300","","","","","N","","","","","","N","","","","","","","","1","00714483","04"
"2014046504","04","1","3400 FT INDEPENDENCE 3D","","BRONX","NY","10463","BE & PE EXPRESS LLC","6463097270","080000","","","","","N","","","","","000833890","N","","","","","","","","1","02421085","08"
"2014058496","03","8","600 GRANT STREET","","PITTSBURGH","PA","15219","UPMC","4129186065","019500","","","","","","","","","","","U","","","","","","","","2","99999999","11"
"2014031301","99","1","935 OHIO RIVER BLVD","","PITTSBURGH","PA","15202","RED WHITE AND BLUE THRIFT STORE","9999999999","014500","","","","","N","","","","","","N","","","","","","","","1","","05"
"2014016920","02","8","110 LENZNER COURT","","SEWICKLEY","PA","15143","LENZNER COACH LINES","9999999999","","","","","","N","","","","","","N","","","","","","","","3","","11"
"2014088558","01","8","2235 BEAVER AVE","","PITTSBURGH","PA","15233","PORT AUTHORITY ALLEGEHNY COUNTY","4122551351","","","","","","N","","","","","","N","","A-0097606","","","","","","3","","11"
"2014105550","02","8","2235 BEAVER AVE","","PITTSBURGH","PA","15223","PORT AUTHORITY OF ALLEGHENY CO","4124422000","","","","","","N","","","","","","N","","A-00976060","","","","","","2","","11"
"2014091780","03","3","675 W PIKE ST","","MEADOW LANDS","PA","15347","CARTER LUMBER","7242221150","054000","","","","","N","","","","","000193709","N","","","","","","","","2","00300951","04"
"2014011875","05","99","625 S 5TH AVE","","LEBANON","PA","17042","NEW PENN MOTOR EXPRESS","0000000000","","","","","","N","","","","","","N","","","","","","","","2","00010670","08"
"2014024676","99","99","240 STATE ROUTE 10","","WHIPPANY","PA","07981","BANC OF AMERICA LEASING & CAPI","9999999999","033000","","","","","N","","","","","","N","","","","","","","","1","","09"
"2014101791","05","3","808 N 161 E AVENUE","","TULSA","OK","74116","LIBERTY TRUCK","9182709609","080000","","","","","N","","","","","","N","","","","","","","","2","","08"
"2014080801","05","1","1016 TRIPLETT BLVD","","AKRON","OH","44306","CONCEPT FREIGHT INC","3307841134","080000","","","","","N","","","","","","N","","","","","","","","1","01761715","06"
"2014047020","04","8","345 SIXTH AVE","","PITTSBURGH","PA","15222","ALLEGHENY COUNTY PORT AUTHORITY","4124422000","","","","","","N","","","","","","N","","A-00976060","","","","","","2","","11"
"2014039289","99","1","1001 ENTERPRISE AVE","","OKLAHOMA CITY","OK","73128","JD HUNT","8004524868","","","","","","","","","","","","N","","","","","","","","1","00080806","08"
"2014032062","02","3","101 MOUNTAIN LAUREL DR","","BUTLER","PA","16002","BIG JOE'S TOWING","7245024669","019000","","","","","N","","","","","","N","","","","","","","","1","02182247","03"
"2014097364","02","8","345 6TH AVE","","PITTS","PA","15222","PORT AUTHORITY","4124422000","020000","","","","","N","","","","","","N","","A-00976606","","","","","","1","","11"
"2014089360","02","1","214 ACME STREET","","MARIETTA","OH","45750","CLUMS CABLE CO. LLC","7403769764","025900","","","","","N","","","","","","U","","","","","","","","1","01619477","03"
"2015012081","03","8","200 WEST WASHINGTON ST.","","ROCHESTER","PA","15074","BEAVER COUNTY TRANSIT AUTHORITY","7246501372","","","","","","N","","","","","","N","","","","","","","","2","00999999","11"
"2014021005","03","8","110 LENZNER COURT","","SEWICKLEY","PA","15143","LENZNER COACH LINES","4127617000","","","","","","N","","","","","","N","","A-00112590","","","","","","2","","11"
"2014104291","05","99","CURRIE RD BOX 403","","PORTERSVILLE","PA","16051","DTA LP","7243680502","080000","","","","","N","","","","","000342004","Y","","A-00115051","","","","","","1","00757900","08"
"2014092671","99","1","160 VELTRI DRIVE","","WASHINGTON","PA","15301","VELTRI TRUCKING INC","7242289381","","","","","","N","","","","","","N","","","","","","","","1","01077151","08"
"2014132413","02","99","3415 STERLING DR","","BETHEL PARK","PA","15102","MICHAEL DEVERS (TREE SURGEONS)","4127134548","026000","","","","","N","","","","","","","","","","","","","","2","02326031","09"
"2014114072","99","99","6929 N LAKEWOOD AVE","","TULSA","PA","74117","EAN HOLDINGS LLC","9999999999","999999","","","","","N","","","","","","N","","","","","","","","1","","98"
"2014115487","03","1","333 COLAFAX ST","","ROCHESTER","NY","14606","DECAROLIS; TRUCK RENTAL, INC","8007386384","005400","","","","","N","","","","","099999999","N","","","","","","","","2","99999999","04"
"2014033717","99","4","1664 OBLOCK RD","","PITTSBURGH","PA","15239","CHICK S CONCRETE INC","9999999999","026000","","","","","N","","","","","","N","","","","","","","","2","","05"
"2014006685","02","8","345 SIXTH AVNEUE","","PITTSBURGH","PA","15222","PORT AUTHORITY OF ALLEGHENY CO","4124422000","","","","","","N","","","","","","N","","A-00976060","","","","","","1","","11"
"2014122628","05","3","7135 CENTENNIAL PLACE","","NASHVILLE","TN","37209","WESTERN EXPRESS","8003167160","999999","","","","","N","","","","","","N","","","","","","","","2","00511412","08"
"2014014308","03","2","ONE TYLER COURT","","CARLISLE","PA","17015","EQUIPMENT TRANSPORT LLC","7172546731","073280","","","","","N","","","","","","N","","","","","","","","2","01758904","04"
"2014039152","03","8","345 SIXTH AVE 3RD FL","","PITTSBURGH","PA","15222","PORT AUTHORITY","4125665500","","","","","","N","","","","","","N","","A-00976060","","","","","","2","","11"
"2014082627","99","8","60 38TH ST","","PITTSBURGH","PA","15201","SILVERCO LEASING","9999999999","999999","","","","","","","","","","","U","","","","","","","","1","","11"
"2014044949","05","4","3401 FELICITY AVE","","ALLISON PARK","PA","15101","ALLISON PARK CONTRACTORS INC.","4124872133","073280","","","","","N","","","","","","N","","","","","","","","1","01586241","06"
"2014098218","05","1","9740 LAKE ROAD","","MILLERSPORT","OH","43046","WARNER EXPRESS LLC","7404030868","080000","","","","","N","","","","","","N","","","","","","","","3","02046697","08"
"2014069609","03","99","1728 STATE ROUTE 30","","CLINTON","PA","15026","DIAMOND CARGO","4127220760","025999","","","","","N","","","","","MC-517493","N","","A-00121989","","","","","","2","01325605","04"
"2014068465","05","3","7135 CENTENNIAL PLACE","","NASHVILLE","TN","37209","WESTERN EXPRESS","8003167160","080000","","","","","N","","","","","","N","","","","","","","","2","00511412","06"
"2014017937","99","1","2740 SMALLMAN ST STE,60","","PITTSBURGH","PA","15222","FRANKLIN INTERIORS INC","9999999999","016000","","","","","N","","","","","","N","","","","","","","","1","","09"
"2014067041","05","1","5300 RICHMOND RD","","BEDFORD HTS","OH","44146","TALON LOGISTICS","4125861400","080000","","","","","N","","","","","","N","","","","","","","","1","00030237","08"
"2014000149","04","8","345 SIXTH AVE","","PITTSBURGH","PA","15222","PORT AUTHORITY OF ALLEGHENY CO","4124422000","","","","","","N","","","","","","N","","A-00976060","","","","","","2","","11"
"2014007988","03","4","4575 NEW TEXAS RD.","","PITTSBURGH","PA","15239","BOROUGH OF PLUM","4127956800","","","","","","N","","","","","","N","","","","","","","","2","","04"
"2014058146","05","3","1505 N. MAIN ST. BOX 48","","PONTIAC","IL","61764","JB LEE TRANS. CO.","8158422888","080000","","","","","N","","","","","","N","","","","","","","","1","00104080","08"
"2014039150","99","1","95 S 20TH ST","","PITTSBURGH","PA","15203","SOUTH SIDE PLUMBING & HEATING","9999999999","019000","","","","","N","","","","","","N","","","","","","","","2","","09"
"2014016631","05","1","1600 OLIVER AVE","","INDIANAPOLIS","IN","46221","VITRAN EXPRESS","5869397000","080000","","","","","N","","","","","","N","","","","","","","","2","00202526","08"
"2014125489","05","1","15200 ST RD 11S","","COLUMBUS","IN","47201","CELADON TRUCKING SERVICES INC","8004563388","080000","","","","","N","","","","","","N","","","","","","","","1","00261902","06"
"2014023070","05","2","7101 W 17TH AVE","","GARY","IN","46406","SCHNEIDER BULK CARR. UNC. LLC","2199444014","080000","","","","","N","","","","","","N","","","","","","","","1","00164311","08"
"2014090315","02","99","801 MCNEILLY RD","","PITTSBURGH","PA","15226","MICHAEL FACCHIANO CONTRACTING IN","4123445503","026000","","","","","N","","","","","","N","","","","","","","","2","02091728","03"
"2014037727","02","0","143 SOUTH ASHEBORO STRE","","LIBERTY","NC","27298","AMOR FURNITURE AND BEDDING LLC","3367950044","011000","","","","","N","","","","","","N","","","","","","","","1","02304665","07"
"2014056157","02","4","2000 WOODS RUN","","PITTSBURGH","PA","15212","CITY OF PITTSBURGH","4122251779","","","","","","N","","","","","000104981","N","","","","","","","","2","00005132","00"
"2014000609","04","8","345 SIXTH AVE","","PITTSBURGH","PA","15222","PORT AUTHORITY ALLEGHEY COUNTY","4124422000","","","","","","N","","","","","","N","","","","","","","","2","","11"
"2014128289","02","1","8 RIVER RD.","","MCKEES ROCKS","PA","15136","COMMUNITY TRANSPORTATION INC.","4123310800","000000","","","","","N","","","","","","N","","","","","","","","2","02430646","02"
"2014100916","02","2","12475 ROUTE 119 HWY N","","ROCHESTER MLS","PA","15771","SATTERLEE LEASING INC","7245416228","","3","","","","Y","1","","","","","N","","","","","","","","2","","03"
"2014115133","02","1","PO BOX 296 CURRRIE RD","","PORTERSVILLE","PA","16051","MCCLYMONDS TRANSIT","7243688040","","","","","","N","","","","","","N","","","","","","","","2","00269478","03"
"2014079356","03","99","1300 CRAFTON BLVD","","PITTSBURGH","PA","15205","EARBORN TRUCKING CO.","4129219928","080000","","","","","N","","","","","000009999","N","","","","","","","","2","00999999","07"
