"CRN","AXLE_CNT","CARGO_BD_TYPE","CARRIER_ADDR_1","CARRIER_ADDR_2","CARRIER_ADDR_CITY","CARRIER_ADDR_STATE","CARRIER_ADDR_ZIP","CARRIER_NM","CARRIER_TEL","GVWR","HAZMAT_CD1","HAZMAT_CD2","HAZMAT_CD3","HAZMAT_CD4","HAZMAT_IND","HAZMAT_REL_IND1","HAZMAT_REL_IND2","HAZMAT_REL_IND3","HAZMAT_REL_IND4","ICC_NUM","OSIZE_LOAD_IND","PERMITTED","PUC_NUM","SPECIAL_SIZING1","SPECIAL_SIZING2","SPECIAL_SIZING3","SPECIAL_SIZING4","TYPE_OF_CARRIER","UNIT_NUM","USDOT_NUM","VEH_CONFIG_CD"
"2005152889","03","8","BEAVER ISLAND AVE","","PITTSBURGH","PA","15233","PORT AUTH ALLEGHENY COUNTY","4122551350","050600","","","","","N","","","","","","N","","","","","","","","2","","11"
"2005183256","05","1","6885 NW 25TH STREET","SUITE 3","MIAMI","FL","33122","J M TRANSPORTATION INC","8772558999","080000","","","","","N","","","","","000239427","N","","","","","","","","1","00516717","08"
"2005106928","05","1","PO BOX 183","","MT CRAWFORD","VA","228410183","CROSS KEYS LEASING","2076234128","054999","","","","","N","","","","","","N","","","","","","","","2","00390745","08"
"2005091354","05","1","161 SNAKE ROAD","","PETROLIA","PA","16050","JAMIE DAVIS","7249918348","","","","","","N","","","","","","N","","","","","","","","2","08892791","04"
"2005073640","03","1","2500 LOVI RD","","FREEDOM","PA","15042","ALLIANT FOODSERVICE","8005372275","067000","","","","","N","","","","","","N","","","","","","","","2","00076760","08"
"2006002280","99","6","3681 OHEMOS RD SUITE","500","OKEMOS","MI","48864","BAVARIAN MOTOR TRNSP LLC","8004484285","","","","","","N","","","","","000249434","U","","","","","","","","1","01271780","00"
"2005174366","05","3","14507 FRONTIER ROAD","","OMAHA","NE","68145","WERNER ENTERPRISES","8002192361","080000","","","","","N","","","","","","N","","","","","","","","2","00053467","08"
"2005155609","02","8","345 SIXTH AVE.","","PITTSBURGH","PA","152222527","PORT AUTHORITY","4125665500","039000","","","","","N","","","","","","","","A-00976060","","","","","","1","","11"
"2005155609","02","8","345 SIXTH AVE","","PITTSBURGH","PA","152222527","PORT AUTHORITY","4125665500","039000","","","","","N","","","","","","","","A-00976060","","","","","","2","","11"
"2005040292","02","8","345 6TH AVE","","PITTSBURGH","PA","152222527","PORT AUTHORITY OF ALLEGHENY CO.","4124422000","039000","","","","","N","","","","","009999999","","","A-00976060","","","","","","1","00999999","11"
"2005125139","99","99","798 EKASTOWN RD","","SARVER","PA","16055","WL ROENIGK INC","7243531515","","","","","","N","","","","","","N","","","","","","","","2","99999999","98"
"2005195666","99","99","715 W 172ND ST","","SOUTH HOLLAND","IL","60473","EAGLE EXPRESS LINE","9999999999","999999","","","","","N","","","","","","N","","","","","","","","4","","98"
"2006000965","05","1","5250 OLD MAUMEE RD","","FT WAYNE","IN","46803","PENSKE TRUCK LEASING","2164293639","080000","","","","","N","","","","","","N","","","","","","","","1","00327574","08"
"2005036677","02","8","345 6TH AVENUE","3RD FLOOR","PITTSBURGH","PA","152222527","PORT AUTHORITY OF ALLEGHENY COUN","4125665500","026000","","","","","N","","","","","","","","A-00976060","","","","","","1","","11"
"2005010679","02","8","345 SIXTH AVE 3RD FL","","PITTSBURGH","PA","15222","PORT AUTHORITY OF ALLEGHENY CO.","4125665500","","","","","","N","","","","","","N","","A-00976060","","","","","","1","","11"
"2005202139","00","1","122 IRWIN AVENUE","","MCKEES ROCKS","PA","15136","KENNY EDARD MARKS","","999999","","","","","N","","","","","","U","","","","","","","","1","","06"
"2005007265","03","3","5020 THOMS RUN ROAD","","OAKDALE","PA","15071","INDEPENDENT EQUIPMENT TRANSFER","4122213435","073280","","","","","N","","","","","000128410","N","","A-00109621","","","","","","1","00479580","09"
"2005116963","02","8","345 6TH AVE","","PITTSBURGH","PA","152222527","PORT AUTHORITY OF ALLEGHENY COUN","4124422000","","","","","","N","","","","","","N","","A-00976060","","","","","","1","","11"
"2005195690","05","3","115 SMITH","","MANSFIELD","OH","44901","SKYE TRUCKING","9999999999","080000","","","","","N","","","","","","N","","","","","","","","1","00016130","08"
"2005037302","99","99","311 CENTER ST","","MARTIN FERRY","OH","43935","HILL IDEAL LEASE LLC","9999999999","999999","","","","","N","","","","","","N","","","","","","","","2","","98"
"2005005318","05","1","5800 NW 74 AVE","","DEERFIELD BEACH","FL","33442","TITAN NATIONWIDE TRUCKING","9999999999","080000","","","","","N","","","","","","N","","","","","","","","3","01219645","08"
"2005013600","02","4","560 HORNING ROAD","","BETHEL PARK","PA","15102","AMERICAN WATER COMPANY","4128511416","024800","","","","","N","","","","","999999999","N","","","","","","","","1","","03"
"2005403919","04","4","158 LINDSAY DR","","ZELIENOPLE","PA","16063","IA CONSTRUCTION CORP","7244528621","073280","","","","","N","","","","","","N","","","","","","","","2","00273896","04"
"2005157199","02","1","411  8TH AVENUE","","HOMESTEAD","PA","15120","GUARDIAN ANGEL AMBULANCE SVC","4124621400","","","","","","N","","","","","","N","","","","","","","","2","","02"
"2005088971","01","4","12245 FRANKSTOWN RD","","PGH","PA","15235","MUNICIPALITY OF PENN HILLS","4127982035","034700","","","","","N","","","","","","U","","","","","","","","2","","00"
"2005198620","05","1","73 INDUSTRIAL PKWY NUN4","","AURORA ONTARIO","ON","L4G4C4","VFS CANADA INC","8005655647","037000","","","","","N","","","","","0030S148C","N","","","","","","","","2","00681406","08"
"2005176157","02","8","345 SIXTH AVE","","PITTSBURGH","PA","15222","PORT AUTHORITY OF ALLEGHENY CO","4125662566","","","","","","N","","","","","","N","","A-00976060","","","","","","1","","11"
"2005107601","06","1","104 W MOLER ST","","COLUMBUS","OH","43207","EVERETT W MILLER IDA TRUCKING","6144447904","080000","","","","","N","","","","","","N","","","","","","","","1","00513129","08"
"2005203987","00","8","4532 OLD WM PENN HWY","","MONROEVILLE","PA","15146","LAIDLAW TRANSIT INC","","999999","","","","","N","","","","","","N","","","","","","","","3","","10"
"2005200063","00","8","UNKNOWN ADDRESS","","UNKNOWN","ZZ","999999999","UNKNOWN CARRIER","","999999","","","","","N","","","","","","N","","","","","","","","2","","10"
"2005111231","03","4","101 ATLANTIC AVE","","ELIZABETH","PA","15037","ELIZABETH CASH & CARRY LUMBER","4123846570","073280","","","","","N","","","","","000000000","N","","A-00013466","","","","","","2","00000000","04"
"2005011014","02","8","345 SIXTH AVENUE 3RD FL","","PITTSBURGH","PA","15222","PORT AUTHORITY OF ALLEGHENY CO.","4124422000","999999","","","","","N","","","","","","N","","A-00976060","","","","","","2","","11"
"2006023473","03","8","15110 DALLAS PARKWAY","","DALLAS","TX","75214","GREY HOUND LINES INC","8002312222","032000","","","","","N","","","","","","N","","","","","","","","3","00044110","11"
"2005151599","02","8","2235 BEAVER AVE.","","PITTSBURGH","PA","15233","PORT AUTHORITY OF ALLEGHENY CO.","4124422000","000000","","","","","N","","","","","","","","","","","","","","1","00000000","11"
"2005106496","05","6","10 TUNNEL HILL RD","PO BOX 436","HELENWOOD","TN","37755","LEONARD RIDENER","4235695915","","","","","","N","","","","","","U","","","","","","","","2","01186329","06"
"2005202783","00","8","301 CHURCH D","","BETHEL PARK","PA","15102","BETHEL PARK SCHOOL DISTRICT","","999999","","","","","N","","","","","","N","","","","","","","","2","","10"
"2005419100","03","3","P.O. BOX 365","","DELMONT","PA","15626","KIRK TRUCKING","7244688100","080000","","","","","N","","","","","000123375","N","","","","","","","","1","00088322","06"
"2005182759","02","8","345 SIXTH AVE. 3RD FL.","","PITTSBURGH","PA","15222","PORT AUTHORITY OF ALLEHENY","4125665500","","","","","","N","","","","","","","","","","","","","","1","00000000","11"
"2005198345","03","8","345 SIXTH AVE.","","PITTSBURGH","PA","15222","PORT AUTHORITY OF ALLEGHENY CO.","4124422000","","","","","","N","","","","","","N","","A-00976060","","","","","","1","","11"
"2006009806","03","1","1000 FEDEX RD","","CORAOPOLIS","PA","15108","FEDEX GROUND TRANSPORT SYSTEM CO","8004633339","080000","","","","","N","","","","","","N","","","","","","","","1","00265752","08"
"2005175087","03","7","8418 NOBLESTOWN RD","","MCDONALD","PA","15057","EDMONDS TRUCKING","7249262119","026001","","","","","N","","","","","000176647","N","","A-00104954","","","","","","2","","04"
"2005043990","99","99","35005 MICHIGAN AV","","WAYNE","MI","48184","FLORIDA LEASCO","9999999999","999999","","","","","N","","","","","","N","","","","","","","","1","","98"
"2005400862","03","1","924 S MORGAN RD","","OKLAHOMA CITY","OK","73128","CRST VAN EXPEDITED INC","8003668460","","","","","","N","","","","","","U","","","","","","","","1","00053773","06"
"2005087838","05","3","342 SCHUYLER AVE","","KEARNY","NJ","07032","KENTRAIL LEASING INC","8009220184","080000","","","","","N","","","","","","N","","A-00110164","","","","","","2","00024370","08"
"2005185630","99","1","220 WEST ST PO BOX 920","","POSTVILLE","IA","52162","BEST VALUE INC","6086047328","","","","","","N","","","","","","U","","","","","","","","1","","06"
"2005128617","03","99","206 WEAVERTOWN RD","","CANONSBURG","PA","15317","WEAVERTOWN TRANSPORTION INC","8007464850","064000","","","","","N","","","","","","N","","","","","","","","2","00207532","04"
"2005413265","02","8","345 6TH AVE.","","PITTSBURGH","PA","152222527","PORT AUTHORITY OF ALLEGHENY CO.","4122551350","000000","","","","","N","","","","","999999999","N","","A-00999999","","","","","","1","99999999","11"
"2005185633","99","7","3001 RAILROAD ST","","PITTSBURGH","PA","15201","CITY OF PITTSBURGH","4122552779","099999","","","","","N","","","","","","N","","","","","","","","2","","09"
"2005124001","05","1","1 SONY DR","","PARK RIDGE","NJ","07656","HARVEY RAYMOND","8004621565","080000","","","","","N","","","","","","N","","","","","","","","1","00298800","08"
"2005125211","05","1","8417 MAHOGANY COURT","","LAREDO","TX","78045","INTERCON CARRIERS","9567257275","080000","","","","","N","","","","","000000154","U","","","","","","","","1","00621366","08"
"2005129353","05","1","160 VELTRI RD","WASHINGTON","WASHINGTON","PA","15301","VELTRI TRUCKING","7242289381","080000","","","","","N","","","","","","N","","","","","","","","1","99999999","08"
"2005174922","99","99","200 PENN AVENUE","","JENNETTE","PA","15644","PENN OXYGEN SUPPLY","4128371380","999999","","","","","N","","","","","","N","","","","","","","","2","","98"
"2005100794","03","99","UNKNOWN","","UNKNOWN","ZZ","99999","HNI RISK SERVICES INC","8002288040","008000","","","","","N","","","","","","N","","","","","","","","1","","07"
"2005189931","04","3","2321 TODD RD","","ALIQUIPPA","PA","15001","SUPPLY CO","7243756637","073280","","","","","N","","","","","","N","","","","","","","","1","","04"
"2005073843","04","4","MADISON AVE PO BOX 532","","WEST ELIZABETH","PA","15088","LEWINTER TRANSFER CO","4123848420","073280","","","","","N","","","","","","N","","A-00049547","","","","","","1","","04"
"2005073843","05","4","MADISON AVE PO BOX 532","","WEST ELIZABETH","PA","15088","LEWINTER TRANSFER CO","4123848420","080000","","","","","N","","","","","","N","","A-00495478","","","","","","2","","08"
"2005128401","99","1","650 N MERIDIAN RD","","YOUNGSTOWN","OH","44509","FALCON TRANSPORT CO","9125543534","080000","","","","","N","","","","","","N","","","","","","","","1","00260165","08"
"2005050451","02","8","345 SIXTH AVE","","PITTSBURGH","PA","15233","PORT AUTHORITY OF ALLEG CO","4125665500","000000","","","","","N","","","","","","N","","A-00976060","","","","","","2","","11"
"2005185661","03","1","14507 FRONTIER RD","","OMAHA","NE","68145","WERNER ENTERPRISES","9999999999","","","","","","N","","","","","","N","","A-00075751","","","","","","1","00053467","08"
"2005192425","03","3","RT2 BX 131A","","MINCO","OK","73059","ABSOLUTE DELIVERY SERVICE","4056043141","080000","","","","","N","","","","","000438590","U","","","","","","","","2","01049493","09"
"2005100798","02","8","345 6TH AVE","","PITTSBURGH","PA","152222527","PORT AUTHORITY OF ALLEGHENY COUN","4124422000","","","","","","N","","","","","","N","","A-00976060","","","","","","1","","11"
"2005049158","02","8","345 6TH AVENUE","3RD FLR","PITTSBURGH","PA","152222527","PORT AUTHORITY OF ALLEGHENY COUN","4125665500","","","","","","N","","","","","","N","","A-00976060","","","","","","1","","11"
"2005128351","03","0","4100 S. COUNCIL","","OKLAHOMA CITY","OK","73179","J.B. HUNT TRANSPORT","8008488791","999999","","","","","N","","","","","","N","","","","","","","","2","","07"
"2005124480","99","1","211 OVERLOOK DR","","SEWICKLEY","PA","15143","CD LEASING INC","9999999999","080000","","","","","N","","","","","","N","","","","","","","","2","99999999","08"
"2005037430","03","1","5250 OLD MAUMEL RD","","FORT WAYNE","IN","46803","PENSKE TRUCK LEASING CO","3045643916","080000","","","","","N","","","","","","U","","","","","","","","2","00327574","08"
"2005128765","03","3","7695 BOND ST","","GLEN WILLOW","ON","44139","ACME CONSTRUCTION CO INC","4402327474","058000","","","","","N","","","","","","N","","","","","","","","1","00657491","04"
"2005184632","02","8","ROUTE 910 INDIANOLA","","INDIANOLA","PA","15051","LAIDLAW TRANSIT","7242260107","999999","","","","","N","","","","","","N","","","","","","","","2","","11"
"2005193845","00","1","17 FERRY STREET","","LEETSDALE","PA","15056","AUGUST TRANSPORT INC","7242510500","080000","","","","","N","","","","","","N","","A-00111974","","","","","","2","00569613","05"
"2005153330","02","1","127 EAST SEVENTH AVENUE","","HOMESTEAD","PA","15120","BEV O MATIC CO.","4124616400","014510","","","","","N","","","","","","N","","","","","","","","1","00132504","03"
"2005177230","03","1","ROUTE 10 GREEN HILLS","","READING","PA","19603","PENSKE TRUCK LEASING CO LP","7247879864","065000","","","","","N","","","","","","N","","","","","","","","2","00327574","08"
"2005084955","05","1","5036 JULIA LANE","1243 THOMPSON AVE.","MCKEES ROCKS","PA","15136","GRIMM MOTOR EXPRESS INC","4123315554","080000","","","","","N","","","","","000096899","N","","A-00111048","","","","","","1","00497257","08"
"2005052505","05","1","5141 YVONNE WAY","","SACARMENTO","CA","95823","NAGRA TRUCKING COMPANY","9164271207","080000","","","","","N","","","","","","U","","","","","","","","1","01287662","08"
"2006005445","99","3","1200 BUTLER RD","","FREEPORT","PA","16055","FREEPORT TRANSPORT INDUSTRIES IN","9999999999","073280","","","","","N","","","","","","N","","","","","","","","2","","09"
"2005104830","05","1","PO BOX 857","","AUGUSTA","ME","04332","N & S TRUCK LC","5404344811","080000","","","","","N","","","","","","N","","","","","","","","1","00084352","08"
"2005120368","04","4","114 VICTORY LANE","","LEETSDALE","PA","15056","JEM TRUCKING","4123773974","073280","","","","","N","","","","","999999999","N","","","","","","","","2","","04"
"2005120525","05","1","1385 MANOR DR","","SALEM","OH","44460","NORTHERN STEEL TRANSPORT","8004720136","080000","","","","","N","","","","","","N","","","","","","","","1","00742006","06"
"2005052711","02","8","1061 MAIN ST","","N HUNTINGDON","PA","15642","LAIDLAW TRANSIT","9999999999","999999","","","","","N","","","","","","N","","","","","","","","2","","11"
"2005094393","03","1","5025 NORTH KILL ROAD","","DELPHOS","OH","45833","D&D TRUCKING SERVICES","8005437962","080000","","","","","N","","","","","000268830","N","","","","","","","","1","","08"
"2005411826","05","3","400 KECK ST P O BOX 430","","SEWARD","PA","15954","C TRUCKING CO INC","8144464441","080000","","","","","N","","","","","000143801","N","","A-00100693","","","","","","2","00153516","08"
"2005417643","03","7","200 RANGOS LANE","","WASHINGTON","PA","15301","WASTE MANAGEMENT OF PA INC","7242284200","073280","","","","","N","","","","","","N","","","","","","","","2","00344050","04"
"2005172298","04","5","2220 SECOND AVE","","PITTSBURGH","PA","15219","ARROW CONCRETE","4124316001","073280","","","","","N","","","","","","N","","A-00120975","","","","","","2","00235505","04"
"2005121547","05","3","PO BOX 400","","MONACA","PA","15061","PGT TRUCKING INC","7249871604","080000","","","","","N","","","","","000155377","N","","","","","","","","1","00192897","08"
"2005416924","02","1","3555 VALLEY DRIVE","","PITTSBURGH","PA","15234","TWOMENANDATRUCK","4128811111","026000","","","","","N","","","","","","N","","","","","","","","2","13189239","03"
"2005408342","99","7","440 GRANT STREET","","PITTSBURGH","PA","15219","CITY OF PITTSBURGH","9999999999","064740","","","","","N","","","","","","N","","","","","","","","1","99999999","05"
"2005011093","04","4","PO. BOX#296","","PORTERSVILLE","PA","16051","MCCLYMONDS SUPPLY COMPANY","7243688040","073280","","","","","N","","","","","000182636","N","","A-00105846","","","","","","2","00269478","04"
"2005418862","02","8","4900 CURRY RD","","PITTSBURGH","PA","15236","BALDWIN WHITEHALL SCHOOL DIST","4128857595","","","","","","N","","","","","","N","","","","","","","","2","00000000","11"
"2005097473","05","1","KBS ROAD","PO BOX 7","THOMASVILLE","PA","17364","KBS INC","7177921800","080000","","","","","N","","","","","000152474","N","","A-00095496","","","","","","1","00246079","08"
"2005003017","02","99","625 LIBERTY AVEUNE","","PITTSBURGH","PA","15222","GELCO CORPORATION","7248572147","009900","","","","","N","","","","","","N","","","","","","","","1","00000000","98"
"2005209786","00","8","1061 MAIN ST","","N HUNTINGDON","PA","15642","LAIDLAW TRANSIT INC","","999999","","","","","N","","","","","","N","","","","","","","","1","","10"
"2005209797","00","7","121 BRICK YARD RD","","MARS","PA","16046","VOGEL DISPOSAL SERVICE","","999999","","","","","N","","","","","","U","","","","","","","","1","","99"
"2005102795","99","99","1500 TRUMBULL RD","","GIRARD","OH","444203492","AIM LEASING CO","9999999999","999999","","","","","N","","","","","","N","","","","","","","","2","","08"
"2005073448","05","1","4141 NORTH MARION RD","","ALBURNETT","IA","522059716","MORRISON TRUCKING","3194623627","080000","","","","","N","","","","","000207915","N","","","","","","","","2","22404530","08"
"2005159935","03","1","GOOSEHILL RD PEB254","","JEFFERSON","MA","04348","CONTRACT LEASING CO","5707640313","068000","","","","","N","","","","","","N","","","","","","","","1","00069582","06"
"2005186079","05","1","4141 N MARION RD","","ALBEURNETT","IA","52202","MORRISON INC","8003437207","080000","","","","","N","","","","","000007915","N","","","","","","","","1","00224453","08"
"2005122951","02","99","99 LOCUST GROVE RD","","PITTSTOWN","NJ","08867","GARDEN STATE GROWERS","8002888484","080000","","","","","N","","","","","","N","","","","","","","","2","01012909","06"
"2005121624","05","1","3910 EAST HARRISON ST","","DECATUR","IL","62524","YELLOW TRANSPORT","8009340204","052000","","","","","N","","","","","","N","","","","","","","","2","99999999","08"
"2006002387","05","3","4500 PARKWAY DR","","BROOKFIELD","OH","44403","ALAN INC","8008647378","080000","","","","","N","","","","","","N","","","","","","","","2","00329181","08"
"2005189315","05","1","801 PELLEGRINO CT","","LAREDO","TX","78045","SUPER TRANSPORT INTERNATIONAL","9562376594","080000","","","","","N","","","","","","N","","","","","","","","1","00692863","06"
"2005414115","02","8","345 SIXTH AVENUE","3RD FLOOR","PITTSBURGH","PA","15222","PORT AUTHORITY OF ALLEGHENY CO.","4124422000","","","","","","N","","","","","","","","A-00976060","","","","","","1","","11"
"2006013626","05","1","20 SUNFOREST DR","","BRAMPTON","ON","999999","ROADTEK TRUCK LINES INC","9054951805","080000","","","","","N","","","","","","N","","","","","","","","2","01330571","08"
"2005198803","03","1","3716 CROTON AVE","","CLEVELAND","OH","44115","THE SANSON CO","2164318560","005000","","","","","N","","","","","","N","","","","","","","","1","00212195","04"
"2005182761","04","7","1227 ROOSEVELT RD","","PITTSBURGH","PA","15237","ABC-EZ MOVING CO. INC","4127345478","073280","","","","","N","","","","","000250306","N","","","","","","","","1","00470943","04"
"2005182761","05","99","23446 ROUTE 30","","MINERVA","OH","44657","BIG DAWG'S INC","3308683294","080000","","","","","N","","","","","000333604","N","","","","","","","","2","00729047","08"
"2005195917","04","4","150 KLEIN ROAD","","FREEDOM","PA","15042","GRAHAM TRUCKING","7247754948","073280","","","","","N","","","","","","N","","A-00114500","","","","","","1","","04"
"2005080462","99","0","300 VANDALE DR","","HOUSTON","PA","15342","COCA COLA ENTERPRISES INC","7246635052","054000","","","","","N","","","","","","U","","","","","","","","2","00084518","08"
"2005128758","99","3","248 E LINN ST","","CANTON","IL","61520","JR TRANSPORT LLC","3092240419","052000","","","","","N","","","","","","N","","","","","","","","1","01315413","08"
"2005124883","02","8","3130 ROUTE 100","","MACUNGIE","PA","18062","LAIDLAW TRANSIT INC","7248373766","031800","","","","","N","","","","","","N","","A-00108982","","","","","","2","","11"
"2005403830","02","1","5250 OLD MAUMEE RD","INDIANA","INDIANA","IN","46803","PENSKE TRUCK LEADING","8666157340","033000","","","","","N","","","","","200587359","N","","","","","","","","1","00327574","00"
"2005078888","02","7","121 BRICKYARD RD.","","MARS","PA","16046","VOGEL DISPOSAL SERVICE","7246251511","","","","","","","","","","","","","","","","","","","","1","00290052","03"
"2005115779","05","1","3140 WILLIAM FLYNN HWY","","GIBSONIA","PA","15044","J & S INC.","7242261068","040000","","","","","N","","","","","","N","","","","","","","","1","00051824","05"
"2005196528","05","1","6605 RUTLEDGE PIKE","","KNOXVILLE","TN","37924","C BROUGHTON CO","8656338108","080000","","","","","N","","","","","","N","","","","","","","","1","00826367","08"
"2005101889","02","1","411 WEST 8TH AVE","WEST HOMESTEAD AVE","WEST HOMESTEAD","PA","151201014","GUARDIAN ANGEL AMBULANCE","4122910856","","","","","","N","","","","","","N","","","","","","","","1","","98"
"2005208947","00","4","4859 STATE RT 51","","BELLE VERNON","PA","999999999","JOSEPH A EORI BIGS TRUCKING","","999999","","","","","N","","","","","","U","","","","","","","","1","","04"
"2005208947","00","4","6617 LIBRARY ROAD","","SOUTH PARK","PA","15129","JEFFREY DUNCAN","","999999","","","","","N","","","","","","U","","","","","","","","2","","04"
"2005104095","99","3","UNKNOWN","","UNKNOWN","","","UNKNOWN","9999999999","","","","","","N","","","","","","N","","","","","","","","1","","08"
"2005138804","99","8","412 REBECCA ST","","MCILEESPORT","PA","15132","PENNA COACH LINES","9999999999","999999","","","","","N","","","","","","N","","","","","","","","3","99999999","11"
"2005010695","03","99","50 E. 91ST STREET","","INDIANAPOLIS","IN","46240","NEW BERN TRANSPORT CORP","7248570181","054000","","","","","N","","","","","000321263","N","","A-00114468","","","","","","2","00692947","08"
"2005125117","05","1","123 CRYTZER RD","","KITTANNING","PA","16201","BUD TRANSPORT INC","7245432441","080000","","","","","N","","","","","000274287","N","","A-00111684","","","","","","1","00555337","08"
"2005150725","99","1","718 GULF LAB EXT","","CHESWICK","PA","15024","THE HOME CITY ICE CO","7242757241","025990","","","","","N","","","","","003322810","N","","A-00123662","","","","","","1","00726855","03"
"2005120552","05","3","2225 DYE RD","","FLINT","MI","48532","TODDS TRANSPORT LLC","2486858683","080000","","","","","N","","","","","","N","","","","","","","","1","01219877","08"
"2005152554","99","3","","","","","","","","","","","","","","","","","","","U","","","","","","","","2","","08"
"2005047023","02","8","4825 ROUTE 8","","ALLISON PARK","PA","15101","CRITCHLOW ENTERPRISE INC","7244430844","","","","","","N","","","","","","","","","","","","","","1","00000000","11"
"2005402278","02","8","798 E KASTOWN ROAD","","SATUER","PA","16055","WL ROENIGK INC","7243531515","","","","","","N","","","","9","","N","","A-00110238","","","","","","2","","11"
"2005410336","02","1","827 EAST WARRINGTON AVE","","PITTSBURGH","PA","15210","HERMAN HEYL FLORISTS","4124311962","","","","","","N","","","","","","N","","","","","","","","2","","02"
"2005139024","02","1","AVER","","PITTSBURGH","PA","15201","CLEAN TEXTILE SYSTEMS LP","4127660547","025995","","","","","N","","","","","","N","","","","","","","","1","00195263","03"
"2005066967","02","8","41 BELL WAY","","GREENSBURG","PA","15601","WESTMORELAND COUNTY TRANSIT AUTH","7245233030","","","","","","N","","","","","","","","","","","","","","3","","11"
"2005166971","02","8","5374 WILLIAM FLYNN HWY","","GIBSONIA","PA","15044","MONARK STUDENT TRANS CORP","4127812424","","","","","","N","","","","","","N","","","","","","","","1","","11"
"2005174484","05","3","7135 CENTENNIAL PLACE","","NASHVILLE","TN","37209","WESTERN EXPRESS INC.","8003167160","080000","","","","","N","","","","","","N","","","","","","","","1","00511412","08"
"2005114945","05","2","17 FERRY STREET","","LEETSDALE","PA","15056","AUGUST TRANSPORT INC.","7244621445","080000","1","","","","Y","1","","","","999999999","N","","A-00999999","","","","","","1","99999999","08"
"2005158047","05","1","PO BOX 188","","ELM SPRINGS","AR","72728","WILLIS SHAW EXPRESS INC","8006433540","080000","","","","","N","","","","","","N","","","","","","","","1","00011266","08"
"2005003944","05","99","PO BOX 340","","NEODESHA","KS","667570340","PRESTIGE INC","6203258550","045000","","","","","N","","","","","","N","","","","","","","","1","00187903","06"
"2005173820","05","99","290 HAMILTON RD","","NEW HAMBURG","ON","UNK","ERB COMPANY","8002652182","","","","","","N","","","","","000323258","N","","A-00025168","","","","","","2","00589313","08"
"2005073450","04","4","1019 US RT 30 WEST","","IMPERIAL","PA","15126","EMPIRE ENVIR INC","7246950629","073280","","","","","N","","","","","","N","","","","","","","","2","00455796","04"
"2005128438","99","99","RM 526 CITY COUNTY BLDG","","PITTSBURGH","PA","15219","CITY OF PGH EQUIPMENT AUTHORITY","4122552290","064400","","","","","N","","","","","","N","","","","","","","","1","99999999","04"
"2005197733","05","2","PO BOX 453","","GOSHEN","IN","46526","AG TRUCKING INC.","8005436256","080000","","","","","N","","","","","000013367","N","","","","","","","","2","00213616","08"
"2005133891","02","8","2235 BEAVER AVE","","PITTSBURGH","PA","15233","PORT AUTHORITY","4124422000","","","","","","N","","","","","","N","","A-00976060","","","","","","2","","11"
"2005145737","05","1","3202 SPRING GARDEN AVE","","PITTSBURGH","PA","15212","RT 5 TRUCKING COMPANY","4123983434","073280","","","","","N","","","","","","N","","","","","","","","1","00394805","08"
"2005172596","03","2","2001 NORTH CLINE AVE","","GRIFFITH","IN","46319","BULKMATIC TRANSPORT COMPANY","2199727630","078000","","","","","N","","","","","","N","","A-00103077","","","","","","2","00760651","08"
"2005200922","00","2","PO BOX 29243","","PHOENIX","AZ","85038","SWIFT CORPORATION","","999990","","","","","N","","","","","762434","U","","","","","","","","1","0008736","08"
"2005416827","02","8","345 6TH AVE","3RD FLOOR","PITTSBURGH","PA","152222527","PORT AUTHORITY OF ALLEGHENY CO","4122377000","","","","","","N","","","","","","","","A-00976060","","","","","","2","","11"
"2005089460","99","99","19011 LAKE DRIVE","","EAST CHANHASSEN","MA","55317","SUPER VALY TRANSPORTATION INC.","7248255263","","","","","","N","","","","","","N","","","","","","","","2","","08"
"2005027738","02","8","2235 BEAVER AVENUE","","PITTSBURGH","PA","15233","PORT AUTHORITY OF ALLEGHENY CO","9999999999","999999","","","","","N","","","","","","N","","","","","","","","1","99999999","11"
"2005150141","04","4","PMB355 11632 FRANKSTOWN","ROAD","PITTSBURGH","PA","15235","UNKNOWN","4127315006","073280","","","","","N","","","","","","Y","","A-00109712","","","","","","1","","04"
"2005150141","04","4","1368 MCARTHUR EXT","PO BOX 149","ALLISON PARK","PA","15101","BRAVE CONSTRUCTION","7242655800","073280","","","","","N","","","","","","N","","A-00114660","","","","","","2","","04"
"2005412224","03","1","1001 CALIFORNIA AVE","","PITTSBURGH","PA","15290","US POSTAL SERVICE","4123597847","032000","","","","","N","","","","","","N","","","","","","","","2","","04"
"2005400553","99","8","15110 DALLAS PARKWAY","","DALLAS","TX","75248","WELLS FARGO","9999999999","999999","","","","","N","","","","","","N","","","","","","","","2","","11"
"2006008466","05","1","PO BOX 6098","","JACKSON","MS","39285","KLLM","8009251000","080000","","","","","N","","","","","","N","","","","","","","","2","00154237","08"
"2005080315","03","7","121 BRICKYARD RD","","MARS","PA","16046","VOGEL DISPOSAL SERVICE","7246251511","","","","","","N","","","","","","N","","","","","","","","2","00290052","04"
"2005111470","03","1","300 VANDALE DR","","HOUSTON","PA","15342","COCA COLA ENTERPRISES INC.","8002454914","030200","","","","","N","","","","","","N","","","","","","","","2","00084518","04"
"2005419241","05","1","SO E 91ST SR STA 305A","","INDIANAPOLIS","IN","46240","NEW BERN TRANSPORT CORP F30648","8142621222","080000","","","","","N","","","","","000321263","N","","","","","","","","2","00692947","08"
"2005180628","99","99","59756 MARKET STREET","","SOUTH BEND","IN","46614","RISINGER TRANSPORT","9999999999","999999","","","","","N","","","","","","N","","","","","","","","2","","98"
"2005124661","99","8","2235BEAVERAVENUE","","PITTSBURGH","PA","15233","PORIAVTHORITXOFALLEGHENYCOUNTY","4128208216","","","","","","N","","","","","","N","","A-00976060","","","","","","1","","11"
"2005106056","02","8","1500 ARDMORE BL","","PITTSBURGH","PA","15221","MIL TRANSIT","9999999999","999999","","","","","N","","","","","","N","","","","","","","","1","","10"
"2005400763","02","1","940 RIDGEBROOK ROAD","","SPARKS","MD","21152","D L PETERSON TRUST","4107712531","025500","","","","","","","","","","","N","","","","","","","","2","0076054","03"
"2005125475","05","3","PO BOX 1184","","MANNFORD","OK","740441184","RT FRANKLIN","9187404767","080000","","","","","N","","","","","","N","","","","","","","","2","00152518","08"
"2005198955","99","4","1712 MT NEBO RD","SUITE 316","SEWICKLEY","PA","15143","H M SERVICE INC","7242667270","","","","","","N","","","","","","N","","A-00109771","","","","","","1","00809659","04"
"2005206661","00","99","35280 LAKELAND BLVD","","EAST LAKE","OH","44095","553 SNIVELY AVENUE","","999999","","","","","N","","","","","","U","","","","","","","","2","","99"
"2005122811","05","1","15 27TH STREET","","PITTSBURGH","PA","15222","PITT OHIO EXPRESS LLC","8006697488","073280","","","","","N","","","","","000030136","N","","A-00102471","","","","","","3","00190180","08"
"2005173779","03","4","150 KLEIN ROAD","","FREEDOM","PA","15042","MAG TRUCKING","7247754948","073280","","","","","N","","","","","","N","","A-00114500","","","","","","1","00889016","04"
"2005418555","02","8","345 SIXTH AVENUE","3RD FLOOR","PITTSBURGH","PA","15222","PORT AUTHORITY OF ALLGHENY CO","4124422000","","","","","","N","","","","","","","","A-00976060","","","","","","1","","11"
"2005003302","00","8","345 6TH AVENUE","","PITTSBURGH","PA","152222527","PORT AUTH. OF ALLEGHENY COUNTY","4124422000","000000","","","","","N","1","","","","000000000","N","","","","","","","","1","00000000","11"
"2005057584","03","7","73 A WEST NOBLESTOWN RD","","CARNEGIE","PA","15106","BFI WASTE SERVICES OF PA","4124292600","073280","","","","","N","","","","","","N","","","","","","","","4","00042040","98"
"2005038026","02","8","345 6TH AVE","","PITTSBURGH","PA","152222527","PORT AUTH. OF ALLEG. CO","4124422000","","","","","","N","","","","","","N","","A-00976060","","","","","","1","","11"
"2005176080","05","3","295 GRAND AVE","","CLARION","PA","16214","JM LEASING CO","8004581210","080000","","","","","N","","","","","","N","","","","","","","","1","00841932","06"
"2005199168","03","4","1712 MT NEBO ROAD","PO BOX 316","SEWICKLEY","PA","15143","M SERVICE INC","7242667270","073280","","","","","N","","","","","","N","","","","","","","","1","00809659","04"
"2006002374","02","4","710 WASHINGTON RD","","PITTSBURGH","PA","15228","MT LEBANON PA","4123433400","033000","","","","","N","","","","","","N","","","","","","","","1","","03"
"2005190801","05","1","1511 W  LINCOLN AVE","","PEORIA","IL","61653","INTERSTATE BRANDS CORP","3303766111","080000","","","","","N","","","","","","N","","A-00011801","","","","","","1","00069511","08"
"2005411426","99","99","1830 PINNEBAKER WAY","","MANTECA","CA","95336","MOHINDER SINGH","9999999999","999999","","","","","N","","","","","","N","","","","","","","","2","","98"
"2005196046","02","1","1135 INDUSTRIAL","","VANDERGRIFT","PA","15690","UNCLE CHARLEY'S SAUSAGE","7248453302","019500","","","","","N","","","","","","N","","","","","","","","1","00741637","03"
"2005420738","05","1","600 KOLTER DR","","INDIANA","PA","15701","DEDICATED DISTRIBUTION SERVICES","7243499425","","","","","","N","","","","","000000000","N","","A-00000000","","","","","","1","00000000","08"
"2005189536","05","3","111 HIPP ST","","JOHNSTOWN","PA","15902","OLD STAR TRANSPORT INC","8147548425","082000","","","","","N","","","","","000340871","N","","A-00115126","","","","","","2","00755758","98"
"2005173903","99","99","","","","ZZ","","UNKNOWN","","","","","","","N","","","","","","Y","","","","","","","","1","","06"
"2005175530","05","1","1709BRAMBLE CREEK DR","","DESOTO","TX","75115","MARIO LAMAR TRANSPORT","2143345485","800000","","","","","N","","","","","","N","","","","","","","","1","01282296","08"
"2005021576","02","8","415 REBECCA ST","","MCKEESPORT","PA","15134","PENNSYLVANIA COACH LINES INC","4123842400","000000","","","","","N","","","","","","N","","","","","","","","1","","11"
"2005073699","09","6","8920 S HARDY","","TEMPE","AZ","85284","AAA ADVANTAGE AUTO TRANSPORT","8005409111","080000","","","","","N","","","","","","N","","","","","","","","1","00387292","08"
"2005042676","02","1","PO 791","","READING","PA","19603","GENERAL ELECTRIC CAPITAL CORP","7247765411","065000","","","","","N","","","","","000972834","N","","","","","","","","3","00327574","08"
"2005159753","04","1","5115 KRIEGER COURT","","COLUMBUS","OH","432280000","ACN LOGISTICS","7244437255","","","","","","N","","","","","","N","","","","","","","","1","01192408","06"
"2005159753","05","7","1436 W SUNBURY RD","","WEST SUNBURY","PA","16061","WASTE MANAGEMENT OF LAUREL VALLE","7246373552","","","","","","N","","","","","","N","","","","","","","","2","00344050","04"
"2005419072","05","1","500 N MAIN ST","","DEARBORN","MO","64439","JU TRANSFER","8004823838","080000","","","","","N","","","","","","N","","","","","","","","1","01206670","08"
"2005419072","05","1","12901 W OKEECHOBEE RD","SUITE 7","MIAMI","FL","33015","ON TIME TRUCKING","3058268886","080000","","","","","N","","","","","","N","","","","","","","","2","01351346","08"
"2005419072","99","99","12901 W OKEECHOBLE RD","","MIAMI","FL","33015","ON TIME TRUCKING","999999999","999999","","","","","N","","","","","","N","","","","","","","","3","","98"
"2005206362","00","2","4895 DRESSLER RD","","CANTON","OH","44718","ADVANTAGE TANK LINES","","080000","","","","","N","","","","","","U","","PA-A001072","","","","","","2","0469756","06"
"2005153213","05","2","1300 EAST POLAND AVE","PO BOX 67","BESSEMER","PA","16112","MARTIN TRUCKING INC","7246677751","080000","","","","","N","","","","","000105886","N","","A-00079156","","","","","","2","00088339","08"
"2005106434","02","8","345 6TH AVE.","","PITTSBURGH","PA","152222527","PORT AUTHORITY-ALLEGHENY CO.","4125665500","026000","","","","","N","","","","","","N","","A-00976060","","","","","","2","","11"
"2005175711","02","8","345 SIXTH AVE.","","PGH.","PA","15222","PORT AUTHORITY","4124422000","","","","","","N","","","","","","","","","","","","","","1","00000000","11"
"2005175711","02","8","5931 ELSWORTH AVE","","PGH.","PA","15206","PITTSBURGH TRANSPORTATION CO.","4126658100","","","","","","N","","","","","","","","","","","","","","2","00000000","10"
"2005042874","99","99","7745 W 9TH ST","","SUMMIT","IL","60501","QUALITY CARRIERS","9999999999","999999","","","","","N","","","","","","N","","","","","","","","1","","08"
"2005073443","02","99","130 INTERNATIONAL DRIVE","","MORRISVILLE","NC","27560","OVERNITE TRANSPORTATION COMPANY","9999999999","080000","","","","","N","","","","","","N","","","","","","","","2","00121058","03"
"2005044233","05","1","4100 SOUTH COUNCIL","","OKLAHOMA CITY","OK","73179","J.B. HUNT TRANSPORT INC","9999999999","080000","","","","","N","","","","","","N","","","","","","","","2","00080806","06"
"2005195668","99","1","CASEY INDUSTRIAL PARK","COLUMBUSAND PREBLE","PITTSBURGH","PA","15227","ALLEGHENY WAREHOUSE AND DISTRIB","4122313340","","","","","","N","","","","","000270508","N","","A-00115739","","","","","","1","00501837","03"
"2005180778","03","1","3147 W 169TH PL","","HAMMOND","IN","463230000","UNITED PARCEL SERVICE INC.","4048286338","072000","","","","","N","","","","","","N","","","","","","","","2","00021300","04"
"2005158413","99","99","4080 JENKINS ROAD","","CHATTANOOGA","TN","37421","US XPRESS","8008797737","080000","","","","","N","","","","","02M319189","U","","","","","","","","3","00303024","06"
"2005070730","99","99","10 PICONE DR","UNKNOWN","UNKNOWN","ZZ","99999","SAM PICONE TRUCKING","9999999999","999999","","","","","N","","","","","","N","","","","","","","","2","","98"
"2005125351","05","1","20TH STREET AND CENTER","","OTTAWA","IL","61350","SCHNEIDER NATIONAL CARRIERS","9999999999","080000","","","","","N","","","","","000133655","N","","A-00108481","","","","","","2","00264184","08"
"2005159933","05","1","4740 S WHIPPLE STREET","","CHICAGO","IL","60632","DESTINY TRANSPORTATION","8003326344","080000","","","","","N","","","","","","N","","","","","","","","1","00296954","08"
"2005040770","02","8","345 6TH AVE","","PITTSBURGH","PA","152222527","PORT AUTHORITY OF ALLEGHENY CO","4124422000","","","","","","N","","","","","","N","","A-00976060","","","","","","1","","11"
"2005185631","99","1","","","","","","UNKNOWN","","","","","","","","","","","","","U","","","","","","","","2","","08"
"2005032912","04","4","101 KENNEDY ROAD","","CHARLEROI","PA","15022","RISCHITELLI BROTHERS","7244891644","073280","","","","","N","","","","","000016280","N","","","","","","","","2","00517761","04"
"2005032912","05","1","4158 OLD WILLIAM PENN","","MURRYSVILLE","PA","15668","GULF MATERIAL LLC","7243270311","080000","","","","","N","","","","","","N","","","","","","","","3","01272827","04"
"2005121625","03","4","2153 GREENSBURG RD","","NEW KENSINGTON","PA","15068","GREGG TRUCKING","7243357196","073280","","","","","N","","","","","","N","","","","","","","","1","00728469","04"
"2005195678","99","99","3722 IRVING BL","","DALLAS","TX","75247","SOUTHWEST INTL INC","9999999999","999999","","","","","N","","","","","","N","","","","","","","","2","","98"
"2005213306","00","8","400 OAKBROOK DR","","GREENSBURG","PA","15601","LAIDLAW TRANSIT INC","","999999","","","","","N","","","","","","N","","","","","","","","1","","11"
"2005108542","99","2","7 THORN ST","","MOON","PA","15108","SOURCE ONE","8773702119","999999","","","","","N","","","","","","N","","","","","","","","3","00930620","06"
"2005152006","06","0","351 MAIN ROAD","BOX 175","BUNOLA","PA","15020","JOEL D STROTMAN","4127511311","","","","","","N","","","","","000000000","N","","A-00999999","","","","","","2","00000000","06"
"2005127064","05","1","1344 NORHT WEST BLVD","","VINELAND","NJ","08360","WARE'S VAN & STORAGE CO. INC","8005417846","057000","","","","","N","","","","","","N","","","","","","","","1","00077949","08"
"2006014641","05","3","19999 FRANKSTOWN RD","","JOHNSTOWN","PA","15902","S&S AUTO SALVAGE","8145395621","080000","","","","","N","","","","","000340871","N","","A-00115126","","","","","","2","01381582","08"
"2005128616","05","","","","","","","HIT AND RUN","","800000","","","","","","","","","","","","","","","","","","","1","",""
"2005128616","03","0","1300 CRAFTON BLVD","","PITTSBURGH","PA","15205","EABORN TRUCK SERVICE INC","8008370085","080000","","","","","N","","","","","","N","","","","","","","","2","00085172","07"
"2005149359","99","99","434 BROWNSVILLE ROAD","","PITTSBURG","PA","15210","JOSEPH KASEL","9999999999","","","","","","N","","","","","","N","","","","","","","","1","99999999","99"
"2005405562","03","1","50 EAST 91ST ST SUITE","305A","INDIANAPOLIS","IN","46420","NEW BERM TRANSPORT CORP","4123316767","054000","","","","","N","","","","","","N","","A-00114468","","","","","","2","00692947","08"
"2005128211","02","8","345 SIXTH AVE","","PITTSBURGH","PA","15222","PORT AUTHORITY OF ALLEGHENY CONT","4124422000","","","","","","N","1","1","1","1","","N","","A-00976060","","","","","","2","","11"
"2005124645","05","1","300 W GRANDVIEW AVE","","ZELIENOPLE","PA","16063","MHF INC","8886433388","080000","","","","","N","","","","","000173643","N","","A-00107375","","","","","","1","00251334","08"
"2005149232","99","1","270 48TH STREET","","PITTSBURGH","PA","15201","LAGASSE INC","4126824231","080000","","","","","N","","","","","000322128","N","","704846","","","","","","1","00327574","04"
"2005079327","99","3","5951 MIDDLEBROOK PIKE","","KNOXVILLE","TN","37909","RYDER INTEGRATED LOGISTICS INC","8655464623","065000","","","","","N","","","","","","N","","","","","","","","2","00016130","08"
"2005417557","03","4","1951 NEW CENTERVILLE RD","","SOMERSET","PA","15501","KERMIT GRIBBLE TRUCKING INC","8144452324","073280","","","","","N","","","","","","N","","A00118623","","","","","","1","00953785","04"
"2005417557","03","4","1951 NEW CENTERVILLE RD","","SOMERSET","PA","15501","KERMIT GRIBBLE TRUCKING INC","8144452324","073280","","","","","N","","","","","","N","","A00118623","","","","","","3","00953785","04"
"2005124210","02","8","200 SCHOOL RD","","PITTSBURGH","PA","15239","PLUM SCHOOL DISTRICT","4127953600","029000","","","","","N","","","","","","N","","","","","","","","2","99999999","11"
"2005175965","05","1","54 CR 519 SUITE 8","","BELVIDERE","NJ","07283","CIN-SAN TRUCK LEASING INC","8774533176","800000","","","","","N","","","","","000167201","N","","","","","","","","1","00230684","08"
"2005074082","02","8","900 ARENTZEN BLVD.","","CHARLEROI","PA","15022","MON VALLEY TRANSIT","7244894418","","","","","","N","","","","","","","","","","","","","","1","00000000","11"
"2005184404","04","2","115 THIRD ST","","LEETSDALE","PA","15056","LATIMORE TRUCKING AND SUPPLY","7242510120","080000","","","","","","","","","","","N","","","","","","","","3","","08"
"2005115968","02","8","345 SIXTH AVE. 3RD FL.","","PITTSBURGH","PA","15222","PORT AUTHORITY OF ALLEGHENY","4124422000","","","","","","N","","","","","","N","","","","","","","","1","00000000","11"
"2005201830","00","7","17 FERRY ST","","LEETSDALE","PA","15056","AUGUST TRANSPORT INC","","999999","","","","","N","","","","","","U","","","","","","","","1","","08"
"2005209813","00","1","443 OLD SAND RD","","MARTINSVILLE","VA","24112","WARREN TRUCKING CO","","080000","","","","","N","","","","","009914","U","","","","","","","","2","0084383","08"
"2005127701","03","99","2101 HARDY PARKWAY ST","","GROVE CITY","OH","43123","PITT-OHIO","4122323015","073280","","","","","N","","","","","000030136","N","","A-00102471","","","","","","2","00019180","08"
"2005174568","05","1","11 ASHVILLE ST","#7946","PIEDMONT MINE","WV","26750","THINGS","8002965656","080000","","","","","N","","","","","000386414","N","","","","","","","","2","00088556","08"
"2005126987","02","8","345 SIXTH AVENUE","","PITTSBURGH","PA","15222","PORT AUTHORITY OF ALLEGHENY COUN","4124422000","999999","","","","","N","","","","","","N","","A-00976060","","","","","","2","","11"
"2005126992","03","1","4747 MCLANE PARKWAY","","TEMPLE","TX","76504","MCLANE/TRANSCO CO INC.","7033636100","","","","","","N","","","","","","N","","","","","","","","2","01062707","08"
"2005128762","05","1","17825 GREAT LAKES PKWY","","HIRAM","OH","44234","GLC TRANSPORTATION INC","4408212750","080000","","","","","N","","","","","","N","","","","","","","","1","00215793","08"
"2005419640","03","1","17 FERRY ST","","LEETSDALE","PA","15056","AUGUST TRANSPORT INC","7246225772","068000","","","","","N","","","","","","N","","A-00111974","","","","","","2","00569613","08"
"2005067099","02","8","345 SIXTH AVENUE","","PITTSBURGH","PA","152222527","PORT AUTHORITY","4125665500","","","","","","N","","","","","","N","","","","","","","","2","00000000","11"
"2005172308","99","1","50 E 91 STREET","","INDIANAPOLIS","IN","46240","NEW BERN TRANSPORT CORP","4123775308","033000","","","","","N","","","","","","U","","A-00114468","","","","","","1","","05"
"2005131787","04","7","200 RANGOS LA","","WASHINGTON","PA","15301","WASTE MANAGEMENT OF PA INC","7242284200","073280","","","","","N","","","","","","","","","","","","","","2","00344050","04"
"2005056117","05","1","1111 W 47TH AVE","","DENVER","CO","80211","ELDORADO TRUCKING INC","8007471728","080000","","","","","N","","","","","","N","","","","","","","","1","00371241","06"
"2005017795","04","8","2235 BEAVER AVE","","PITTSBURGH","PA","15233","PORT AUTHORITY OF ALLEGHENY CO","4122377000","000000","","","","","N","","","","","","N","","","","","","","","2","00000000","11"
"2006002372","02","8","400 OAKBROOK DR OAKBROO","K COMMONS 2300","GREENSBURG","PA","15601","LAIDLAW TRANSIT INC","8009349300","","","","","","N","","","","","","N","","A-00188982","","","","","","2","","11"
"2005122713","01","3","2833 NEW BEAVER AVE","","PITTSBURGH","PA","15233","DUQUESNE LIGHT CO.","4123938577","017500","","","","","N","","","","","","N","","","","","","","","2","25045160","05"
"2005088542","05","1","MATCHETTE RD","PO BOX 438","CLINTON","PA","15026","AIR GROUND XPRESS INC","8002471181","080000","","","","","N","","","","","","N","","","","","","","","1","00259447","98"
"2005088542","05","3","136 SAUNDERS RD","","TRAFFORD","PA","15085","CHARLES KLINE","4122605906","080000","","","","","N","","","","","","N","","","","","","","","2","00753551","98"
"2005414030","02","8","345 6TH AVE.","","PITTSBURGH","PA","152222527","PORT AUTH OF ALLEG CO","4124422000","","","","","","N","","","","","","N","","A-00976060","","","","","","2","","11"
"2005419024","05","1","10299 SOUTH KENT DR","","BYRON CENTER","MI","49315","VANEERDEN TRUCKING CO INC","8002538130","080000","","","","","N","","","","","","N","","","","","","","","1","15024700","08"
"2005181855","02","8","345 6TH AVE","3RD FLOOR","PGH","PA","152222527","PORT AUTHORITY OF ALLEGHENY CO","4125665500","","","","","","N","","","","","","","","A-00976060","","","","","","1","","11"
"2006009017","05","3","PO BOX 191208","","BOISE","ID","83719","CHEROKEE TRANSPORT","2085832101","080000","","","","","N","","","","","","N","","","","","","","","1","00158407","06"
"2006028100","05","1","PO BOX 8608","","ROBINSON","IL","62454","MIDWEST TRANSPORT INC","4128550411","054000","","","","","N","","","","","","N","","","","","","","","2","01084722","08"
"2005124361","02","2","CITY COUNTY BLDG","","PITTSBURGH","PA","15219","CITY OF PITTSBURGH","4122552670","039740","","","","","N","","","","","","N","","","","","","","","4","99999999","03"
"2005023885","01","8","BOX 293","","INDIANOLA","PA","15051","LAIDLAW TRANSIT","4128280226","","","","","","N","","","","","","N","","","","","","","","2","00000000","10"
"2005419349","05","1","4857 ST RT S1","","BELLE VERNON","PA","15012","BIGS TRUCKING INC","4126721918","080000","","","","","N","","","","","","N","","","","","","","","1","","08"
"2005405568","04","1","965 E MIDLOTHIAN BLVD","","YOUNGSTOWN","OH","44501","SBC TRANSPORTATION CO","3307832860","050000","","","","","N","","","","","","N","","","","","","","","1","00030226","06"
"2005202796","00","99","3756 FINLEYVILLE ELRAMA","","FINLEYVILLE","PA","15332","CAVALIER LT","","080000","","","","","N","","","","","","U","","","","","","","","2","","08"
"2005150451","99","99","2002 ROUTE 18","","ALIQUIPPA","PA","15001","UNGER FREIGHT SERVICES INC","9999999999","026000","","","","","N","","","","","","N","","","","","","","","2","","99"
"2005119997","99","1","PO BOX 655888","","DALLAS","TX","752655888","FEE TRANSPORTATION SERVICES","8005699222","","","","","","N","","","","","","N","","","","","","","","2","00109745","05"
"2005128369","02","8","100 EDGEWOOD DR","","TURTLE CREEK","PA","15145","TRANSPORTATION SOLUTIONS","4126474826","","","","","","N","","","","","","N","","","","","","","","2","01090075","11"
"2005121025","99","6","UNKNOWN","UNKNOWN","UNKNOWN","ZZ","999999999","UNKNOWN","9999999999","999999","","","","","N","","","","","","N","","","","","","","","1","99999999","08"
"2005202797","00","99","111TH AND ARCHER","","LEMONT","IL","60439","INSTITUFORM TECHNOLOGIES","","055001","","","","","N","","","","","","U","","","","","","","","1","","99"
"2005172391","05","3","8000 VIRGINIA MANOR RD","","BELTSVILLE","MD","20705","RYDER TRUCK RENTAL","3055003726","052000","","","","","N","","","","","","N","","","","","","","","1","00016130","08"
"2005194454","02","8","4900 CURRY ROAD","","PITTSBURGH","PA","15236","BALDWIN WHITEHALL SCHOOL DISTRIC","4128857595","","","","","","N","","","","","","N","","","","","","","","1","00000099","11"
"2005196473","02","1","8600 SOUTH AVE","","CHARLOTTE","NC","28273","LANCE INC","8005419193","","","","","","N","","","","","999999","N","","A-00999999","","","","","","1","","99"
"2005101898","02","8","400 OAKBROOKE DR","","GREENSBURG","PA","15642","LAIDLAW TRANSIT","9999999999","999999","","","","","N","","","","","","N","","","","","","","","1","","11"
"2005190955","02","8","345 6TH AVE","","PITTSBURGH","PA","15222","PORT AUTHORITY OF ALLEGHENY CO.","4122551350","","","","","","N","","","","","","N","","A-00976060","","","","","","2","","11"
"2005107009","05","3","PO BOX 836","","MOON TWP","PA","15108","AMERICAN ROAD LINES","8002454722","073280","","","","","","","","","","000152672","N","","A-00106098","","","","","","1","00186375","08"
"2005128622","02","4","630 N 3RD","","STEUBENVILLE","OH","43952","LARUE TRUCKING","7402841300","080000","","","","","N","","","","","000499372","N","","","","","","","","1","00703592","08"
"2005009318","03","99","RD1 BOX 520","","HUNKER","PA","15639","FARMERIE, JR. JOHN J.","7247873180","073280","","","","","N","","","","","999999999","N","","","","","","","","3","99999999","04"
"2005128365","01","1","411 W 8TH AV","","WEST HOMESTEAD","PA","15120","GUARDIAN ANGEL","0000000412","026000","","","","","N","","","","","","N","","","","","","","","2","99999999","02"
"2005106093","99","1","PO BOX 470","","WADENA","MN","56482","POLMAN TRANSFER INC","8007771753","","","","","","N","","","","","","U","","","","","","","","2","","99"
"2005412225","03","7","226 RANKIN RD","","WASHINGTON","PA","15301","HAPCUK INC","7242226080","080000","","","","","N","","","","","","N","","","","","","","","2","00474626","04"
"2005162908","02","3","126 MAIN STREET","","KITTANNING","PA","16201","LUCCHETTI AUTO WRECKERS INC.","7245485669","999999","","","","","N","","","","","999999999","U","","A-00999999","","","","","","1","99999999","03"
"2005133795","02","4","OLD BRIDGE RD & POPLAR","ST","ETNA","PA","15223","WRIGHT INDUSTRIES INC","4127026464","073280","","","","","N","","","","","","N","","","","","","","","1","99999999","03"
"2005147819","99","99","UNK","UNK","UNK","ZZ","999999999","UNKNOWN","9999999999","999999","","","","","N","","","","","999999999","N","","","","","","","","2","99999999","99"
"2005149241","03","1","1160 RT334","FONDA","NEW YORK","NY","12068","F TRANSPORT INC","8774340333","080000","","","","","N","","","","","","N","","","","","","","","2","00327574","08"
"2005202814","00","8","330 POPLAR STREET","","PITTSBURGH","PA","15223","ATE INDUSTRIES INC.","","999999","","","","","N","","","","","","N","","","","","","","","2","","10"
"2005206349","00","1","14507 FRONTIER RD","","OMAHA","NE","68145","WERNER ENTERPRISE INC","","999999","","","","","N","","","","","","U","","","","","","","","1","0053467","08"
"2005422489","03","8","345 SIXTH AVE.","","PITTSBURGH","PA","15222","PORT AUTHORITY OF ALLEGHENY COUN","4124422000","026000","","","","","N","","","","","","N","","A-00976060","","","","","","1","","11"
"2005422489","03","8","345 SIXTH AVE.","","PITTSBURGH","PA","15222","PORT AUTHORITY OF ALLEGHENY COUN","4124422000","026000","","","","","N","","","","","","N","","A-00976060","","","","","","2","","11"
"2005419029","05","1","318 EVERSON VALLEY RD","","CONNELLSVILLE","PA","15425","CAVANAUGH - TRUCKING - INC","7246281018","080000","","","","","N","","","","","","N","","","","","","","","2","00046021","08"
"2006003184","99","99","6683 HATHEWAY RD","","VALLYVIEW","OH","44125","MAINES PAPER AND FOOD","2166423217","","","","","","N","","","","","","U","","","","","","","","2","00897204","08"
"2005021255","02","8","345 6TH AVENUE","3RD FLOOR","PITTSBURGH","PA","152222527","PORT AUTHORITY OF ALLEGHENY CO","4125665500","","","","","","N","","","","","","","","A-00976060","","","","","","1","","11"
"2005156613","02","8","345 SIXTH AVE","","PGH PA 15222","PA","15222","PORT AUTHORITY","9999999999","","","","","","N","","","","","","N","","A-00976060","","","","","","1","","11"
"2005207973","00","99","4041 JORDAN STREET","","SOUTH HEIGHTS","PA","15081","GEODRAIN INC","","999999","","","","","N","","","","","","U","","PA-A001149","","","","","","1","","07"
"2005190802","03","7","73 A WEST NOBLESTOWN RD","","CARNEGIE","PA","15106","BF 1 WASTE SERVICES OF PA","4124292600","058400","","","","","N","","","","","","N","","","","","","","","2","00962087","03"
"2005198266","04","5","1000 THOMPSON RUN RD","","MONROEVILLE","PA","15146","SUPERIOR CONCRETE AND SUPPLY INC","4128246161","073280","","","","","N","","","","","","U","","","","","","","","2","00000000","04"
"2005151693","04","4","18 MASON DR","","CORAOPOLIS","PA","15108","AL GEISLER & SONS TRUCKING","4123312555","073280","","","","","N","","","","","","N","","","","","","","","2","00494001","04"
"2005186225","03","7","W NOBLESTOWN ROAD","PO BOX 448","CARNEGIE","PA","15106","BFI WASTE SERVICES OF PA LLC","4124292600","056800","","","","","N","","","","","","N","","","","","","","","1","00962087","04"
"2005019680","02","8","345 6TH AVE","","PGH","PA","15222","PORT AUTHORITY ALLEGHENY CO","4124422000","040000","","","","","N","","","","","","","","A-00976060","","","","","","1","","11"
"2005412938","02","8","345 6TH AVE","","PITTSBURGH","PA","152222527","PORT AUTHORITY OF ALLEG. CO.","4124422000","","","","","","N","","","","","","N","","A-00976060","","","","","","1","","11"
"2005172305","05","1","196 ALPS RD","","ATHENS","GA","30606","SMOOTH INC","7063722380","080000","","","","","N","","","","","000102817","N","","","","","","","","2","0708371N","08"
"2005031612","02","8","345 6THAVE","","PITTS","PA","152222527","PORT AUTH. OF ALLEG. CO","4124422000","","","","","","N","","","","","","N","","A-00976060","","","","","","3","00011111","11"
"2005195758","03","1","5250 OLD MAUMEE RD","","FORT WAYNE","IN","46803","PENSKE TRUCK LEASING","4124878335","080000","","","","","N","","","","","","N","","","","","","","","2","00348351","08"
"2005120134","05","1","16-200 EDGELY BLVD","","CONCORD","ON","LVK3Y8","VALBOR LOGISTICS","0868376037","080000","","","","","N","","","","","000470977","N","","","","","","","","1","0118730C","08"
"2005118962","02","8","2235 BEAVER AVE","","PITTSBURGH","PA","15233","PORT AUTHORITY OF ALLEGHENY COUN","4128208221","047900","","","","","N","","","","","","N","","","","","","","","2","99999999","11"
"2005214231","00","99","2315 SANDERS RD","","NORTHBROOK","IL","60062","DOLEN TRUST","","073280","","","","","N","","","","","","U","","","","","","","","2","","99"
"2005013590","02","8","13413 S.R.422","","KITTANING","PA","16201","PATCO TRANSIT INC.","7244529470","028000","","","","","N","","","","","000000000","N","","","","","","","","1","00000000","11"
"2005078031","99","8","345 6TH AVENUE 3RD FL.","","PITTSBURGH","PA","152222527","PORT AUTHORITY OF ALLEGHENY CO.","4124422000","000000","","","","","N","1","","","","","N","","","","","","","","1","00000000","11"
"2005072722","03","0","1460 GREENSBURG ROAD","","NEW KENSINGTON","PA","15068","E C M TRANSPORT INC","8005487379","080000","","","","","N","","","","","","N","","","","","","","","2","00209658","07"
"2006003969","03","8","2235 BEAVER AVENUE","","PITTSBURGH","PA","15233","PORT AUTHORITY OF ALLEGHENY COUN","4122551350","026000","","","","","N","","","","","","N","","","","","","","","4","00976060","11"
"2005157029","05","1","240 W NORTH BEND RD","","CINCINNATI","OH","452161728","PAM NATIONWIDE INC","8003388444","080000","","","","","N","","","","","","N","","","","","","","","1","00245837","08"
"2005124882","03","7","73 WEST NOBLESTOWN RD","","CARNAGIE","PA","15106","BFI WASTE SERVICES LLC","4124292600","073280","","","","","N","","","","","","N","","","","","","","","3","00962087","04"
"2005207948","00","2","1775 N STATE ST","","GIRARD","OH","44420","TAURO BROTHERS TRUCKING CO","","999999","","","","","N","","","","","141392","U","","PA-0010650","","","","","","1","0150336","06"
"2005089113","99","99","UNKNOWN","","UNKNOWN","","","UNKNOWN","0000000000","","","","","9","","","","","9","00UNKNOWN","","","UNKNOWN","","","","","","1","0UNKNOWN","99"
"2005134400","99","99","UNKNOWN","UNKNOWN","UNKNOWN","ZZ","99999","UNKNOWN","9999999999","999999","","","","","","","","","","","U","","A-00999999","","","","","","2","","99"
"2005189775","05","2","906 JOHNSON RD","","HOME","PA","15747","RAYMES SINAN","7243972876","080000","","","","","N","","","","","","N","","","","","","","","1","01273391","08"
"2005204573","00","8","198 EKASTOWN ROAD","","SARVER","PA","16055","W L ROENICK","","999999","","","","","N","","","","","","N","","","","","","","","2","","10"
"2005056310","06","99","1205 68TH STREET","","BALTIMORE","MD","21237","OST TRUCKING","9999999999","080000","","","","","N","","","","","","N","","A-00000000","","","","","","3","","08"
"2005001449","02","8","345 6TH AVE","","PITTSBURGH","PA","152222527","PORT AUTHORITY","4125665500","","","","","","N","","","","","","","","A-00976060","","","","","","1","","11"
"2005198802","02","8","2235 BEAVER AVE","","PITTSBURGH","PA","15233","PORT AUTHORITY","9999999999","999999","","","","","N","","","","","","N","","","","","","","","3","99999999","11"
"2005413625","02","8","2235 BEAVER AVE.","","PGH.","PA","15233","PORT AUTHORITY","4124422000","","","","","","N","","","","","","N","","","","","","","","1","00000000","11"
"2005106485","99","7","1601 LAGER STREET","","PITTSBURGH","PA","15212","THE PAPER EXCHANGE","4123257075","073280","","","","","N","","","","","","N","","","","","","","","1","","09"
"2005172634","02","8","2235 BEAVER AVE","","PITTSBURGH","PA","15233","PORT AUTHORITY OF ALLEGHENY CO","4128514900","","","","","","","","","","","","N","","A-00097606","","","","","","3","","11"
"2005123596","99","99","57 E MAIN","","THOMPSONTOWN","PA","17094","TIMOTHY WILSON","7175355389","080000","","","","","N","","","","","","U","","A-00117847","","","","","","1","00726257","08"
"2005122293","04","3","111 80 SPUR RD","","CUBA","AL","36907","MCELROY TRUCK LINE INC","8009227863","","","","","","N","","","","","","N","","","","","","","","1","00271424","08"
"2005183116","03","4","9200 ROUTE 119 SOUTH","","BLAIRSVILLE","PA","15717","HMS TRUCKING","7242483474","073280","","","","","N","","","","","","N","","A-00119389","","","","","","2","","04"
"2005121109","05","1","RR1 BOX37M","","AVONMORE","PA","15610","STIVASON + SONS","7244781563","028000","","","","","N","","","","","","N","","","","","","","","1","00614150","08"
"2005126418","05","1","159 TCI PARK DRIVE","","GROVE CITY","PA","16127","TRI-COUNTY INDUSTRIES INC","7244584705","080000","","","","","N","","","","","","","","","","","","","","2","00208600","08"
"2005131040","05","1","425 EAST MAITLAND LANE","","NEW CASTLE","PA","16105","ROBERT BARRON","7246540558","080000","","","","","N","","","","","","N","","","","","","","","2","00359673","08"
"2005201844","00","4","17TH AND ARSENAL BLVD","","HARRISBURG","PA","17120","PENNDOT","","039000","","","","","N","","","","","","U","","","","","","","","2","","04"
"2005096618","02","8","345 6TH AVE.","","PITTSBURGH","PA","152332527","PORT AUTHORITY OF ALLEGHENY CO.","4124422000","","","","","","N","","","","","","N","","A-00976060","","","","","","2","","11"
"2005040281","03","8","345 SIXTH AVE","","PITTSBURGH","PA","15222","PORT AUTHORITY OF ALLEGHENY COUN","4124422000","048600","","","","","N","","","","","","N","","A-00097606","","","","","","3","","11"
"2005192466","02","8","200 KENDALL","","CORAOPOLIS","PA","15108","STUDENT TRANSPORTATION OF AMER","4122699970","000000","","","","","N","","","","","","N","","","","","","","","2","","11"
"2005067693","05","99","9200 RT 119","","BLAIRSVILLE","PA","15717","D & D TRUCKING","7242483474","080000","","","","","N","","","","","","N","","A-00110690","","","","","","1","","04"
"2005128402","02","8","400 OAKBROOK COMMONS","","GREENSBURG","PA","15601","LAIDLAW TRANSIT","4122710300","","","","","","N","","","","","","N","","","","","","","","2","99999999","11"
"2005145358","99","3","700 HARGROVE ST","","PITTSBURGH","PA","15226","CHESTER","4123819400","017995","","","","","N","","","","","","N","","","","","","","","3","00279905","05"
"2005125399","99","3","51 RAILROAD STREET","","CANFIELD","OH","44706","DART TRUCKING CO","7293360997","","","","","","N","","","","","","N","","","","","","","","2","99999999","08"
"2005415424","99","99","UNKNOWN","UNKNOWN","UNKNOWN","ZZ","99999","UNKNOWN","9999999999","999999","","","","","N","","","","","","N","","","","","","","","1","","98"
"2005415424","99","99","UNKNOWN","","UNKNOWN","ZZ","99999","UNKNOWN","9999999999","999999","","","","","N","","","","","","N","","","","","","","","2","","98"
"2005149200","03","0","410 OVERBROOK ROAD","","ALENCIA","PA","16059","KENNETH G BECK TRUCKING INC","8666789957","073280","","","","","N","","","","","","N","","","","","","","","2","00839048","04"
"2005120558","05","3","342 SCHUYLER AVENUE","","KEARNY","NJ","07032","LOUIS J KENNEDY TRUCKING COMPANY","9999999999","080000","","","","","N","","","","","","N","","","","","","","","1","00024370","08"
"2005198730","05","1","7115 LAVERNE AVE","","PARMA","OH","44129","SERGEY PASHKOVSKIY","4402125462","080000","","","","","N","","","","","000259674","N","","A-00088483","","","","","","2","00507092","08"
"2005116507","02","7","121 BRICKYARD ROAD","","MARS","PA","16046","VOGEL DISPOSAL SERVICE","7246251511","","","","","","N","","","","","","","","","","","","","","2","00290052","03"
"2005166901","03","99","3379 STAFFORD STREET","","PITTSBURGH","PA","15204","BEITLER TRUCKING","4127714207","080000","","","","","","","","","","000151846","N","","A-00112135","","","","","","2","00335946","06"
"2005128764","03","4","RD2 BOX 89","","DERRY","PA","15627","WILLIAM DICKSON","7245933926","080000","","","","","N","","","","","","N","","","","","","","","2","00356775","04"
"2005128764","05","1","5215 RAILROAD AVE","","SPOKANE","WA","99212","DON MUMMA TRUCKING","5094846718","080000","","","","","N","","","","","","N","","","","","","","","3","61555706","06"
"2005106529","05","99","PO BOX 931","","SCRANTON","PA","18501","KANE FREIGHT LINE","9999999999","080000","","","","","N","","","","","","N","","","","","","","","1","00381610","99"
"2005414099","03","0","3811 DIXON STREET","","DES MOINES","IA","50313","JACOBSEN TRANSPORTATION","3178375000","008000","","","","","N","","","","","232518618","N","","","","","","","","1","00327574","08"
"2005124003","05","3","105 N 8TH AVE","","STROUD","OK","74079","MILLER TRUCK LINES INC","9189683584","028000","","","","","N","","","","","000168121","N","","","","","","","","1","","08"
"2005405560","02","1","1120 ROBB HILL ROAD","","OAKDALE","PA","15071","KNEPPER PRESS CORP","9999999999","033000","","","","","N","","","","","","N","","","","","","","","1","00418488","03"
"2005124763","99","0","25809 TRADE AVENUE","","SIOUX FALLS","SD","57107","DAKOTALAND TRANSPORTATION INC","8008222703","030965","","","","","N","","","","","","N","","","","","","","","1","00836858","08"
"2005129354","05","1","230 ASHLAND AVENUE","BOX 909","MORTON","IL","61550","STAR TRANSPORT INC","8005486082","080000","","","","","N","","","","","","N","","","","","","","","1","00071585","08"
"2005183122","05","1","1904 6540 BURLINGTON AV","","BURNABY","BC","V5H4G3","BLUE LAND TRANSPORTATION","6044331170","080000","","","","","N","","","","","","N","","","","","","","","2","01109569","08"
"2006000421","05","3","3600 NW 82ND AVE 2-A","ANNEX","MIAMI","FL","33166","RYDER ITEGRATED LOGISTICS INC","6102083948","080000","","","","","N","","","","","","N","","","","","","","","1","00165420","08"
"2006000421","05","1","22 W284 PETERSON AVE","","GLENDALE HGTS","IL","60139","VLADI TRUCKING INC","6308580616","080000","","","","","N","","","","","000472882","N","","","","","","","","2","01152197","08"
"2005151984","04","7","310 LEGER RD","","NORTH HUNTINGDON","PA","15642","WASTE MANAGEMENT OF PA","7248645166","073280","","","","","N","","","","","","N","","","","","","","","2","00344050","04"
"2005183011","05","1","1805 WEST STATE ST","","ALLEANCE","OH","44601","KUNTZMAN TRUCKING INC","3308219160","080000","","","","","N","","","","","","N","","","","","","","","1","00120684","08"
"2005088066","99","1","377 HALF ACRE ROAD","","CRANBURY","NJ","99999","JILCO EQUIPMENT","7168746155","","","","","","N","","","","","","U","","","","","","","","1","","06"
"2005075603","02","8","345 6TH AVENUE","3RD FLR","PITTSBURGH","PA","152222527","PORT AUTHORITY OF ALLEGHENY CO","4125665500","","","","","","N","","","","","","N","","A-00976060","","","","","","1","","10"
"2005096190","02","8","345 SIXTH AVE.","","PITTSBURGH","PA","152222527","PORT AUTHORITY OF ALLEGHENY CO.","4122377000","","","","","","N","","","","","","","","A-00976060","","","","","","1","","11"
"2005102224","05","1","101 KAPPA DRIVE","","PITTSBURGH","PA","15238","TALON LOGISTICS INC","8005443115","080000","","","","","N","","","","","000297936","N","","","","","","","","2","00030237","08"
"2006030056","99","99","2200 S 75TH AVENUE","","PHOENIX","AZ","85043","SWIFT LEASING","9999999999","999999","","","","","N","","","","","","U","","","","","","","","2","99999999","08"
"2005413318","03","4","OAKWOOD DRIVE","","CONNEAUT LAKE","PA","16316","MICHAEL J. PEIRCE","8143825244","050000","","","","","N","","","","","","N","","","","","","","","2","","04"
"2005110356","02","7","121 BRICKYARD ROAD","","MARS","PA","16046","VOGEL DISPOSAL SERVICE","7246251151","038000","","","","","N","","","","","000011111","N","","","","","","","","2","00000012","03"
"2005413745","99","1","4489 CAMPBELLS RUN RD","","PITTSBURGH","PA","15205","ENTERPRISE RENT A CAR CO OF PGH","4124945400","026000","","","","","N","","","","","","N","","","","","","","","1","00654333","03"
"2005102476","02","8","24 SOUTH 8TH ST","","PITTSBURGH","PA","15203","FIRST STUDENT INC","4124813655","029220","","","","","N","","","","","","N","","A-00109523","","","","","","1","00354406","11"
"2005120540","99","4","1230 W PORTERSVILLE RD","","PORTERSVILLE","PA","16051","MCCLYMONDS INC","7243721041","073280","","","","","N","","","","","","N","","","","","","","","1","00738455","03"
"2005419649","02","99","500 BATEMAN RD","","OAKDALE","PA","15071","GE MODULAR SPACE","7246955050","054900","","","","","N","","","","","","Y","","","","","","","","1","00149043","03"
"2005097438","02","8","1380 PITTSBURGH RD","","VALENCIA","PA","16059","MONARK STUDENT TRANS CORP","7246954000","036200","","","","","N","","","","","","N","","","","","","","","2","","11"
"2005418899","03","0","160 VELTRI DR.","","WASHINGTON","PA","15301","VELTRI TRUCKING INC.","7243500987","","","","","","N","","","","","","N","","","","","","","","1","01077151","07"
"2006000586","05","1","124 PLEASANT VALLEY RD","","PORTERSVILLE","PA","16051","REACH 49 INC","8007322449","080000","","","","","N","","","","","","N","","","","","","","","1","00253607","08"
"2006000586","02","1","6 PENN ST","","TRANSFER","PA","16154","WILLIAM HALLER","7246995235","030000","","","","","N","","","","","","N","","","","","","","","2","01171454","03"
"2005195942","05","1","8 WALLABY WAY","","BRAMPTON","ON","L6R3C7","FALCON MOTOR XPRESS LTD","9056736415","080000","","","","","N","","","","","","N","","","","","","","","1","01235511","08"
"2005118767","02","8","345 6TH AVE","","PITTSBURGH","PA","152222527","PORT AUTH OF ALLEG. CO.","4124422000","","","","","","N","","","","","","N","","A-00976060","","","","","","2","","11"
"2005175051","02","8","1820 MCLAUGHLIN RUN RD","","PITTSBURGH","PA","15241","UPPER ST. CLAIR SCHOOL DIST","4128331600","026000","","","","","N","","","","","","N","","","","","","","","3","00000000","11"
"2005072954","05","3","1775 BASELINE RD","","OSWEGO","IL","60543","CRESSLER TRUCKING INC","8007337149","080000","","","","","N","","","","","","N","","","","","","","","1","00010555","08"
"2005030802","02","8","345 SIXTH AVENUE","","PITTSBURGH","PA","152222527","PORT AUTHORITY","4125665500","026000","","","","","N","","","","","","N","","A-00976060","","","","","","1","00000000","11"
"2005066956","03","99","692 WISE AVE.","","BALTIMOR","MD","21222","TK TRUCKING","4122159727","080000","","","","","N","","","","","","N","","","","","","","","1","00823850","08"
"2005066956","04","99","1204 5TH AVE.","","MCKEESPORT","PA","15132","MEADE BROTHERS TRUCKING","4126727688","073280","","","","","N","","","","","","N","","A-00120791","","","","","","2","","04"
"2005066956","04","99","228 WINSTON ST","","PITTSBURGH","PA","15207","KBK TRUCKING INC.","4124227333","073280","","","","","N","","","","","","N","","A-00112517","","","","","","3","00005793","04"
"2005404257","02","1","1500 TRUMBULL RD","","GIRARD","OH","44420","AIM LEASING CO","8008735059","032900","","","","","N","","","","","","N","","","","","","","","2","00877115","03"
"2005195259","02","1","1250 N MITTELL","","WOOD DALE","IL","60191","MARKET DAY CORPORATION","7247423220","033000","","","","","N","","","","","","N","","","","","","","","1","00339503","03"
"2005195259","99","1","710 WASHINGTON RD","","PITTSBURGH","PA","15228","MT LEBANON ROAD DEPT","9999999999","017500","","","","","N","","","","","","N","","","","","","","","2","","05"
"2005125592","05","1","11840 VALLEY VIEW RD","","EDEN PRAIRIE","MN","55344","SUPERVALU TRANSPORTATION","7249255263","080000","","","","","N","","","","","","N","","","","","","","","2","00467296","08"
"2005149245","99","0","UNKNOWN","","HARRISBURG","PA","99999","UNKNOWN","9999999999","999999","","","","","N","","","","","","U","","","","","","","","3","","00"
"2005114403","02","8","346 6TH AVE.","","PITTSBURGH","PA","152222527","PORT AUTHORITY OF ALLEG. CO.","4124422000","","","","","","N","","","","","","N","","A-00976060","","","","","","2","","11"
"2005189776","04","4","3360 EVERGREEN ROAD","","PITTSBURGH","PA","15237","COLOSIMO TRUCKING","4129317569","072380","","","","","N","","","","","","N","","A-00418111","","","","","","1","","04"
"2006008449","05","1","2850 KRAMER RD","PO BOX 1290","GIBSONIA","PA","15044","PJAX INC","8007922821","056000","","","","","N","","","","","000120718","N","","A-00109136","","","","","","5","00202526","08"
"2005042905","02","99","526 CITY COUNTY BUILDIN","","PITTSBURGH","PA","15219","CITY OF PITTSBURGH","4122552466","049000","","","","","N","","","","","","N","","","","","","","","1","","03"
"2005064599","05","1","34433 LEE HIGHWAY","","GLADE SPRING","VA","243404537","WORLEY TRANSPORTATION INCORP","2764295672","073280","","","","","N","","","","","","N","","","","","","","","2","00913296","08"
"2005124362","05","3","316 MAIN ST","BOX 201","LOWELL","OH","45744","EUGENE CARVER","7408963535","042500","","","","","N","","","","","","N","","","","","","","","2","00002685","08"
"2005104871","03","99","RD7 BOX 190A","","LATROBE","PA","15650","M TRUCKING INC","8888233567","073280","","","","","N","","","","","","N","","A-00111343","","","","","","2","00690157","04"
"2005105747","05","1","1965 JAMES PARKWAY","","HEBRON","OH","43056","ROBERT NEFF INC","8007622049","070000","","","","","N","","","","","","N","","","","","","","","2","00420581","08"
"2005052496","99","0","4920 BUTTERMILK HOLLOW","ROAD","WEST MIFFLIN","PA","15122","EXCLUSIVE SERVICES INC","4124699700","065000","","","","","N","","","","","000172140","N","","A-00107168","","","","","","1","00345157","07"
"2005159639","03","5","1263 CHARTIERS AVENUE","","PITTSBURGH","PA","15136","FRANK BRYAN INC.","4123310288","073280","","","","","N","1","","","","","N","","A-00000000","","","","","","1","","04"
"2005159639","02","1","E LIBERTY ST","P O BOX179","SHUYKL HAVEN","PA","17972","SCHUYLKILL HAVEN CASKET COMPANY","8882281363","008600","","","","","N","1","","","","","N","","A-00000000","","","","","","2","","02"
"2005182971","02","1","1821 BEAVER AVE","","PITTSBURGH","PA","152332284","UNITED PARCEL INC","4122376645","011340","","","","","N","","","","","","U","","","","","","","","2","00024796","03"
"2005185508","03","99","470 OVERBROOK RD","","VALENCIA","PA","16059","KENNTH BECK","7248989620","073280","","","","","N","","","","","000370826","N","","A-00103691","","","","","","2","00839048","04"
"2005127767","05","0","908 BROADWAY STREET","","MASURY","OA","44438","PI&I MOTOR EXPRESS","8003212733","","","","","","N","","","","","","","","","","","","","","1","00122443","08"
"2005127767","05","1","999 PONTIAC","","CRANSTON","RI","02920","DANIEL CALORE","4012617722","080000","","","","","N","","","","","","N","","","","","","","","2","00108545","08"
"2006021277","99","99","UNKNOWN","","UNKNOWN","","","UNKNOWN","0000000000","","","","","","N","","","","","000000UNK","","","UNK","","","","","","1","00000UNK","08"
"2005160275","99","1","ONE DAILY WAY","","VERONA","PA","15147","AMERICAN BEVERAGE CORP","4128289020","080000","","","","","","","","","","","N","","","","","","","","1","00213559","08"
"2005196157","99","3","UNKNOWN","","UNKNOWN","","","UNKNOWN","","","","","","","N","","","","","","N","","","","","","","","1","0UNKNOWN","08"
"2005195717","02","8","24 SOUTH 8TH ST","","PITTSBURGH","PA","15203","FIRST STUDENT INC","4124813655","026000","","","","","N","","","","","","N","","","","","","","","3","","11"
"2005109965","02","1","1 DEBLASIO DRIVE","","CANONSBURG","PA","15317","DEBLASIO BEVERAGE","7247454380","033000","","","","","N","","","","","000000000","N","","","","","","","","2","","03"
"2006002541","03","1","230 CATALPA DRIVE","","MISHAWAKA","IN","46545","GAINLY TRANSPORTATION SERVICES","8004312233","080000","","","","","N","","","","","000182313","U","","","","","","","","1","00275779","08"
"2006004860","02","8","345 SIXTH AV","","PITTSBURGH","PA","15219","PORT AUTHORITY OF ALLEGHENY CO","4124422000","033000","","","","","N","","","","","","N","","A-00976060","","","","","","2","","11"
"2005102080","05","1","916 BRUSH CREEK RD","","WARRENDALE","PA","15086","DANDY SERVICE CORP","8003513232","080000","","","","","N","","","","","","N","","A-00111688","","","","","","3","00202393","08"
"2006002531","05","3","2740 NORTH GLENSTONE","","SPRINGFIELD","MO","65803","PRINE INC","4178660001","069000","","","","","N","","","","","000140665","U","","","","","","","","1","00003706","06"
"2005087784","99","99","PO BOX 155","","GLASGOW","PA","16644","MATTHEWS TRUCKING","9999999999","999999","","","","","N","","","","","","N","","","","","","","","2","","98"
"2005408644","04","5","85 HELEN STREET","","MCKEES ROCKS","PA","15136","ROX TRUCKING INCORPORATED","4123310988","073280","","","","","N","","","","","","U","","","","","","","","1","","98"
"2005068226","02","1","U","U","GIRARD","OH","44420","1500 TRUMBULL RD","8009346495","065000","","","","","N","","","","","","N","","","","","","","","2","00435939","08"
"2005121965","03","7","900 TYROL","","BELLE VERNON","PA","15012","COUNTY HAULING CORP.","7249297694","073280","","","","","N","","","","","099999999","N","","A-00999999","","","","","","1","","04"
"2005406237","99","99","JMJ FLEETWORKS 3690","","HILLIARD","OH","99999","JOE GILLESPIE","9999999999","999999","","","","","N","","","","","","N","","","","","","","","1","","98"
"2005183778","02","8","24 SOUTH EIGHTH STREET","","PITTSBURGH","PA","15203","FIRST STUDENT","4125837342","099999","","","","","N","","","","","","N","","","","","","","","1","","11"
"2005127722","04","4","1712 MT NEBO RD","PO BOX 316","SEWICKLEY","PA","15143","M SERVICE INC","9999999999","073280","","","","","N","","","","","","N","","A-00109771","","","","","","2","00809659","04"
"2005202771","00","4","3 GRAND AVENUE","","PITTSBURGH","PA","15225","JED SERVICES INC","","073800","","","","","N","","","","","314733","U","","PA-A001138","","","","","","1","0674081","04"
"2005152135","03","4","1299 MCLAUGHLIN RUN RD","","BRIDGEVILLE","PA","15017","T.A. ROBINSON ASPHAULT COMPANY","4127269041","073280","","","","","N","","","","","","Y","","A-00116571","","","","","","1","","04"
"2005159934","02","3","5331 MCANULTY ST","BOX 157","PGH","PA","15102","MICHAEL BROS","4128356428","","","","","","N","","","","","","N","","","","","","","","1","01014261","02"
"2005413288","04","7","W NOBELSTOWN ROAD","","CARNAGIE","PA","15106","B F I WASTE SERVICES","4124292600","073208","","","","","N","","","","","","N","","","","","","","","2","00962087","04"
"2005201239","00","8","223 CLEVER ROAD","","MCKEES ROCKS","PA","15136","MONTOUR SCHOOL DISTRICT","","999999","","","","","N","","","","","","N","","","","","","","","2","9999999","10"
"2006002674","99","99","655 BUSINESS CTR DR","","HORSHAM","PA","19044","PACCAR","9999999999","999999","","","","","N","","","","","","U","","","","","","","","2","99999999","00"
"2005110079","05","1","10038 GOVERNER LANE BLV","","WILLIAMSPORT","MD","21795","M BOWMAN INC","8007330131","080000","9","","","","Y","9","","","","000138438","N","","","","","","","","1","00135530","08"
"2005112067","02","8","345 6TH AVENUE","3RD FLR","PITTSBURGH","PA","152222527","PORT AUTH OF ALLEGHENY CO","4125665500","","","","","","","","","","","","","","A-00976060","","","","","","1","","11"
"2005185058","01","0","9711 LANCASTER RD SE","","HEBRON","OH","43025","MPW INDUSTRIAL SERVICES INC.","7402841795","","","","","","N","","","","","","N","","A-00000000","","","","","","1","00249701","02"
"2005185058","03","7","9711 LANCASTER RD SE","","HEBRON","OH","43025","MPW INDUSTRIAL SERVICES INC.","7402841795","050000","","","","","N","","","","","","N","","A-00000000","","","","","","2","00249701","04"
"2005000013","02","8","345 6TH AVE.","","PITTSBURGH","PA","152222527","PORT AUTH. OF ALLEG. CO.","4124422000","","","","","","N","","","","","","N","","A-00976060","","","","","","1","","11"
"2005161342","02","8","345 6TH AVE","","PITTSBURGH","PA","15222","PORT AUTHORITY OF ALLEGHENY CO.","4125665500","","","","","","N","","","","","","N","","A-00976060","","","","","","3","","11"
"2005419045","03","1","126 N SHIPLEY ST","","SEAFORD","DE","19973","ALLEN FAMILY FOODS","3026841640","080000","","","","","N","","","","","","N","","","","","","","","1","00260012","06"
"2005128237","02","8","345 SIXTH AVE","","PITTSBURGH","PA","152222527","PORT AUTHORITY,ALLEGHENY CTY","4128514900","","","","","","N","","","","","","","","A-00976060","","","","","","1","","11"
"2006030208","99","99","PO BOX 598","","LOWELL","AR","72745","JB HUNT TRANSPORT INC","9999999999","999999","","","","","N","","","","","","U","","","","","","","","1","99999999","99"
"2005067728","02","8","415 REBECCA ST","MCKEESPORT","MCKEESPORT","PA","15132","PA COACH LINES INC","9999999999","099999","","","","","N","","","","","","N","","","","","","","","2","","11"
"2005195044","02","8","316 CHERRY ST  BOX 211","","CLEARFIELD","PA","16830","FULLINGTON AUTO BUS","7243972545","","","","","","N","","","","","","N","","","","","","","","2","","11"
"2005120161","02","3","2301 SOUTHEAST CREEKVIE","","ANKENY","IA","50021","PRAXIR DISTRIBUTION INC","5159645535","","9","","","","Y","1","","","","000664776","N","","","","","","","","1","00664776","03"
"2005078787","99","99","UNKNOWN","","UNKNOWN","ZZ","99999","UNKNOWN","9999999999","999999","","","","","N","","","","","","N","","","","","","","","1","","98"
"2005184406","99","99","1133 NORTHWEST L ST","","UNKNOWN","IN","99999","TRANSCO INC","9999999999","999999","","","","","N","","","","","","N","","","","","","","","2","","98"
"2005156766","04","4","PO BOX 296 CURRTE RD","","PORTERSVILLE","PA","16051","MCCLYMONDS SUPPLY TRANSIT CO INC","7243688040","080000","","","","","N","","","","","000182636","N","","A-00105846","","","","","","1","00269478","04"
"2005183150","05","1","7462 RAILROAD AVE","","HANOVER","MD","21076","GUNTHERS ENTERPRISES LLC","4107668600","080000","","","","","N","","","","","000381844","N","","","","","","","","1","00870348","08"
"2005123812","05","1","PO BX 1176","","TWINSBURG","OH","44087","SUSTAR DISTRIBUTION SYSTEM INC","8004679110","080000","","","","","N","","","","","000264875","N","","","","","","","","2","00527115","08"
"2005209785","00","1","525 EIGHTH ST","","MANSION","IA","50563","SNF INC DBA BRAND","","999999","","","","","N","","","","","","U","","","","","","","","2","1008822","08"
"2005009015","99","8","345 SIXTH AVE 3RD FLOOR","","PITTSBURGH","PA","15222","PORT AUTHORITY OF ALLEGHENY CO.","4125665500","999999","","","","","N","","","","","","N","","A-00976060","","","","","","2","","11"
"2005157189","03","1","P.O. BOX 2545","","GREEN BAY","WI","54306","SCHNEIDER NATIONAL CARRIERS","9205923317","018780","","","","","N","","","","","000133655","N","","A-00108481","","","","","","1","00264184","08"
"2005052064","02","8","345 6TH AVE","","PITTS","PA","152222527","PORT AUTH. OF ALLEG. CO","4124422000","","","","","","N","","","","","","N","","A-00976060","","","","","","1","","11"
"2005413894","02","1","838BRADDOCK AVENUE","","BRADDOCK","PA","15104","AJ SILBERMAN AND COMPANY","4122713373","025500","","","","","N","","","","","","N","","","","","","","","1","00694719","03"
"2005420592","02","3","PO BOX 99997","","PITTSBURGH","PA","15233","CASSIDY PIERCE CO","4128811484","032225","","","","","","","","","","","N","","","","","","","","1","00360283","03"
"2005123612","02","3","628 BARKEYVILLE RD","","GROVE-CITY","PA","16127","HT-LINBERG-INC","7244587740","025960","","","","","N","","","","","","N","","","","","","","","2","00420720","03"
"2005080463","99","1","44 S 9TH ST","","PITTSBURGH","PA","15203","SALVATION ARMY","4124817900","","","","","","N","","","","","","U","","","","","","","","1","00642022","03"
"2005416978","02","8","309 COLLINS DRIVE","","PITTSBURGH","PA","15235","PENN HILLS SCHOOL DISTRICT","4127930136","033000","","","","","N","","","","","","N","","","","","","","","2","","11"
"2005156833","05","3","17 FERRY ST","","LEETSDALE","PA","15056","AUGUST TRANSPORT","4122218217","080000","","","","","N","","","","","000277072","N","","","","","","","","1","00056913","06"
"2005110618","02","0","931 ELLSWORTH AV","","PITTSBURGH","PA","15206","THE YELLOW CAB COMPANY OF PGH","4123218100","","","","","","N","","","","","","N","","A-00049926","","","","","","2","","00"
"2005121132","04","1","287 REECE RD","","WINSTON SALEM","NC","27107","MIKE VANLEUVAN","3363456447","040000","","","","","N","","","","","","N","","","","","","","","1","00591005","08"
"2005155107","99","8","174 ONEIDA VALLEY RD","","BUTLER","PA","16001","HUNTER LEASING INC","9999999999","999999","","","","","N","","","","","","N","","","","","","","","2","","11"
"2005044059","03","7","121 BRICKYARD RD","","MARS","PA","16046","VOGEL DISPOSAL SERVICE","7246251511","058400","","","","","N","","","","","","N","","","","","","","","2","00290052","04"
"2005080165","02","8","345 6TH AVE","","PITTSBURGH","PA","152222527","PORT AUTH OF ALLEG. CO","4124422000","","","","","","N","","","","","","N","","A-00976060","","","","","","1","","10"
"2005196143","02","8","7035 SALTSBURG ROAD","","PITTSBURGH","PA","15235","PENN HILLS SCHOOL DISTRICT","4127930136","030000","","","","","N","","","","","","N","","","","","","","","1","","11"
"2005094580","99","7","310 LEGER ROAD","","NORTH HUNTINGDON","PA","15642","WASTE MANAGEMENT OF PA INC","7248648049","073280","","","","","N","","","","","","N","","","","","","","","2","00344050","04"
"2005156956","05","1","40440 LODGE RD","","LEETONIA","OH","44431","SHAUM BROTHERS TRUCKING","3304276040","080000","","","","","N","","","","","","N","","","","","","","","1","01251395","08"
"2005127032","03","1","1243 THOMPSON RD","","MCKEES ROCKS","PA","15136","ROADWAY","4123313203","044000","","","","","N","","","","","","N","","","","","","","","1","00071821","08"
"2005029561","02","8","345 SIXTH AVENUE","","PITTSBURGH","PA","15222","PORT AUTHORITY","4124422000","","","","","","N","","","","","","N","","","","","","","","2","00000000","11"
"2006002279","02","1","115 WEST COLLEGE DRIVE","","MARSHALL","MN","56258","SCHWANS CONSUMER BRANDS NA INC","9999999999","030000","","","","","N","","","","","","N","","","","","","","","1","99999999","03"
"2005126067","06","1","1000 FEDEX DRIVE","","CORAOPOLIS","PA","15108","FEDEX GROUND PACKAGE SYSTEM INC","9999999999","080000","","","","","N","","","","","000179059","N","","","","","","","","1","00265752","08"
"2005175672","01","8","UNKNOWN","","UNKNOWN","ZZ","99999","UNKNOWN","9999999999","999999","","","","","N","","","","","","N","","","","","","","","1","","11"
"2005120019","03","1","2051 BASELINE RD","","MONTGOMERY","IL","60538","EBY-BROWN TRANSPORTATION LLC","9373259254","046350","","","","","N","","","","","","N","","","","","","","","1","01080997","04"
"2005420390","02","1","800 BRICKWORKS DR","","LEETSDALE","PA","15056","CPS DELIVERY SYSTEM INC","7242664273","025500","","","","","","","","","","000140361","N","","A-00456010","","","","","","2","00124203","03"
"2005405557","05","1","600 CASCADE STREET","","NEW CASTLE","PA","16107","NEW CASTLE COLD STORAGE INC","7246582100","080000","","","","","N","","","","","000159889","N","","","","","","","","1","00216667","08"
"2005073128","03","1","656 PELHAM BLVD","","ST PAUL","MN","55114","OVERNITE EXPRESS","8006776936","080000","","","","","N","","","","","","N","","","","","","","","1","00116415","08"
"2005198242","05","1","2031 QUAIL AV","PO BOX 404","FORT DODGE","IA","50501","SMITHWAY MOTOR XPRESS","8003282218","076000","","","","","N","","","","","","U","","","","","","","","1","00001803","04"
"2005172168","02","8","2235 BEAVER AVE","","PITTSBURGH","PA","15233","PORT AUTHORITY OF ALLEGHENY","4124422000","","","","","","N","","","","","","N","","A-00976060","","","","","","2","00000000","11"
"2005061375","02","1","211 MEADOW RIDGE DR.","","MOUNT MORRIS","PA","15349","BELLS WHOLESALE GROCERY INC.","4125555555","033000","","","","","N","","","","","","N","","","","","","","","2","00051358","03"
"2005419899","05","1","5816 RIPPEY ST","","PITTSBURGH","PA","15206","G W TRUCKING COMPANY","4122921940","","","","","","N","","","","","000406588","","","A-00117739","","","","","","1","00464094","08"
"2005106461","05","1","160 VELTRI DR.","","WASHINGTON","PA","15301","VELTRI TRUCKING INC.","7242289381","080000","","","","","N","","","","","","N","","","","","","","","2","01077151","08"
"2005174364","05","1","128TREELINE BL","","BRAMPTON","ON","L6P1C9","DHILLON FREIGHT CARRIER INC","8005515551","080000","","","","","N","","","","","000303859","N","","","","","","","","1","00676332","08"
"2005413749","05","1","4080 JENKINS RD","","CHATTANOOGA","TN","37421","US XPRESS LEASING INC","8006015560","080000","","","","","N","","","","","","N","","","","","","","","2","00303024","08"
"2005157503","03","99","RT910 P O BOX 111533","","PITTSBURGH","PA","15238","EMERY TREE SERVICE","4129638003","060000","","","","","N","","","","","","N","","","","","","","","1","00372713","04"
"2006002566","99","8","2001 BALLPARK RD","","EXPORT","PA","15632","MYERS COACH LINES","7247331045","","","","","","N","","","","","000375199","N","","A-00116476","","","","","","2","00852310","11"
"2005042870","99","8","330 POPLAR ST","","PITTSBURGH","PA","15223","ACTION TRANSIT ENTERPRISES","4127817906","040000","","","","","","","","","","000165100","N","","A-00102577","","","","","","3","00269878","11"
"2005198733","99","99","1500 TRUMBULL RD","","GIRARD","OH","44420","AIM LEASING CO","9999999999","999999","","","","","N","","","","","","N","","","","","","","","1","","98"
"2005198276","02","8","345 SIXTH AVE.","","PITTSBURGH","PA","15222","PORT AUTHORITY","4122377000","","","","","","N","","","","","","","","","","","","","","1","00000000","11"
"2005129852","99","7","2197 DUSS AVE","","AMBRIDGE","PA","15003","WASTE MANAGEMENT OF PENNSYLVANIA","8008664460","073280","","","","","N","","","","","","N","","","","","","","","1","99999999","09"
"2005119492","02","8","345 SIXTH AVE","3RD FL","PITTSBURGH","PA","15222","PORT AUTHORITY OF ALLEGENY CO","4124422000","","","","","","N","","","","","","","","","","","","","","1","00000000","11"
"2005011015","02","1","3115 WASHINGTON PIKE","","BRIDGEVILLE","PA","15017","CLOVER HILL FOODS","4122571700","032900","","","","","N","","","","","","N","","","","","","","","1","00877115","03"
"2005189325","05","3","515 LINCOLN HWY EAST","","IRWIN","PA","15642","COORDINATORS INC","9999999999","080000","","","","","N","","","","","000243894","N","","","","","","","","1","00058886","08"
"2005206437","00","7","121 BRICKYARD ROAD","","MARS","PA","16046","VOGEL DISPOSAL SERVICE INC","","073280","","","","","N","","","","","","U","","","","","","","","2","","04"
"2005201847","00","8","1061 MAIN ST.","","N. HUNTINGDON","PA","15642","LAIDLAW TRANSIT","","999999","","","","","N","","","","","","N","","","","","","","","2","","10"
"2005119489","04","7","200 RANGOS LN","","WASHINGTON","PA","15301","WM WARTIN INC","7247730851","073280","","","","","N","","","","","","N","","","","","","","","1","00344050","04"
"2005123836","02","4","424 RIVERFRONT RD","","KINSPORT","TN","37662","THOMPSON METAL - SERVICES","4233400662","080000","","","","","N","","","","","999999999","N","","","","","","","","1","00685475","08"
"2005044783","99","","","","","","","RUN","","","","","","","N","","","","","","U","","","","","","","","1","",""
"2005198479","05","1","UNK","","UNK","","","UNK","","","","","","","","","","","","","U","","","","","","","","1","00000UNK","08"
"2005056139","05","3","908 BROADWAY ST. EXT.","","MASURY","OH","44438","PI$I MOTOR EXPRESS INC","8003212733","080000","","","","","N","","","","","","N","","","","","","","","1","00122443","08"
"2005056139","04","4","404 HAZELNUT DR.","","MONROEVILLE","PA","15146","JONATHAN WARD","4124963216","069700","","","","","N","","","","","","N","","A-00120791","","","","","","2","","04"
"2006003605","99","1","1821 BEAVER AVE","","PITTSBURGH","PA","15233","UNITED PARCEL SERVICE INC","8004272859","016000","","","","","","","","","","","U","","","","","","","","2","","98"
"2005129853","99","99","UNKNOWN","","UNKNOWN","ZZ","99999","UNKNOWN","9999999999","999999","","","","","","","","","","","U","","","","","","","","2","99999999","99"
"2005109499","05","1","601 STEEL ST","","ALIQUIPPA","PA","15001","PATH TRUCK LINES","8004537284","068000","","","","","N","","","","","","N","","A-00107156","","","","","","2","00201479","08"
"2005210393","00","99","WATERWORKS RD","","ROPEDALE","OH","43976","MARL LEWIS TRUCKING","","999999","","","","","N","","","","","331744","U","","PA-A001241","","","","","","1","0723845","06"
"2005195587","02","8","346 SIXTH AVE.","","PITTSBURGH","PA","15222","PORT AUTHORITY OF ALLEGHENY CO.","4125665500","","","","","","N","","","","","","N","","A-00976060","","","","","","1","","11"
"2005125454","05","2","55 ARROW ROAD","","NORTH YORK","ON","000M9M264","HARMAC TRANSPORTATION INC","4162714680","080000","","","","","N","","","","","000201249","N","","","","","","","","2","00299699","08"
"2005125454","02","3","445 MILLSTONE ROAD","","WESTON","WV","26452","VALLEY CHAPEL AUTO SALES","3042091814","025500","","","","","N","","","","","","N","","","","","","","","3","01335077","03"
"2005125456","05","1","2430 ROYAL WINDSOR DL","","OAKVILLE","ON","LGZ422","CARAVAN LOGISTICS INC","8888281727","080000","","","","","N","","","","","","N","","","","","","","","5","71528300","08"
"2005157438","02","8","2235 BEAVER AVE.","","PITTSBURGH","PA","15233","PORT AUTHORITY","4125665500","","","","","","N","","","","","","N","","A-00976060","","","","","","1","00000000","11"
"2005212116","00","7","121 BRICKYARD ROAD","","MARS","PA","16046","VOGEL DISPOSAL SERVICE INC","","073280","","","","","N","","","","","","U","","","","","","","","2","","04"
"2005109176","06","1","PO BOX 29243","","PHOENIX","AZ","85038","SWIFT TRANSPORTATION CO","8005759487","080000","","","","","N","","","","","","N","","","","","","","","1","00054283","06"
"2005151702","04","4","444 WILLOW CROSSING RD","","GREENSBURG","PA","15601","BRADISH GLASS","9999999999","073280","","","","","N","","","","","","U","","","","","","","","2","00028815","04"
"2005005282","03","1","2349 HUBBARD AVE.","","DECATUR","IL","62526","UNITED PARCEL SERVICE","7249254854","072000","","","","","N","","","","","","N","","","","","","","","2","00024796","08"
"2005406362","02","8","798 EKASTOWN ROAD","","SARVER","PA","99999","W K ROENICK INC","9999999999","999999","","","","","N","","","","","","N","","","","","","","","2","","11"
"2005044833","02","8","120 CHARLES ST","","PITTSBURGH","PA","15238","COUNCIL OF THREE RIVERS","9999999999","999999","","","","","N","","","","","","N","","","","","","","","2","","11"
"2005173708","04","99","200 NEAL DRIVE","","BLAIRSVILLE","PA","15717","TAYLOR SERVICE INCORPORATED","7244598901","073280","","","","","N","","","","","","U","","A-00108395","","","","","","1","00120871","05"
"2005077604","99","1","3100 E CARSON ST","","PITTSBURGH","PA","15203","FB FUHRER WHLS CO","4124888844","035000","","","","","N","","","","","","N","","","","","","","","1","","05"
"2005130341","04","99","2930 DUSS AVE","","AMBRIDGE","PA","15003","DIAMOND HEAD TRUCKING INC","7242665266","073280","","","","","N","","","","","000225047","N","","","","","","","","1","00471707","04"
"2005120018","99","99","UNKNOWN","","UNKNOWN","ZZ","99999","UNKNOWN","9999999999","","","","","","","","","","","","","","","","","","","","1","99999999","99"
"2005120018","99","99","UNKNOWN","","UNKNOWN","ZZ","99999","UNKNOWN","9999999999","","","","","","","","","","","","","","","","","","","","4","99999999","99"
"2005140006","02","0","1301 BEAVER AVENUE","","PITTSBURGH","PA","15233","YELLOW CAB OF PITTSBURGH","4123238100","","","","","","N","","","","","","N","","A-00049926","","","","","","2","","00"
"2005130206","03","99","705 S BLOOMINGTON RD","","LOWELL","AR","74745","JB HUNT","8007239029","800000","","","","","N","","","","","","N","","","","","","","","1","00080806","08"
"2005187810","01","8","WILLIAM FLYNN HWY","","GIBSONIA","PA","15044","MONARK STUDENT TRANSPORTATION","7244447766","036200","","","","","N","","","","","","N","","","","","","","","2","00000000","11"
"2005110490","02","1","6640 FRANKSTOWN ROAD","","PITTSBURGH","PA","15206","IRON CITY UNIFORM & TOWELL SRVC","4122423200","010000","","","","","N","1","","","","","N","","","","","","","","1","00343275","03"
"2005195943","05","1","14507 FRONTIER RD","","OMAHA","NE","68138","WERNER ENTERPRISES INC","8884937637","080000","","","","","N","","","","","","N","","","","","","","","4","00053467","06"
"2005128078","02","1","RJKC INDUSTRIAL PARK","","PITTSBURGH","PA","15233","STERLING PAPER","4127240550","033000","","","","","N","","","","","","N","","","","","","","","2","00352223","03"
"2005153375","02","8","573 E BRADDOCK AVE","","PITTSBURGH","PA","15112","PARATRANSIT SERVICE","4128241362","999999","","","","","N","","","","","","N","","","","","","","","1","00000000","11"
"2005117803","02","1","8650 BROOKPARK RD","","BROOKLYN","OH","44129","ALLSTATE OHIO LEASING LLC","3302209643","","","","","","N","","","","","","","","","","","","","","2","00108333","03"
"2005199069","02","8","2235 BEAVER AVE","","PITTSBURGH","PA","15233","PORT AUTHORITY OF ALLEGHEY CO.","4124422000","","","","","","N","","","","","","N","","","","","","","","1","00000000","11"
"2005087810","03","7","73A NOBLESTOWN RD","","CARNEGIE","PA","15106","BFI WASTE SERVICE INC","4124292600","056000","","","","","N","","","","","","N","","","","","","","","2","00962087","04"
"2005158832","02","1","75 OLD ROUTE 66","","DELMONT","PA","15626","SCHWANS CONSUMER BRANDS OF NORTH","7244680088","030000","","","","","N","","","","","","N","","","","","","","","1","01067095","03"
"2005408882","99","99","1645 ROUTE 136","84 PE","84 PENNSYLVANIA","PA","15330","ESTES EXPRESS LINES","7242254477","080000","","","","","N","","","","","000097275","N","","A-00110475","","","","","","2","00121018","06"
"2005403826","05","2","2797 FREELAND RD","PO BOX 1600","HERMITAGE","PA","16148","INTERSTATE CHEMICAL CO INC","7249813777","080000","1","8","3","","Y","1","1","1","1","","N","","A-00138182","","","","","","2","00819614","06"
"2005150136","04","5","415 UNITY CENTER RD","","PITTSBURGH","PA","15239","TRESCO CONCRETE","7244680255","073280","","","","","N","","","","","","Y","","","","","","","","1","","04"
"2005403867","99","99","1650 MAIN ST","","SHARPSBURG","PA","15215","DUNBAR ARMORED","9999999999","999999","","","","","N","","","","","","N","","","","","","","","2","","98"
"2005121710","02","1","2349 HUBBARD AVE","","DECATUR","IL","62520","UNITED PARCEL SERVICE INC","7249254863","072000","","","","","N","","","","","","","","","","","","","","2","00024296","08"
"2005200933","00","8","223 CLEVER ROAD","","MCKEES ROCKS","PA","15136","MONTOUR SCHOOOL DISTRICT","","999999","","","","","N","","","","","","N","","","","","","","","2","","10"
"2005402027","02","8","24 S EIGHTH STREET","","PITTSBURGH","PA","15203","FIRST STUDENT INC","9999999999","099999","","","","","N","","","","","","N","","","","","","","","2","","11"
"2005105313","99","2","120 HILLTOP BLVD","","CANFIELD","OH","44406","HILLTRUX TANK LINES","9999999999","999999","9","","","","Y","1","","","","","N","","","","","","","","2","","08"
"2005173710","02","8","345 6TH AV","","PGH","PA","15222","PORT AUTHORITY TRANSIT","4122444000","039500","","","","","N","","","","","","N","","A-00976060","","","","","","2","","11"
"2005200935","00","1","UNKNOWN ADDRESS","","UNKNOWN","ZZ","999999999","UNKNOWN CARRIER","","999999","","","","","N","","","","","","U","","","","","","","","2","","08"
"2005128175","01","4","63 GRANGE ROAD","","MCDONALD","PA","15057","SEKEL BROTHERS EXCAVATION","4127452785","054999","","","","","N","","","","","","N","","","","","","","","1","","09"
"2005160205","99","0","55 38TH ST","","PGH","PA","15208","PENSKE TRUCK LEASING","7248691633","","","","","","N","","","","","","N","","","","","","","","3","00310582","08"
"2005127042","03","7","73A WEST NOBLESTOWN RD","","CARNEGIE","PA","15106","BFI","4124292600","073000","","","","","N","","","","","","N","","","","","","","","2","00962087","04"
"2005413244","02","8","345 6TH AVE 3RD FLOOR","","PITTSBURGH","PA","152272527","PORT AUTHORITY","4124422000","","","","","","N","","","","","","","","","","","","","","1","00000000","11"
"2005201604","00","8","309 COLLINS DR","","PITTSBURGH","PA","15235","PENN HILLS SCHOOL DISTRICT","","999999","","","","","N","","","","","","N","","","","","","","","2","","10"
"2005111482","02","8","345 6TH AVE","","PGH","PA","15222","PORT AUTHORITY ALLY CONTY","4124422000","038000","","","","","N","","","","","","N","","A-00976060","","","","","","1","","11"
"2005160535","05","1","103 DUBILOCHEN DRIVE N","","ST DONARUS","IA","52071","J TRUCKING","5637738629","080000","","","","","N","","","","","","N","","","","","","","","2","00543574","08"
"2005056026","02","1","1515 WORTHINGTON AVE","","CLAIRTON","PA","15025","KURT J LESKER CO","4122334200","026000","","","","","N","","","","","","N","","","","","","","","2","00433412","03"
"2005195632","05","1","4821 CORPORATE ST","","CANTON","OH","44706","BLUE VELVET TRANSPORT INC","8008218709","080000","","","","","N","","","","","001576910","N","","A-00414101","","","","","","1","00021103","08"
"2005185401","99","1","16 INGRAM AVE","","PITTSBURGH","PA","15205","RYDER TRUCK RENTAL LT","9999999999","099999","","","","","N","","","","","","N","","","","","","","","3","99999999","08"
"2005005519","02","8","345 SIXTH AVE","","PGH","PA","15222","PORT AUTHORITY OF AC","4126655500","","","","","","N","","","","","","N","","A-00976060","","","","","","2","","11"
"2005085492","02","8","345 FIFTH AVENUE","3RD FLOOR","PITTSBURGH","PA","15133","PORT AUTHORITY OF ALLEGHENY CO","4124422000","999999","","","","","N","","","","","","N","","A-00976060","","","","","","1","","11"
"2005419312","02","8","2990 DUSS-AVE","","AMBRIDGE","PA","15003","RJ-RHODES-TRASIT","7242664322","029800","","","","","N","","","","","000168867","N","","A-00104863","","","","","","1","00239894","11"
"2005112689","02","8","345 6TH AVE","","PITTSBURGH","PA","152222527","PORT AUTHORITY OF ALLEGHENY CO.","4124422000","","","","","","N","","","","","","N","","A-00976060","","","","","","1","","11"
"2005052865","03","8","345 SIXTH AVE","","PITTSBURGH","PA","15222","PORT AUTHORITY OF ALLEGHENY COUN","4124422000","","","","","","N","","","","","","N","","A-00976060","","","","","","1","","11"
"2005128568","99","1","15232 STONEY CREED","ROAD","NOBLESVILLE","IN","46060","KNIGHT TRANSPORTATION","0000000000","080000","","","","","N","","","","","","N","","","","","","","","1","00042882","06"
"2005128568","99","2","903 FREEPORT ROAD","","CREIGHTON","PA","15030","ORRIS FUEL","7242260580","080000","3","","","","Y","1","","","","","N","","","","","","","","2","00447674","06"
"2006002555","03","99","5816 RIPPEY ST","","PITTSBURGH","PA","15206","GROVER WALKER","4122923363","","","","","","","","","","","","","","","","","","","","1","","98"
