"CRN","AXLE_CNT","CARGO_BD_TYPE","CARRIER_ADDR_1","CARRIER_ADDR_2","CARRIER_ADDR_CITY","CARRIER_ADDR_STATE","CARRIER_ADDR_ZIP","CARRIER_NM","CARRIER_TEL","GVWR","HAZMAT_CD1","HAZMAT_CD2","HAZMAT_CD3","HAZMAT_CD4","HAZMAT_IND","HAZMAT_REL_IND1","HAZMAT_REL_IND2","HAZMAT_REL_IND3","HAZMAT_REL_IND4","ICC_NUM","OSIZE_LOAD_IND","PERMITTED","PUC_NUM","SPECIAL_SIZING1","SPECIAL_SIZING2","SPECIAL_SIZING3","SPECIAL_SIZING4","TYPE_OF_CARRIER","UNIT_NUM","USDOT_NUM","VEH_CONFIG_CD"
"2018009323","02","8","513 LOWELL ST.","","VANDERGRIFT","PA","15690","W.L. ROENIGK","7243531515","","","","","","N","","","","","","N","","A110238","","","","","","1","00153855","11"
"2018031235","02","99","4740 STREETS RUN RD","","PITTSBURGH","PA","15236","A MERANTE CONTRACTING INC","4128844485","999999","","","","","N","","","","","","N","","","","","","","","3","01349719","98"
"2018097443","05","6","593 MALE ROAD","","WIND GAP","PA","18091","BROTHERS AUTO TRANSPORT LLC","6108630200","080000","","","","","N","","","","","","N","","","","","","","","1","00621208","08"
"2018065559","99","99","132 ABERDEEN DR","","ABERDEEN","PA","16066","WILLIAM L ALDER","9999999999","033000","","","","","N","","","","","","N","","","","","","","","2","","99"
"2018005641","03","6","10701 MIDDLEBELT RD","","ROMULUS","MI","48174","URS MIDWEST INC","7349473585","080000","","","","","N","","","","","","N","","","","","","","","4","00790261","08"
"2018107655","99","0","1535 WEBSTER ST","","GARY","IN","46406","UNIVERSAL TRUCKLOAD","9999999999","999999","","","","","N","","","","","","N","","","","","","","","2","","00"
"2018052780","02","1","3132 INDUSTRIAL BLVD","","SOUJT PARK","PA","15102","SOUTH HILLS MOVERS","4128079441","026000","","","","","N","","","","","","N","","999999","","","","","","1","09999999","03"
"2018051242","02","8","900 ELICKER RD","","PLUM","PA","15239","PLUM SCHOOL DISTRICT","4127986388","","","","","","","","","","","","","","","","","","","","1","","11"
"2018044828","05","3","806 PENNSYLVANIA 910 P.","","INDIANOLA","PA","15051","AMERICAN CONTRACTORS EQUIPMENT","4128286960","080000","","","","","N","","","","","","N","","","","","","","","2","00273549","08"
"2018082131","03","1","433 OAKGLEN RD","","HOWELL","NJ","07731","UNIFY","7323677901","","","","","","N","","","","","","N","","","","","","","","1","00179097","00"
"2018097663","03","99","3379 STAFFORD STREET","","PITTSBURGH","PA","15204","BEITLER TRUCKING INC","4127714204","080000","","","","","N","","","","","","N","","","","","","","","3","00335946","08"
"2018072057","03","7","414 GRANT ST","","PITTSBURGH","PA","15219","CITY OF PITTSBURGH","6147498932","","","","","","N","","","","","","N","","","","","","","","2","99999999","04"
"2018022842","05","4","3552 RT 66","","EXPORT PA.","PA","15632","A D WEAVER SERVICES INC.","9999999999","080000","","","","","N","","","","","","N","","00105182","","","","","","1","00345017","08"
"2018045161","05","1","482 COPELAND RD","","FALLSTON","MD","21047","STILL WATERS ENTERPRISES","4438078191","080000","","","","","N","","","","","","N","","","","","","","","2","01880751","08"
"2018073472","05","1","7135 CENTENNIAL PLACE","","NASHVILLE","TN","37209","WESTERN EXPRESS INC.","8774593604","080000","","","","","N","","","","","","N","","","","","","","","1","00511412","08"
"2018009295","99","99","376 FREEPORT RD","","BLAWNOX","PA","15238","BLAWNOX VOLE FIRE CO","9999999999","999999","","","","","N","","","","","","N","","","","","","","","2","","99"
"2018036954","02","99","818 SUMMIT ST","","MCKEESPORT","PA","15132","CLYDE SEYBERT","4126784177","007000","","","","","N","","","","","","N","","99999","","","","","","2","00000999","98"
"2018068219","02","99","915 SOUTH DAVIS AVENUE","","ELKINS RAND","WV","26241","IRON MOUNTAIN SPECIALIZED INC.","3046302560","","","","","","N","","","","","","N","","","","","","","","2","02178933","04"
"2018003772","02","8","101 CASTLEVIEW RD","","PITTSBURGH","PA","15234","MATTHEWS BUS COMPANY","4123848810","","","","","","N","","","","","","N","","","","","","","","1","01245654","11"
"2018014224","05","1","150 VILLAGE CT","","CAROL STREAM","IL","60188","BLACKHORSE CARRIERS","6306908900","065000","","","","","N","","","","","","N","","","","","","","","2","00000000","08"
"2018123646","02","8","2235 BEAVER AVENUE","","PITTSBURGH","PA","15233","PORT AUTHORITY","4124422000","","","","","","N","","","","","","N","","A-00976060","","","","","","1","","11"
"2018015492","02","8","345 6TH AVENUE","","PITTSBURGH","PA","15222","PORT AUTHORITY ALLEGHENY COUNTY","4124422000","","","","","","N","","","","","","N","","A-00976060","","","","","","2","","11"
"2018113929","02","8","345 6TH AVE. 3RD FLOOR","","PITTSBURGH","PA","15222","PORT AUTHORITY OF ALLEGHENY COUN","4124422000","","","","","","N","","","","","","N","","A-00976060","","","","","","2","","11"
"2018075188","99","0","118 MAGNOLIA DR","","GLENSHAW","PA","15116","WILLIAM KASS","9999999999","011000","","","","","N","","","","","","N","","","","","","","","2","","02"
"2019027639","05","0","101 KAPPA DR","","PITTSBURGH","PA","15238","TALON LOGISTICS INC","4129193330","080000","","","","","N","","","","","","N","","","","","","","","2","00030237","06"
"2018057283","05","6","15329 SW 69TH LN","","MIAMI","FL","33193","GMC TRANSPORTATION INC","5016723636","018000","","","","","N","","","","","","N","","","","","","","","2","03089446","08"
"2018129952","02","8","345 SIXTH AVENUE","","PITTSBURGH","PA","15222","PORT AUTHORITY OF ALLEGHENY CO","4124422000","050000","","","","","","","","","","","","","A-00976060","","","","","","2","","11"
"2018027072","01","4","167 POPLAR STREET","","MCKEES ROCKS","PA","15136","TJR CONCRETE","4122288507","011500","","","","","N","","","","","","N","","","","","","","","1","99999999","05"
"2018043699","02","1","2200 ROBINSON BLVD","","PITTSBURGH","PA","15221","WILKINSBURG-PENN JOINT WATER AUT","4122436200","010000","","","","","N","","","","","","N","","A-99999999","","","","","","1","99999999","03"
"2018083241","05","3","PO BOX 920","","WEEDSPORT","NY","13166","PAGE TRANSPORTATION INC.","8147304268","080000","","","","","N","","","","","","N","","","","","","","","4","00211745","06"
"2018089109","04","1","2036 E WILLIAMS RD","","COLUMBUS","OH","43207","UNITED STATES CARGO AND COURIER","4123817350","","","","","","N","","","","","","N","","","","","","","","2","02198987","05"
"2019021368","02","8","2235 BEAVER AVE","","PITTSBURGH","PA","15233","PORT AUTHORITY ALLEGENY COUNTY","4122551385","","","","","","N","","","","","","N","","A-00976060","","","","","","2","","11"
"2018092923","02","1","174 ONIEDA VALLEY ROAD","","BUTLER","PA","16001","HUNTER IDEALEASE","7242820641","014968","","","","","N","","","","","","N","","","","","","","","1","02383163","98"
"2018093234","","99","P.O. BOX 15701","","LITTLE ROCK","AR","70022","MAIL CONTRACTORS OF AMERICA","9047814738","","","","","","N","","","","","","N","","","","","","","","1","00448797","08"
"2018078660","02","7","RR BOX 717","","SCOTTDALE","PA","15683","GREENRIDGE WASTE SERVICES","4122776319","058400","","","","","N","","","","","","N","","","","","","","","1","00960505","00"
"2018090562","03","99","300 SCOTTDALE AVE.","","SCOTTDALE","PA","15683","PENNLINE SERVICE INC.","7248872106","066000","","","","","N","","","","","","U","","","","","","","","1","00093930","04"
"2018130974","03","1","2 FEARNOT RD., P.O. BOX","","SACRAMENTO","PA","17968","MASSER LOGISTICS SERVICES INC","5706823709","080000","","","","","N","","","","","","N","","","","","","","","1","02378628","08"
"2018112537","99","0","7176 STATE ROUTE 88","","RAVENNA","OH","44266","STV LOGISTICS LLC","9999999999","999999","","","","","N","","","","","","N","","","","","","","","1","","00"
"2018049288","02","1","146 SIMPSON RD","","GREENSBURG","PA","15601","CLAY'S TRUCK RENTAL AND TRUCK RE","7249258710","011000","","","","","N","","","","","","N","","","","","","","","2","02483840","03"
"2018103572","02","3","2559 STATE ROUTE 88","","FINLEYVILLE","PA","15332","W.G. TOMKO","7243482000","033000","","","","","N","","","","","","N","","","","","","","","2","00076090","03"
"2018090344","02","8","60 54TH STREET","","PITTSBURGH","PA","15201","A1 TRANSIT","4127816170","015703","","","","","N","","","","","","N","","","","","","","","1","00960138","11"
"2018004256","03","3","3710 HENDRICKS ROAD","","AUSTINTOWN","OH","44514","PENN OHIO LEASING LLC","3307998762","080000","","","","","N","","","","","","N","","","","","","","","2","00863408","06"
"2018019124","02","3","40 N. DUANE STREET","","PITTSBURGH","PA","15205","THEODORE TRIESCHOCK","4128535848","016500","","","","","N","","","","","","N","","","","","","","","2","02143934","03"
"2018012499","02","8","2235 BEAVER AVE.","","PITTSBURGH","PA","15233","PORT AUTHORITY  ALLEGHENY COUNTY","4124422000","","","","","","N","","","","","","N","","A-00976060","","","","","","2","","11"
"2018096256","02","99","2158","HARVEY AVENUE","EAST LIVERPOOL","OH","43920","RICE HOLDINGS ENTERPRISES INC","3303680739","","","","","","N","","","","","","N","","","","","","","","1","02824031","05"
"2018111704","03","3","2747 LEGIONVILLE RD","","AMBRIDGE","PA","15003","BEEMAC TRUCKING","7242668781","080000","","","","","N","","","","","","N","","A00116640","","","","","","1","00388467","08"
"2018111704","02","1","601 THORN ST","","SEWICKLEY","PA","15143","BOROUGH OF SEWICKLEY","4127418990","033000","","","","","N","","","","","","N","","9999999999","","","","","","2","99999999","03"
"2018008295","05","3","1920 S SR 3","","RUSHVILLE","IN","46173","FRALEY AND SCHILLING INC","5742751445","","","","","","N","","","","","","","","1529","","","","","","1","00125465","98"
"2018081206","03","4","1504 ORANGEWOOD AVE","","PITTSBURGH","PA","15216","DARYL HOUSTON TRUCKING","4124755985","","","","","","N","","","","","","N","","A-00122456","","","","","","1","02102596","04"
"2018051388","02","1","14002 EAST 21ST ST","","TULSA","OK","74134","EAN HOLDINGS","9999999999","025999","","","","","N","","","","","","N","","","","","","","","2","99999999","03"
"2018054709","03","8","3640 OLD OAKDALE RD.","","MCDONALD","PA","15057","SOUTH FAYETTE TOWNSHIP SCHOOL DI","4122214542","","","","","","N","","","","","","N","","","","","","","","2","","11"
"2018029610","02","1","5417 GLENWOOD AVE","","PITTSBURGH","PA","152071847","RAMSEY'S DELIVERY LLC","4129739967","025999","","","","","N","","","","","","N","","","","","","","","2","02963731","03"
"2018048811","02","4","JOHN F. COLEMAN","251 CEMETERY ROAD","SALTSBURG","PA","15681","TAYLOR SERVICES INC","4125890369","073280","","","","","N","","","","","","N","","A108395","","","","","","2","00120871","09"
"2018023639","02","8","345 SIXTH AVENUE","","PITTSBURGH","PA","15222","PORT AUTHORITY OF ALLEGHENY CO.","4124422000","039600","","","","","N","","","","","","N","","A-00976060","","","","","","2","","11"
"2018025218","02","1","495 PITTSBURGH ROAD","","BUTLER","PA","16002","HUNTER LEASING LLC","7242820641","","","","","","N","","","","","","","","","","","","","","1","02383163","03"
"2018041076","03","3","18412 PIGEON ROOST RD","","HOWARD","OH","43028","PAUL J. STEIN","7405046507","008000","","","","","N","","","","","","N","","","","","","","","1","00809428","08"
"2018056490","03","7","139 VICTORY RD","","TARENTUM","PA","15084","MORROW REFUSE INC","7242652491","073280","","","","","N","","","","","","N","","","","","","","","2","00400538","09"
"2018017031","02","1","8051 STEUBENVILLE PIKE","","OAKDALE","PA","150719376","NAPPIES FOOD SERVICE","7246953500","026000","","","","","N","","","","","","N","","722682","","","","","","1","00984105","03"
"2018011602","02","8","2235 BEAVER AVENUE","","PITTSBURGH","PA","15233","PORT AUTHORITY OF ALLEGHENY COUN","4124222000","","","","","","N","","","","","","N","","A-00976060","","","","","","1","","11"
"2018072545","04","4","756 STATE ROUTE 56 E","","APOLLO","PA","15613","OLLIVER SERVICE LLC","7244480208","073280","","","","","N","","","","","","U","","A-00119015","","","","","","1","01458324","09"
"2018093661","02","1","PO BOX 21508","","PHOENIX","AZ","850361508","UHAUL COMPANY OF ARIZONA","9999999999","999999","","","","","N","","","","","","N","","","","","","","","1","99999999","03"
"2019076356","99","1","UNKNOWN","","UNKNOWN","ZZ","99999","UNKNOWN","9999999999","999999","","","","","N","","","","","","N","","","","","","","","2","","08"
"2018081055","04","8","345 SIXTH AVE","","PITTSBURGH","PA","15222","ALLEGHENY COUNTY PORT AUTHORITY","4124422000","","","","","","N","","","","","","","","A-00976060","","","","","","1","","11"
"2018093438","02","8","1720 W NORTH AVE","","PITTSBURGH","PA","15223","FIRST STUDENT","4123224449","","","","","","N","","","","","","N","","235843","","","","","","1","00125089","11"
"2018061066","06","3","1210 AIRBRAKE AVE","","TURTLE CREEK","PA","15145","PENNA EQUIPMENT RENTAL","4124757629","073280","","","","","N","","","","","","N","","","","","","","","2","","06"
"2018072713","04","8","345 SIXTH AVE","","PITTSBURGH","PA","15222","ALLEGHENY COUNTY PORT AUTHORITY","4124422000","","","","","","N","","","","","","N","","A-00976060","","","","","","2","","11"
"2018017805","04","8","345 SIXTH AVE","","PITTSBURGH","PA","15222","ALLEGHENY COUNTY PORT AUTHORITY","4124422000","","","","","","N","","","","","","N","","A-00976060","","","","","","2","","11"
"2018072545","03","99","7101 W 17TH AVE","","GARY","IN","46406","SCHNEIDER NATIONAL CARRIERS INC","9205922000","080000","","","","","N","","","","","","U","","","","","","","","4","00264184","08"
"2018138615","05","3","229 OLD CAUSEWAY RD","","ATLANTIC BEACH","NC","28512","EXPEDITED LOGISTIC SOLUTIONS LLC","9197785777","080000","","","","","N","","","","","","N","","","","","","","","2","02074781","08"
"2018008811","03","4","2930 DUSS AVENUE","","AMBRIDGE","PA","15003","HG VENTURES INC.","7242665216","073280","","","","","N","","","","","","N","","","","","","","","1","02127975","04"
"2018061256","02","1","1821 BEAVER AVE.","","PITTSBURGH","PA","15233","UNITED PARCEL SERVICE INC","8007425877","015200","","","","","N","","","","","","N","","","","","","","","1","00021800","02"
"2018069805","99","8","798 EKASTOWN ROAD","","SARVER","PA","16055","W L ROENIGK INC","7243531515","","","","","","N","","","","","","N","","","","","","","","1","00153855","10"
"2018053470","03","7","121 BRICKYARD RD","","MARS","PA","16046","VOGEL DISPOSAL SERVICES INC","7246251511","073280","","","","","N","","","","","","N","","","","","","","","2","00290052","04"
"2018052964","04","3","2000 COMMERCE LOOP STE","","N HUNTINGDON","PA","15642","ALLEGHENY RECOVERY CORP.","4122605514","073280","","","","","N","","","","","","N","","","","","","","","1","02088083","04"
"2018050654","02","3","PO BOX A","","VALLEY GROVE","WV","19603","NATIONAL ROAD UTILITY SUPPLY INC","7249808795","026000","","","","","N","","","","","","N","","","","","","","","2","00425936","05"
"2018116166","06","2","514 WEST HIGH ST","","WAYNESBURG","PA","15370","LEVINE'S IRON AND METAL INC","7246275939","080000","","","","","N","","","","","","N","","","","","","","","2","00084273","08"
"2018099781","02","8","2235 BEAVER AVE","","PITTSBURGH","PA","15233","PORT AUTHORITY OF ALLEGHENY CO","4124422000","","","","","","N","","","","","","N","","A-00976060","","","","","","1","","11"
"2018006136","01","3","109 MCCLURE STREET","","DRAVOSBURG","PA","15034","C&D TOWING & RECOVERY","4124699380","018000","","","","","N","","","","","","N","","99999","","","","","","1","00099999","02"
"2018043994","02","8","9 CRESENT ST.","","ETNA","PA","15223","AKS TRANSPORTATION","4127818981","023500","","","","","N","","","","","","U","","9999999999","","","","","","2","99999999","11"
"2018020960","03","99","2 RUTGERS ROAD","","CRAFTON","PA","15205","MONTEVERDES INC","4129229200","026000","","","","","N","","","","","","U","","","","","","","","1","00364385","04"
"2018104053","99","1","PO BOX 21508","","PHOENIX","AZ","85036","U-HAUL CO OF ARIZONA","9999999999","999999","","","","","N","","","","","","N","","","","","","","","1","","09"
"2018006544","03","0","4000 CLINE AVENUE","","EAST CHICAGO","IN","46312","PENSKE","3304691254","080000","","","","","N","","","","","","N","","","","","","","","2","00327574","08"
"2018045362","02","3","11040 PERRY HWY","","WEXFORD","PA","150908331","BEST TILE DISTRIBUTORS OF PITTSB","7249356965","010000","","","","","N","","","","","","N","","","","","","","","3","00458101","03"
"2018007375","02","1","971 BRIARSDALE RD","","HARRISBURG","PA","17109","RYDER TRUCK RENTAL INC","7175616022","","","","","","N","","","","","","N","","","","","","","","1","00016130","03"
"2018003382","02","3","4701 ROLAND RD.","","ALLISON PARK","PA","15101","AARMARK LAND MANAGEMENT","4124875191","039500","","","","","N","","","","","","N","","","","","","","","2","01864766","03"
"2018090742","02","1","16 OXFORD ST","","HALEDON","NJ","07508","JJB ENTERPRISE INC","9545630488","","","","","","N","","","","","","N","","118608","","","","","","2","03171325","08"
"2018088723","05","3","5020 THOMS RUN RD","","OAKDALE","PA","15071","INDEPENDENT EQUIPMENT TRANSFER","4122570808","","","","","","N","","","","","","U","","PT-7027X","","","","","","2","00479580","08"
"2018038779","03","8","UNAVAILABLE","","UNAVAILABLE","PA","00000","UNAVAILABLE","0000000000","000000","","","","","N","","","","","","N","","0000000000","","","","","","1","00000000","11"
"2018073497","04","5","13450 SURRISE VALLEY DR","","HERDON","VA","20171","LAFARGE","4129223171","072000","","","","","N","","","","","","N","","","","","","","","1","00323988","09"
"2018127189","02","3","2747 LEGIONVILLE ROAD","","AMBRIDGE","PA","15003","BEEMAC TRUCKING LLC","7242668781","","","","","","N","","","","","","N","","A00116640","","","","","","2","00388467","08"
"2018034787","02","1","18741 SHELDON ROAD","","MIDDLEBURG HEIGHTS","OH","44130","FATHEAD'S BREWERY","4124317433","005020","","","","","N","","","","","","N","","99","","","","","","2","99999999","02"
"2018045595","05","1","12161 S CENTRAL AVE #209","","ALSIP","IL","60803","IMPEL UNION INC","6303660544","080000","","","","","N","","","","","","N","","","","","","","","1","01102122","08"
"2018136817","02","8","1325 SCOTLAND AVENUE","","PUXSUTAWNEY","PA","15767","KRISE TRANSPORTATION","8149386200","014000","","","","","N","","","","","","","","","","","","","","1","00550782","11"
"2018106064","02","3","630 5TH AVENUE","","EAST MCKEESPORT","PA","15035","REDZ TRANSPORT DIVISION LLC","4122998659","019500","","","","","N","","","","","","N","","","","","","","","1","02783524","03"
"2018106064","02","1","1 JOHN STREET","","MCKEES ROCKS","PA","15136","RED DIAMOND TRUCKING COMPANY INC","4127788877","026000","","","","","N","","","","","","N","","","","","","","","2","01738977","03"
"2018008867","02","8","200 HAHN ROAD","","PITTSBURGH","PA","15209","FIRST STUDENT INC","4128313112","","","","","","N","","","","","","N","","","","","","","","1","99999999","11"
"2019001838","02","1","2990 DUSS AVE","","AMBRIDGE","PA","15003","RJ RHODES TRANSIT","7242664322","002470","","","","","N","","","","","","N","","","","","","","","2","00009999","98"
"2018028291","03","1","1-71 NORTH AVENUE EAST","","ELIZABETH","NJ","07201","NEW ENGLAND MOTOR FREIGHT INC","9089650100","080000","","","","","N","","","","","","N","","","","","","","","1","00031120","06"
"2018083244","02","1","12301 CUMBERLAND RD","","FISHERS","IN","46038","US FOODS","8004426414","065952","","","","","N","","","","","","N","","","","","","","","2","00745614","03"
"2018025543","02","8","2235 BEAVER AVE.","","PITTSBURGH","PA","15233","PORT AUTHORITY- ALLEGHENY CO.","4125665214","026000","","","","","N","","","","","","N","","A-00976060","","","","","","2","","11"
"2018104635","02","8","2235 BEAVER AVE","","PGH","PA","15233","PORT AUTHORITY OF ALLEGHENY COUN","4124422000","","","","","","N","","","","","","N","","A-00976060","","","","","","2","","11"
"2018014252","05","2","4 WOODLAWN RD","","ALIQUIPPA","PA","150011500","ANDREWS LOGISTICS","7243022365","070000","","","","","N","","","","","","N","","","","","","","","1","00736714","06"
"2018024810","05","1","336 W. US30","","VALPARAISO","IN","46385","ARL TRANSPORT LLC","4124613020","080000","","","","","N","","","","","","N","","","","","","","","1","00186375","08"
"2019009354","99","1","2747 LEGIONVILLE","","AMBRIDGE","PA","15003","BEEMAC","9999999999","080000","","","","","N","","","","","","N","","A-00115904","","","","","","1","00267259","08"
"2019009354","99","3","2747 LEGIONVILLE","","AMBRIDGE","PA","15003","BEEMAC","9999999999","080000","","","","","N","","","","","","N","","A-00115904","","","","","","3","00267259","06"
"2018014028","04","8","345 SIXTH AVE","","PITTSBURGH","PA","15222","ALLEGHENY COUNTY PORT AUTHORITY","4124422000","","","","","","N","","","","","","N","","A-00976060","","","","","","1","","11"
"2018059503","04","4","2255 ROUTE 217 SOUTH","","BLAIRSVILLE","PA","157174300","TAYLOR SERVICES INC.","7244598900","073280","","","","","N","","","","","","N","","MC125799","","","","","","2","00120871","04"
"2018015185","05","99","7467 OLD 421S","","DEEP GAP","NC","28618","CRITCHER BROTHER PRODUCE","8282620608","080000","","","","","N","","","","","","N","","","","","","","","1","00016456","08"
"2018130116","05","1","14507 FRONTIER RD.","","OMAHA","NE","68138","WERNER ENTERPRISES INC.","4028956640","","","","","","N","","","","","","N","","7575-1","","","","","","1","00053467","06"
"2018044872","02","8","415 REBECCA ST","","MCKEESPORT","PA","15132","PENNSYLVANIA COACH LINES INC","4126640911","029800","","","","","N","","","","","","N","","110334","","","","","","1","00465361","11"
"2018074672","02","4","5143 VILLAVIEW DRIVE","","PITTSBURGH","PA","15236","JBIRDS LANDSCAPING LLC","4122240639","019600","","","","","N","","","","","","N","","","","","","","","3","02139442","03"
"2018080167","02","8","2235 BEAVER AVENUE","","PITTSBURGH","PA","15233","PORT AUTHORITY OF ALLEGHENY COUN","4125665500","050000","","","","","N","","","","","","N","","A-00976060","","","","","","1","","11"
"2018107578","05","3","1300 CRAFTON BLVD.","","PITTSBURGH","PA","15205","EABRON TRUCK SERVICE INC.","4129219928","080000","","","","","N","","","","","","N","","","","","","","","3","00085172","08"
"2018121729","03","4","3344 CHURCHVIEW AVE","","PITTSBURGH","PA","15227","BALDWIN BOROUGH","4128818000","033000","","","","","N","","","","","","","","","","","","","","1","","04"
"2018139373","05","1","3100 INDUSTRIAL PARKWAY","","JEFFERSONVILLE","IN","47130","RYDER TRUCK RENTAL INC","7245160221","080000","","","","","N","","","","","","N","","","","","","","","2","00165420","08"
"2018011461","02","8","2235 BEAVER AVENUE","","PITTSBURGH","PA","15233","PORT AUTHORITY OF ALLEGHENY CO","4122377000","","","","","","","","","","","","","","","","","","","","2","00012345","11"
"2018011870","02","3","316 WEST GRAND AVE","","PITTSBURGH","PA","15110","S&J TOWING AND RECOVERY","4125374931","","","","","","N","","","","","","N","","","","","","","","2","01694962","03"
"2018035398","03","3","PO BOX 1774","","DES MOINES","IA","50036","TMC","8002472460","080000","","","","","N","","","","","","N","","","","","","","","2","00087409","06"
"2018078995","02","8","2235 BEAVER AVENUE","","PITTSBURGH","PA","15233","PORT AUTHORITY ALLEGHENY CO.","4124422000","","","","","","N","","","","","","N","","A-00976060","","","","","","1","","11"
"2018009706","02","8","1395 SARVER RD.","","FREEPORT","PA","16229","VALLEY LINES,INC","7242870003","","","","","","N","","","","","","N","","","","","","","","1","00901821","11"
"2018069954","02","1","7903 SALTSBURG RD","","PITTSBURGH","PA","15239","SUPERIOR WINDOWS","4127870533","","","","","","N","","","","","","","","","","","","","","2","00099999","03"
"2018127062","05","1","100-110 W COLUMBIA ST","","SCHUYLKILL HAVEN","PA","17972","EVANS DELIVERY CO, INC","8006667885","080000","","","","","N","","","","","","U","","","","","","","","1","00038111","08"
"2018079134","04","1","8300 LANCASTER-NEWARK R","","BALTIMORE","OH","43105","WARNER EXPRESS LLC","7404673000","080000","","","","","N","","","","","","N","","","","","","","","2","00016130","08"
"2018078864","03","1","UNKNOWN","","UNKNOWN","AZ","99999","U-HAUL","9999999999","","","","","","N","","","","","","U","","","","","","","","2","99999999","99"
"2018136887","02","1","4000 CLINE AVE","","EAST CHICAGO","IN","46312","PENSKE TRUCK LEASING","9085486025","000000","","","","","N","","","","","","N","","","","","","","","2","02438879","03"
"2019009673","05","4","200 NEAL DR","","BLAIRSVILLE","PA","15717","TAYLOR SERVICES INC","7244518901","080000","","","","","N","","","","","","N","","","","","","","","2","00120871","09"
"2018005108","02","1","2 AVENUE AND GREENWOOD STREET","","ALTOONA","PA","16603","WARD TRUCKING","4128283777","031000","","","","","N","","","","","","N","","68795","","","","","","1","00008485","03"
"2018121135","02","3","100 GLOBAL VIEW DR","","PITTSBURGH","PA","15086","MR FLUSH LLC","4125802829","017950","","","","","N","","","","","","N","","","","","","","","2","02505332","05"
"2018077266","03","2","11815 W BRADLEY RD","","MILWAUKEE","WI","53224","QUICK FUEL FLEET SERVICES LLC","8005226287","","3","3","","","Y","1","1","","","","N","","","","","","","","1","00469011","04"
"2018086541","03","7","370 N MAIN ST","","SMYRNA","DE","19977","JOCCCA EQUIP RENTAL LLC","3023761830","073280","","","","","N","","","","","","N","","","","","","","","1","02592941","04"
"2018086541","05","3","370 N MAIN ST","","SMYRNA","DE","19977","JOCCCA EQUIP RENTAL LLC","3023761830","080000","","","","","N","","","","","","N","","","","","","","","2","02592941","08"
"2018043846","99","3","7587 FRANKLIN RD","","CRANBERRY TWP","PA","16066","STATE PIPE SERVICE INC","7245383900","080000","","","","","N","","","","","","N","","","","","","","","2","00437396","06"
"2018014034","02","8","60 54TH STREET","","PITTSBURGH","PA","15201","A1 TRANSIT","4127932700","","","","","","N","","","","","","N","","","","","","","","2","00999999","11"
"2018048750","04","4","1251 RUSSELLTON RD, PO","","CHESWICK","PA","15024","TESONE TRANSPORT INC","7242742250","074900","","","","","N","","","","","","N","","","","","","","","2","00507931","04"
"2018017509","02","1","1821 BEAVER AVE","","PITTSBURGH","PA","15233","UNITED PARCEL SERVICE","4122376657","","","","","","N","","","","","","","","","","","","","","2","00000000","99"
"2018024214","05","99","RD 1 BOX 124","","MARTINSBURG","PA","16662","METZLER BROS INC","7243160517","080000","","","","","N","","","","","","N","","","","","","","","1","00372716","08"
"2018028775","03","1","2903 SOUTH ENGLISH STATION RD.","","LOUISVILLE","KY","40299","DUNCAN ENTERPIRSES INC.","5022125510","080000","","","","","N","","","","","","N","","","","","","","","1","00312282","08"
"2018055791","05","3","80 SUNRISE RD","","SCHUYLKILL HAVEN","PA","17972","RANDALL REED","7177987268","080000","","","","","N","","","","","","N","","","","","","","","1","00910852","08"
"2018101368","99","1","514 COREY AVE","","BRADDOCK","PA","15104","VITO MIELE","9999999999","014050","","","","","N","","","","","","N","","","","","","","","1","","09"
"2018091529","02","8","2235 BEAVER AVENUE","","PITTSBURGH","PA","15233","PORT AUTHORITY OF ALLEGHENY COUN","4124422000","","","","","","N","","","","","","","","A-00976060","","","","","","1","","11"
"2018004211","02","99","466 W MIDDLE TPKE 21U","","MANCHESTER","CT","06040","USA CT 24 7 TRANSPORT LLC","8603309663","","","","","","N","","","","","","U","","","","","","","","1","03060181","98"
"2018048354","02","8","2235 BEAVER AVE","","PITTSBURGH","PA","15233","PORT AUTHORITY","4125665214","","","","","","N","","","","","","N","","A-00976060","","","","","","1","","11"
"2019033277","99","99","123 DONT KNOW","","UNKNOWN","ZZ","99999","UNKNOWN","9999999999","999999","","","","","N","","","","","","N","","","","","","","","2","","99"
"2018118038","99","7","73 W NOBLESTOWN RD","","CARNEGIE","PA","15106","BFI WASTE SERVICES","9999999999","073280","","","","","N","","","","","","N","","","","","","","","2","","99"
"2018076140","02","0","100 NORTH CONAHAN DRIVE","","HAZLETON","PA","18201","DEANGELO BROTHERS INC","5704591112","054000","","","","","N","","","","","","N","","","","","","","","1","00473708","03"
"2018083585","02","1","560 HORNING RD.","","BETHEL PARK","PA","15102","PENNSYLVANIA AMERICAN WATER CO","4128547606","026000","","","","","N","","","","","","","","","","","","","","3","02147799","09"
"2018049783","03","1","160 VELTRI DRIVE","","WASHINGTON","PA","15301","VELTRI TRUCKING INC","9999999999","080000","","","","","N","","","","","","N","","","","","","","","2","01077151","08"
"2018088516","03","4","5005 SECOND AVE","","PITTSBURGH","PA","15207","JADELL MINNIEFIELD CONSTRUCTION","4124212185","073280","","","","","N","","","","","","N","","","","","","","","2","01159419","04"
"2018098654","04","4","2516 STATE RT 18","","WAMPUM","PA","16157","YPI TRUCKING LLC","7246747268","073280","","","","","N","","","","","","N","","","","","","","","1","02395606","04"
"2018063563","03","0","101 CREEKSIDE RD","","WEST COLUMBIA","SC","291721966","CDJ BULK EXPRESS INC","8038221902","080000","","","","","N","","","","","","N","","","","","","","","3","00491211","09"
"2018087486","04","1","965 EAST MIDLOTHIAN BLV","","YOUNGSTOWN","OH","44502","SCHWEBEL BAKING COMP","3307832860","054999","","","","","N","","","","","","N","","","","","","","","1","00030226","04"
"2018112450","04","1","2190 BOUL HYMUS","","DORVAL","QC","H9P1J7","BROSSARD INC","4185756527","073280","","","","","N","","","","","","N","","","","","","","","2","43173178","08"
"2018035805","05","1","12225 STEPHENS ROAD","","WARREN","MI","48089","CENTRAL TRANSPORT LLC","5869397000","055000","","","","","N","","","","","","N","","","","","","","","1","00661173","08"
"2018012699","03","3","1 71 NORTH AVE E","","1 71 NORTH AVE E","NJ","07201","EASTERN FREIGHT W","5702048512","080000","","","","","N","","","","","","N","","","","","","","","2","00580793","06"
"2018101372","02","3","971 BRIARSDALE RD","","HARRISBURG","PA","17109","RYDER TRUCK RENTAL LLC","8889779337","026000","","","","","N","","","","","","N","","","","","","","","2","01397252","03"
"2018031712","02","8","110 LENZNER COURT","","SEWICK;LEY","PA","15143","LENZNER COACH LINES","4129221239","","","","","","N","","","","","","","","00112590","","","","","","1","00583785","11"
"2018071999","04","99","200 WASHINGTON AVE","","DRAVOSBURG","PA","15034","A CRANE RENTAL LLC","7247479309","085000","","","","","N","","","","","","N","","988785","","","","","","1","02929176","08"
"2018056491","02","8","798 EKASTOWN ROAD","","SARVER","PA","16055","W L ROENIGK LEASING INC","4126074454","","","","","","N","","","","","","N","","","","","","","","2","01634361","11"
"2018022593","03","4","296 CURRIE RD PO BOX 296","","PORTERSVILLE","PA","16051","MCCLYMONDS SUPPLY & TRANSIT CO","7243688040","073280","","","","","N","","","","","","N","","","","","","","","2","00026947","04"
"2018024052","03","8","2235 BEAVER AVENUE","","PITTSBURGH","PA","15233","PORT AUTHORITY ALLEGHENY COUNTY","4124222000","040000","","","","","N","","","","","","N","","A-00976060","","","","","","1","","11"
"2018034678","02","3","754 EAST MAIN STREET","","MONONGAHELA","PA","15063","FRANK ALOYIOUS WERNER","7243501755","","","","","","N","","","","","","U","","","","","","","","2","02627854","03"
"2018063297","02","4","148 AVIATION LANE SUITE 103","","LATROBE","PA","15650","WESTMORLAND COUNTY AIRPORT AUTH","7243796980","","","","","","N","","","","","","","","","","","","","","2","","03"
"2018063297","03","4","307 N. WASHINGTON STREET","","MASONTOWN","PA","15461","MAG TRUCKING INC","7248803384","","","","","","N","","","","","","N","","","","","","","","3","01037719","04"
"2018046774","04","2","P.O. BOX 427","","LYMAN","WY","82937","WISE SERVICES INC.","3077876021","080000","","","","","N","","","","","","N","","","","","","","","5","01887558","04"
"2018005127","02","1","1821 BEAVER AVE","","CRAFTON","PA","15233","UNITED PARCEL SERVICE","4129215569","","","","","","N","","","","","","N","","","","","","","","1","00021800","03"
"2018020877","03","1","153 SMITH TRANSPORT RD","","ROARING SPRINGS","PA","16673","SMITH TRANSPORT INC","8142245155","080000","","","","","N","","","","","","N","","","","","","","","1","00246204","08"
"2018090401","04","99","1263 CHARTIERS AVE","","MCKEES ROCKS","PA","15136","FRANK BRYAN INC","4123811170","","","","","","N","","","","","","Y","","","","","","","","1","01672873","99"
"2018100420","04","7","1500 HAYDEN BLVD","","ELIZABETH","PA","15037","WASTE MANAGEMENT","4129251191","073280","","","","","N","","","","","","N","","208448","","","","","","1","00344050","04"
"2018018875","03","7","6097 DUFF","","AMBRIDGE","PA","15003","WASTE MANAGEMENT","7242662604","071800","","","","","N","","","","","","N","","","","","","","","2","00334445","04"
"2018092867","99","8","9 CRESENT ST","","PITTSBURGH","PA","15223","AKS INC","9999999999","999999","","","","","N","","","","","","N","","","","","","","","2","","10"
"2018064453","02","3","2898 5TH AVENUE","","MCKEESPORT","PA","15131","FRANK JORDAN AUTO","4126641234","","","","","","N","","","","","","N","","","","","","","","2","00878846","03"
"2018100230","02","8","2235 BEAVER AVE","","PITTSBURGH","PA","15233","PORT AUTHORITY OF ALLEGHENY COUN","4122551385","026000","","","","","N","","","","","","","","A-00976060","","","","","","2","","11"
"2018087925","05","1","UNK","","UNK","ZZ","99999","UNKNOWN","9999999999","080000","","","","","N","","","","","","N","","","","","","","","1","00099999","08"
"2018083339","03","7","2097 DUSS AVE","","AMBRIDGE","PA","15003","WASTE MANAGEMENT","8442792503","058400","","","","","N","","","","","","N","","","","","","","","1","00344050","04"
"2018080260","05","3","150 LANTERN LANE","","LAUGHLINTOWN","PA","15655","ROAD JET  LLC","7246017204","","","","","","N","","","","","","N","","","","","","","","2","00216939","08"
"2018084259","02","1","3701 W MORRIS ST.","","INDIANAPOLIS","IN","46241","PITT OHIO EXPRESS LLC.","4125376729","014969","","","","","N","","","","","","N","","","","","","","","2","00190180","05"
"2018036778","04","3","1000 MADISON AVE","","W. ELIZABETH","PA","15088","RIVER LIFT TRUCKING","7242559781","030000","","","","","N","","","","","","N","","A95478","","","","","","2","00162073","06"
"2018007498","03","3","119 ICMI RD","","DUNBAR","PA","15431","JLE INDUSTRIES LLC","7246032228","080000","","","","","N","","","","","","N","","","","","","","","1","02303143","08"
"2018047923","05","1","115 CURRY TOWN RD","","NORTH AUGUS","SC","29860","PALMETO DIESEL TOWING& RECOVERY","8032211990","080000","","","","","N","","","","","","N","","","","","","","","1","02264964","09"
"2018128217","05","0","115 CLAY ST","","MARTINS FERRY","OH","43935","APPROVED SITE SERVICES","4122062895","030000","","","","","N","","","","","","N","","","","","","","","1","02271520","04"
"2018060061","02","8","2235 BEAVER AVENUE","","PITTSBURGH","PA","15233","PORT AUTHORITY ALLEGHENY COUNTY","4125565500","040000","","","","","N","","","","","","N","","A-00976060","","","","","","2","","11"
"2018035532","02","1","115 WEST COLLEGE DRIVE","","MARSHALL","MN","562581747","SCHWANS HOME SERVICE INC","5075323274","","","","","","N","","","","","","N","","","","","","","","1","00108029","03"
"2018024160","02","8","714 EKASTOWN RD","","SARVER","PA","16055","ABC TRANSIT INC","4127824110","014000","","","","","N","","","","","","N","","","","","","","","1","02420569","11"
"2018072916","02","8","345 6TH AVE. 3RD FL.","","PITTSBURGH","PA","152222527","PORT AUTHORITY OF ALLEGHENY COUN","4124422000","","","","","","N","","","","","","N","","A-00976060","","","","","","1","","11"
"2018101302","02","1","567 WALTHER RD","","NEWARK","DE","19702","STANDARD PIPE SERVICES LLC","3022860701","033000","","","","","N","","","","","","N","","","","","","","","1","02946819","09"
"2018049780","05","0","2675 MORGANTOWN RD","","READING","PA","19607","PENSKE","4125275292","080000","","","","","N","","","","","","N","","","","","","","","1","00268015","09"
"2018033926","03","99","1521 S CHILLICOTHE RD","","AURORA","OH","44202","SOURCE ONE TRANSPORTATION LLC","8773702119","080000","","","","","","","","","","","N","","","","","","","","2","","08"
"2018069782","00","99","1642 BUTLER PLANK ROAD","","GLENSHAW","PA","15116","INDUSTRIAL PUMP AND MOTOR REPA","4124872015","000000","","","","","N","","","","","","","","","","","","","","1","01372906","05"
"2018044001","03","1","2002 PAPA JOHNS BLVD","","LOUISVILLE","KY","40299","TRANS PAPA LOGISTICS INC","7243555454","018219","","","","","N","","","","","","N","","","","","","","","2","01576998","06"
"2018104428","05","3","124 REPAIR RD","","DUNCANSVILLE","PA","16635","KEITHS TRUCK SERVICE INC","8146966008","080000","","","","","N","","","","","","N","","","","","","","","1","01177914","08"
"2018104428","02","3","124 REPAIR RD","","DUNCANSVILLE","PA","16635","KEITHS TRUCK SERVICE INC","8146966008","","","","","","N","","","","","","N","","","","","","","","2","01177914","03"
"2018017592","02","8","2233 BEAVER AVE.","","PITTSBURGH","PA","15233","PORT AUTHORITY OF ALLEGHENY CO.","4125665214","026000","","","","","N","","","","","","N","","A00976060","","","","","","2","","11"
"2018039729","02","4","279 JEAN DRIVE","","PITTSBURGH","PA","15236","LAWN PATROL INC & RUSSELL DOUG","4129516303","013000","","","","","N","","","","","","N","","","","","","","","2","00000000","03"
"2018073438","02","8","2235 BEAVER AVE","","PITTSBURGH","PA","15233","PORT AUTHORITY OF ALLEGHENY COUN","4124422000","","","","","","N","","","","","","","","A-00976060","","","","","","1","","15"
"2018041921","","1","3458 MASSILLON RD","","UNIONTOWN","OH","44685","COMDOC","8003211009","024000","","","","","N","","","","","","N","","","","","","","","2","00487227","03"
"2018048124","02","8","600 GRANT ST","","PITTSBURGH","PA","15219","UPMC","4126471439","","","","","","N","","","","","","","","","","","","","","2","99999999","11"
"2018132049","02","1","830 ROUTE 910","","CHESWICK","PA","15024","ABC TRANSIT INCORPORATED","4128289000","009999","","","","","N","","","","","","N","","9999","","","","","","2","00009999","02"
"2018102244","05","1","10943 N. SAM HOUSTON PK","","HOUSTON","TX","77064","NCI GROUP INC","2818977788","000000","","","","","N","","","","","","N","","","","","","","","2","00251898","08"
"2018018254","02","1","14002 EAST 21ST","","TULSA","OK","74134","ENS HOLDING","4126525319","","","","","","N","","","","","","N","","","","","","","","2","02402806","03"
"2018050385","02","1","801 S 29TH ST","","HARRISBURG","PA","17111","VERIZON SERVICES CORP","8558055200","016500","","","","","N","","","","","","N","","","","","","","","3","00274919","03"
"2018074200","05","2","1300 E POLAND AVE","","BESSEMER","PA","16112","MARTIN TRUCKING INC","7246677751","080000","","","","","N","","","","","","N","","","","","","","","1","00088339","08"
"2018074200","05","6","145 N KANSAS STREET","","EDWARDSVILLE","IL","62025","CASSENS TRANSPORT COMPANY","6186552750","080000","","","","","N","","","","","","N","","","","","","","","2","00124358","08"
"2018018871","03","4","108 REEDY MILL RD","","NEW BETHLEHEM","PA","16242","GEORGE TRUCKING INC","7245259220","073200","","","","","N","","","","","","N","","","","","","","","2","00955366","99"
"2018054306","02","8","13845 CLEVELAND RD SW, PATASKA","","PATASKALA","OH","43062","CAVALIER TOURS","7409277956","","","","","","N","","","","","","","","","","","","","","2","00554326","11"
"2018041991","02","8","2235 BEAVER AVE","","PITTSBURGH","PA","15233","PORT AUTHORITY OF ALLEGHENY COUN","4122551385","","","","","","N","","","","","","N","","","","","","","","1","","11"
"2018024523","02","7","5331 MCANULTY RD P O BO","","BETHEL PARK","PA","15102","MICHAEL BROTHERS HAULING","4128356428","054990","","","","","N","","","","","","N","","","","","","","","1","02408389","03"
"2018024201","02","1","300 CENTRE POINTE DRIVE","","VIRGINIA BEACH","VA","23462","BUDGET RENTAL TRUCK LLC","7576872000","025950","","","","","N","","","","","","N","","","","","","","","1","01092543","09"
"2018073801","02","1","2024 REVERE DR","","CONNELLSVILLE","PA","15425","GUY PETER CARDARO","7245702146","","","","","","N","","","","","","N","","","","","","","","1","00999999","02"
"2018017461","05","0","6675 LOW STREET","","BLOOMSBURG","PA","17815","METROPOLITAN TRUCKING INC","8009672338","080000","","","","","N","","","","","","N","","","","","","","","1","00039717","04"
"2018042350","02","1","311 CENTER STREET","","MARTINS FERRY","OH","43935","HILL IDEALEASE LLC","7406333011","","","","","","N","","","","","","N","","","","","","","","3","00735267","03"
"2018062545","05","6","438 EAST 2ND ST","","ELDON","MO","65026","S & S AUTO TRANSPORT","5802161988","073000","","","","","N","","","","","","N","","839577","","","","","","3","02434870","08"
"2019007817","02","1","47829 TOMAHAWK DRIVE","","NEGLEY","OH","44441","LISBON RENTAL HOLDINGS LLC","7403123479","020000","","","","","N","","","","","","N","","","","","","","","1","01542010","02"
"2018127015","03","99","6289 GROSBECK CT.","","HOBART","IN","46342","TOWN HOUSE CARRIERS LLC","2193087678","","","","","","N","","","","","","N","","","","","","","","2","02936360","04"
"2018101294","03","0","1300 CRAFTON BLVD","","PITTSBURGH","PA","15205","EABORN TRUCK SERVICE","4129219928","080000","","","","","N","","","","","","N","","A-99853","","","","","","2","00085172","04"
"2018101294","03","0","1300 CRAFTON BLVD","","PITTSBURGH","PA","15205","EABORN TRUCK SERVICE","4129219928","080000","","","","","N","","","","","","N","","601280","","","","","","3","00085172","04"
"2018065417","02","3","238 HUNTING CREEK RD","","CANONSBURG","PA","15317","MICHAEL HIGGINS","9999999999","","","","","","N","","","","","","N","","","","","","","","2","99999999","03"
"2018094410","04","4","8500 FRANKSTOWN RD","","PITTSBURGH","PA","15235","ROAC INC","4127310304","073280","","","","","N","","","","","","N","","A00118733","","","","","","1","01046020","04"
"2018117651","02","4","215 MCKEAN STREET","","PITTSBURGH","PA","15219","ALLEGHENY COUNTY","4123504005","019500","","","","","N","","","","","","N","","","","","","","","2","02317915","03"
"2018035591","02","1","1821 BEAVER AVE","","PITTSBURGH","PA","15233","UNITED PARCEL SERVICES","4127227667","016000","","","","","N","","","","","","N","","","","","","","","3","00021800","99"
"2018086048","02","1","3807 NESSLEY ST.","","MCKEESPORT","PA","15132","AFFORDABLE IRRIGATION","4126785890","016500","","","","","N","","","","","","N","","","","","","","","2","03046067","03"
"2018105943","05","1","30450 TRACY RD","","WALBRIDGE","OH","43465","UNIVAR USA INC","8558888648","","","","","","N","","","","","","N","","","","","","","","2","00028633","08"
"2018068775","03","2","100 GLOBAL VIEW DRIVE","STE 100","WARRENDALE","PA","15086","MR FLUSH LLC APPROVEDTOILET RNTL","8446735874","","","","","","N","","","","","","N","","","","","","","","1","02505332","09"
"2018121043","99","0","3100 INDUSTRIAL PARKWAY","","JEFFERSONVILLE","IN","47130","RYDER TRUCK RENTAL","9999999999","999999","","","","","N","","","","","","N","","","","","","","","1","","08"
"2018091679","02","3","903 GAP NEWPORT PIKE","","AVONDALE","PA","19311","KEANE REFRIGERATOR LOGISTICS DE","9999999999","017950","","","","","N","","","","","","N","","","","","","","","1","99999999","03"
"2018082134","05","0","908 BROADWAY STREET EXT","","MASURY","OH","44438","PI & I MOTOR EXPRESS INC","8003212733","","","","","","N","","","","","","N","","","","","","","","1","00122443","08"
"2018082134","05","0","908 BROADWAY STREET EXT","","MASURY","OH","44438","PI & I MOTOR EXPRESS INC","8003212733","","","","","","","","","","","","","","","","","","","","2","00122443","08"
"2018062535","03","4","1308 MAIN ST","","CRESCENT","PA","15046","IRON CITY EXPRESS","7244572727","073280","","","","","N","","","","","","N","","","","","","","","1","03048989","09"
"2018058432","04","7","121 BRICKYARD RD","","MARS","PA","16046","VOGEL DISPOSAL","7246251511","073280","","","","","N","","","","","","N","","","","","","","","1","00290052","04"
"2018096444","99","0","1821 BEAVER AVE","","PITSBURGH","PA","15233","UNITED PARCEL SERVICE INC","9999999999","023500","","","","","N","","","","","","N","","","","","","","","2","","00"
"2018085612","05","3","337 HARVARD AVE","SUITE # 2","HILL SIDE","NJ","072052004","DADDY & SON TRUCKING","9738050448","080000","","","","","N","","","","","","N","","","","","","","","1","00178521","08"
"2018109555","01","1","2150 ROSWELL DRIVE","","PITTSBURGH","PA","15205","AIRGAS USA LLC","4129283739","032000","","","","","N","","","","","","N","","","","","","","","1","00299712","03"
"2018061344","05","3","411 N. WESTFIELD ST","","FEEDING HILLS","MA","01030","I TRANS AUTO","4136367945","080000","","","","","N","","","","","","N","","","","","","","","1","02425751","08"
"2018068434","02","4","2204 BRIARWOOD DRIVE","","MCKEESPORT","PA","15135","STASH LANDSCAPING","4127510715","017000","","","","","N","","","","","","N","","","","","","","","2","02283651","03"
"2018019652","05","2","4366 MT. PLEASANT ST NW","","NORTH CANTON","OH","44720","KAG LEASING INC","8009695419","078000","8","","","","Y","1","","","","","N","","","","","","","","1","00120699","08"
"2018019652","02","4","P.O. BOX 67676","","HARRISBURG","PA","17106","PA TURNPIKE COMM","7179399551","038000","","","","","N","","","","","","N","","","","","","","","2","","09"
"2018061854","02","0","4236 WALNUT ST","","WALL","PA","15132","M&M AUTO ROADSIDE SERVICE LL","4127515300","031000","","","","","N","","","","","","N","","","","","","","","2","03032036","05"
"2018041530","01","8","301 CHURCH ROAD","","BETHAL PARK","PA","15102","BETHAL PARK SCHOOL DISTRICT","4128548414","","","","","","N","","","","","","N","","","","","","","","2","","11"
"2018119449","99","7","215 MCKEAN STREET","","PITTSBURGH","PA","15219","COUNTY OF ALLEGHENY","9999999999","040780","","","","","N","","","","","","N","","","","","","","","2","","00"
"2018045218","02","8","798 EKASTOWN RD","","SARVER","PA","16055","W L ROENIGK INC","7243531515","033000","","","","","N","","","","","","N","","A110238","","","","","","2","00153855","11"
"2018052832","03","1","307 OATES RD STE H","","MOORESVILLE","NC","28117","MEDALLION TRANSPORT & LOGISTICS","7042350460","080000","","","","","","","","","","","U","","","","","","","","1","00086734","08"
"2018034474","02","1","33025 LA SALLE ST","","CHICAGO","IL","60603","BANC OF AMERICA LEASING & CAPIT","9999999999","999999","","","","","N","","","","","","N","","","","","","","","2","99999999","03"
"2018136326","99","99","4001 LEADENHALL RD","","MOUNT LAUREL","NJ","08054","ARI FLEET LT","9999999999","026000","","","","","N","","","","","","N","","","","","","","","2","","02"
"2018087348","02","1","6427 DAHLEM WAY","","PITTSBURGH","PA","15206","VERIZON","4126657004","012300","","","","","","","","","","","N","","","","","","","","1","99999999","03"
"2018087348","02","8","2235 BEAVER AVE","","PITTSBURGH","PA","15233","PORT AUTHORITY OF ALLEGHENY CO","4124422000","","","","","","N","","","","","","N","","A-00976060","","","","","","2","","11"
"2018113615","02","8","2235 BEAVER AVENUE","","PITTSBURGH","PA","15233","PORT AUTHORITY","4124422000","039440","","","","","N","","","","","","N","","A-00976060","","","","","","2","","11"
"2018098061","99","1","ONE WHITNEY DR","","HARMONY","PA","16037","SYSCO FOOD SERV. INC.","7244522100","999999","","","","","N","","","","","","N","","","","","","","","1","99999999","09"
"2018128010","06","0","16650 VINCENNES AVE","","SOUTH HOLLAND","IL","16650","TRUCKS LLC","3124661101","072000","","","","","N","","","","","","N","","879258","","","","","","2","02530313","08"
"2018073976","03","3","1225 WASHINGTON PIKE","","BRIDGEVILLE","PA","150172825","MAXIM CRANE WORKS LP","4125040200","080000","","","","","N","","","","","","N","","","","","","","","1","00034305","06"
"2018079419","05","99","17718 BROADFORDING ROAD","","HAGERSTOWN","MD","21740","WORTHINGTON TRUCK RENTALS","3042798365","080000","","","","","N","","","","","","N","","","","","","","","3","00777396","06"
"2018033740","02","1","395 FEDERAL STREET","","PITTSBURGH","PA","15212","UNITED STATES POSTAL SERVICE","8002758777","","","","","","N","","","","","","","","","","","","","","2","","03"
"2018051283","02","1","1728 US-30","","CLINTON","PA","15026","DIAMOND CARGO EXPRESS","7242270500","026000","","","","","N","","","","","","N","","00121989","","","","","","1","01325605","03"
"2018012167","03","0","28426 KIME HOLDERMAN RD","","CIRCLEVILLE","OH","43113","AMS EXPRESS LLC","8664979316","080000","","","","","N","","","","","","N","","","","","","","","1","01690605","08"
"2018015191","02","1","1ST & HANOVER ST","","MARTINS FERRY","OH","43935","STONEY HOLLOW TIRE","7406355200","023999","","","","","N","","","","","","N","","","","","","","","1","00357136","03"
"2018074872","99","99","123 UNKNOWN","","UNKNOWN","ZZ","99999","UNKNOWN","9999999999","999999","","","","","N","","","","","","N","","","","","","","","1","","08"
"2018053132","99","7","CURRIE ROAD","","PORTERSVILLE","PA","16051","M M LEASING INC","4125927719","","","","","","N","","","","","","N","","","","","","","","2","00026947","05"
"2018046792","06","99","457 DAVIDSON RD","","PITTSBURGH","PA","15239","CALIBER LOGISTICS","7246508005","080000","","","","","N","","","","","","U","","A-8914576","","","","","","1","02274928","04"
"2018021586","02","4","7347 IDLEWILD STREET","","PITTSBURGH","PA","15208","BIG LULU'S TRUCKING","4125202077","","","","","","N","","","","","","N","","","","","","","","1","02788697","05"
"2018099850","02","3","11822 SOUTH AVE","","NORTH LIMA","OH","44452-8557","LINDY PAVING INC","7249865908","025950","","","","","N","","","","","","N","","","","","","","","2","00418111","99"
"2018005946","02","1","2 RUTGERS RD","BUILDING B","CRAFTON","PA","15205","MONTEVERDES INC","4129229200","","","","","","N","","","","","","N","","","","","","","","3","00364385","03"
"2018064949","05","1","67 HOOVER AVE","","DU BOIS","PA","15801","RMP TRANSPORT","8143759700","","","","","","N","","","","","","N","","","","","","","","1","01731565","08"
"2018079759","04","1","4201 GRAND AVE","","PITTSBURGH","PA","15225","ALLEGHENY RECYCLED PRODUCTS","4123316704","080000","","","","","N","","","","","","N","","A-00120163","","","","","","1","00187669","08"
"2018079759","03","3","3507 GRANDE AVE","","PITTSBURGH","PA","15225","T.M.T TRANSPORTATION","4123532531","080000","","","","","N","","","","","","N","","11712","","","","","","3","00869391","06"
"2018004762","05","4","3442 W MAIN STREET","","BELLEVILLE","PA","17004","BORING TRANSPORT INC","7179352427","080000","","","","","N","","","","","","N","","99315","","","","","","2","00149201","06"
"2018036350","02","1","923 5TH AVENUE","","CORAOPOLIS","PA","15108","ANTHONY'S ORIGINAL INC","4122645885","025500","","","","","N","","","","","","N","","","","","","","","1","02369287","02"
"2018084077","02","1","173 THORN HILL DRIVE","","WARRENDALE","PA","15086","PARAGON WHOLESALE FOODS","4254687400","","","","","","N","","","","","","N","","","","","","","","2","00435939","03"
"2018012107","03","3","2700 COMMERCE CIRCLE","","TRAFFORD","PA","15085","OHIO VALLEY DRYWALL SUPPLY","4126461936","073280","","","","","N","","","","","","N","","","","","","","","2","02581263","04"
"2018120668","02","8","2235 BEAVER AVENUE","","PITTSBURGH","PA","15222","PORT AUTHORITY OF ALLEGHENY","4122551385","","","","","","N","","","","","","N","","A-00976060","","","","","","1","","11"
"2018120668","02","1","1559 BOYD RD","","COLLIERS","WV","260351630","K L D TRANSPORTATION LLC","3049199249","","","","","","N","","","","","","N","","","","","","","","2","02988914","03"
"2018012021","02","8","9 CRESCENT ST","","PITTSBURGH","PA","15223","ALLEGHANY TRANSPORTATION SERVICE","4122922301","031000","","","","","N","","","","","","N","","6411342","","","","","","2","00531808","11"
"2018096519","05","2","1405 BREWERTON RD.","","SYRACUSE","NY","13208","SOLVENTS & PETROLEUM SERVICES","3154544467","080000","3","","","","Y","2","","","","","N","","","","","","","","1","00184046","08"
"2018048209","99","2","200 SPEERS ROAD","","BELLE VERNON","PA","15012","SOURCE ONE TRANS","8773702119","000099","3","","","","Y","1","","","","","N","","A-00117576","","","","","","1","00930620","08"
"2018075815","02","1","1150 SECOND AVENUE","","NEW KENSIGTON","PA","15068","UNIFIRST CORP","7243391077","017000","","","","","N","","","","","","N","","","","","","","","1","00063904","03"
"2018062939","05","1","UNKNOWN","","UNK","ZZ","99999","UNKNOWN","9999999999","","","","","","","","","","","","","","","","","","","","2","99999999","08"
"2018060528","03","99","825 HWY 33","","FREEHOLD","NJ","07728","FCI LEASING CO.","7324621001","080000","","","","","N","","","","","","N","","","","","","","","2","00190713","99"
"2018063817","02","6","1351 SPEERS  ROAD","","OAKVILLE","ON","99999","TANDENT NATIONALEASE","9999999999","","","","","","N","","","","","","N","","","","","","","","2","99999999","08"
"2018015186","02","3","102 SHADY LANE","","OAKDALE","PA","15071","BIBERS GARAGE","7246939421","","","","","","","","","","","","N","","","","","","","","1","99999999","03"
"2018059242","02","8","2235 BEAVER AVENUE","","PITTSBURGH","PA","15233","PORT AUTHORITY OF ALLEGHENY COUN","4124422000","","","","","","N","","","","","","N","","A-00976060","","","","","","1","","11"
"2018072187","02","1","45352 ST RT 558","","NEW WATERFORD","OH","44445","RICK STYEN","3308316249","033000","","","","","N","","","","","","N","","","","","","","","1","00063391","03"
"2018034519","03","4","1690 WINDOVER AVE","","ELLWOOD CITY","PA","16117","A R OLIASTRO INC","7245619031","038000","","","","","N","","","","","","N","","A00108557","","","","","","1","","05"
"2018012744","05","4","375 NORTH SHORE DRIVE","","PITTSBURGH","PA","15212","PEOPLES NATURAL GAS COMPANY LLC","8007640111","058400","","","","","N","","","","","","N","","","","","","","","1","00216624","04"
"2018083420","02","4","EQUIPMENT LEASING AUTHORITY","","PITTSBURGH","PA","15219","CITY OF PITTSBURGH","4122558850","","","","","","N","","","","","","N","","","","","","","","2","","03"
"2018021749","03","7","22 S GRANDVIEW AVE","","PGH","PA","15205","SWI DEBRIS REMOVAL SERVICE LLC","4124581066","","","","","","N","","","","","","N","","","","","","","","3","02589632","99"
"2018061930","02","1","4427 INLAND AVE","","WEST MIFFLIN","PA","15122","MAHONE TITE","4125122613","","","","","","N","","","","","","N","","","","","","","","2","99999999","03"
"2018100471","03","4","1605 FRANKSTOWN ROAD","","SUMMERHILL","PA","15958","BEYER TRUCKING & EXCAVATING LLC","8142421267","073280","","","","","N","","","","","","N","","A-8910302","","","","","","2","01308679","04"
"2018053478","05","3","6629 ROUTE 22","","DELMONT","PA","15626","KIRK TRUCKING SERVICE","7244688100","080000","","","","","N","","","","","","N","","A00101510","","","","","","1","00088322","06"
"2018060464","02","3","220 S JACKSON ST","","EVANS CITY","PA","16033","E C AUTO SALES INC","7245384159","012500","","","","","","","","","","","","","","","","","","","1","01160161","03"
"2018060464","03","3","110 NICHOL AVE","","MCKEES ROCKS","PA","15136","BUTLER GAS PRODUCTS COMPANY","4127717660","058000","2","","","","Y","1","","","","","N","","","","","","","","2","00147351","04"
"2018076970","02","1","55 GLENLAKE PARKWAY, NE","","ATLANTA","GA","30328","UNITED PARCEL SERVICE, INC","7158455211","","","","","","N","","","","","","N","","","","","","","","2","00021800","03"
"2018126951","02","3","951 KILLARNEY DRIVE, RE","","PITTSBURGH","PA","15234","STEEL CITY COLLISION","4128851012","019500","","","","","N","","","","","","N","","","","","","","","2","01986916","99"
"2018054967","02","8","154 SANDY CREEK RD","","VERONA","PA","15147","A-1 VAN SERVICE INC.","4127816171","018000","","","","","N","","","","","","N","","","","","","","","2","99999999","11"
"2018087958","03","99","459 DAVIDSON RD","","PITTSBURGH","PA","15239","A LIBERONI INC","4127983098","080000","","","","","N","","","","","","N","","","","","","","","1","02125274","09"
"2018093170","02","8","110 LENZNER COURT","","SEWICKLEY","PA","15143","DBA LENZNER COACH LINES","8003422349","","","","","","N","","","","","","N","","A-00112590","","","","","","1","00583785","11"
"2018032432","02","3","1112 AURORA","","SOUTH PARK","PA","15129","MICHELLE ENGBERG","9999999999","011000","","","","","N","","","","","","N","","","","","","","","1","99999999","03"
"2018085683","99","99","414 AVELLA RD; PO BOX 14","","HICKORY","PA","15340","TURNING POINT SERVICES INC","9999999999","013200","","","","","N","","","","","","N","","","","","","","","2","","99"
"2018122462","02","3","838 CROFT ROAD","","GREENSBURG","PA","15601","LIBERTY TRANSPORT","7246682772","026000","","","","","N","","","","","","N","","","","","","","","1","00254513","00"
"2018122462","02","3","300 CENTRE POINT DRIVE","","VIRGINIA BEACH","VA","23462","BUDGET TRUCK RENTAL","8776771858","012500","","","","","N","","","","","","N","","","","","","","","2","01092543","00"
"2018124603","03","1","10540 MARTY ST STE 230","","OVERLAND PARK","KS","66212-2560","TEAM LOGISTICS INC","3303836705","080000","","","","","N","","","","","","N","","","","","","","","1","00466897","08"
"2018045469","03","3","1706 PITTSBURGH ST","","CHESWICK","PA","15024","OAKS AUTO & TRUCK SERVICE","7244809320","026000","","","","","N","","","","","","N","","A0118726","","","","","","2","01009961","04"
"2018010596","05","3","4200 INDUSTRIAL BLVD","","ALIQUIPPA","PA","15001","P G T TRUCKING INC","8008376514","080000","","","","","N","","","","","","N","","","","","","","","1","00192897","08"
"2018010596","03","99","RT 283 PO BOX 67676","","HARRISBURG","PA","17106","PA TURNPIKE COMMISSION","7179399551","033000","","","","","","","","","","","N","","","","","","","","2","","99"
"2018040004","03","4","17TH ARSENAL BOULEVARD","","HARRISBURG","PA","17120","PENNDOT","4127813260","003800","","","","","N","","","","","","N","","","","","","","","2","00000466","04"
"2019001832","05","0","1585 CENTENNIAL DR","","KINGSTON","ON","K7P0K4","SLH TRANSPORT INC","5142855997","080000","","","","","N","","","","","","N","","","","","","","","2","03062477","07"
"2018031233","05","3","2085 FOREST GROVE ROAD","","CORAOPOLIS","PA","15108","WEST PENN UTILITIES","8147011753","013500","","","","","N","","","","","","U","","","","","","","","1","01377625","04"
"2018012572","02","3","12963 WEST OKEECHOBEE","","HIALEAH GARDENS","FL","33018","MORFAS TRUCKING","3058346045","080000","","","","","N","","","","","","N","","","","","","","","2","03048765","03"
"2019001610","04","1","1298 KEYSTONE BLVD","","POTTSVILLE","PA","17901","FANELI BROTHERS","5705443140","080000","","","","","N","","","","","","N","","","","","","","","2","00038116","08"
"2018112075","02","1","3731 WILLIAM PENN HWY","","MURRYSVILLE","PA","15668","ROTO ROOTER SERVICES CORP","7247331410","","","","","","N","","","","","","N","","","","","","","","1","00652297","05"
"2018086220","03","4","1317 ROUTE 286","","EXPORT","PA","15632","KURT ZASPEL LANDSCAPING","7247338720","026000","","","","","N","","","","","","N","","","","","","","","2","00782030","04"
"2018068848","03","4","7447 RACE ST","","PITTSBURGH","PA","15208","AB TRUCKING","4125081783","","","","","","N","","","","","","N","","","","","","","","1","11671131","04"
"2018021963","99","8","NA","NA","NA","ZZ","NA","NA","9999999999","","","","","","N","","","","","","","","99999999","","","","","","1","","11"
"2018132404","99","99","UNKNOWN","","UNKNOWN","ZZ","UNK","UNKNOWN","9999999999","","","","","","","","","","","","U","","","","","","","","2","00999999","08"
"2018066611","03","0","UNKNOWN","","UNKNOWN","TX","12345","MAC","9999999999","","","","","","N","","","","","","N","","","","","","","","1","00465185","00"
"2018066611","03","0","UNKNOWN","","UNKNOWN","TX","12345","MAC","9999999999","","","","","","N","","","","","","N","","","","","","","","2","00465185","00"
"2018090753","03","8","2235 BEAVER AVENUE","","PITTSBURGH","PA","15233","PORT AUTHORITY ALLEGHENY COUNTY","4122551385","066780","","","","","N","","","","","","N","","A00976060","","","","","","2","","11"
"2018032962","02","8","340 POPLAR ST.","","HANOVER","PA","17331","PA COACH LINES","4126640911","","","","","","N","","","","","","","","","","","","","","2","00465361","11"
"2018021461","99","1","26-428 MILLEN RD","","STONEY CREEK","ON","N1H8A1","ALL STAR EXPRESS","5192659296","","","","","","N","","","","","","N","","","","","","","","2","02414319","08"
"2018024202","05","3","14444 FM 2393","","WICHITA FALLS","TX","76310","P&S TRANSPORTATION LLC","2057884000","080000","","","","","N","","","","","","N","","","","","","","","1","01243338","09"
"2018011264","02","3","1060 FREEDOM RD REAR,PO","","CRANBERRY TWP","PA","16066","PRECISION LAWN SERVICE & MAINTEN","7243215566","","","","","","N","","","","","","N","","","","","","","","2","02283275","03"
"2018066242","03","0","ROUTE 837 PO BOX 505","","WEST ELIZABETH","PA","15088","ALL CRANE RENTAL OF PA LLC","8142428664","080000","","","","","N","","","","","","N","","","","","","","","1","00797466","08"
"2018118572","02","8","8 RIVER RD","","PITTSBURGH","PA","15136","COMMUNITY TRANSPORT","4123310800","","","","","","N","","","","","","","","999","","","","","","1","","10"
"2018054851","03","4","4223 E 49TH ST","","CLEVELAND","OH","44125","GATEWAY REC. INC.","4124935889","080000","","","","","N","","","","","","N","","","","","","","","1","01168008","04"
"2018054851","02","1","4489 CAMPBELLS RUN RD","","PITTSBURGH","PA","15205","ENTERPRISE COMMERICAL TRUCKS","4125054099","","","","","","","","","","","","N","","","","","","","","3","01704957","03"
"2018004322","02","1","2588 ELM RD NE","","WARREN","OH","44483","AVI FOODSYSTEMS INC","4123315080","","","","","","N","","","","","","N","","","","","","","","2","00320805","03"
"2018013590","02","3","2000 CORPORATE DR,STE 2","","WEXFORD","PA","15090","DELTA PROPERTY MANAGEMENT INC","9999999999","010000","","","","","N","","","","","","N","","","","","","","","2","99999999","03"
"2018024262","02","8","415 REBECCA ST","","MCKEESPORT","PA","15132","PA COACH LINES INC.","4126640911","","","","","","N","","","","","","N","","","","","","","","1","00465361","11"
"2018090335","02","3","925 OLD CLAIRTON RD","","JEFFERSON HLS","PA","15025","BOROUGH OF JEFFERSON HILLS","4123840097","019500","","","","","N","","","","","","N","","","","","","","","2","99999999","98"
"2018050187","03","1","550 BLAZER PARKWAY STE 300","","DUBLIN","OH","43017","THE SYGMA NETWORK INC.","9999999999","016426","","","","","N","","","","","","U","","9999999999","","","","","","1","00014811","08"
"2018094712","02","8","2235 BEAVER AVE","","PITTSBURGH","PA","15233","PORT AUTHORITY OF ALLEGHENY COUN","4124422000","","","","","","N","","","","","","N","","A00976060","","","","","","2","","11"
"2018022610","06","1","2611 NORTH LINCOLN AVENUE","","URBANA","IL","61801","SUPERVALUE TRANSPORTATION","7249255263","080000","","","","","N","","","","","","N","","","","","","","","1","00467296","06"
"2018057987","08","1","27 LEBANON VALLEY PARKWAY","","LEBANON","PA","17042","ZEIGLERS DISTRIBUTING","7176752210","025000","","","","","N","","","","","","N","","","","","","","","1","00613210","08"
"2018103497","03","4","2586 LINCOLN BLVD","","ELIZABETH","PA","15037","SID MENDLOWITZ TRUCKING","4129511339","073280","","","","","N","","","","","","U","","94461","","","","","","1","02436206","04"
"2018040060","04","6","3208 MARY STREET EXT","","ARDARA","PA","15615","PNJ TRANSPORT LLC","7243316491","025900","","","","","N","","","","","","N","","","","","","","","1","02411317","98"
"2018033078","99","8","714 EKASTOWN RD","","SARVER","PA","16055","ABC TRANSIT INC","4123284487","","","","","","N","","","","","","N","","","","","","","","2","00999999","11"
"2018028515","05","99","7291 CLARK ROAD","","ATWATER","OH","44201","THOMAS D. RALSTON","3303229465","080000","","","","","N","","","","","","Y","","","","","","","","1","00437941","08"
"2018092642","02","1","714 EKASTOWN ROAD","","SARVER","PA","16055","ABC TRANSIT","4128289000","","","","","","N","","","","","","","","","","","","","","1","02420569","03"
"2018098934","01","8","110 LENZNER COURT","","SEWICKLEY","PA","15143","TRANSPORTATION MANAGEMENT SERVIC","4125096334","","","","","","N","","","","","","","","","","","","","","1","00583785","11"
"2018137245","02","1","2675 MORGANTOWN ROAD","","READING","PA","19607","PENSKE TRUCK LEASING CO L P","4122810394","011001","","","","","N","","","","","","U","","","","","","","","1","02353572","03"
"2018115271","04","4","3240 BROWNSVILLE RD","","PITTSBURGH","PA","15227","AMC TRANSPORT INC","4126990406","073280","","","","","N","","","","","","N","","","","","","","","1","01349719","04"
"2018007645","02","8","2235 BEAVER AVE","","PITTSBURGH","PA","15233","PORT AUTHORITY","4124422000","","","","","","N","","","","","","N","","","","","","","","2","","11"
"2018097998","03","99","632 HUNT VALLEY CIR","","NEW KENSINGTON","PA","15068","SWANK CONSTRUCTION COMPANY","7243233590","023380","","","","","N","","","","","","N","","","","","","","","3","02145870","04"
"2019001607","03","2","GOOSE HILL RD BOX 259","","JEFFERSON","ME","04348","GLASSMERE FUEL SERVICE INC","9999999999","080000","2","","","","Y","1","","","","","N","","","","","","","","2","00276273","08"
"2018003811","02","8","2235 BEAVER AVENUE","","PITTSBURGH","PA","15233","PORT AUTHORITY ALLEGHENY COUNTY","4124422000","","","","","","N","","","","","","N","","A-00976060","","","","","","2","","11"
"2018014150","05","1","1072 OLD POST RD","","SOUTH PARK","PA","15129","B KEPPEL TRUCKING LLC","7243073362","080000","","","","","N","","","","","","N","","","","","","","","1","00773974","08"
"2018014150","02","8","573 BRADDOCK AVE","","EAST PITTSBURGH","PA","15112","PRN TRANSIT SERVICES INC","8008608222","012500","","","","","N","","","","","","N","","","","","","","","2","02432891","10"
"2018048122","01","8","345 6TH AVE","","PITTSBURGH","PA","15222","PORT AUTHORITY","4124422000","033000","","","","","N","","","","","","N","","A-00976060","","","","","","2","","11"
"2018012891","03","4","296 CURRIE RD. P.O. BOX 296","","PORTERSVILLE","PA","160510296","MCCLYMONDS SUPPLY & TRANSIT CO.","7243688040","073280","","","","","N","","","","","","N","","A105846","","","","","","2","00026947","04"
"2018048674","05","1","712 SR 1830","","BROOKVILLE","PA","15825","STAAR TRUCKING LLC","8146464921","080000","","","","","N","","","","","","N","","","","","","","","1","02266657","08"
"2018048674","04","2","PO BOX 1851","","BUTLER","PA","16003-1851","CAMELBACK RESOURCES LLC","8669815008","073280","","","","","N","","","","","","N","","","","","","","","2","02784303","04"
"2018030491","02","8","2235 BEAVER AVE","","PITTSBURGH","PA","15233","PORT AUTHORITY OF ALLEGHENY CO","4124422000","","","","","","N","","","","","","N","","A-00976060","","","","","","2","","11"
"2018023540","02","8","409 ELK ST.","","CARNEGIE","PA","15106","STA OF PENNSYLVANIA","4126464711","","","","","","N","","","","","","N","","A00117073","","","","","","2","00818076","11"
"2018095141","02","1","30 ISABELLA ST.","SUITE 500","PITTSBURGH","PA","15212","PGW AUTOGLASS","4129956500","009900","","","","","N","","","","","","N","","NONE","","","","","","3","00996472","03"
"2018135043","02","1","2930 DUSS AVE","","AMBRIDGE","PA","15003","HG VENTURES","9999999999","","","","","","N","","","","","","N","","","","","","","","1","99999999","03"
"2018102748","05","1","P.O. BOX 1080","","MURRAY","KY","42071-1080","PASCHALL TRUCK LINES INC.","2707531717","080000","","","","","N","","","","","","N","","","","","","","","2","00105234","06"
"2018055281","02","3","215 MCKEAN STREET","","PITTSBURGH","PA","15219","ALLEGHENY COUNTY","4122511842","007000","","","","","N","","","","","","N","","999999","","","","","","2","00999999","02"
"2018083729","03","0","160 VELTRI DRIVE","","WASHINGTON","PA","15301","VELTRI TRUCKING INC","7242289381","080000","","","","","N","","","","","","N","","","","","","","","2","00107715","07"
"2018128946","04","8","345 SIXTH AVE","","PITTSBURGH","PA","15222","ALLEGHENY COUNTY PORT AUTHORITY","4124422000","","","","","","N","","","","","","N","","A-00976060","","","","","","2","","11"
"2018063586","02","8","2335 BEAVER AVENUE","","PITTSBURGH","PA","15223","PORT AUTHORITY","4124422000","","","","","","N","","","","","","","","A-00976060","","","","","","1","","11"
"2018056212","04","4","3501 NEVILLE RD","","PITTSBURGH","PA","15225","NEVILLE AGGREGATES","4127714001","073280","","","","","N","","","","","","N","","","","","","","","1","02066579","04"
"2018071126","99","99","6013 RAMSGATE DR, PO BOX","","BETHEL PARK","PA","15102","ACE LAWN CARE INC","9999999999","014000","","","","","N","","","","","","N","","","","","","","","2","","99"
"2018124823","04","3","2197 DUSS AVE","","AMBRIDGE","PA","15003","WV FABRICATING AND WELDING INC","4122580197","026000","","","","","N","","","","","","N","","","","","","","","1","01940391","06"
"2018006899","02","3","148 LLOYD AVE","","EDGEWOOD","PA","15218","III GENERATION EXCAVATING AND PA","4122433412","019000","","","","","N","","","","","","N","","","","","","","","2","02264419","03"
"2018118147","02","4","510 WARSAW ST.","","PITTSBURGH","PA","15221","DIGGS TRUCKING","4124828218","073280","","","","","N","","","","","","Y","","","","","","","","1","01693563","04"
"2018137299","03","2","1077 ROUTE 119 HIGHWAY","","INDIANA","PA","15701","FORCE INC","7244659399","080000","","","","","N","","","","","","N","","","","","","","","2","01900875","09"
"2018134755","05","3","127 GARVIN AVE","","ELYRIA","OH","44035","ERIC DAVIS","3015259820","080000","","","","","N","","","","","","N","","","","","","","","1","02982439","09"
"2018134755","03","1","925 W 175TH ST","","HOMEWOOD","IL","60430","EAGLE EXPRESS","4129530028","080000","","","","","N","","","","","","N","","","","","","","","2","00649914","09"
"2018069322","99","1","3887 NORTH US HWY 52","","LEBANON","IN","46052","USA TRUCK INC","8638123007","","","","","","N","","","","","","N","","","","","","","","1","00213754","06"
"2018055990","03","2","1800 E OLD LINCOLN HWY","","LANGHORNE","PA","19047","MAWSON & MAWSON INC","2157501100","080000","","","","","N","","","","","","N","","","","","","","","2","00113529","06"
"2018041459","05","0","200 ALPHA DR","","PITTSBURGH","PA","15238","G4 LOGISTICS LLC","4129633179","033000","","","","","N","","","","","","","","","","","","","","1","03000937","08"
"2018038713","05","3","11084 DENNIS W KERNS PK","","KING GEORGE","VA","22485","CR SMITH TRANSPORT","5407756825","080000","","","","","N","","","","","","N","","","","","","","","1","00944563","08"
"2018056292","04","4","455 VALLEY RD","","GEORGETOWN","PA","15043","SHYCHUCK INC","7245734365","","","","","","N","","","","","","U","","A-8917146","","","","","","1","00455086","04"
"2018085641","02","99","5020 THOMS RUN ROAD","","OAKDALE","PA","15071","INDEPENDANT EQUIPMENT TRANSFER","4122213435","","","","","","N","","","","","","N","","","","","","","","4","00479580","02"
"2018021909","05","99","UNKNOWN","","UNKNOWN","ZZ","999999","UNKNOWN","9999999999","080000","","","","","N","","","","","","N","","","","","","","","2","09999999","08"
"2018070652","99","0","1346 SILVER LN","","CORAOPOLIS","PA","15108","W J MCNABB PLUMBING INC","9999999999","","","","","","N","","","","","","N","","","","","","","","1","99999999","05"
"2018008772","03","99","300 BUSINESS CENTER  DR","","CHESWICK","PA","15024","BENNETT SUPPLY","8882366388","056000","","","","","N","","","","","","N","","","","","","","","2","00343820","04"
"2018131003","02","4","1023 EXECUTIVE DR","","GIBSONIA","PA","15044","DAVEY TREE EXPERT CO","7244448733","033000","","","","","N","","","","","","N","","","","","","","","1","00093861","03"
"2018007040","05","0","600 EAGLE DRIVE","","BENSENVILLE","IL","60106","NATIONAL FREIGHT","2177851800","080000","","","","","N","","","","","","N","","A-0094589","","","","","","2","01486168","08"
"2018105487","99","99","210 PERRY HWY","","PITTSBURGH","PA","15209","WEST VIEW WATER AUTHORITY","9999999999","025999","","","","","N","","","","","","N","","","","","","","","1","","99"
"2018043242","02","8","REBECCA ST.","","MCKEESPORT","PA","15132","PA. COACHLINES","9999999999","","","","","","N","","","","","","","","","","","","","","1","","11"
"2018099825","99","1","632 HUNT VALLEY","","NEW KENSINGTON","PA","15068","SWANK CONSTRUCTION CO LLC","9999999999","033000","","","","","N","","","","","","N","","","","","","","","2","","09"
"2018123698","06","4","681 MILL RUN RD.","","MILL RUN","PA","15464","ARSENBERGER TRUCKING CO.","7244552826","073280","","","","","N","","","","","","N","","A107037","","","","","","3","00261279","04"
"2018079265","06","1","3147 W. 169TH PL","","HAMMOND","IN","46323","UNITED PARCEL SERVICE INS","8007425877","080000","","","","","N","","","","","","N","","","","","","","","2","00021800","08"
"2018024555","02","8","2235 BEAVER AVENUE","","PITTSBURGH","PA","15233","PORT AUTHORITY ALLEGHENY COUNTY","4124422000","","","","","","N","","","","","","N","","A-00976060","","","","","","2","","11"
"2018006098","04","7","73 NOBLESTOWN ROAD","","CARNEGIE","PA","15106","BFI WASTE SERVICES PF PA","4125056327","073280","","","","","N","","","","","","N","","","","","","","","1","00962087","04"
"2018048281","05","3","1003 JEFFERSON HGTS RD","","PITTSBURGH","PA","15235","PVO EXPRESS","4124960325","080000","","","","","N","","","","","","N","","","","","","","","1","00114867","06"
"2018052754","05","3","6779 65 AVENUE","","RED DEER","AB","T4P1X5","WISE INTERVENTION SERVICES INC","4033408205","","","","","","N","","","","","","Y","","","","","","","","3","02336710","08"
"2018114135","02","8","2235 BEAVER AVE.","","PITTSBURGH","PA","15233","PORT AUTHORRITY","4125665214","026000","","","","","N","","","","","","","","A-00976060","","","","","","2","","11"
"2018075067","05","99","UNKNOWN","","UNKNOWN","ZZ","99999","UNKNOWN","9999999999","080000","","","","","N","","","","","","U","","","","","","","","2","00999999","99"
"2018050773","05","3","3740 ASHLEY ROAD","","FRIENDSHIP","TN","38034","NEW FAITH FREIGHT","7314785881","019100","","","","","N","","","","","","N","","","","","","","","1","02556394","04"
"2018078868","04","7","323 MALL BOULEVARD","","MONROEVILLE","PA","15146","A&O TOWING","4129266191","","","","","","N","","","","","","N","","","","","","","","1","72387032","06"
"2018127289","03","4","1989 MCKEES ROCKS RD","","MCKEES ROCKS","PA","15136","AL GEISLER &SONS INC","4123312555","073280","","","","","N","","","","","","N","","","","","","","","1","00494001","04"
"2018063533","03","1","1559 BOYD RD","","COLLIERS","WV","26085","KLD TRANSPORTATION LLC","4127155197","","","","","","N","","","","","","N","","","","","","","","1","02988914","04"
"2018024962","02","3","5397 WILLOW ST","","BETHEL PARK","PA","15102","BRYAN M BAJGIER DBA J AND E TOW","4124445077","019500","","","","","N","","","","","","N","","","","","","","","1","02962811","03"
"2018067053","01","8","2235 BEAVER AVENUE","","PITTSBURGH","PA","15233","PORT AUTHORITY ALLEGHENY COUNTY","4124422000","","","","","","N","","","","","","N","","A-00976060","","","","","","1","","11"
"2018109135","99","1","8500 FRANKSTOWN RD","","PITTSBURGH","PA","15235","ROAC INC","9999999999","073200","","","","","N","","","","","","N","","","","","","","","1","","99"
"2018070129","02","1","1000 S. MAIN STREET","","GREENSBURG","PA","15601","SCOTT ELECTRIC COMPANY","4126875000","025500","","","","","N","","","","","","N","","A-00114078","","","","","","1","00696383","00"
"2018002856","02","8","345 6TH AVENUE 3RD FLOOR","","PITTSBURGH","PA","15222","PORT AUTHORITY OF ALLEGHENY COUN","4124422000","039600","","","","","N","","","","","","N","","A-00976060","","","","","","2","","11"
"2019005570","02","1","32018 ANITA DR","","WESTLAND","MI","48185","KAIZEN TRANSPORT LLC","7346354067","026000","","","","","N","","","","","","N","","","","","","","","2","02553562","03"
"2018096961","03","7","73A NOBLESTWON ROAD","748 DARLINGTON RD","CARNEGIE","PA","15106","REPUBLIC SSERVICES","4125056338","073280","","","","","N","","","","","","N","","","","","","","","1","00962087","04"
"2018025977","02","0","225 SANDY CREEK RD","","VERONA","PA","15147","PVO EXPRESS","8005454235","","","","","","N","","","","","","N","","","","","","","","2","00000000","03"
"2018070521","02","3","327 STANTON AVE","","PITTSBURGH","PA","15209","MICK'S AUTOMOTIVE","4122876113","","","","","","N","","","","","","N","","","","","","","","2","08935280","03"
"2018113238","05","99","215 MCKEAN ST","","PITTSBURGH","PA","15219","ALLEGHENY COUNTY","4123504005","031000","","","","","N","","","","","","N","","99999999","","","","","","1","09999999","08"
"2018122421","04","99","582 SR 380, PO BOX453","","MURRYSVILLE","PA","15668","D. PIERCE TRANSPORTATION INC","7243097549","080000","","","","","N","","","","","","N","","107772","","","","","","2","00349869","08"
"2018090149","03","8","345 SIXTH AVE. 3RD FL.","","PITTSBURGH","PA","15222","PORT AUTHORITY ALLEGHENY COUNTY","4124422000","","","","","","N","","","","","","N","","A-00976060","","","","","","2","","11"
"2018130165","02","99","347 LEFEVER HILL RD","","CHESWICK","PA","15024","COSTA CONSTRUCTION","7242654370","026000","","","","","N","","","","","","N","","UNKNOWN","","","","","","1","02065786","00"
"2018074707","02","4","4673 ECHO GLEN DRIVE","","PITTSBURGH","PA","15236","CHRISTOPHER NELLIS","4128486373","","","","","","N","","","","","","N","","056110","","","","","","2","02091893","03"
"2018046412","02","1","12301 CUMBERLAND RD","","FISHER","IN","46036","TRANS PORTE INC DBA US FOODS","8477208000","058500","","","","","N","","","","","","N","","","","","","","","3","00745614","08"
"2018049182","02","1","1200 PENN AVENUE","","PITTSBURGH","PA","15222","PITTSBURGH WATER AND SEWER AUTHO","4122558800","","","","","","N","","","","","","N","","9999999999","","","","","","1","","03"
"2018030476","03","99","1336 W PITTSBURGH ST","","SCOTTDALE","PA","15683","CHARLES HUNTER CRANE SERVICE & T","4126014173","055000","","","","","N","","","","","","N","","","","","","","","1","02317207","04"
"2018030476","05","3","9534 GOEHRING RD","","CRANBERRY","PA","16066","ABC FINANCIAL","7242259235","549000","","","","","N","","","","","","N","","","","","","","","2","01022421","08"
"2018110435","02","4","1025 HARRISON CITY EXPORT RD","","HARRISON CITY","PA","15636","A MATISKO CONTRACTING","7243041873","","","","","","N","","","","","","N","","115119","","","","","","1","02822660","03"
"2018008682","03","2","7701 W 59TH ST","","SUMMIT","IL","60501","HOLCOMB TRUCKING INC","2628592336","080000","3","","","","Y","1","","","","","N","","","","","","","","1","00454468","08"
"2018017616","02","8","415 REBECCA ST","","MCKEESPORT","PA","15132","PENNSYLVANIA COACH LINES INC","4128961875","","","","","","N","","","","","","N","","","","","","","","2","00465361","11"
"2018033599","02","0","400 MOSITIES","","PITTSBURGH","PA","15205","MOSITIES","7248458675","","","","","","N","","","","","","","","25","","","","","","2","00000502","02"
"2018080787","03","8","2235 BEAVER AVE","","PITTSBURGH","PA","15233","PORT AUTHORITY OF ALLEGHENY COUN","4124422000","","","","","","N","","","","","","N","","","","","","","","4","02317915","11"
"2018066296","02","8","2235 BEAVER AVENUE","","PITTSBURGH","PA","15233","PORT AUTHORITY","4124422200","","","","","","N","","","","","","N","","A-99999999","","","","","","2","","11"
"2018074568","02","1","5331 MCANULTY RD","","PITTSBURGH","PA","15236","MICHAEL BROTHERS HAULING INC","4128356428","","","","","","N","","","","","","N","","","","","","","","1","01014261","05"
"2018091246","02","0","1807 SHENANGO RD","","NEW GALILEE","PA","16141","LINDY PAVING INC","7243361400","026000","","","","","N","","","","","","N","","","","","","","","2","00418111","98"
"2018003971","03","8","2235 BEAVER AVE.","","PITTSBURGH","PA","15233","PORT AUTHORITY ALLEGHENY COUNTY","4124422000","","","","","","N","","","","","","N","","A-00976060","","","","","","2","","11"
"2018047424","02","8","2235 BEAVER AVENUE","","PGH","PA","15233","PORT AUTHORITY OF ALLEGHENYCOUNT","4125665500","039600","","","","","N","","","","","","","","A-00976060","","","","","","1","","11"
"2018031229","02","8","2235 BEAVER AVENUE","","PITTSBURGH","PA","15233","PORT AUTHORITY ALLEGHENY COUNTY","4124422000","","","","","","N","","","","","","N","","A-0097606","","","","","","3","","11"
"2018115519","05","2","4366 MT PLEASANT ST","","N. CANTON","OH","44720","KAG LEASING INC","8009695419","080000","","","","","N","","","","","","N","","","","","","","","1","00090831","08"
"2018019313","01","4","291 JODIE LANE","","NORTH HUNTINGDON","PA","15642","OWNED BY UNIT 1","4122166771","036000","","","","","N","","","","","","N","","","","","","","","1","00009999","99"
"2018095579","02","8","340 POPLAR ST","","HANOVER","PA","173312358","PA COACH LINES","4123840200","031000","","","","","N","","","","","","N","","110344","","","","","","1","00465361","11"
"2018009910","02","3","740 FREEDOM CRIDER RD","","FREEDOM","PA","15042","IRON CITY PLUMBING & EXCAVATING","7247745608","010400","","","","","N","","","","","","N","","","","","","","","2","02123418","03"
"2018040999","02","1","1724 LEECHBURG RD","","PENN HILLS","PA","15235","SENTRY MECHANICAL","4127953040","013200","","","","","N","","","","","","N","","","","","","","","3","99999999","03"
"2018099245","02","1","2675 MORGANTOWN RD","","READING","PA","19607","PENSKE LEASING AND RENTAL CO.","8005260798","019000","","","","","N","","","","","","N","","","","","","","","1","00327574","03"
"2018098722","99","1","1 LAMAGNA DR","","VERONA","PA","15147","LAMAGNA FOOD GROUP","9999999999","032900","","","","","N","","","","","","N","","","","","","","","2","","09"
"2018121090","05","1","6848 MOUNT HERMAN RD","","MORRISVILLE","NC","27560","ESTATES EXPRESS LINES","7245281777","080000","","","","","N","","","","","","N","","","","","","","","2","00121018","08"
"2018127727","99","8","13413","","KITTANNING","PA","16201","PATCO TRANSIT INC","9999999999","999999","","","","","N","","","","","","N","","","","","","","","1","","11"
"2018049813","02","3","184 MARYELLEN DR","","NORTH VERSAILLES","PA","15137","TAMBURO LTD","4128499163","025500","","","","","N","","","","","","N","","","","","","","","2","01802889","03"
"2018070921","04","1","3801 OLD GREENWOOD RD","","FORT SMITH","AZ","72903","ABF FREIGHT SYSTEM","8006105544","","","","","","N","","","","","","N","","","","","","","","2","00082866","08"
"2018050482","02","4","1014 BRODHEAD RD","","CORAOPOLIS","PA","15108","FRATANGELO GARDENS INC","4408559483","026000","","","","","N","","","","","","N","","","","","","","","1","02142865","03"
"2018093231","03","4","251 CEMETARY RD","","HOMER CITY","PA","15681","JOHN COLEMAN","9999999999","","","","","","N","","","","","","N","","","","","","","","1","00120871","04"
"2018053485","03","7","310 LEGER ROAD","","IRWIN","PA","15642","WASTE MANAGEMENT OF PENNA","8004584090","","","","","","N","","","","","","N","","","","","","","","1","00344050","04"
"2018082178","03","4","49 ROCKY LANE","","EIGHTY FOUR","PA","15330","JOSEPH STABILE TRUCKING","4126003571","073280","","","","","N","","","","","","N","","","","","","","","2","01721958","04"
"2018036664","03","1","3377 US 224 EAST","","WILLARD","OH","44890","DUTCH MAID LOGISTICS INC","4199333937","","","","","","N","","","","","","U","","","","","","","","1","00161246","08"
"2018126986","05","3","212 COUNTRY LANE","","WEST NEWTON","PA","15089","J A TRUCKING, INC.","7248720801","080000","","","","","N","","","","","","U","","","","","","","","1","00267253","08"
"2018069971","03","1","6720 NORTH 9TH ST.","","OMAHA","NE","68112","REINHART TRANSPORTATION LLC","4025971898","072000","","","","","N","","","","","","N","","","","","","","","1","00882290","06"
"2018114549","05","0","UNK","","UNK","ZZ","99999","US XPRESS INC","9999999999","","","","","","","","","","","","N","","","","","","","","2","99999999","06"
"2018007912","05","1","3700 CAPRI COURT APT 510","","GLENVIEW","IL","60025","EM & EM LOGISTICS INC","8472577677","044000","","","","","N","","","","","","N","","","","","","","","1","02907648","06"
"2018083607","02","1","45 NEW YORK CIRCLE","","BRIDGEVILLE","PA","150172235","HEATHER CONTRACTING LLC","4122578236","999999","","","","","N","","","","","","N","","","","","","","","1","02141503","03"
"2018100198","99","8","200 HAHN RD","","PITTSBURGH","PA","15209","FIRST STUDENT","9999999999","999999","","","","","N","","","","","","N","","","","","","","","1","","11"
"2018110939","04","1","400 BIRMINGHAM HWY","","CHATTANOOGA","TN","37419","SOUTHERN REFRIGERATED TRANSPORT","9035053573","080000","","","","","N","","","","","","N","","","","","","","","2","00276010","08"
"2018033043","02","7","4716 ELLSWORTH AVE","","PITTSBURGH","PA","152131521","MY LAUNDRY MAN LLC","4129995541","017950","","","","","N","","","","","","N","","","","","","","","1","02591998","03"
"2018068898","05","3","4200 INDUSTRIAL BLVD","","ALIQUIPPA","PA","15001","SOUTHER PINES TRUCKING INC","9999999999","033400","","","","","N","","","","","","N","","","","","","","","2","00998722","06"
"2018068833","05","99","125 SHAFFER ROAD","","APOLLO","PA","15613","MICHAEL STIVASON","7244590332","080000","","","","","N","","","","","","N","","","","","","","","1","00871981","08"
"2018103924","06","99","3150 LENTO BLVD # 3200","","BETHEL PARK","PA","15102","JADON TRUCKING INC.","4128541702","","","","","","N","","","","","","N","","A100411","","","","","","2","00296214","06"
"2018120325","05","3","260 LINCOLIN HIGHWAY","","MIDDLE POINT","OH","45863","B&D EQUIPMENT","7244336822","800000","","","","","N","","","","","","N","","MC320120-C","","","","","","2","","08"
"2018033668","99","8","600 VINE STREET , STE 1","","CINCINNATI","OH","45202","FIRST GROUP LEASING NOMINEE TRU","4124525430","","","","","","N","","","","","","N","","","","","","","","1","","11"
"2018076411","02","8","798 EKASTOWN ROAD","","SARVER","PA","16055","WL ROENIGK","7243531515","029500","","","","","N","","","","","","N","","145465","","","","","","1","00153855","11"
"2018076411","02","8","798 EKASTOWN ROAD","","SARVER","PA","16055","WL ROENIGK","7243531515","029500","","","","","N","","","","","","N","","146465","","","","","","2","00153855","11"
"2018033040","02","3","4493 PEOPLES ROAD","","PITTSBURGH","PA","15237","L&M TOWING","4125376972","026000","","","","","N","","","","","","N","","","","","","","","1","02926819","03"
"2018008817","02","6","2911 LACONIA AVE APT 2","","BRONX","NY","10469","NOTORIOUS AUTO TRANSIT INC","3478672127","011500","","","","","N","","","","","","N","","","","","","","","2","03012606","06"
"2018131004","03","4","420 BURNS LN","","RUFFS DALE","PA","15679","TR TRUCKING","7247224445","073280","","","","","N","","","","","","N","","","","","","","","1","01122214","04"
"2018033473","05","1","15 27TH ST.","","PITTSBURGH","PA","15222","ECM TRANSPORT LLC","7243398800","068000","","","","","N","","","","","","N","","","","","","","","1","09999999","08"
"2018048219","02","8","5374 WILLIAM FLYNN HIGHWAY","","GIBSONIA","PA","15044","MONARK STUDENT TRANSPORTATION","7246954000","","","","","","N","","","","","","N","","A00116335","","","","","","2","00856887","11"
"2018126491","05","99","236 WINFIELD ROAD","","SARVER","PA","16055","WAYNE W SELL CORP","7243529441","080000","","","","","N","","","","","","N","","A93415","","","","","","2","00098033","08"
"2018095106","03","1","2416 41ST STREET","","PENNSAUKEN","NJ","081102108","R & J TRUCKING SERVICES","8564261810","008000","","","","","N","","","","","","N","","","","","","","","2","02898711","08"
"2019001617","03","2","1861 TERRY DR","","JOLIET","IL","60436","QUALITY CARRIER SERVICES INC","2177851800","080000","9","","","","Y","1","","","","","N","","","","","","","","1","00919129","04"
"2018059857","02","8","2235 BEAVER AVE","","PITTSBURGH","PA","15233","PORT AUTHORITY OF ALLEGHENY CO","4124422000","","","","","","N","","","","","","","","A-00976060","","","","","","1","","11"
"2018128119","02","8","2235 BEAVER AVENUE","","PITTSBURGH","PA","15233","PORT AUTHORITY","4124422000","","","","","","N","","","","","","N","","A-00976060","","","","","","1","","11"
"2018058693","05","3","PO BOX 594","","FAIRLAND","OK","74343","JEREMY ALMENDAREZ","4054419792","090000","","","","","N","","","","","","N","","","","","","","","1","01620458","08"
"2018117114","02","3","113 CENTER ST","","NEW BRIGHTON","PA","15010","TOW-TEGRITY INC","9999999999","099999","","","","","N","","","","","","N","","","","","","","","1","","03"
"2019001823","03","1","3429 BRIGHTWOOD ROAD","","MIDVALE","OH","44653","LTD","9999999999","066000","","","","","N","","","","","","N","","","","","","","","2","01029241","08"
"2018016328","01","4","1000 MADISON AVE","","WEST ELIZABETH","PA","15088","LEWINTER TRANFER","4124149312","073280","","","","","","","","","","","N","","A95478","","","","","","2","00162073","03"
"2018022745","02","8","7035 SALTSBURG ROAD","","PGH","PA","15235","PENN HILLS","4127937000","","","","","","N","","","","","","","","306","","","","","","2","00953012","11"
"2018013858","03","3","602 KINGSDALE RD.","","STEUBENVILLE","OH","43952","J P GRAHAM TRANSPORT INC.","7243797125","","","","","","N","","","","","","","","999999999","","","","","","2","00099999","08"
"2018065520","03","1","6238 W MINNESTOTA STREET","SUITE B","INDIANAPOLIS","IN","46421","COWAN INTERMODAL GROUP LLC","8008826926","008000","","","","","N","","","","","","N","","","","","","","","1","00215194","06"
"2018065520","02","8","101 OLD FRANKSTOWN ROAD","","PITTSBURGH","PA","15239","FIRST TRANSIT LLC","4129961858","","","","","","N","","","","","","N","","","","","","","","2","01002211","10"
"2018056351","02","1","1200 WESTERN AVENUE","","PITTSBURGH","PA","15233","UHAUL","4122651119","","","","","","N","","","","","","N","","","","","","","","2","99999999","03"
"2018118110","02","8","798 EKASTOWN ROAD","","SARVER","PA","16055","WL ROENIGK LEASING","4123531515","029500","","","","","N","","","","","","N","","","","","","","","2","01634361","11"
"2018127522","01","8","154 SANDY CREEK ROAD","","VERONA","PA","15147","AI VAN SERVICES INC","4127282966","031000","","","","","N","","","","","","N","","","","","","","","2","00014065","11"
"2018137059","04","8","2235 BEAVER AVENUE","","PITTSBURGH","PA","15233","PORT AUTHORITY ALLEGHENY COUNTY","4124422000","","","","","","N","","","","","","N","","A-00976060","","","","","","2","","11"
"2018011983","03","2","38 CHRISTY RD","","DELMONT","PA","15626","CLB TRUCKING LLC","4125548169","032000","","","","","N","","","","","","N","","","","","","","","1","02337848","09"
"2018092661","02","3","60 IRVINE STREET","","PITTSBURGH","PA","15207","HOWARD TOWING AND RECOVERY","4124229000","021000","","","","","N","","","","","","N","","","","","","","","2","02434744","03"
"2018074475","05","1","11520 ST CHARLES ROCK RD","SUITE 102B","BRIDGETON","MO","63044","DAVIS CARGO","3144413740","","","","","","N","","","","","","N","","","","","","","","1","25578152","08"
"2018099318","02","4","2018 OAK ST","PO BOX 845","LARGE","PA","15025","LARGE CONTRACTING SERVICES INC","4123843690","025999","","","","","N","","","","","","N","","","","","","","","2","02439691","03"
"2018070320","04","1","11670 NW 105TH STREET","","MIAMI","FL","33178","RYDER TRUCK RENTAL INC","3308060649","080000","","","","","N","","","","","","N","","","","","","","","1","00016130","08"
"2018098630","04","4","8020 ROWAN ROAD","","CRANBERRY TOWNSHIP","PA","16066","CRANBERRY SUPPLY COMPANY","7247761610","073280","","","","","N","","","","","","N","","","","","","","","1","00834695","04"
"2018131363","99","99","UNKNOWN","","PITTSBURGH","PA","99999","CITY OF PITTSBURGH","9999999999","","","","","","N","","","","","","","","","","","","","","3","","99"
"2018056519","02","1","1024 KEENE STREET","","SPRINGDALE","PA","151440300","GRECO STEEL PRODUCTS INC","7242744844","","","","","","N","","","","","","N","","","","","","","","1","00594677","03"
"2018078198","04","3","2458 ROCHESTER ROAD","","SEWICKLEY","PA","15143","DRAGUN'S LANDSCAPE SUPPLY","4126358441","080000","","","","","N","","","","","","N","","","","","","","","2","02136628","04"
"2018040968","02","1","1825 LIVERPOOL ST","","PITTSBURGH","PA","15233","PITTSBURGH TRANSPORTATION GROUP","4123230417","","","","","","N","","","","","","","","","","","","","","2","01164759","03"
"2018012843","03","1","2402 DOGLEG DR","","WARRINGTON","PA","18976","JOHN FREYMULLER LLC","2158331353","080000","","","","","N","","","","","","N","","","","","","","","1","03037149","08"
"2018107068","99","99","4500 BOARDMAN CANFIELD","","CANFIELD","ZZ","99999","JOE MINEO CREATIVE LLC","9999999999","999999","","","","","N","","","","","","N","","","","","","","","1","","99"
"2018101347","02","8","9 CRESCENT ST","","ETNA","PA","15223","AKS TRANSPORTATION","4127811184","","","","","","N","","","","","","N","","6411342","","","","","","2","00531808","11"
"2018041712","02","8","5347 WILLIAM FLYNN HWY","","GIBSONIA","PA","15044","MONARK STUDENT TRANSPORTATION","4124585230","","","","","","N","","","","","","U","","00","","","","","","1","00000000","11"
"2018016668","02","8","345 6TH AVE","","PITTSBURGH","PA","15222","PORT AUTHORITY","4124422000","","","","","","N","","","","","","N","","A-00976060","","","","","","2","","11"
"2018083066","04","0","2593 WEXFORD BAYNE RD","","SEWICKLEY","PA","15143","ALLEGHENY EXCAVATING","7249352400","","","","","","N","","","","","","N","","","","","","","","2","00060837","08"
"2018136685","02","8","8 RIVER ROAD","","MCKEES ROCKS","PA","15136","COMMUNITY TRANSPORTATION INC","4123310800","","","","","","N","","","","","","N","","","","","","","","1","02430646","10"
"2018046642","04","99","2930 DUSS AVE","","AMBRIDGE","PA","15003","HG VENTURES INC","7242665266","073280","","","","","N","","","","","","U","","A-8913415","","","","","","1","02127975","04"
"2018122272","02","8","600 GRANT STREET","","PITTSBURGH","PA","15219","UPMC","4129061034","","","","","","N","","","","","","N","","","","","","","","2","02210798","11"
"2018122272","02","8","600 GRANT STREET","","PITTSBURGH","PA","15219","UPMC","4129061034","","","","","","N","","","","","","N","","","","","","","","3","02210798","11"
"2018028481","03","1","40 51ST","","PITTSBURGH","PA","15201","CLEAN TEXT TILE SYS","4124771383","073280","","","","","N","","","","","","N","","","","","","","","2","00394016","09"
"2018131324","04","0","1300 CRAFTON BLVD","","PITTSBURGH","PA","15205","EABORN TRUCK SERVICES","4129219928","080000","","","","","N","","","","","","","","","","","","","","2","00085172","05"
"2018106340","03","2","699 PINE GROVE SCHOOL R","","VENUS","PA","16364","MCKISSICK TRUCKING","8143504170","080000","","","","","N","","","","","","N","","A-00113758","","","","","","2","00524921","00"
"2018099265","02","1","971 BRIARSDALE RD","","HARRISBURG","PA","17109","RYDER TRUCK RENTAL","9999999999","","","","","","N","","","","","","N","","9999999999","","","","","","1","09999999","03"
"2018055445","02","8","223 CLEVER ROAD","","MC KEES ROCKS","PA","15136","MONTOUR SCHOOL DISTRICT","4124906500","","","","","","N","","","","","","N","","","","","","","","3","","11"
"2018019664","04","99","16065 INDUSTRIAL PARKWA","","CLEVELAND","OH","44135","ROYAL OAK RECYCLING","3146953200","077000","","","","","","","","","","","N","","","","","","","","1","01884571","99"
"2018049530","03","5","1000 BIG SEWICKLEY CREEK RD","","SEWICKLEY","PA","15143","WINE CONCRETE PRODUCTS, INC.","7242669500","073280","","","","","N","","","","","","N","","","","","","","","1","02076823","04"
"2018097677","01","1","5901 BAPTIST ROAD","","PITTSBURGH","PA","15132","J&A SOUTH PARK HEATING AND COOLI","4128855579","010000","","","","","N","","","","","","N","","","","","","","","1","02254284","05"
"2018097677","01","3","109 MCCLURE STREET","","DRAVOSBURG","PA","15034","C & D TOWING","4127511323","010000","","","","","N","","","","","","N","","A-00123372","","","","","","2","00536207","05"
"2018126929","00","4","5331 MCANULTY ROAD","","PITTSBURGH","PA","15236","MICHAEL BROTHERS TRANSPORTATIO","4128356428","073280","","","","","","","","","","","N","","","","","","","","2","02408389","08"
"2018008462","05","99","1569 INDUSTRIAL PKWY","","AKRON","OH","44310","HOC TRANSPORT COMPANY","3306300100","","","","","","N","","","","","","N","","145566-P","","","","","","2","00302119","08"
"2018030511","02","1","971 BRIARSDALE RD","","HARRISBURG","PA","17109","RYDER TRUCK RENTAL INC","7175616022","048000","","","","","N","","","","","","","","","","","","","","2","00016130","03"
"2019001571","03","99","2020 KNOTT ST","","PITTSBURGH","PA","15233","SNOW AND ICE MGMT OF PA","4126009110","055000","","","","","N","","","","","","N","","","","","","","","2","02138150","09"
"2018078861","03","4","10250 BUCHANNON ROAD","","PITTSBURGH","PA","15235","VIGLIOTTI LANDSCAPE AND CONSTRUC","4128892717","","","","","","N","","","","","","N","","","","","","","","1","02124559","04"
"2018065579","03","2","3801 WEST CHESTER PIKE","","NEWTOWN SQUARE","PA","19073","SUNOCO","7246221184","080000","","","","","N","","","","","","N","","","","","","","","5","00010328","99"
"2018017985","05","1","1037 WINFIELD ROAD","","CABOT","PA","16023","RONALD GROSS INC","8142856176","","","","","","N","","","","","","N","","107320","","","","","","2","00429878","08"
"2018044630","03","8","2235 BEAVER AVE","","PITTSBURGH","PA","15233","PORT AUTHORITY OF ALLEGHENY COUN","4122551385","","","","","","N","","","","","","N","","A-00976060","","","","","","2","","11"
"2019004505","02","1","15710 ORLANDO BROOK DRI","","ORLANDO PARK","IL","60462","DM IMPERIAL LLC","9999999999","028000","","","","","N","","","","","","N","","","","","","","","2","00099999","03"
"2018109585","01","99","4 SCOTTDALE RD","","PITTSBURGH","PA","15683","PENN LINE","4125706511","","","","","","N","","","","","","N","","","","","","","","1","00093930","09"
"2018099723","02","8","345 SIXTH AVENUE","","PITTSBURGH","PA","15222","PORT AUTHORITY","4124422000","","","","","","N","","","","","","N","","A-00976060","","","","","","2","","11"
"2018027249","02","8","1325 SCOTLAND AVE","","PUNXSUTANY","PA","15767","KRISE TRANSPORTATION INC","4127937000","029500","","","","","N","","","","","","N","","","","","","","","2","00550782","11"
"2018031062","02","8","873 BRADDOCK AVENUE","","EAST PITTSBURGH","PA","15112","P.R.N. PARATRANSIT SERVICE","8886348773","","","","","","N","","","","","","N","","","","","","","","1","02432891","10"
"2018069910","02","1","173 THORN HILL ROAD","","WARRENDALE","PA","15086","PARAGON FOODS","7247419100","033000","","","","","N","","","","","","U","","25181","","","","","","2","00435939","05"
"2018077705","05","1","2150 SCHUETZ","","ST. LOUIS","MO","63146","HOGAN DEDICATED TRUCKING","9143389993","","","","","","N","","","","","","N","","","","","","","","2","00186660","08"
"2018086514","03","3","347 LEFEVER HILL RD","","CHESWICK","PA","15024","COSTA CONTRACTING INC","7242654388","019500","","","","","N","","","","","","","","","","","","","","1","02065786","98"
"2018079222","03","8","2235 BEAVER AVENUE","","PITTSBURGH","PA","15233","PORT AUTHORITY OF ALLEGHENY CO","4125565000","040000","","","","","N","","","","","","N","","A-00976060","","","","","","2","","11"
"2018083218","05","0","1016 TRIPLETT BLVD","","AKRON","OH","44306","J-RAYL DRAYAGE (CONCEPT FREIGHT","3309401667","080000","","","","","N","","","","","","N","","","","","","","","1","01761715","08"
"2018002361","03","7","200 RANGOS LN.","","WASHINGTON","PA","15301","WASTE MANAGEMENT OF PENNSYLVANIA","8008664460","073280","","","","","N","","","","","","N","","","","","","","","1","00344050","04"
"2018054593","05","3","PO BOX 3433 STAN MAIN","","SPRUCE GROVE","AB","T7X3A7","PREFERRED CARRIERS INC","7809625801","080000","","","","","N","","","","","","N","","","","","","","","1","01478187","08"
"2018043486","08","3","3100 E. CARSON ST.","","PITTSBURGH","PA","15203","FRANK B FUHRER HOLDINGS","7246815670","","","","","","N","","","","","","N","","","","","","","","2","02066069","06"
"2018118648","05","1","9200 E 146TH ST","","NOBLESVILLE","IN","46060","J B HUNT TRANSPORT INC","3177730019","080000","","","","","N","","","","","","N","","","","","","","","2","00080806","08"
"2018104339","02","8","2235 BEAVER AVE.","","PITTSBURGH","PA","15233","PORT AUTHORITY OF ALLEGHENY CO.","4125665214","026000","","","","","N","","","","","","N","","A-00976060","","","","","","2","","11"
"2019001591","03","4","923 WEIMER LANE","","SALTSBURG","PA","15681","VISIONARY EQUIPMENT CORP","7246393239","071000","","","","","N","","","","","","N","","","","","","","","1","00102871","09"
"2018052628","04","5","1 43RD ST","","PITTSBURGH","PA","15201","43RD STREET CONCRETE","4126824090","073280","","","","","N","","","","","","N","","","","","","","","1","02099631","09"
"2018086271","02","8","311 MAHONING AVENUE","","NEW CASTLE","PA","16102","NEW CASTLE AREA TRANSIT","7247300828","038000","","","","","N","","","","","","N","","","","","","","","1","99999999","11"
"2018103191","02","1","615 ALPHA DRIVE REAR","","PITTSBURGH","PA","15238","BANK OF AMERICA LEASING & CAPITA","4125125243","012500","","","","","N","","","","","","N","","","","","","","","2","00778752","03"
"2018123802","02","8","2235 BEAVER AVENUE","","PITTSBURGH","PA","15233","PORT AUTHORITY ALLEGHENY COUNTY","4122551385","","","","","","N","","","","","","N","","A-00976060","","","","","","1","","11"
"2018122357","03","99","4366 MT PLEASANT ST NW","","NORTH CANTON","OH","44720","ADVANTAGE TANK LINES","3302366705","","","","","","N","","","","","","U","","20030","","","","","","1","01114653","08"
"2018114705","03","4","5020 THOMS RUN RD","","OAKDALE","PA","15071","INDEPENDENT EQUIPMENT TRANSPORTA","4122570808","","","","","","N","","","","","","N","","","","","","","","1","00000000","04"
"2018097432","03","1","202 N ROCK RD APT 704","","WICHITA","KS","67206","SASE AND J LOGISTICS LLC","3163042843","","","","","","N","","","","","","U","","","","","","","","1","02911394","08"
"2018071416","02","8","2235 BEAVER AVENUE","","PITTSBURGH","PA","15233","PORT AUTHORITY","4124422000","","","","","","N","","","","","","N","","A-00976060","","","","","","2","","11"
"2018136018","02","3","17 FERRY ST","","LEETSDALE","PA","15056","JT THORPE AND SON INC","3307165406","026000","","","","","N","","","","","","U","","","","","","","","2","00000000","99"
"2018012422","04","4","285 KAPPA DR","","PITTSBURGH","PA","15238","RUSSELL STANDARD  CORP.","4124490700","073280","","","","","N","","","","","","N","","","","","","","","2","00064940","04"
"2018099031","99","0","2736 GLENIMAWR ST","","PITTSBURGH","PA","15204","DREW ALLEN","9999999999","010000","","","","","N","","","","","","N","","","","","","","","2","","02"
"2018098219","03","3","1225 STATE ROUTE 40","","CLAYSVILLE","PA","15323","MCADOO'S TOWING INC.","7243502039","032000","","","","","N","","","","","","N","","","","","","","","1","00030834","05"
"2018040977","05","1","3100 INDUSTRIAL PARKWAY","","JEFFERSONVILLE","IN","47130","RYDER","8889979397","080000","","","","","N","","","","","","N","","","","","","","","2","01820774","06"
"2018105356","99","99","109 DARK HOLLOW RD","","OAKMONT","PA","15139","CARD TRANSPORTATION  LLC","9999999999","073280","","","","","N","","","","","","N","","","","","","","","1","","99"
"2018043836","02","8","415 REBECCA ST","","MCKEESPORT","PA","151343857","PENNSYLVANIA COACH LINES INC","4126640911","","","","","","N","","","","","","N","","","","","","","","1","00465361","11"
"2018115991","01","8","154 SANDY CREEK ROAD","","VERONA","PA","15147","A-1 VAN SERVICES","4127816170","030000","","","","","N","","","","","","N","","US325","","","","","","3","","11"
"2018008147","02","3","10250 BUCHANON RD","","PITTBSURGH","PA","15235","VIGLIOTTI LANDSCAPING AND CONSTR","4128892717","019500","","","","","N","","","","","","N","","","","","","","","2","02124559","03"
"2018019776","02","8","150 S 24TH STREET","","PITTSBURGH","PA","15203","FIRST STUDENT INC","4124318747","","","","","","N","","","","","","N","","","","","","","","3","99999999","11"
"2018019776","02","0","150 S 24TH SREET","","PITTSBURGH","PA","15203","FIRST STUDENT INC","4124318747","","","","","","N","","","","","","N","","","","","","","","4","99999999","11"
"2018062560","02","8","2235 BEAVER AVENUE","","PITTSBURGH","PA","15233","PORT AUTHORITY OF ALLEGHENY COUN","4125665500","050000","","","","","N","","","","","","N","","A-00976060","","","","","","1","","11"
"2018081341","05","1","4300 THE WOODS DR. APT #434","","SAN JOSE","CA","93313","BHIND LOG LLC","3475708532","","","","","","N","","","","","","N","","85243","","","","","","1","03115899","08"
"2018096624","02","8","2235 BEAVER AVENUE","","PITTSBURGH","PA","15233","PORT AUTHORITY ALLEGHENY COUNTY","4124422000","","","","","","N","","","","","","","","","","","","","","1","00012345","11"
"2018113832","99","7","121 BRICKYARD RD","","MARS","PA","16046","VOGEL DISPOSAL SERVICES INC","9999999999","058400","","","","","N","","","","","","N","","","","","","","","1","","09"
"2018113832","99","99","1821 BEAVER AVE","","PITTSBURGH","PA","15233","UNITED PARCCEL SERVICE INC","9999999999","019500","","","","","N","","","","","","N","","","","","","","","2","","09"
"2018079517","03","4","1938 REMINGTON DR","","PITTSBURGH","PA","15221","AK PENNINGTON TRUCKING LLC","4123046229","063000","","","","","N","","","","","","N","","","","","","","","1","03146687","04"
"2018086633","99","1","2675 MORGANTOWN RD","","READING","PA","19607","PENSKE TRUCK LEASING CO","9999999999","012000","","","","","N","","","","","","N","","","","","","","","3","00327574","09"
"2018124771","02","0","30 BECHFORD STREET","","PITTSBURGH","PA","15235","ELMO GROPELLI","4126073480","","","","","","N","","","","","","N","","","","","","","","1","02132829","02"
"2018073483","05","1","7101 W 17TH AVE","","GARY","IN","46406","SCHENIDER NATIONAL CARRIER","8005586767","080000","","","","","N","","","","","","N","","","","","","","","1","00264184","08"
"2018135429","02","4","3908 HOMESTEAD-DUQUESNE RD","","WEST MIFFLIN","PA","15122","CARLS TREE SERVICE","4124663539","017000","","","","","N","","","","","","N","","","","","","","","2","00389611","09"
"2018118781","02","8","200 HAHN ROAD","","PITTSBURGH","PA","15209","FIRST STUDENT INC","4128215340","200000","","","","","N","","","","","","N","","","","","","","","1","00354406","11"
"2018094501","01","6","9470 CHERRY TREE DR. #310","","STRONGVILLE","OH","44130","LION KING EXPRESS LLC","4405906426","005000","","","","","N","","","","","","N","","MC014095","","","","","","1","02980750","06"
"2018037937","03","2","194 PYLER DRIVE","","SOMERSET","PA","15501","SOUTHSIDE TRANSFER SERVICE LLC","7242011899","073280","","","","","N","","","","","","N","","","","","","","","1","02325992","04"
"2018052592","04","4","48 WAGNER RD","","ALLISON PARK","PA","15101","FRANCIS ESCAVATING","7246120577","073280","","","","","N","","","","","","N","","","","","","","","2","02467582","09"
"2018102816","05","1","625 PLAINFIELD ROAD  SU","","WILLOWBROOK","IL","60527","YOPO EXPEDITE INC.","7085504407","080000","","","","","N","","","","","","N","","","","","","","","1","02435654","08"
"2018073464","03","4","221 ALLEGENY AVE","","OAKMONT","PA","15139","TDF SERVICE INC","4126518246","073280","","","","","N","","","","","","N","","A-00114665","","","","","","2","00945123","00"
"2018063747","03","99","5001 US HWY 30 WEST","","FORT WAYNE","IN","46818","CRST LINCOLN SALES INC","3344064104","080000","","","","","N","","","","","","N","","","","","","","","1","00053773","06"
"2018096293","02","3","943 BROADWAY ST","","E MCKEESPORT","PA","150351501","MCKELVEY TOWING","4126129985","017000","","","","","N","","","","","","N","","","","","","","","1","03157714","03"
"2018022615","04","4","1230 PORTERSVILLE ROAD","","PORTERSVILLE","PA","16051","DALE MCCLYMONDS INC","7243688911","080000","","","","","N","","","","","","N","","A-96721","","","","","","1","00738455","04"
"2018034002","05","1","4223 E 49TH STREET","","CLEVELAND","OH","44125","GATEWAY PRODUCTS RECYCLING INC","4128378777","080000","","","","","N","","","","","","N","","","","","","","","3","02573874","08"
"2018003641","02","1","425 SCHOOL HOUSE RD.","","TELFORD","PA","18969","CLEMMER MOVING AND STORAGE","2157235515","026000","","","","","N","","","","","","N","","A94147","","","","","","1","00085504","03"
"2018067687","02","3","4428 OHIO RIVER BLVD","","PITTSBURGH","PA","15202","BRIGHTON SERVICE","4127669977","","","","","","N","","","","","","N","","","","","","","","1","01669984","03"
"2018109059","03","1","6027 103RD ST APT 2D","","CHICAGO RIDGE","IL","60415","JEEP TRANSPORT INC","8158398123","080000","","","","","N","","","","","","N","","","","","","","","1","01691395","08"
"2018107310","99","0","5882 KENNEDY AVE STE","","EXPORT","PA","15632","WA HOY CONSTRUCTION INC","9999999999","999999","","","","","N","","","","","","N","","","","","","","","1","","02"
"2018107224","02","4","10250 BUCHANON RD","","PITTSBURGH","PA","15235","VIGLIOTTI LANDSCAPING AND CONSTR","4125765508","073280","","","","","N","","","","","","N","","","","","","","","2","99999999","03"
"2018078937","02","7","1807 SHENANGO RD","","NEW GALILEE","PA","16141","LINDY PAVING","7247341145","026001","","","","","N","","","","","","N","","","","","","","","2","00418111","03"
"2018037037","02","0","345 SIXTH AVENUE","","PITTSBURGH","PA","15222","PORT AUTHORITY OF ALLEGHENY CO","4125665214","26,000","","","","","N","","","","","","N","","A-00097606","","","","","","2","","11"
"2018090214","99","1","663 NAPOR BLVD","","PITTSBURGH","PA","15205","CELLONES BAKERY INC","9999999999","012000","","","","","N","","","","","","N","","","","","","","","1","","09"
"2018058445","05","99","7135 CENTENNIAL PLACE","","NASHVILLE","TN","37209","WESTERN EXPRESS","8003167160","","","","","","N","","","","","","N","","","","","","","","1","02243447","08"
"2018018287","03","6","1462 US HWY 20","","BELVIDERE","IL","61008","FLEET CAR LEASE INC","3032884600","080000","","","","","N","","","","","","N","","","","","","","","2","00262863","08"
"2018048410","02","1","237 EAST MAIN ST","","CARNEGIE","PA","15106","WILMAC FLOORING","4122793500","","","","","","N","","","","","","N","","","","","","","","1","03402116","03"
"2018110033","99","1","1308 MAIN ST","","CRESCENT","PA","15046","GPB WASTE OF OH-PA LLC DBA IRON","4125065874","080000","","","","","N","","","","","","N","","","","","","","","3","03048989","08"
"2018009079","03","8","2235 BEAVER AVE","","PITTSBURGH","PA","15233","PORT AUTHORITY OF ALLEGHENY COUN","4124422000","","","","","","N","","","","","","N","","A-00976060","","","","","","2","","11"
"2018109823","02","1","351 32ND ST","","PITTSBURGH","PA","15201","FEDEX","8004633339","","","","","","N","","","","","","N","","N/A","","","","","","1","00265752","03"
"2018036603","05","99","5741 BURLINGTONDR","","MUNCIE","IN","47302","SOUTHERN REFREGERATED","8002888120","080000","","","","","N","","","","","","N","","","","","","","","2","00276110","09"
"2018102833","06","4","1230 PORTERSVILLE RD","","PORTERSVILLE","PA","16051","DALE MCCLYMONDS","7243688911","079800","","","","","N","","","","","","N","","","","","","","","1","00738455","08"
"2018068827","99","0","12729 LANES RUN ROAD","","BIG POOL","MD","21711","CREEKSTONE LANDSCAPE & EXCAVATIN","3018422113","","","","","","N","","","","","","","","","","","","","","1","00835866","09"
"2018031429","04","1","358 NORTH SHORE DRIVE","","PITTSBURGH","PA","15212","PITTSBURGH POST GAZETT","4128609559","046000","","","","","N","","","","","","N","","","","","","","","2","00358261","03"
"2018017618","02","1","P.O. BOX 791","","READING","PA","19603","PENSKE LEASING AND RENTAL CO.","4124314606","","","","","","N","","","","","","N","","0","","","","","","2","00000000","03"
"2018033746","03","2","3343 COLISEUM BLVD","","FORT WAYNE","IN","46808","UPS GROUND FREIGHT INC","8666157340","040000","","","","","N","","","","","","N","","268922","","","","","","2","00021800","06"
"2018069966","02","8","600 VINE STREET","SUITE 1400","CINCINNATI","OH","45202","FIRST STUDENT INC","5132412200","014050","","","","","N","","","","","","N","","109523","","","","","","1","00354406","10"
"2018069966","02","3","2908 MERCER WEST MIDDLESEX RD","","WEST MIDDLESEX","PA","16159","URRA COMPANY INC","7249068091","","","","","","N","","","","","","N","","","","","","","","2","00597681","03"
"2018048957","03","99","125 SHAFFER RD","","APOLLO","PA","15613","STIVASON","9999999999","","","","","","N","","","","","","","","99999","","","","","","1","00099999","08"
"2018031203","05","1","11609 KOONS RD","","WAYNESBORO","PA","17268","CARDELL TRUCKN LLC","7173546777","080000","","","","","N","","","","","","N","","","","","","","","2","02173192","08"
"2018088076","05","1","3401 WIBLE RD 12","","BAKERSFIELD","CA","93309","SAHOTA CARGO","2154608801","080000","","","","","N","","","","","","N","","","","","","","","1","02589546","08"
"2018131623","99","99","123 UNKNOWN","","UNKNOWN","ZZ","99999","UPS","9999999999","999999","","","","","N","","","","","","N","","","","","","","","1","","99"
"2018026445","02","1","4229 HOWARD AVE","SUITE B","KENSINGTON","MD","20895","DNS MOVING INC.","2025287197","025999","","","","","N","","","","","","N","","46824","","","","","","2","03022680","03"
"2019001642","05","99","1535 WEBSTER STREET","","GARY","IN","46406","UNIVERSAL TRUCKLOAD INC.","7242446033","080000","","","","","N","","","","","","N","","","","","","","","2","00041208","08"
"2018034195","02","8","2235 BEAVER AVE","","PITTSBURGH","PA","15233","PORT AUTHORITY OF ALLEGHENY COUN","4124422000","","","","","","N","","","","","","N","","A-00976060","","","","","","2","","11"
"2018070346","99","3","964 ROSSVILLE RD","","LEWISBERRY","PA","17339","PROGRESS AUTO SALVAGE","7179385898","","","","","","N","","","","","","N","","","","","","","","2","99999999","05"
"2018019603","02","3","1798 BABCOCK BOULEVARD","","PITTSBURGH","PA","15209","JEFF CRITCHLOW AUTO BODY INC","4128211864","","","","","","N","","","","","","","","","","","","","","3","01014653","03"
"2018011797","05","99","3400 E MAIN STREET","","DANVILLE","IL","61832","TRANSCO INC","7402948129","080000","","","","","N","","","","","","N","","","","","","","","2","01062707","08"
"2018035406","02","8","2235 BEAVER AVENUE","","PITTSBURGH","PA","15233","PORT AUTHORITY ALLEGHENY COUNTY","4122554000","","","","","","N","","","","","","N","","A-00976060","","","","","","3","","11"
"2018090623","04","1","632 HUNT VALLEY CIRCLE","","NEW KENSINGTON","PA","15068","SWANK CONSTRUCTION COMPANY LLC","7243356000","","","","","","N","","","","","","","","","","","","","","1","02145870","08"
"2018001780","05","1","4500 EARLY RD","","HARRISONBURG","VA","15104","MASTIC HARRISONBURG","4123514300","080000","","","","","N","","","","","","N","","","","","","","","1","01289635","08"
"2018112500","02","1","4292 BUTTERMILK HOLLOW RD","","WEST MIFFLIN","PA","15122","EXCLUSIVE SERVICES","4127061536","","","","","","N","","","","","","N","","99999999","","","","","","2","99999999","03"
"2018039131","03","1","8055 HWY 67 N","","TEXARKANA","AR","71854","SOUTHERN REFRIGERATED TRANSPORT","8663390492","080000","8","5","","","Y","1","1","","","","N","","","","","","","","2","00276010","08"
"2018046154","03","3","968 WEIRICH AVE","","WASHINGTON","PA","15301","NEWMANS LANDSCAPING AND TREE SER","7242250136","080000","","","","","N","","","","","","N","","","","","","","","1","02072626","04"
"2018040576","02","7","1260 STOOPS ROAD","","CORAOPOLIS","PA","15108","IRON CITY EXPRESS","7244572727","","","","","","N","","","","","","","","","","","","","","1","03048989","03"
"2018060057","02","1","2036 E WILLIAMS RD","","COLUMBUS","OH","43207","US CARGO AND COURIER SERVICES","6145522746","014500","","","","","N","","","","","","N","","","","","","","","1","02198987","03"
"2019015550","02","1","971 BRIARSDALE RD","","HARRISBURG","PA","17109","RYDER","8005236061","","","","","","N","","","","","","N","","","","","","","","2","00358655","02"
"2018031121","05","2","114 SOUTH WATER STREET","","KITTANNING","PA","16201","BRADIGANS","7245487654","080000","3","3","","","Y","1","1","","","","N","","","","","","","","2","01668017","08"
"2018068825","02","4","P O BOX 189","","CLINTON","PA","15026","PITTSBURGH RIGGING","9999999999","026000","","","","","N","","","","","","N","","","","","","","","2","00486579","03"
"2018102885","99","0","14002 E 21ST ST, SUITE 1","","TULSA","OK","74134","EAN HOLDINGS LLC","9999999999","999999","","","","","N","","","","","","N","","","","","","","","1","","99"
"2018008763","02","8","2601 NAVISTAR DRIVE","","LISLE","IL","60532","DURHAM SCHOOL SERVICES","2129158888","","","","","","N","","","","","","N","","6603","","","","","","1","00027964","10"
"2018098141","99","0","1064 BAILEY RUN RD","","TARENTUM","PA","15084","CHAD WLLER","9999999999","017000","","","","","N","","","","","","N","","","","","","","","1","","09"
"2018106574","01","99","462 CLAYPIKE ROAD","","ACME","PA","15610","JON FIRESTONE ELECTRIC LLC","7248246281","","","","","","N","","","","","","N","","","","","","","","1","22919121","05"
"2018036365","02","1","2480 RIDGE ROAD","","SOUTH PARK","PA","15129","CHEMWAY INC.","4122602557","014500","8","","","","Y","1","","","","","N","","","","","","","","2","02275528","02"
"2018029525","02","8","2235 BEAVER AVENUE","","PITTSBURGH","PA","15233","PORT AUTHORITY OF ALLEGHENY CO","4124422000","","","","","","N","","","","","","","","A-00976060","","","","","","2","","11"
"2018043515","04","99","300 MELAIR DR","","AYR","ON","N0B1E0","BEYOND TRANS INC","5196327781","038000","","","","","N","","","","","","N","","","","","","","","3","01472349","04"
"2018041086","02","8","345 SIXTH AVE","3RD FLOOR","PGH","PA","15222","PORT AUTHORITY","4125665500","","","","","","N","","","","","","N","","A00976060","","","","","","1","","11"
"2018097826","05","6","12250 WOODGLEN CR","","CLERMONT","FL","34711","M&M MOTORS INC","9734603156","025999","","","","","N","","","","","","N","","","","","","","","2","02121955","06"
"2018139310","02","8","245 6TH AVENUE","","PITTSBURGH","PA","15222","PORT AUTHORITY","4124422000","","","","","","N","","","","","","N","","A-00976060","","","","","","2","","11"
"2018043736","02","1","3690 STATE RT 30","","LATROBE","PA","15650","FOX AND JAMES INC","4123701881","026000","","","","","N","","","","","","N","","121505","","","","","","3","01321899","03"
"2018110554","03","2","4366 MT PLEASANT ST NW","","NORTH CANTON","OH","44720","ADVANTAGE TANK LINES LLC","3308065956","080000","","","","","N","","","","","","N","","","","","","","","2","00469756","04"
"2018047062","03","8","509 ILLINOIS","","GILLESPIE","IL","62033","CAVALLO BUS LINES LLC","8005275675","026000","","","","","N","","","","","","N","","","","","","","","2","00124361","11"
"2018077783","02","1","800 CORPORATION DR.","","HOPEWELL","PA","15001","FEDEX EXPRESS","7245130516","032000","","","","","N","","","","","","N","","","","","","","","2","00086876","03"
"2019000383","05","1","2913 MILLENNIUM CIRCLE","","BILLINGS","FL","34446","MEADOW LARK TRANSPORT INC.","4062560063","080000","","","","","N","","","","","","N","","","","","","","","1","00046766","08"
"2018069078","03","8","2235 BEAVER AVE.","","PITTSBURGH","PA","15233","PORT AUTHORITY OF ALLEGHENY CO.","4125665214","026000","","","","","N","","","","","","N","","A-0097606","","","","","","2","","11"
"2018054742","99","3","390 FOUNTAIN ST","","PITTSBURGH","PA","15238","LINETTE COMPANY INC","9999999999","025950","","","","","N","","","","","","N","","","","","","","","2","99999999","05"
"2018086025","03","4","RTE 422 / CURRIE RD","","PORTERSVILLE","PA","16051","MCCLYMONDS SUPPLY & TRANSIT CO","9999999999","083480","","","","","N","","","","","","N","","","","","","","","2","00269478","04"
"2018006588","02","8","2235 BEAVER AVE.","","PITTSBURGH","PA","15233","PORT AUTHORITY","4124222000","","","","","","N","","","","","","N","","A00976060","","","","","","2","","11"
"2018075928","02","8","2235 BEAVER AVE","","PGH","PA","15233","PORT AUTHORITY OF ALLEGHENY COU","4124422000","","","","","","N","","","","","","N","","A-00976060","","","","","","2","","11"
"2018129944","02","8","2500 CLYDE AVENUE","","NORTH VERSAILLES","PA","15137","S&S TRANSIT INC","4128297351","","","","","","N","","","","","","","","","","","","","","1","02430663","10"
"2018017458","02","1","608 SMITH HILL RD","","STROUDSBURG","PA","18360","THE OTHER SIDE MOVERS","3472313883","","","","","","N","","","","","","N","","","","","","","","2","01181238","03"
"2018022568","03","2","36 LEEWARD DRIVE","","BRAMPTON","ON","L6S5V7","PAUL ABHISHEK LOGISTICS INC","9056430637","078940","3","","","","Y","1","","","","","N","","","","","","","","2","02269250","08"
"2018105501","02","0","1201 PITT ST","","PITTSBURGH","PA","15221","PEOPLES GAS","8007640111","","","","","","N","","","","","","N","","9999999999","","","","","","2","99999999","09"
"2018019481","05","1","405 SCHOOL ST","","WEST MIFFLIN","PA","15122","RONALD CHUHA","4129567507","080000","","","","","N","","","","","","N","","063547","","","","","","1","00038111","06"
"2018049776","03","1","3147 W. 169TH PL","","HAMMOND","IN","46323","UNITED PARCEL SERVICE","4123438500","080000","","","","","N","","","","","","N","","","","","","","","1","00021800","08"
"2018079766","01","8","345 6TH AVE","","PITTSBURGH","PA","15222","PORT AUTHORITY ALLEGHENY COUNTY","4124422000","022500","","","","","N","","","","","","N","","A-00976060","","","","","","2","","11"
"2018128645","99","1","495 PITTSBURGH RD","","BUTLER","PA","16002","SILVER STAR MEATS","9999999999","026000","","","","","N","","","","","","N","","","","","","","","1","","09"
"2018088105","03","5","409 SAXONBURG BLVD","","SAXONBURG","PA","15068","THROWER TRUCKING INC","7243529421","","","","","","N","","","","","","N","","","","","","","","2","02185759","04"
"2018097258","02","8","2500 CLYDE AVE","","PITTSBURGH","PA","15137","S&S TRANSFER","4128297627","","","","","","N","","","","","","N","","","","","","","","2","02430663","10"
"2018022547","05","3","628 HYERS RUN ROAD","","BURNSVILLE","WV","26335","MIKE TODD & SONE TRUCKING","8166463975","080000","","","","","N","","","","","","N","","","","","","","","1","02178653","08"
"2018061259","02","8","2235 BEAVER AVE.","","PITTSBURGH","PA","15233","PORT AUTHORITY- ALLEGHENY CO.","4125665214","026000","","","","","N","","","","","","N","","A-00976060","","","","","","2","","11"
"2018044851","04","3","2000 COMMERCE LOOP STE","","N HUNTINGDON","PA","15642","ALLEGHENY RECOVERY CORP.","4122605514","073280","","","","","N","","","","","","N","","","","","","","","2","02088083","04"
"2018044147","05","2","300 LIONVILLE STATION ROAD","","CHESTER SPRINGS","PA","194259601","PENN TANK LINES","7812493833","080000","3","","","","Y","1","","","","","N","","","","","","","","1","00264473","08"
"2018100245","03","4","457 DAVIDSON ROAD","","PITTSBURGH","PA","15239","CALIBER LOGISTICS","4126065818","","","","","","N","","","","","","U","","A-8914576","","","","","","1","02274928","04"
"2018019582","05","3","908 BROADWAY ST EXT","","MASURY","OH","44438","PI AND I MOTOR EXPRESS INC","7246107709","080000","","","","","N","","","","","","N","","","","","","","","2","00122443","06"
"2018138283","03","3","513 MINE ROAD","","CLARKSBURG","PA","15725","ON SITE TRANSPORT INC","7245491269","","","","","","N","","","","","","","","","","","","","","1","00196220","08"
"2018105810","04","99","1306 MAIN STREET","","CRESCENT","PA","15046","GPB WASTE OH-PA LLC","7244572727","082000","","","","","N","","","","","","N","","","","","","","","1","03048989","04"
"2018040940","03","0","1090 GREGG STATION","","OAKDALE","PA","15071","FORD","9999999999","","","","","","N","","","","","","","","99999","","","","","","1","99999999","00"
"2018012238","04","4","400 KECK ST PO BOX 430","","SEWARD","PA","15954","M3C TRUCKING","8005222372","","","","","","N","","","","","","U","","100693","","","","","","1","00163516","04"
"2018084304","02","8","4 RIVER RD","","MCKEES ROCKS","PA","15136","COMMUNITY TRANSPORT INC DBA COMM","4123310800","","","","","","N","","","","","","N","","","","","","","","1","02430646","10"
"2018107242","03","4","459 DAVIDSON RD","","PITTSBURGH","PA","15239","A. LIBERONI INC.","4126065818","073000","","","","","N","","","","","","N","","A-894576","","","","","","1","02274928","04"
"2018045960","04","8","345 SIXTH AVE","","PITTSBURGH","PA","15222","ALLEGHENY COUNTY PORT AUTHORITY","4124422000","","","","","","N","","","","","","N","","A-00976060","","","","","","2","","11"
"2018047781","02","7","414 GRANT STREET","","PGH","PA","15219","PGH PUBLIC WORKS","4122552790","","","","","","N","","","","","","N","","0000","","","","","","2","","99"
"2018044167","02","3","6041 BENORE ROAD","","TOLEDO","OH","43612","NORTHERN STEEL TRANSPORT","7244835343","080000","","","","","N","","","","","","N","","151224","","","","","","3","00154454","08"
"2018079587","04","8","345 SIXTH AVE","","PITYSBURGH","PA","15222","ALLEGHENY COUNTY PORT AUTHORITY","4124422000","","","","","","N","","","","","","N","","A-00976060","","","","","","2","","11"
"2018137060","04","8","345 SIXTH AVE","","PITTSBURGH","PA","15222","ALLEGHENY COUNTY PORT AUTHORITY","4124422000","","","","","","N","","","","","","N","","A-00976060","","","","","","2","","11"
"2018031409","02","1","118 CRESCENT HILL DR","","SARVER","PA","16055","SANEL INC","9999999999","013200","","","","","N","","","","","","N","","","","","","","","2","99999999","03"
"2018053947","02","1","435 HUNTER ROAD EXT","","GREENSBURG","PA","15601","MANOR HOUSE KITCHENS","7245520164","012300","","","","","N","","","","","","N","","","","","","","","2","00571211","03"
"2018031648","99","99","UNKNOWN","","UNKNOWN","ZZ","99999","UNKNOWN","9999999999","099999","","","","","N","","","","","","N","","","","","","","","1","00099999","99"
"2018045765","02","1","2765 SOUTH PARK RD.","","BETHEL PARK","PA","15102","US POSTAL SERVICE","8002758777","000000","","","","","N","","","","","","N","","","","","","","","2","","02"
"2019007511","02","99","1408 TOWNSHIP TR 381","","STEUBENVILLE","OH","43952","CFHJ ENTERPRISES","9999999999","","","","","","N","","","","","","N","","","","","","","","2","","08"
"2018045548","99","99","411 7TH AVENUE","","PITTSBURGH","PA","15219","DUQUENSE LIGHT COMPANY","4123937100","019500","","","","","N","","","","","","N","","","","","","","","2","00413803","09"
"2018033476","02","3","400 POPLAR STREET","","PITTSBURGH","PA","15223","OVERHEAD DOOR COMPANY OF GREATER","4127814000","019500","","","","","N","","","","","","N","","","","","","","","2","01821477","03"
"2018131685","03","8","345 6TH AVENUE 3RD FLOOR","","PITTSBURGH","OA","15222","PORT AUTHORITY OF ALLEGHENY COUN","4124422000","066780","","","","","N","","","","","","N","","A-00976060","","","","","","1","","11"
"2018100063","02","8","1110 MIDDLESEX ST","","GIBSONIA","PA","15044","STUDENT TRANSPORTATION OF AMERIC","7245024614","","","","","","N","","","","","","N","","","","","","","","1","99999999","11"
"2018002789","02","1","399 BRENTWOOD DR","","GREENVILLE","PA","16125","INTERLINK RECOVERY SERVICES","7246462700","","","","","","N","","","","","","N","","MC637891","","","","","","1","01585502","03"
"2018032354","02","8","2030 SWALLOW HILL RD","","PITTSBURGH","PA","15220","CHARTIERS VALLEY SCHOOL DISTRICT","4129999999","","","","","","N","","","","","","N","","","","","","","","3","99999999","11"
"2018119643","04","1","3010 SASSAFRAS WAY","","PITTSBURGH","PA","15201","PGW AUTO GLASS","7406324207","","","","","","N","","","","","","N","","","","","","","","1","00996472","03"
"2018098617","02","1","4746 WILLIAM FLYNN HWY","","ALLISON PARK","PA","15101","SHAKA EPOXY INC","4123453911","","","","","","N","","","","","","","","","","","","","","2","03128219","03"
"2018098617","05","1","134 FLOWERY LN","","ALUM","PA","15521","OLD SCHOOL TRUCKING","8144942029","080000","","","","","N","","","","","","N","","","","","","","","5","03155700","08"
"2018134936","03","0","632 HUNT VALLEY CIRCLE","","NEW KENSINGTON","PA","15068","SWANK CONSTRUCTION","7243356000","","","","","","N","","","","","","N","","","","","","","","2","02145870","07"
"2019000162","02","1","8779 CARLISLE PIKE","","MECHANICSBURG","PA","17050","GROFF TRACTOR & EQUIPMENT","7247138102","019500","","","","","N","","","","","","N","","","","","","","","2","01334714","03"
"2019000162","05","3","6115 SW LELAND AVENUE","","DES MOINES","IA","50321","TMC","8002472460","080000","","","","","N","","","","","","N","","","","","","","","3","00087409","08"
"2018136791","02","8","200 HAHN RD","","PITTSBURGH","PA","15209","FIRST STUDENT","4122777440","999999","","","","","N","","","","","","N","","999999999","","","","","","2","00999999","11"
"2018122575","02","8","2235 BEAVER AVENUE","PITTSBURGH","PITTSBURGH","PA","15233","PORT AUTHORITY","4124422000","","","","","","N","","","","","","N","","A-00976060","","","","","","2","","11"
"2018084951","04","4","8020 ROWAN ROAD","","CRANBERRY","PA","16066","CRANBERRY SUPPLY COMPANY","7247761610","073280","","","","","N","","","","","","N","","","","","","","","1","00834695","04"
"2018105886","02","1","4121 CAMPBELLS RUN RD","","PITTSBURGH","PA","15205","SUEHR CARGO SERVICES","3045514742","010000","","","","","N","","","","","","N","","","","","","","","2","02818250","03"
"2018098975","02","1","1500 TRUMBULL AVE","","GIRARD","OH","44420","AIM LEASING","4123815417","026000","","","","","N","","","","","","N","","","","","","","","1","00209939","03"
"2018063275","02","8","714 EKASTOWN RD","","SARVER","PA","16055","ABC TRANSIT INC.","4123101110","","","","","","N","","","","","","","","","","","","","","2","02420569","11"
"2018121297","02","4","555 WASHINGBTON RD","","PITTSBURGH","PA","15228","MT LEBANON","4123433400","035000","","","","","N","","","","","","N","","","","","","","","2","99999999","09"
"2018008250","05","0","3400 EAST MAIN","","DANVILLE","IL","61832","TRANSCO INC","9194277300","072000","","","","","N","","","","","","N","","","","","","","","1","01062707","06"
"2020099121","99","4","1919 HOMESTEAD DUQUESNE","","WEST MIFFLIN","PA","15122","KBK TRUCKING INC","9999999999","073000","","","","","N","","","","","","","","","","","","","9","2","","99"
"2018064043","05","1","632 HUNT VALLEY CIRCLE","","NEW KENSINGTON","PA","15068","SWANK CONSTRUCTION","7243356000","080000","","","","","N","","","","","","N","","","","","","","","1","02145870","08"
"2018067872","04","8","345 SIXTH AVE","","PITTSBURGH","PA","15222","ALLEGHENY COUNTY PORT AUTHORITY","4124422000","","","","","","N","","","","","","N","","A-00976060","","","","","","1","","11"
"2019001634","03","0","732 TERRACE COURT","","SCHAUMBURG","IL","60193","CTS TRANSIT INC","8479605826","080000","","","","","N","","","","","","N","","","","","","","","1","01476808","04"
"2018138690","05","1","5728 N MURUYAMA AVE","","FRESNO","CA","93723","JN TRANSPORT INC","5592838661","080000","","","","","N","","","","","","N","","","","","","","","1","02433078","09"
"2018112762","99","99","10233 GOVERNOR LANE BLVD","","WILLIAMSPORT","MA","21795","BSE TRAILER LEASING","9999999999","999999","","","","","N","","","","","","N","","","","","","","","2","","06"
"2018027180","03","3","6201A S. ACE INDUSTRIAL","","CUDAHY","WI","53110","BRIAN INC.","4143772969","080000","","","","","N","","","","","","N","","","","","","","","1","02094074","04"
"2018088825","02","8","200 JHF DR","","PITTSBURGH","PA","15217","JEWISH ASSOCIATION ON AGING","9999999999","","","","","","N","","","","","","N","","","","","","","","2","99999999","10"
"2018049558","02","1","1 JOHN STREET","","MC KEES ROCKS","PA","15136","RED DIAMOND TRUCKING","4123980920","026000","","","","","N","","","","","","N","","","","","","","","2","01738977","05"
"2018073157","02","2","2876 STATE ROUTE 286","","SALTSBURG","PA","15681","CABLE ENTERPRIZES","7247874015","080000","","","","","N","","","","","","N","","","","","","","","1","00085150","08"
"2018072631","99","1","400 NW 56TH ST","","LINCOLN","NE","68528-8842","CRETE CARRIER CORP","4024714435","034000","","","","","N","","","","","","N","","","","","","","","2","00073705","05"
"2018060810","02","8","2235 BEAVER AVE","","PITTSBURGH","PA","15233","PORT AUTHORITY OF ALLEGHENY COUN","4122551385","026000","","","","","N","","","","","","N","","A-00976060","","","","","","2","","11"
"2018002003","02","1","PO DRAWER 2128 MD WD 53","","DALTON","GA","30722","SHAW TRANSPORT INC","7246831457","080000","","","","","N","","","","","","U","","","","","","","","2","00188556","03"
"2018040526","04","4","2930 DUSS AVENUE","","AMBRIDGE","PA","15003","DIAMOND HEAD TRUCKING","7242665266","069580","","","","","N","","","","","","N","","8913415","","","","","","1","02127975","04"
"2018046082","03","99","1200 LEBANON ROAD","UNIT 440","WEST MIFFLIN","PA","15122","AMERICAN NATURAL SUPPLY LLC","4124899981","","3","","","","Y","1","","","","","U","","","","","","","","2","00233273","04"
"2018079560","02","1","PO BOX 21502","","PHOENIX","AZ","85036","U-HAUL CO OF ARIZONA","6022636811","999999","","","","","N","","","","","","N","","","","","","","","1","00428517","03"
"2018063327","99","0","2810 LEO RD","","ALLISON PARK","PA","15101","SAL LEO'S TREE SERVICE","4124875201","026000","","","","","N","","","","","","N","","","","","","","","2","02268435","06"
"2018048153","03","4","2340 2ND AVE","","PITTSBURGH","PA","15219","LINDY PAVING","4122814389","073280","","","","","N","","","","","","N","","","","","","","","1","00418111","04"
"2018118639","99","8","225 CLEVER RD","","MCKEES ROCKS","PA","15136","MONTOUR SCHOOL DISTRICT","9999999999","999999","","","","","N","","","","","","N","","","","","","","","2","","11"
"2018127304","04","1","552 MELANIE LANE","","SOMERSET","KY","42503","COPPER CREEK CARRIERS","6064168844","","","","","","N","","","","","","N","","","","","","","","1","03115381","06"
"2018121501","99","8","5000 FORBES AVE","","PITTSBURGH","PA","15213","CARNEGIE MELLON UNIVERSITY","9999999999","999999","","","","","N","","","","","","N","","","","","","","","2","","10"
"2018010874","03","1","971 BRIARSDALE RD","","HARRISBURG","PA","17109","RYDER TRUCK RENTAL LT","7175616022","026000","","","","","N","","","","","","N","","00121989","","","","","","4","01325605","09"
"2018111183","02","8","1370 WASHIGTON PIKE","","BRIDGEVILLE","PA","15017","STA OF PA","4122498370","","","","","","N","","","","","","N","","","","","","","","2","","11"
"2018068173","03","99","PO BOX 1042","","STOTTS","MO","65756","MCINTOSH TRUCKING LLC","4172550874","021000","","","","","N","","","","","","N","","","","","","","","2","02591806","08"
"2018049032","02","8","2235 BEAVER AVE","","PITTSBURGH","PA","15233","PORT AUTHORITY OF ALLEGHENY CO","4124422000","","","","","","N","","","","","","N","","A-00976060","","","","","","2","","11"
"2019001974","02","7","234 LANDFILL RD","","SCOTTDALE","PA","15683","GREENRIDGE WASTE SERVICES","6158386395","073280","","","","","N","","","","","","N","","","","","","","","1","00960505","03"
"2018118669","04","4","3790 STATE ROUTE 7","","NEW WATERFORD","OH","44445","DYNAMIC LEASING LTP","3308920164","080000","","","","","N","","","","","","N","","A-00496705","","","","","","2","00720485","04"
"2018112729","03","8","2235 BEAVER AVENUE","","PITTSBURGH","PA","15233","PORT AUTHORITY ALLEGHENY COUNTY","4124222000","040000","","","","","N","","","","","","N","","A-00976060","","","","","","2","","11"
"2018135925","06","99","S 100 CHANCELLOR DRIVE","","ORLANDO","FL","32809","NEXTRAN CORPORATION RENTAL","7185005917","","","","","","N","","","","","","U","","99999999","","","","","","1","00999999","99"
"2018051008","02","3","2921 KNOWLSON AVE","","PITTSBURGH","PA","15226","MEREDITH LYNNE KOON","9999999999","026000","","","","","N","","","","","","N","","","","","","","","1","99999999","03"
"2018007133","02","8","2235 BEAVER AVENUE","","PITTSBURGH","PA","15233","PORT AUTHORITY OF ALLEGHENY CO","4122377000","","","","","","N","","","","","","","","A-00976060","","","","","","2","","11"
