"CRN","AXLE_CNT","CARGO_BD_TYPE","CARRIER_ADDR_1","CARRIER_ADDR_2","CARRIER_ADDR_CITY","CARRIER_ADDR_STATE","CARRIER_ADDR_ZIP","CARRIER_NM","CARRIER_TEL","GVWR","HAZMAT_CD1","HAZMAT_CD2","HAZMAT_CD3","HAZMAT_CD4","HAZMAT_IND","HAZMAT_REL_IND1","HAZMAT_REL_IND2","HAZMAT_REL_IND3","HAZMAT_REL_IND4","ICC_NUM","OSIZE_LOAD_IND","PERMITTED","PUC_NUM","SPECIAL_SIZING1","SPECIAL_SIZING2","SPECIAL_SIZING3","SPECIAL_SIZING4","TYPE_OF_CARRIER","UNIT_NUM","USDOT_NUM","VEH_CONFIG_CD"
"2007062811","99","3","4401 WEST 21ST STREET","","TULSA","OK","74107","BRAND SCAFFOLD AND ERECTION","4127713779","054001","","","","","N","","","","","","N","","","","","","","","2","00317016","04"
"2007122632","99","7","CITY COUNTY BUILDING","","PITTSBURGH","PA","15219","CITY OF PITTSBURGH","4122552773","647400","","","","","N","","","","","","","","","","","","","","1","","99"
"2007099419","02","8","345 SIXTH AVE","3RD FLOOR","PITTSBURGH","PA","15222","PORT AUTHORITY OF ALLEGHEN CO.","4124422000","","","","","","N","","","","","","","","A-00976060","","","","","","1","","11"
"2007117860","02","8","345 6TH AVE","","PITTSBURGH","PA","152222527","PORT AUTH OF ALLEG. CO","4124422000","","","","","","N","","","","","","N","","A-00976060","","","","","","2","","11"
"2007061331","99","1","3343 COLISEUM BLVD","","FT WAYNE","IN","46808","UPS GROUND FREIGHT DBA UPS FREIG","8002259628","054000","","","","","N","","","","","","U","","","","","","","","2","00121058","08"
"2007010114","02","1","835 HERRON AVE","","PITTSBURGH","PA","15219","MAESTRO ICE","4126814423","025990","","","","","N","","","","","","N","","","","","","","","1","01453438","03"
"2007087069","02","1","199 PURITY RD","","PITTSBURGH","PA","15235","STORAGE INC","7247441081","019000","","","","","N","","","","","","N","","","","","","","","1","00242182","03"
"2007078654","02","1","101 SURREY ST","","MONESSEN","PA","15062","ZILKA AND COMPANY","7246847231","033000","","","","","N","","","","","","N","","","","","","","","1","00816137","03"
"2007090505","99","99","88 SWINEBURN","","PITTSBURGH","PA","15207","CITY OF PGH","4122550846","","","","","","N","","","","","","N","","","","","","","","2","","99"
"2007102660","99","1","UNK","","UNK","ZZ","","UNK","","","","","","","N","","","","","000000UNK","U","","UNK","","","","","","1","00000UNK","08"
"2007003419","02","1","3275 ROUTE 151 W.","","ALIQUIPPA","PA","15001","ALDO'S FROZEN FOODS INC.","7243787535","025500","","","","","N","","","","","","U","","","","","","","","1","01031772","03"
"2008000638","04","0","1136 WESTERN AV","","PITTSBURGH","PA","15212","UNITED POSTAL SERVICE","4123597848","","","","","","N","","","","","","U","","","","","","","","1","","06"
"2007077993","05","1","3930 NEW ROAD","","YOUNGSTOWN","OH","44515","CARL SCHUMAKER","0033079717","800000","","","","","N","","","","","","N","","","","","","","","2","00002304","06"
"2007074387","05","1","6150 JUNCTION ROAD","","BRIDGEPORT","MI","487229404","LEACH TRUCKING","9896529938","080000","","","","","N","","","","","","N","","A-00306720","","","","","","1","00071992","08"
"2007100931","05","1","1350 SOUTH JEFFERSON ST","","HUNTINGTON","IN","46750","HINER TRANSPORT","8008605055","080000","","","","","N","","","","","","N","","","","","","","","2","00125430","08"
"2007079166","02","4","1324 CATHELL ROAD","","PITTSBURGH","PA","15236","BALDWIN ASPHALT PAVING INC","4124613617","033000","","","","","N","","","","","000000000","U","","","","","","","","2","00000000","06"
"2008035024","99","99","1306 MAIN ST INDSTRL PK","","CRESCENT","PA","15046","IRON CITY EXPRESS, INC","9999999999","999999","","","","","N","","","","","","N","","","","","","","","2","99999999","99"
"2007041238","03","4","17TH @ ARSENAL BLVD","","HARRISBURG","PA","17120","PENNDOT","4127813260","058400","","","","","N","","","","","","N","","","","","","","","3","09999999","98"
"2007078080","03","3","5250 OLD MAUMEE ROAD","","FT WAYNE","IN","46803","PENSKE TRUCKS","3303289916","540000","","","","","N","","","","","","N","","","","","","","","2","00305172","04"
"2007115893","04","8","345 SIXTH AVE","","PITTSBURGH","PA","15222","PORT AUTHORITY OF ALLEGHENY","4124422000","","","","","","N","","","","","","","","A-00976060","","","","","","1","","11"
"2007038460","02","1","BOX 4143","","BISMARK","ND","585024143","HELFRICHLEASINGINC","7013616394","080000","","","","","N","","","","","","N","","","","","","","","1","00184368","08"
"2007023371","02","8","345 6TH AVE.3RD. FL.","","PITTSBURGH","PA","152222527","PORT AUTHORITY OF ALLEGHENY CO.","4124222000","","","","","","N","","","","","","N","","A-00976060","","","","","","1","","11"
"2007067618","02","3","500 POPLAR ST","","PITTSBURGH","PA","15223","MIIMI PRODUCTS INC","8005530232","033000","","","","","N","","","","","","N","","","","","","","","1","00283413","03"
"2007072002","99","99","1883 S ST","","ROCKPORT","IN","47635","BFI INC","9999999999","999999","","","","","N","","","","","","N","","","","","","","","1","","98"
"2007099255","02","1","4909 PENN AVE","","BOSWELL","PA","15531","BOSWELL LUMBER CO","8146295625","","","","","","N","","","","","","N","","","","","","","","2","01153107","03"
"2007034986","05","0","975 S CARON RD","","ROCHELLE","IL","61068","TOTAL LOGISTICS","8008797969","","","","","","N","","","","","","","","","","","","","","2","00299073","08"
"2007030710","02","8","798 EKASTOWN ROAD","","SARVER","PA","160556055","W L ROENICK INC","9999999999","999999","","","","","N","","","","","","N","","","","","","","","1","","11"
"2008014812","05","1","2700 S KAUFMAN ST","","ENNIS","TX","75119","TRANSPORTE INC DBA US FOOD SER","7246044406","800000","","","","","N","","","","","","N","","A-00114940","","","","","","2","00745614","08"
"2007034837","04","1","1600 WASHINGTON AVE","","PHILADELPHIA","PA","19146","SOUTHWARK METAL MFG","2157353401","","","","","","N","","","","","","","","","","","","","","1","00010350","08"
"2007116043","02","8","2235 BEAVER AVE.","","PITTSBURGH","PA","15233","PORT AUTHORITY OF ALLEGHENY CO.","4124222000","000000","","","","","N","","","","","","N","","A-00976060","","","","","","1","","11"
"2007100210","05","3","18246 GRILL RD","","DOYLESTOWN","QE","44230","RELIABLE RESOURCES INC","3309628596","800000","","","","","N","","","","","000593240","N","","","","","","","","1","01603980","08"
"2007045522","02","8","345 SIXTH AVE.","","PITTSBURGH","PA","152222527","PORT AUTHORITY OF ALLEGHENY CO.","4125665500","039000","","","","","N","","","","","","N","","A-00976060","","","","","","1","","11"
"2007056063","02","4","1723 OLD STATE RD","","GIBSONIA","PA","15044","DAVID BONANT","7246254282","001500","","","","","N","","","","","","N","","","","","","","","3","99999999","03"
"2007048507","02","8","5374 WILLIAM FLYNN HGWY","","GIBSONIA","PA","15044","MONARCH STUDENT TRANSPORTATION","7246954000","030000","","","","","N","","","","","","N","","","","","","","","2","","11"
"2008002633","05","1","1037 WINFIELD RD","","CABOT","PA","16023","RONALD GROSS TRUCKING","7243522461","080000","","","","","N","","","","","","N","","","","","","","","2","00429878","06"
"2007126154","99","99","318 SCOTT AVENUE","","AF02993","PA","15516","TRIO TRUCKING INC","9999999999","999999","","","","","N","","","","","","N","","","","","","","","1","","98"
"2007080568","02","8","2235 BEAVER AVE","","PITTSBURGH","PA","15233","PORT AUTHORITY OF ALLEGHENY CO","4122377000","999999","","","","","N","","","","","","N","","","","","","","","2","","11"
"2007007071","99","1","2797FREED LAND ROAD","","HERMITAGE","PA","16148","ALPONT TRANSPORTATION LLC","7249813771","","","","","","N","","","","","","N","","","","","","","","1","00819614","05"
"2007024451","02","0","10 FL STRAWBERRY SQ","","HARRISBURG","PA","17101","VERIZON PA INC","9999999999","","","","","","N","","","","","","","","","","","","","","2","","98"
"2007127522","05","1","485 MASON DIXON RD","Q","GREENCASTLE","PA","17221","HOFFMAN TRANSPORTATION INC","7175977117","800000","","","","","N","","","","","000150817","N","","A-00112247","","","","","","1","00139857","06"
"2007019725","02","8","798 EKASTOWN RD","","SARVER","PA","16055","W.L. ROENIGK INC","7245020113","000000","","","","","N","","","","","000000000","N","","","","","","","","1","00000000","11"
"2007037416","05","1","280 SHOEMAKER ST","","KITCHENER","ON","N2E3E1","CELADON TRUCKING SERVICES INC","4128288235","080000","","","","","N","","","","","","N","","","","","","","","1","00749731","08"
"2008005750","05","1","278 W TAGGART STREET","","EAST PALESTINE","OH","44413","JASAR RECYCLING CO INC","3304262538","080000","","","","","N","","","","","","N","","","","","","","","2","00748650","08"
"2008014192","02","8","415 REBECCA ST","","MCKEESPORT","PA","15132","PENNSYLVANIA COACH","9999999999","999999","","","","","N","","","","","","N","","","","","","","","1","","11"
"2007035804","02","8","2235 BEAVER AVENUE","","PITTSBURGH","PA","15233","PORT AUTHORITY OF ALLEGHENY CO","4122377000","","","","","","N","","","","","","N","","","","","","","","1","00000000","11"
"2007109680","02","8","1061 MAIN STREET","","NORTH HUNTINGDON","PA","15642","LAIDLAW TRANSIT INC","4124691033","290000","","","","","N","","","","","","N","","A-00108982","","","","","","2","00711716","11"
"2007032061","03","5","1263 CHARTIERS AVE","","MCKEES ROCKS","PA","15136","FRANK BRYAN INC","4123310988","073280","","","","","N","","","","","","U","","","","","","","","3","","04"
"2007083973","05","1","801 LAKESIDE","","LAC BROME","QC","J0E1R0","ZAFFIS TRANSPORT","4505395142","080000","","","","","N","","","","","","N","","","","","","","","1","01319517","08"
"2007101495","03","3","730 NOBLESTOWN ROAD","","CARNEGIE","PA","15106","ROOFING SUPPLY GROUP","8667003377","053220","","","","","N","","","","","","N","","","","","","","","1","01158410","04"
"2008055413","03","4","844 PIERSON RUN","","PITTSBURGH","PA","15312","NACCARATI CONTACTING","0000000000","000000","","","","","N","","","","","","N","","","","","","","","1","","04"
"2007108429","05","3","4712 RICHARD ARRINGTO","","BIRMINGHAM","AL","35212","J W TRUCKING CO LLC","2055923422","080000","","","","","N","","","","","","N","","","","","","","","1","00515711","08"
"2007026741","03","3","RICH HILL ROAD","","CHESWICK","PA","15024","IDEAL TRUCKING INC","8008293313","080000","","","","","N","","","","","000166828","N","","A-00105936","","","","","","1","00345194","08"
"2007035949","05","1","1155 STOOPS FERRY RD","","MOON TWP PA","PA","15108","PRO FLEET ARL","4122646996","080000","1","2","6","3","Y","9","9","9","9","","N","","","","","","","","1","01492213","08"
"2007060550","02","8","345 SIXTH AVE.","","PITTSBURGH","PA","15222","PORT AUTHORITY","4122551350","","","","","","N","","","","","","N","","A-00976060","","","","","","2","","11"
"2007071104","02","2","531 GUYS RUN ROAD","","PGH","PA","15238","PNC LEASING - SOURCE ONE","4128285751","099999","","","","","N","","","","","","N","","","","","","","","2","00930620","08"
"2007093132","04","4","259 JOHNSON ROAD","","CANONSBURG","PA","15317","DBA ANGELOS SUPPLY","7247434550","073280","","","","","N","","","","","","N","","","","","","","","1","00958907","04"
"2008004568","99","1","4424 THURMAN RD","","CONLEY","GA","30208","B A H EXPRESS","7703138850","800000","","","","","N","","","","","000236234","","","","","","","","","1","00467100","98"
"2007057792","99","99","169 N GALLATIN AVE","","UNIONTOWN","PA","15401","JV LESING INC","9999999999","025500","","","","","N","","","","","","N","","","","","","","","1","99999999","09"
"2007025631","05","2","3690 ROUTE 30","","LATROBE","PA","15650","JAMES INC DBA FJ LEASING C","8773702119","080000","1","2","0","3","Y","1","1","1","1","","N","","A-00117576","","","","","","1","00930620","04"
"2007055385","03","1","601 MARCO RD","","APOLLO","PA","16613","B TRANSPORTATION","7247243477","080000","","","","","N","","","","","","N","","A-00110075","","","","","","1","00226415","06"
"2007093134","02","8","345 6TH AVE 3RD FL","","PITTSBURGH","PA","152222527","PORT AUTHORITY OF ALLEGHENY CO","4125665500","","","","","","N","","","","","","N","","","","","","","","1","00000000","11"
"2007075445","99","99","604 OFFICE PARKWAY","","WESTERVILLE","OH","43082","RELIABLE APPLIANCE INSTALLATIO","9999999999","","","","","","N","","","","","","U","","A-00999999","","","","","","1","99999999","99"
"2007063446","05","2","7703 W 59TH ST","","SUNNIT","IL","60501","I W M TRUCKING INC.","6303273045","080000","3","","","","Y","1","","","","000036517","N","","","","","","","","1","00149776","06"
"2009053072","02","1","600 VISTA PARK","","PITTSBURGH","PA","15205","FEDERAL EXPRESS CORP.","4127881110","016000","","","","","N","","","","","","U","","","","","","","","1","","03"
"2007121078","02","8","2990 DUSS AVENUE","","AMBRIDGE","PA","15003","R.J. RHODES TRANSIT INC.","7242664322","","","","","","N","","","","","","N","","","","","","","","1","00000000","11"
"2007099057","99","2","104 RIVER ROAD","","MCKEESPORT","PA","15132","ALLEGHENYPETROLEUMPRODUCTS","4128291900","500000","","","","","N","","","","","","N","","","","","","","","2","00332287","08"
"2007083408","03","1","8175 LAWSON RD","","MILTON","ON","L9T5E5","BLUE LINE DISTRIBUTION","8002676144","080000","","","","","N","","","","","","N","","","","","","","","3","00363794",""
"2007058532","05","1","333 COLFAX ST","","ROCHESTER","NY","14606","DECAROLIS TRUCKING INC","0000000000","080000","","","","","N","","","","","000000000","N","","A-00000000","","","","","","2","00000000","08"
"2007065891","03","2","30559 LEMOYNE RD.","","WALBRIDGE","OH","43565","MCILAINE TRUCKING","8003624685","080000","","","","","N","","","","","","","","","","","","","","1","09263091","08"
"2008011531","05","1","4303 N MAIN ST","","E PEORIA","IL","616111489","USA TRUCK INC","8008903494","800000","","","","","N","","","","","","N","","","","","","","","1","00213754","08"
"2007050999","02","1","208 SPRINGER DR","","CORAOPOLIS","PA","15108","CHARLES JAMIESON","4120000000","012000","","","","","N","","","","","","N","","","","","","","","2","","03"
"2007200869","00","99","41738 ESTERLY DRIVE","","COLUMBIANA","OH","44408","DART TRUCKING COMPANY","","080000","9","","","","Y","2","","","","121420","U","","PA-A010119","","","","","","2","0124009","07"
"2007031811","99","99","W NOBLESTOWN ROAD","","CARNEGIE","PA","15106","BFI WASTE SERVICES","9999999999","999999","","","","","N","","","","","","N","","","","","","","","2","","98"
"2007049420","02","8","573 BRADDER AVE","","PITTSBURGH","PA","99999","PRN PARATRANSIT SE","9999999999","999999","","","","","N","","","","","","N","","","","","","","","2","","11"
"2007104688","99","5","1263 CHARTIERS AV","","MC KEES ROCKS","PA","15136","FRANK BRYAN INC","4122649408","","","","","","N","","","","","","N","","","","","","","","2","","00"
"2008003932","99","8","1300 MCKEAN AVENUE","","CHARLEROI","PA","15022","MID MON VALLEY TRANSIT AUTHORITY","9999999999","","","","","","N","","","","","","","","","","","","","","1","","11"
"2008012711","02","8","110 LENZNER CT","","SEWICKLEY","PA","99999","LENZNGR COACH LINE","9999999999","999999","","","","","N","","","","","","N","","","","","","","","1","","11"
"2007078772","05","1","217 GRAND AVENUE","","SUPERIOR","WI","54880","HALOUR LINES INC","8003461972","800000","","","","","N","","","","","000146133","N","","","","","","","","2","00075250","08"
"2007071646","05","3","7135 CENTENNIAL PLACE","","NASHVILLE","TN","37209","WESTERN EXPRESS INC","6152550540","800000","","","","","N","","","","","","","","","","","","","","1","00511412","08"
"2007113248","05","1","1000 E AVE","","DOVER","OH","44622","RENO AND COMPANY","3303651414","","","","","","N","","","","","000228519","N","","","","","","","","2","00384892","08"
"2007102588","05","3","1050 RICO RD.","","MONROEVILLE","PA","15146","YALE INDUSTRY TRUCKS","4128569253","080000","","","","","N","","","","","","N","","","","","","","","1","00501115","08"
"2007042567","05","1","PO BOX 2545","","GREEN BAY","WI","543062545","SCHNEIDER NATIONAL CARRIERS","4126077902","100000","","","","","N","","","","","000046537","N","","","","","","","","1","00264184","08"
"2007025625","05","3","","","","","","","0000000000","","","","","","N","","","","","","","","","","","","","","1","","08"
"2007034987","99","99","UNKNOWN","","UNKNOWN","","999999999","UNKNOWN","9999999999","999999","","","","","N","","","","","","U","","","","","","","","1","0UNKNOWN","99"
"2008000478","05","7","1015 BLACKSTONE RD","PO BOX 201","CONNELLSVILLE","PA","15425","CARRY ALL PRODUCTS INC","7246261927","073280","","","","","N","","","","","","N","","","","","","","","1","00442247","04"
"2007015928","04","7","2097 DUSS AVE","","AMBRIDGE","PA","15003","WASTE MANAGEMENT OF PA INC","7242662604","078730","","","","","N","","","","","","N","","","","","","","","1","00344050","04"
"2007019252","02","8","345 SIXTH AVENUE","","PITTSBURGH","PA","15222","PORT AUTHORITY OF ALLEGHENY COUN","4122551350","","","","","","N","","","","","","","","A-00976060","","","","","","1","","11"
"2007081922","99","99","UNKNOWN","","UNKNOWN","ZZ","99999","UNKNOWN","9999999999","999999","","","","","N","","","","","","N","","","","","","","","1","","98"
"2007003468","02","8","345 6TH AVE","","PITTSBURGH","PA","15222","PORT AUTHORITY OF ALLEGHENY CO","4122442000","","","","","","N","","","","","","N","","A-00976060","","","","","","3","","11"
"2007041111","03","1","WALL PA","","WALL","PA","15148","AGX INTERMODAL","8887447249","080000","","","","","N","","","","","000335285","N","","A-00114718","","","","","","1","00399778","08"
"2007037499","05","99","42 MILL ST PO BOX 880","","TILBURY","ON","N0P2L0","INTERNATIONAL CARRIERS INC","8002407180","080000","","","","","N","","","","","","N","","","","","","","","2","01053379","08"
"2007055208","05","3","111 8TH ST","","HORTON","KS","64039","SMG","7854862268","080000","","","","","N","","","","","","N","","","","","","","","1","01286547","08"
"2007051955","05","1","4100 SOUTH COUNCIL","","OKLAHOMA CITY","OK","73179","IB HUNT TRANSPORT INC","8002202021","080000","","","","","N","","","","","","N","","","","","","","","1","00080806","08"
"2007081297","02","8","2235 BEAVER AVE","","PGH","PA","15233","PORT AUTHORITY OF ALLEGHENY COUN","4124422000","","","","","","N","","","","","","N","","A-00976060","","","","","","1","","11"
"2007111216","02","1","1801 LINCOLN HIGHWAY","","NORTH VERSAILLES","PA","15137","MARODI TRANSFER","8005699433","025950","","","","","N","","","","","","","","","","","","","","2","00137748","03"
"2007111216","02","1","1801 LINCOLN HIGHWAY","","NORTH VERSAILLES","PA","15137","MARODI TRANSFER","8005699433","002600","","","","","N","","","","","","","","","","","","","","3","00137748","03"
"2007113246","02","8","345 SIXTH AVE.","3RD FLOOR","PITTSBURGH","PA","15222","PORT AUTHORITY OF ALLEGHENY COUN","4128514900","000000","","","","","N","","","","","","N","","A-00976060","","","","","","2","","11"
"2007042359","03","1","9400 NW 10TH ST","","OKLAHOMA CITY","OK","73127","SWIFT TRANSPORTATION","8008802200","080000","","","","","N","","","","","","N","","","","","","","","1","00054283","08"
"2007042359","99","99","9400 NW 10TH ST","","OKLAHOMA CITY","OK","73127","SWIFT TRANSPORTATION","9999999999","999999","","","","","N","","","","","","N","","","","","","","","2","","98"
"2007051444","01","8","345 6TH AVE","","PITTS","PA","152222527","PORT AUTH OF ALLEG CO.","4124422000","","","","","","N","","","","","","N","","A-00976060","","","","","","2","","11"
"2007111882","02","1","855 HERRON AVE","","PITTSBURGH","PA","15219","MASTRO ICE","4126819957","025990","","","","","N","","","","","","N","","","","","","","","3","01453438","03"
"2007034983","05","1","1 JOHN ST","","MCKEES ROCKS","PA","15136","DAYCO TRUCKING CO INC","4127788877","080000","","","","","N","","","","","","N","","","","","","","","1","00394805","08"
"2007023125","01","1","70 33RD","","PITTSBURGH","PA","15201","AT SYSTEMS ATLANTIC","4122522211","009600","","","","","N","","","","","","N","","A-00099633","","","","","","1","00006731","00"
"2007077049","03","0","111 BRIDGE ST","","BURGETTSTOWN","PA","15021","WOOD WASTE RECYCLING INC","7249479445","732800","","","","","N","","","","","","N","","","","","","","","1","00899783","04"
"2007091731","05","1","","","","","","UNKNOWN","","","","","","","N","","","","","","","","","","","","","","1","0UNKNOWN","07"
"2007034315","02","8","309 COLLINS DRIVE","","PITTSBURGH","PA","15235","PENN HILLS SCHOOL DISTRICT","9999999999","034000","","","","","N","","","","","","N","","","","","","","","2","","11"
"2007073390","05","1","236 WINFIELD ROAD","","SARVER","PA","16055","WAYNE W SELL","7243529441","800000","","","","","N","","","","","000127848","N","","A-00093415","","","","","","1","00098033","06"
"2007023685","05","1","3010 E CRESENTVILLE RD","","WEST CHESTER","OH","45069","JEVIC TRANSPORTATION","8775384210","080000","","","","","N","","","","","000063738","N","","","","","","","","2","00243018","08"
"2008013782","05","1","230 ASHLAND AVE","BOX 909","MORTON","IL","61550","STAR TRANSPORT INC","8003333060","080000","","","","","N","","","","","","N","","","","","","","","1","00071585","08"
"2008013782","05","1","2742 WAYNE HAVEN ST","","FORT WAYNE","IN","46803","FEDEX GROUND","8004633339","080000","","","","","N","","","","","","N","","","","","","","","2","00265752","08"
"2007013829","02","99","43 PERDUE COURT","","CALEDON","ON","L7C0G6","GEORGE SHERSON DBA CART ALL EXP.","9058404298","039500","","","","","N","","","","","","N","","A-00999999","","","","","","1","","06"
"2007066601","99","3","1PGTWAY","","MONACA","PA","15061","PGT TRUCKING","7249871811","","","","","","N","","","","","000094540","N","","A-00105584","","","","","","1","00192897","06"
"2007046991","05","4","8063 SOUTHERN BLVD","","YOUNGSTOWN","OH","44512","JOHN BROWN TRUCKING INC","8002478704","080000","","","","","N","","","","","000163742","N","","","","","","","","1","00612586","08"
"2007092644","02","8","200 HAHN RD.","","PITTSBURGH","PA","15209","LAIDLAW TRANSIT INC","4128280226","","","","","","N","","","","","","N","","","","","","","","2","00000000","10"
"2007086503","99","3","43 HARBOR VIEW DR","","NEW CASTLE","DE","19720","TDW SERVICES INC","3025880911","179500","","","","","N","","","","","","N","","","","","","","","1","00446330","99"
"2007001542","02","8","345 6TH AVE","","PGH","PA","15222","PORT AUTHORITY OF ALLAGHENY CO","4124222000","","","","","","N","","","","","","N","","A-00976060","","","","","","1","","11"
"2007092718","03","7","2197 DUSS AVE","","AMBRIDGE","PA","15003","WASTE MANAGEMENT OF PENNSYLVANIA","7242662604","066000","","","","","N","","","","","","N","","","","","","","","1","00344050","04"
"2007203138","00","8","2235 BEAVER AVENUE","","PITTSBURGH","PA","15233","PORT AUTHORITY OF ALLEGHENY COUN","","999999","","","","","N","","","","","","N","","","","","","","","1","","11"
"2007065424","02","99","310 LEGER RD.","","NORTH HUNTINGTON","PA","15642","WASTE MANAGEMENT","7248646476","999999","","","","","N","","","","","","U","","","","","","","","2","00344050","99"
"2007034749","02","8","345 6TH AVE 3RD FLR","","PITTSBURGH","PA","152222527","PORT AUTHORITY OF ALLEGHENY CO","4125665500","","","","","","","","","","","","","","A-00976060","","","","","","1","","11"
"2007204260","00","8","798 EKASTOWN RD","","SARVER","PA","16055","ROENIGK W L INC","","999999","","","","","N","","","","","","N","","","","","","","","1","","10"
"2007016085","02","8","119 WALL AVENUE","","WILMERDING","PA","15148","LAIDLAW TRANSPORTATION","4128249476","","","","","","N","","","","","","N","","","","","","","","2","00000000","11"
"2007012347","02","8","2235 BEAVER AVE","","PITTSBURGH","PA","15233","PORT AUTHORITY OF ALLEGHENY CO","4124422000","","","","","","N","","","","","","N","","","","","","","","1","","11"
"2007125783","03","1","920 IRWIN RUN RD.","","WEST MIFFLIN","PA","15122","LIBERTY CANDY COMPANY","4124612700","053000","","","","","N","","","","","","N","","","","","","","","2","00660201","03"
"2007070393","05","2","115","THIRD STREET","LEETSDALE","PA","15056","SUPPLY CO","7242510120","080000","","","","","N","","","","","000288984","N","","A-00111972","","","","","","1","00599090","08"
"2007104944","99","3","9700 PERRY HIGHWAY","","PITTSBURGH","PA","15237","RANDY MITCHELL TOWING","9999999999","999999","","","","","N","","","","","","U","","","","","","","","2","99999999","05"
"2007015026","03","1","497 WASHINGTON STREET","","AUBORN","ME","04210","CHAPMAN TRUCKING","2073332943","080000","","","","","N","","","","","000176151","U","","","","","","","","1","02487777","04"
"2007019137","02","8","325 SIXTH AVENUE","","PITTSBURGH","PA","15222","PORT AUTHORITY","4122551385","","","","","","N","","","","","","","","A-00976060","","","","","","2","","11"
"2007124995","05","1","3649 EAST LAKE ROAD","","DUNKIRK","NY","14048","PATH TRUCK LINES","8146622408","800000","","","","","N","","","","","","N","","A-00107156","","","","","","1","00211479","08"
"2007077873","05","3","3930 16TH AVE SW","","CEDAR RAPIDS","IA","52404","CRST VAN EXPEDITED INC","8005390504","080000","","","","","N","","","","","","N","","","","","","","","2","00098137","08"
"2007107660","03","4","195 SPROAT RD","","DAWSON","PA","15428","SPROAT TRUCKING INC","7245297406","732800","","","","","N","","","","","","N","","A-00111187","","","","","","2","00546600","00"
"2007125689","02","0","201 NOBLESTOWN ROAD","","CARNEGIE","PA","15106","WALT AND ALS AUTO SERVICE","4124038784","010000","","","","","N","","","","","","N","","","","","","","","2","01202044","05"
"2007091168","02","8","345 SIXTH AVE.","","PITTSBURGH","PA","15222","PORT AUTHORITY","4122551385","","","","","","N","","","","","","","","A-00976060","","","","","","1","","11"
"2007113047","04","4","5131 N. PIONEER RD","","GIBSONIA","PA","15044","HAMPTON SUPPLY YARD INC","7244430211","073280","","","","","N","","","","","","N","","","","","","","","2","00738414","04"
"2007092830","02","1","611 W WARRINGTON AVE","","PITTSBURGH","PA","15226","PORT AUTHORITY","4125665500","","","","","","N","","","","","","","","A-00976060","","","","","","1","","03"
"2007070670","99","99","3100 GRAND AVE","","PITTSBURGH","PA","15225","HEIDELBERG METALS INC","4127717000","","","","","","N","","","","","","N","","","","","","","","1","00342848","99"
"2007127802","02","8","24 SOUTH EIGHTH ST","","PITTSBURGH","PA","15203","FIRST STUDENT INC","9999999999","999999","","","","","N","","","","","","N","","","","","","","","2","","11"
"2007017042","99","8","150 S 24TH ST","","PITTSBURGH","PA","15203","LAIDLAW TRANSPORTATION","4124318747","","","","","","N","","","","","","N","","A108982","","","","","","3","00711716","11"
"2007033726","05","1","41 WESTSIDE DRIVE","","ETOBICOKE","ON","M9C1B","NORTHBOUND LOGISTICS LTD","4166223399","068400","","","","","N","","","","","","N","","","","","","","","2","88888888","08"
"2007110070","05","3","650 NORTH MERIDIAN ROAD","","YOUNGSTOWN","OH","44509","FALCON TRANSPORT","8009350481","800000","","","","","N","","","","","000148604","N","","","","","","","","1","00260165","08"
"2007113980","02","8","209 13TH STREET","","PITTSBURGH","PA","15215","NORTHERN AREA MULTI SERVICE CENT","4127811176","999999","","","","","N","","","","","","N","","","","","","","","1","","10"
"2007118887","02","1","1049 JEFFERSON RD","","PITTSBURGH","PA","15235","TURNER DAIRY FARMS","8008921039","330000","","","","","N","","","","","","N","","","","","","","","2","00381686","03"
"2007104189","99","8","BEAVER P ISLAND AVES","","PITTSBURGH","PA","15233","PORT AUTHORITY OF ALLEGHENY CO","4122551350","","","","","","","","","","","","","","","","","","","","1","","11"
"2007018117","03","7","310 LEGER RD","","N HUNTINGDON","PA","15642","WASTE MANAGEMENT","4126787339","073280","","","","","N","","","","","","U","","","","","","","","1","00344050","04"
"2007019059","05","99","400 KECK ST BOX 430","","SEWARD","PA","15954","M&C TRUCKING","9999999999","080000","","","","","N","","","","","","N","","","","","","","","2","","06"
"2007028219","02","8","345 SIXTH AVE","","PITTSBURGH","PA","15222","PORT AUTHORITY OF ALLEGHENY COU","4124422000","","","","","","N","","","","","","","","A-00976060","","","","","","2","","11"
"2007054211","02","4","1299 MCLAUGHLIN RUN RD","","BRIDGEVILLE","PA","15017","TAR DRIVEWAY SUPPLIES","4122210505","017340","","","","","N","","","","","","N","","","","","","","","1","","03"
"2007201763","00","1","100 UNION STREET","","BRIDGEVILLE","PA","15644","CEILING SYSTEMS DISTRIBUTION","","052000","","","","","N","","","","","","U","","","","","","","","2","0481978","99"
"2007032079","05","2","1967","SAXONBURG BL","TARENTUM","PA","15084","GLASSMERE FUEL SERVICE INC","7242654646","073280","3","","","","Y","1","","","","","N","","","","","","","","3","","06"
"2007060858","02","8","200 HAHN RD","P","PITTSBURGH","PA","15209","LAIDLAW TRANSIT CO","4124317425","","","","","","N","","","","","","U","","","","","","","","2","","11"
"2007085242","02","99","300 CORLISS ST","","PITTSBURGH","PA","15203","COMCAST","3049190473","999999","","","","","N","","","","","","N","","","","","","","","2","","98"
"2007030439","03","8","2030 SWALLOW HILL ROAD","","PITTSBURGH","PA","15220","CV SCHOOL DISTRICT","4124297011","030000","","","","","N","","","","","","N","","","","","","","","1","01129751","11"
"2007113149","03","8","345 6TH AVE","","PGH","PA","15222","PORT AUTHORITY","4122377000","","","","","","N","","","","","","N","","A-00976060","","","","","","1","","11"
"2007035469","02","0","100 SKY LN","PO BOX 66","RUSSELLTON","PA","15076","JOSEPH B FAY CO","4129631870","033000","","","","","N","","","","","","N","","","","","","","","1","00085062","03"
"2007060929","02","1","212 114TH ST NW","","DES MOINES","IA","50325","WINGFOOT COMMERCIAL TIRE SYSTEM","7247766371","032000","","","","","N","","","","","","N","","","","","","","","1","","09"
"2007048354","02","8","BEAVER & ISLAND AVE","","PITTSBURGH","PA","15233","PORT AUTHORITY OF ALLEGHENY CO","4124764010","","","","","","N","","","","","","N","","","","","","","","1","00008644","10"
"2007107688","04","4","3004 BABCOCK BLVD","","PITTSBURGH","PA","15237","DAROCO INC","4129317569","081000","","","","","N","","","","","","N","","","","","","","","1","01313632","04"
"2007083817","99","1","","","","ZZ","","UNKNOWN","","","","","","","","","","","","","","","","","","","","","1","99999999","08"
"2007023788","04","8","345 SIXTH AVE","","PITTSBURGH","PA","15222","PORT AUTHORITY OF ALLEGHENY COUN","4124422000","","","","","","N","","","","","","N","","A-00976060","","","","","","1","","10"
"2007010127","02","1","1 NORTH LINDEN","","PITTSBURGH","PA","15110","GREATER PITTSBURGH COMMUNITY F","4124603363","025999","","","","","N","1","","","","","N","","","","","","","","1","","03"
"2007035387","03","4","8418 NOBLESTOWN RD","","MCDONALD","PA","15057","EDMUNDS TRUCKING INC","7249262119","073280","","","","","N","","","","","000000000","N","","","","","","","","2","00000000","00"
"2007074065","02","8","345 6TH AVE. 3RD. FL.","","PGH.","PA","152222527","PORT AUTHORITY - ALLEGHENY CO.","4125665500","","","","","","N","","","","","","N","","A-00976060","","","","","","2","","11"
"2007102438","04","1","1 21ST ST.","","PITTSBURGH","PA","15222","CONSUMERS PRODUCE INC.","8002450698","","","","","","N","1","","","","000000000","N","","","","","","","","2","00390760","08"
"2007011053","04","99","1310 MAIN ST.","","CRESCENT","PA","15046","E & E MATERIALS HANDLING INC.","7244570400","073280","","","","","N","","","","","","N","","A-00116369","","","","","","1","00612774","04"
"2007045816","99","","140 W FORTH AVE","PO BOX 428","TARENTUM","PA","150840428","WELESKI TRANSFER","9999999999","","","","","","N","","","","","","","","","","","","","","1","00125550","08"
"2007048745","05","1","2366 SUNRISE CIR","","AURURA","IL","60504","AVANTI MOTOR CARRIER","6306770517","080000","","","","","N","","","","","","N","","","","","","","","1","01364161","08"
"2007105629","02","8","1041 MAIN STREET","","N HUNTINGDON","PA","15642","LAIDLAW TRANSIT","4124691033","","","","","","N","","","","","","N","","","","","","","","1","","11"
"2007104846","99","3","400 KECK STREET","","SEWARD","PA","15954","C TRUCKING CO","8144215991","","","","","","N","","","","","000143801","N","","A-00100693","","","","","","1","00163516","99"
"2007082615","99","1","230 ASHLAND AVE","BOX 909","MORTON","IL","61550","STAR TRANSPORT INC","9999999999","800000","","","","","N","","","","","","U","","","","","","","","1","00071585","06"
"2008012598","03","1","CURRIE RD PO BOX 296","","PORTERSVILLE","PA","16051","MCCLYMONDS SUPPLY","7243688040","800000","","","","","N","","","","","000182636","N","","A-00105846","","","","","","2","00269478","04"
"2007051190","02","8","200 HAHN ST","","PGH","PA","15209","LAIDLAW TRANSIT","7245691750","026000","","","","","N","","","","","","N","","","","","","","","1","","11"
"2007051190","02","8","200 HAHN ST","","PGH","PA","15209","LAIDLAW TRANSIT","7245691750","026000","","","","","N","","","","","","N","","","","","","","","2","","11"
"2007051190","02","8","200 HAHN ST","","PGH","PA","15209","LAIDLAW TRANSIT","7245691750","026000","","","","","N","","","","","","N","","","","","","","","3","","11"
"2008037262","05","1","1000 NORTH 14TH ST","","SAINT LOUIS","MO","63106","HOGAN MOTOR LEASING INC","6148016805","800000","","","","","N","","","","","","N","","","","","","","","3","01137660","08"
"2007048792","03","99","202 BUCKEYE ST","P O BOX 522","LAWRENCE","PA","15055","FEDEROVCH LANDSCAPE SUPPLY","7249416363","073280","","","","","","","","","","","N","","","","","","","","1","00901454","04"
"2008003845","05","1","651 SO NATIONAL DR","","KNOXVILLE","TN","37865","TETON TRANSPORTATION CO","8004894490","800000","","","","","N","","","","","","N","","","","","","","","1","00597477","08"
"2008003845","05","3","247 MENTZER RD","","NEW HOLLAND","PA","17557","SONS","7172787810","800000","","","","","N","","","","","","N","","","","","","","","2","01450537","08"
"2007064902","02","8","345 6TH AVE","","PITTSBURGH","PA","152222527","PORT AUTH OF ALLEG CO","4124422000","","","","","","N","","","","","","N","","A-00976060","","","","","","1","","11"
"2007064902","04","99","448 2ND & MILL ST","","WEST ELIZABETH","PA","15088","BETHEL METAL & RECYCLE","4123846090","058550","","","","","N","","","","","","N","","","","","","","","2","01618564","04"
"2007030623","04","4","1405 BELASCO AVE","","PITTSBURGH","PA","15216","BANNON TRUCKING","4123779677","073280","","","","","N","","","","","000099999","N","","","","","","","","1","00099999","09"
"2007034978","05","6","35005 WEST MICHIGAN AVE","","WAYNE","MI","48184","LEASEWAY MOTORCAR TRANSPORT CO","8003212504","080000","","","","","N","","","","","","N","","","","","","","","2","00075888","08"
"2007118833","03","1","650 MANSFIELD AVE","","PITTSBURGH","PA","15205","PENNSYLVANIA MACARONIE CO INC","4124718330","320000","","","","","N","","","","","","N","","","","","","","","1","00427365","04"
"2007118833","04","4","1 WALKER ROAD","P O BOX 368","BIGLER","PA","16825","ROARING RUN TRUCKING CO INC","8148577681","732800","","","","","N","","","","","000154163","N","","A-00103057","","","","","","2","","04"
"2007118833","05","1","1001 CALIFORNIA AVE","","PITTSBURGH","PA","15290","UNITED STATES POST OFFICE","4123597848","800000","","","","","N","","","","","","N","","","","","","","","3","","08"
"2007095186","02","99","299 ROUTE 30 WEST","","IMPERIAL","PA","15126","WALTERSAUSKASINC","9999999999","038000","","","","","N","","","","","","N","","","","","","","","2","99999999","03"
"2007016245","02","1","9000 MIDLANTIC DR","","MT.LAUREL","NJ","08054","FEDERAL EXPRESS CORP.","8005239254","016000","","","","","N","","","","","","N","","","","","","","","1","","03"
"2007204054","00","1","4749 W WEST LAKE ROAD","","CHICAGO","IL","60644","FUNCHES TRUCKING","","080000","","","","","N","","","","","201594","U","","","","","","","","1","0292699","08"
"2007081793","99","99","6668 ENGLE ROAD","","MIDDLEBURG HEIGHTS","OH","44130","RDF LOGISTICS","9999999999","999999","","","","","N","","","","","","N","","","","","","","","1","","98"
"2007127074","02","8","345 6TH AVE","","PITTSBURGH","PA","152222527","PORT AUTH OF ALLEG CO.","4124422000","","","","","","N","","","","","","N","","A-00976060","","","","","","1","","11"
"2008012403","05","2","4242 S KNOX AVENUE","","CHICAGO","IL","60631","ALTOM TRANSPORT INC","8003278903","800000","","","","","N","","","","","","N","","","","","","","","1","00297572","08"
"2007091787","02","4","300 CORLISS ST","","PITTSBURGH","PA","15220","COMCAST","0000000000","000000","","","","","N","","","","","","N","","","","","","","","2","09999999","03"
"2007083882","05","1","PO BOX 857","","AUGUSTA","ME","04332","BETZ LABORATORIES INC","2153538851","","","","","","N","","","","","","N","","","","","","","","2","00033257","06"
"2007042384","02","8","345 6TH AVE","","PITTSBURGH","PA","152222527","PORT AUTHORITY","4124422000","","","","","","N","","","","","","N","","A-00976060","","","","","","1","","11"
"2008002909","05","1","2528 STATE RTE 380","","AVONMORE","PA","15618","EANDD VENSEL","4129014861","800000","","","","","N","","","","","000335285","N","","A-00114718","","","","","","2","00399778","08"
"2007089585","02","8","400 OAKBROOK DR","","GREENSBURG","PA","156015601","LAIDLAW TRANSIT INC","9999999999","999999","","","","","N","","","","","","N","","","","","","","","2","","11"
"2007001160","02","8","345 SIXTH AVE 3RD FL.","","PITTSBURGH","PA","152222527","PORT AUTHORITY OF ALLEGHENY CO","4125665500","039000","","","","","N","","","","","","N","","A-00976060","","","","","","1","","11"
"2007077093","05","3","48 THIRD STREET","","SOUTH KEARNY","NJ","07032","JFL LEASING INC","8005356662","080000","","","","","N","","","","","","N","","","","","","","","2","00236862","08"
"2007022126","02","1","1825 LIVERPOOL STREET","","PITTSBURGH","PA","15233","YELLOW CAB","4123218100","","","","","","N","","","","","","N","","A-00049926","","","","","","1","","02"
"2007032999","99","1","193 CHARTIERS AVE","","PITTSBURGH","PA","15242","CELONE BAKERY","4122760546","010000","","","","","N","","","","","","N","","","","","","","","2","","00"
"2007025548","03","0","10 MILTON STREET","","ARKPORT","NY","14807","SILK ROAD TRANSPORTATION, INC.","6072957406","025000","","","","","N","","","","","000172152","N","","A-00120008","","","","","","1","04278682","07"
"2007063928","05","3","2271 WEST SALEM RD","","BURBANK","OH","44214","RD EXCAVATING INC","3306240444","080000","","","","","N","","","","","000488533","N","","","","","","","","3","01244679","08"
"2007052725","03","99","300 GRANDVIEW BLVD","","ZELIENOPLE","PA","16063","MHF INC","8886433388","080000","","","","","N","","","","","000173643","N","","A-00107375","","","","","","1","00251334","08"
"2007088713","03","8","2235 BEAVER AVE","","PITTSBURGH","PA","152222527","PORT AUTHORITY","4125665500","","","","","","N","","","","","","N","","A-00976060","","","","","","1","","11"
"2007034988","05","1","ONE WHITNEY DRIVE","POST OFFICE BOX 1000","HARMONY","PA","16037","SYSCO FOOD SERVICES OF PITTSBURG","8009275867","080000","","","","","N","","","","","","N","","","","","","","","2","00287351","08"
"2007034988","05","1","POB 2547","4701 E 32ND","JOPLIN","MO","64803","CONTRACT FREIGHTERS INC","8006414748","080000","","","","","N","","","","","","N","","","","","","","","3","00070289","08"
"2007013309","05","1","4100 SOUTH COUNCIL","G","OKLAHOMA CITY","OK","73179","JB HUNT","8007239029","080000","","","","","N","","","","","","N","","A-00641702","","","","","","1","00080806","08"
"2007032056","02","8","2400 ARDMORE BLVD","STE 700","PGH","PA","15221","PGH CARE PARTNERSHIP INC","4126441448","999999","","","","","N","","","","","","N","","","","","","","","1","","10"
"2007111331","02","8","325 SIXTH AVE.","","PITTSBURGH","PA","152222527","PORT AUTHORITY ALLEGHENY CO.","4124422000","039000","","","","","N","","","","","","","","A-00976060","","","","","","1","","11"
"2007100633","02","8","1820 MCLAUGHLIN RUN RD","","UPPER ST CLAIR","PA","15241","UPPER ST CLAIR TWP SCHOOL DIST","4126535829","030000","","","","","N","","","","","","N","","","","","","","","1","00952939","11"
"2007049650","05","1","9667 ROUTE 60","","FREDONIA","NY","14063","HILLS TRUCKING INC","7166724312","","","","","","N","","","","","","N","","","","","","","","1","","08"
"2007098384","01","8","345 6TH AVE","","PGH","PA","15222","PORT AUTHORITY TRANSIT","4125665500","","","","","","N","","","","","","","","A-00976060","","","","","","2","","11"
"2007118258","99","3","107 ARAGON PL","","FINLEYVILLE","PA","15332","SANDRA L","4126536538","073280","","","","","N","","","","","000274849","N","","A-00109707","","","","","","1","00562943","04"
"2007045116","05","3","2031 QUAIL AVE","","FORT DODGE","IA","50501","SMITHWAY MOTOR XPRESS INC","5155767418","080000","","","","","N","","","","","","N","","","","","","","","3","00001803","08"
"2007094307","02","1","255 WOOSTER ROAD","","BARBERTON","OH","442038206","RANDY FLEET SERVICES","3307459016","","","","","","N","","","","","","N","","","","","","","","1","00133910","03"
"2007011938","02","8","345 SIXTH AVENUE","","PITTSBURGH","PA","15222","PORT AUTHORITY","9999999999","","","","","","N","","","","","","","","A-00976060","","","","","","2","","11"
"2007060969","99","2","200 SPEERS ST","","BELLE VERNON","PA","15012","SOURCE ONE","9999999999","","","","","","N","","","","","","N","","A-00117576","","","","","","1","00930620","08"
"2007077857","05","1","PO BOX 280958","","NASHVILLE","TN","372288095","WESTERN EXPRESS INC","8003167160","800000","","","","","N","","","","","","N","","","","","","","","1","00511412","08"
"2007073516","02","8","345 6TH AVE.","","PITTSBURGH","PA","152222527","PORT AUTHORITY","4124422000","","","","","","N","","","","","000000000","N","","A-00976060","","","","","","1","00000000","11"
"2007108361","05","99","5199 MOUNTAIN TOP LN","","ELIZABETH","PA","15037","JOHN A LIPP COMPANY INC","4125511284","","","","","","N","","","","","000554306","N","","A-00107450","","","","","","2","00940466","08"
"2007112003","02","3","15 MCKEON AV","","CHARLEROI","PA","15022","VALLEY TIRE CO","8004738474","700000","","","","","N","","","","","","N","","","","","","","","2","00450008","03"
"2007015781","02","8","400 OAKBROOK DR.","","GREENSBURG","PA","15601","LAIDLAW TRANSIT","4128248211","","","","","","N","","","","","","N","","","","","","","","1","00000000","10"
"2007094878","05","99","2345 GRAN BLVD STE 400","","KANSAS CITY","MO","64108","PACIF","6162911867","340000","","","","","N","","","","","000071902","N","","","","","","","","3","00064161","06"
"2007064721","99","1","","","","","","UNKNOWN","9999999999","","","","","","N","","","","","","U","","","","","","","","1","0UNKNOWN","08"
"2009053408","03","3","580 MAYER ST.","","BRIDGEVILLE","PA","15017","LNJ STEEL FRAMING SYSTEMS INC","4122218272","033000","","","","","N","","","","","","N","","","","","","","","2","00702862","04"
"2007029872","99","99","UNKNOWN","UNKNOWN","UNKNOWN","ZZ","999999999","UNKNOWN","9999999999","","","","","","N","","","","","00UNKNOWN","U","","UNKNOWN","","","","","","2","0UNKNOWN","99"
"2007124360","02","8","2235 BEAVER AVE","","PITTSBURGH","PA","15233","PORT AUTHORITY OF ALLEGHENY CO.","4122377000","999999","","","","","N","","","","","","N","","","","","","","","1","","11"
"2007114431","04","4","1204 5TH. AVE","","MCKEESPORT","PA","15132","MEADE BROS. TRUCKING INC.","4122252842","028000","","","","","N","","","","","","N","","A-00120791","","","","","","1","","04"
"2008002590","02","8","200 HAHN ROAD","","PITTSBURGH","PA","99999","LAIDLAW TRANSIT INC","9999999999","999999","","","","","N","","","","","","N","","","","","","","","2","","11"
"2008004783","03","1","200 NEAL DR","","BLAIRSVILLE","PA","15717","TAYLOR LEASING INC","7244598900","732800","","","","","N","","","","","","U","","A-00108395","","","","","","1","00120871","04"
"2007078859","05","1","6720 N 9TH ST","","OMAHA","NE","68112","REINHART TRANSPORTATION LLC","4025971898","800000","","","","","N","","","","","","N","","","","","","","","1","00882290","08"
"2007055877","02","8","2235 BEAVER AVE","","PITTSBURGH","PA","15233","PORT AUTHORITY OF ALLEGHENY CO","4122377000","","","","","","N","","","","","","N","","A-00976060","","","","","","2","","11"
"2007110253","03","3","601 PITTSBURGH ROAD","","BUTLER","PA","16001","NES RENTALS","7243521432","054999","","","","","N","","","","","","N","","","","","","","","2","00168359","04"
"2007065142","04","7","POBOX448","","CARNEGIE","PA","15106","ALLIED WASTE N AMERICA","8004642120","077800","","","","","N","","","","","","N","","","","","","","","2","00962087","04"
"2007067512","99","3","5177 ELLWOOD ROAD","","ELLWOOD CITY","PA","16117","SAME AS DRIVER","7242903509","999999","","","","","N","","","","","","N","","","","","","","","3","00728469","08"
"2007075023","02","8","110 LENZER COURT","","SEWICKLEY","PA","15143","LENZER COACH LINES","4123219822","","","","","","N","","","","","","U","","A-00112590","","","","","","1","00583785","10"
"2007082882","08","1","350 POPLAR ST PAN PA","15223","PAN","PA","15223","HUNTER LEASING INC","4128287565","","","","","","N","","","","","","N","","","","","","","","2","","06"
"2007070178","02","8","345 SIXTH AVENUE","","PITTSBURGH","PA","15222","PORT AUTHORITY","4122551385","","","","","","N","","","","","","","","A-00976060","","","","","","2","","11"
"2007015380","99","99","316 LEECH AVE","","SALTSBURG","PA","15681","JM BUILDERS INC","9999999999","999999","","","","","N","","","","","","U","","","","","","","","2","99999999","00"
"2007060643","02","8","345 SIXTH AVE.","","PITTSBURGH","PA","15222","PORT AUTHORITY","4122551350","","","","","","N","","","","","","","","A-00976060","","","","","","2","","11"
"2007068659","05","3","400 KECK ST.","","SEWARD","PA","15954","M @ C TRUCKING","8005222372","","","","","","N","","","","","","N","","","","","","","","2","00163516","08"
"2007025795","02","8","97 HARRIET ST","","RANKIN","PA","15104","LAIDLAW EDUCATIONAL SERVICES","9999999999","999999","","","","","N","","","","","","N","","","","","","","","1","","11"
"2007022929","04","4","850 GALLATIN AVE.","","UNIONTOWN","PA","15478","PHANTOM TRANSPORTATION","7244309023","073280","","","","","N","","","","","","N","","","","","","","","1","00957819","04"
"2007022929","04","4","850 GALLATIN AVE.","","UNIONTOWN","PA","15478","PHANTOM TRASNPORTATION","7244309023","073280","","","","","N","","","","","","","","","","","","","","2","00957819","04"
"2007035877","05","1","5683 E GROVE DR SE","","KENTWOOD","MI","49512","MARKO EXPRESS LLC","6163070102","080000","","","","","N","","","","","000545000","N","","","","","","","","1","1442100","08"
"2007035877","05","1","1323 511TH AVE","","WAUSAU","WI","54401","KK WAY INC","7158425666","999999","","","","","N","","","","","000196494","U","","","","","","","","2","0294036","08"
"2007079129","05","1","6600 BESSEMER AVE","","CLEVELAND","OH","44127","KAPLAN TRUCKING CO","8003522848","080000","","","","","N","","","","","000002304","N","","","","","","","","2","00120670","08"
"2007038587","05","3","PO BOX 550","","MURRAYSVILLE","PA","15668","GREAT AMERICAN LINES INC.","7247332323","080000","","","","","N","","","","","000156306","N","","A-00107713","","","","","","1","00265292","08"
"2007096678","02","8","345 SIXTH AVE 3RD FL.","","PITTSBURGH","PA","152222527","PORT AUTHORITY OF ALLEGHENY CO","4125665500","","","","","","N","","","","","","N","","","","","","","","1","00000000","11"
"2007204147","00","99","5505 CLOVERLEAF PARKWAY","","VALLEY VIEW","OH","44125","DUNBAR ARMORED INC","","999999","","","","","N","","","","","","U","","","","","","","","2","0010623","99"
"2007068749","04","8","345 SIXTH AVE","","PITTSBURGH","PA","15222","PORT AUTHORITY OF ALLEGHENY CONU","4124422000","","","","","","N","","","","","","","","A-00976060","","","","","","2","","11"
"2007056009","02","8","345 6TH AVE","3RD FLOOR","PITTSBURGH","PA","152222527","PORT AUTHORITY OF ALLEGHENY CO","4122377000","","","","","","N","","","","","","","","A-00976060","","","","","","2","00000000","11"
"2007052184","05","3","4687 FAIRVIEW DT","POB 453","MURRYSVILLE","PA","15668","D PIERCE TRANSPORTATION INC","8002421319","080000","","","","","N","","","","","000200341","N","","","","","","","","1","00349869","08"
"2007004788","02","1","1821 BEAVER AVENUE","","PITTSBURGH","PA","15233","UNITED PARCEL SERVICE, INC.","4129217735","016000","","","","","N","","","","","","N","","","","","","","","1","00024796","03"
"2007101081","02","4","215 MCKEAN ST","","PITTSBURGH","PA","15219","COUNTY OF ALLEGHENY","4128335588","040000","","","","","N","","","","","","N","","A-00000000","","","","","","2","00000000","03"
"2007063533","03","4","3000 GRAND AVE","","PITTSBURGH","PA","15225","JED SERVICES INC","4120000000","073280","","","","","N","","","","","000000099","N","","A-00999999","","","","","","1","","04"
"2007074240","03","2","1147 LOVEDALE RD","","ELIZABETH","PA","15037","HYDRO TECHNICAL SERVICES","4123849327","054900","","","","","N","","","","","","N","","","","","","","","2","99999999","04"
"2007127032","02","8","2500 CLYDE AVENUE","","NORTH VERSAILLES","PA","15137","S & S TRANSIT","4128297341","","","","","","N","","","","","","N","","","","","","","","2","00000000","10"
"2007121507","02","1","931 MIAMI","","PITTSBURGH","PA","15228","ROBBER EXCHANGE","4123060491","255000","","","","","N","","","","","","N","","","","","","","","1","00016130","03"
"2007038013","99","99","1260 STOOPS FERRY ROAD","","CORAOPOLIS","PA","15108","IRON CITY EXPRESS INC","9999999999","999999","","","","","N","","","","","","N","","","","","","","","2","","98"
"2007087668","99","1","","","","","","UNKNOWN","9999999999","","","","","","N","","","","","","U","","","","","","","","1","0UNKNOWN","08"
"2007101443","05","1","971 BRIARSDALE RD","","HARRISBURG","PA","17109","RYDER TRUCK RENTAL","8007777273","080000","","","","","N","","","","","","N","","","","","","","","2","00016130","08"
"2007203419","00","99","20TH STREET AND CENTER","","OTTAWA","IL","61350","SCHNEIDER NATIONAL LEASING INC","","999999","","","","","N","","","","","","U","","","","","","","","1","","06"
"2007093029","05","1","3101 SOUTH PACKERLAND D","","GREENSBAY","WI","54313","SCHNEIDER NATIONAL CARRIER","9205922000","","","","","","N","","","","","","N","","","","","","","","2","00264184","08"
"2007055075","99","8","3130 ROUTE 100","","MACUNGIE","PA","18062","LAIDLAW TRANSIT INC","9999999999","999999","","","","","N","","","","","","N","","","","","","","","2","99999999","11"
"2007042364","05","1","2062 EAST MAIDEN STREET","","WASHINGTON","PA","15301","CL SMITH TRUCKING","7242284140","080000","","","","","N","","","","","000322178","N","","A-00114033","","","","","","2","00694354","08"
"2007030636","02","8","5374 WILLIAM FLYNN HWY","","GIBSONIA","PA","15044","MONARK STUDENT TRANSPORT CORP","7244447766","","","","","","N","","","","","","N","","A-00116335","","","","","","1","","11"
"2007008829","05","3","ROUTE 910 BOX 837","","INDIANOLA","PA","15051","ALLEGHENY STEEL DISTRIBUTORS INC","4127675000","073280","","","","","N","9","","","","","N","","","","","","","","2","00351829","06"
"2007117081","02","0","10875 BRADLEY CT","","CONCORD","OH","44077","OWNER OF UNIT 2","4402253064","002000","","","","","N","","","","","","N","","","","","","","","2","00000000","00"
"2007103784","04","4","120 BELLBRIDGE","","ELIZABETH","PA","15037","GARRY EDWARD GILMORE","4128894157","073280","","","","","N","","","","","","N","","","","","","","","2","00000000","04"
"2008012738","05","1","3518 N OHIO STREET","","WICHITA","KS","67219","METRO COMPANIES INC","3168320562","800000","","","","","N","","","","","","N","","","","","","","","1","00392583","08"
"2008012738","05","1","","","","","","UNKNOWN","","","","","","","","","","","","","U","","","","","","","","2","","08"
"2007042368","03","7","PO BOX 448","","CARNEGIE","PA","15106","BFI WASTE SERVICES","4128291125","073280","","","","","N","","","","","","N","","","","","","","","2","00962087","04"
"2007090544","99","99","RTE 10 GREEN HILLS","","READING","PA","19603","TROPICANA","4129379751","259990","","","","","N","","","","","","N","","A-00512618","","","","","","1","00327574","09"
"2007008692","02","1","1052 WASHINGTON BLVD","","PITTSBURGH","PA","15206","U HAUL","4123615580","","","","","","N","","","","","","N","","","","","","","","1","","02"
"2007054516","99","99","429 MOON-CLINTON ROAD","","CORDOPOLIS","PA","15108","ACS","4122623734","080000","","","","","N","","","","","000276094","N","","A-00111738","","","","","","1","00016130","08"
"2007093101","02","8","2235 BEAVER AVENUE","","PITTSBURGH","PA","15233","PORT AUTHORITY OF ALLEGHENY COUN","9999999999","999999","","","","","N","","","","","","N","","","","","","","","2","","10"
"2008012401","03","0","2601 ROCHESTER RD","","CRANBERRY TWP","PA","16066","WARREN SAVERS INC","7247761504","080000","","","","","N","","","","","000079687","N","","A-00101575","","","","","","1","00098027","07"
"2007085897","02","8","410 BUFFALO AVE","","NIAGARA FALLS","NY","14303","BTL INTERNATIONAL CO LTD","7164913345","040000","","","","","N","","","","","","N","","","","","","","","1","01362983","11"
"2007078739","05","1","POST OFFICE BOX 11388","","LANCASTER","PA","17605","PIONEER TRANSPORT","9999999999","080000","","","","","N","","","","","","N","","A-00105837","","","","","","1","00514795","08"
"2007098813","99","99","3301 S MERIDIAN ST","","OKLAHOMA CITY","OK","73159","BUDGET","9999999999","999999","","","","","N","","","","","","N","","","","","","","","2","","98"
"2007116089","99","99","342 SCHUYLER AVE","","KEARNY","NJ","07032","LOUIS J KENNEDY TRUCKING","9999999999","","","","","","N","","","","","","U","","","","","","","","2","","08"
"2007071803","02","8","2235 BEAVER AVE","","PITTSBURGH","PA","15233","PORT AUTHORITY OF ALLEGHENY COUN","4125665500","","","","","","N","","","","","","N","","A-00976060","","","","","","2","","11"
"2007051441","02","1","3413 BABCOCK BLVD","","PITTSBURGH","PA","15237","TRU-GUARD WATERPROOFING","4123647795","014000","","","","","N","","","","","","N","","","","","","","","1","00000999","03"
"2007078712","03","4","115 WYNOKA ST","","PITTSBURGH","PA","15210","EKSEL MANAGEMENT","4128810683","732800","","","","","N","","","","","","N","","","","","","","","1","","04"
"2007093009","05","99","PO BOX271 600 GILLAM RD","","WILMINGTON","OH","45177","REL TRANSFER INC","3308314547","","","","","","N","","","","","","U","","","","","","","","2","00172598","99"
"2008001188","05","1","RD1 BOX 124","","MARTINSBURG","PA","16662","METZLER BROTHERS TRANSPORT","8669003309","080000","","","","","N","","","","","","N","","","","","","","","1","00372716","08"
"2007019397","05","99","750 E. 40TH STREET","","HOLLAND","MI","494235342","USF HOLLAND","7244440415","068000","","","","","N","","","","","000102415","N","","","","","","","","2","00075806","08"
"2007051143","05","99","4701 S. ROCKWELL STREET","","OAKLAHOMA CITY","OK","73179","COVENANT TRANSPORT","8007215202","080000","","","","","N","","","","","","","","","","","","","","1","00273818","08"
"2007085898","05","1","1404 BROADWAY STREET","","SOUTH FULTON","TN","38257","TNT EXPRESS INC","2709946118","080000","","","","","N","","","","","000277238","","","","","","","","","2","00567994","08"
"2007037415","02","4","114 POLK AVE","","BEAVER FALLS","PA","15010","T L FERGUSON CO","7248434470","036220","","","","","N","","","","","","","","A87155","","","","","","2","00085065","03"
"2007092701","02","4","801 MCNEILLY RD","","PITTSBURGH","PA","15226","MA FACCHIANO CONSTRUCTION","4123445503","025950","","","","","N","","","","","000000000","N","","","","","","","","2","00000000","03"
"2007043382","02","8","5374 WILLIAM FLYNN HWY","","GIBSONIA","PA","99999","MONARCH STUDENT TRANS CORP","9999999999","999999","","","","","N","","","","","","","","","","","","","","2","","11"
"2007078607","03","4","2412 MARBURY ROAD","","PITTSBURGH","PA","15221","MICAH GOODMAN","4124047175","","","","","","N","","","","","","N","","A-00122806","","","","","","2","","04"
"2007083927","02","4","4125 BRISTOL STREET","","PGH","PA","15207","KENNETH JAWORSKI","4128539957","010000","","","","","N","","","","","000009999","N","","","","","","","","1","00009999","03"
"2007086419","05","3","130 PINEY WOODS RD","","LEWISTOWN","NC","278499200","MICHAEL W BURKE INC","2523482106","","","","","","N","","","","","000401380","N","","","","","","","","1","00270844","08"
"2007050869","02","1","500 S CASCADE ST","","NEW CASTLE","PA","16147","NEW CASTLE COLD STORAGE TRANSPOR","9999999999","033000","","","","","N","","","","","000159889","N","","A-00104480","","","","","","2","00216667","03"
"2007046568","06","99","6340 S 3000 E STE 600","","SALT LAKE CITY","UT","84121","SAVAGE SERVICES CORP","8143856967","080000","","","","","N","","","","","000001872","N","","","","","","","","1","00004015","08"
"2007051141","03","99","17 FERRY STREET","","LEETSDALE","PA","15056","AUGUST TRANSPORTATION","7242510500","016000","","","","","N","","","","","","","","A-00111947","","","","","","2","00569613","06"
"2007050804","99","99","9000 MIDLANTIC DR","","MOUNT LAUREL","NJ","08054","FEDERAL EXPRESS","9999999999","999999","","","","","N","","","","","","N","","","","","","","","2","","98"
"2008011925","99","8","2235 BEAVER AVE","","PITTSBURGH","PA","15233","PORT AUTHORITY OF ALLEGENY COUNT","4122551350","","","","","","N","","","","","","N","","","","","","","","3","","11"
"2007105788","02","8","2235 BEAVER AVE","","PITTSBURGH","PA","15233","PORT AUTHORITY","4124422000","","","","","","N","","","","","","","","A-00976060","","","","","","1","","11"
"2007078923","02","8","345 6TH AVE.","","PITTS","PA","152222527","PORT AUTH. OF ALLEG. CO","4124422000","","","","","","N","","","","","","N","","A-00976060","","","","","","2","","11"
"2007118071","03","4","PO BOX 14014","844 5TH ST","PGH","PA","15239","JA MARTIN ENTERPRIZE","4122876451","032000","","","","","N","","","","","","N","","","","","","","","1","01148711","04"
"2007077121","02","1","300 N 5TH STREET","","MARTINS FERRY","OH","43935","MILK TRANSPORTATION LLC","7243237487","540000","","","","","N","","","","","000491205","N","","","","","","","","1","00014762","03"
"2007044421","03","4","1204 FIFTH AVE","1NPALBOXOXD468004","MCKEESPORT","PA","151322420","MEADE BROTHERS TRUCKING","4126727688","","","","","","N","","","","","","N","","","","","","","","2","","04"
"2008055407","05","1","WEBSTER ROAD","","FREDONIA","NY","14063","HILLS TRUCKING COMPANY","7167530807","080000","","","","","N","","","","","034087","N","","A-00110860","","","","","","2","0026457","06"
"2007036851","05","1","132 CENTRAL ST","","FOXBORO","MA","02035","CTS","5089215705","080000","","","","","N","","","","","","N","","","","","","","","1","01468666","08"
"2007048772","99","99","UNKNOWN HIT RUN","","UNKNOWN HIT RUN","ZZ","","","","","","","","","N","","","","","","U","","","","","","","","1","","99"
"2007094936","05","1","7101 WEST 17TH AVE","","GARY","IN","46406","SCHNEIDER NATIONAL CARRIERS INC","3304283854","800000","","","","","N","","","","","","N","","","","","","","","2","00264184","08"
"2007060129","02","8","345 6TH AVE","","PITTSBURGH","PA","15222","PORT AUTH. OF ALLEG. CO.","4124422000","","","","","","N","","","","","","N","","A-00976060","","","","","","1","","11"
"2007026215","05","1","9191 TALBOT TRAIL RR3","","BLENHEIM","ON","NAP1A0","S M FREIGHT INC","5196765198","080000","","","","","N","","","","","","N","","","","","","","","1","00570763","08"
"2007016487","01","8","345 6TH AVE","","PGH","PA","15222","PORT AUTHORITY TRANSIT","4124422000","001500","","","","","N","","","","","","N","","A-00976060","","","","","","1","","11"
"2007127545","03","1","PO BOX 188","","ELM SPRINGS","AR","72728","WSE TRANSPORTATION","8006433540","520000","","","","","N","","","","","000117119","N","","","","","","","","1","00011266","08"
"2007042354","06","1","8063 SOUTHERN BLVD","","YOUNGSTOWN","OH","44512","JOHN BROWN TRUCKING INC","8002478704","080000","","","","","N","","","","","000163742","N","","","","","","","","2","","08"
"2007025000","05","1","4201 GRAND AVE","","PITTSBURGH","PA","15225","SOVEREIGN SERVICES","9999999999","064000","","","","","N","","","","","","N","","A-00120163","","","","","","3","00187669","08"
"2008006812","32","","BUILDING 55 LEETSDALE","INDUSTRIAL PARK","LEETSDALE","PA","15056","BEEMAC TRUCKING LLC","7242668781","732800","","","","","","","","","","","U","","","","","","","","2","00388467",""
"2008033529","04","1","11690 NW 105TH ST","","MIAMI","FL","33178","CVS TRANSPORTATION","8883787750","080000","","","","","N","","","","","","N","","","","","","","","1","00612151","08"
"2008020807","05","1","1860 SR 47","","RUSSIA","OH","45363","KEITH MEYER","3524849775","800000","","","","","N","","","","","000514261","N","","","","","","","","2","01332193","08"
"2007118753","03","4","700 MILL ST","","KITTANNING","PA","16201","1A CONSTRUCTION CORP","7245488111","732800","","","","","N","","","","","","N","","","","","","","","1","00273896","04"
"2007118753","05","99","7565 ROUTE 30","","IRWIN","PA","15642","COORDINATORS INC","7248647840","800000","","","","","N","","","","","","N","","","","","","","","2","00058886","08"
"2007078459","99","1","2001 THEURER BLVD","","WINONA","MN","55987","FASTENAL CO","3307455000","","","","","","N","","","","","","U","","","","","","","","2","","08"
"2007001754","05","1","3000 COPORATE GROVE DR","","HUDSONVILLE","MI","494268009","ALTL INC. TRUCKING CO.","6166696001","080000","","","","","N","","","","","000154127","N","","","","","","","","1","00169025","08"
"2007068757","02","8","345 SIXTH AVE.","","PITTSBURGH","PA","15222","PORT AUTHORITY OF ALLEGHENY CO.","4124422000","999999","","","","","N","","","","","","N","","A-00976060","","","","","","1","","11"
"2007073670","02","8","110 LENZNER COURT","","SEWICKLEY","PA","15143","COACH LEASING INC","4127617000","999999","","","","","N","","","","","","N","","","","","","","","2","","10"
"2007027028","02","8","1061 MAIN STREET","","NORTH HUNTINGTON","PA","15642","LAIDLAW TRANSIT","4124318747","999999","","","","","N","","","","","","N","","","","","","","","2","00000000","10"
"2007045669","04","7","73A WEST NOBLESTOW RD","","CARNEGIE","PA","15106","BFI WASTE SERVICES OF PA","4122762600","062540","","","","","N","","","","","","N","","A-00735550","","","","","","1","00962087","04"
"2007123480","02","8","200 SCHOOL ROAD","","PITTSBURGH","PA","15239","PLUM BOROUGH SCHOOL DISTRICT","4127953600","999999","","","","","N","","","","","","N","","","","","","","","2","00000173","11"
"2007052146","02","8","100 PLEASANT VALLEY","","BEL VERNON","PA","15012","ROSTRAVERW NEWTON EMERGENCY SER","7249294504","999999","","","","","N","","","","","","N","","","","","","","","2","","10"
"2007028211","02","8","345 SIXTH AVE","","PITTSBURGH","PA","15222","PORT AUTHORITY OF ALLEGHENY COUN","4124422000","","","","","","N","","","","","","N","","A-00976060","","","","","","1","","11"
"2007050126","02","4","784 HIGHLAND AVE","","PGH","PA","15215","VINCENZO PERRI","4127820957","","","","","","N","","","","","000000000","N","","A-00000000","","","","","","3","00000000","03"
"2007108572","02","8","5374 WILLIAM FLYNN HIGH","","PITTSBURGH","PA","99999","MONARK","9999999999","999999","","","","","N","","","","","","N","","","","","","","","1","","11"
"2007029866","02","8","798 EAKASTOWN ROAD","","SARVER","PA","16055","WL ROENICK INC","9999999999","999999","","","","","N","","","","","","N","","","","","","","","3","","11"
"2007035719","99","4","7930 FRANKSTOWN AVE","","PITTSBURGH","PA","15221","MIDWAY RENTALS INC","9999999999","025950","","","","","N","","","","","","N","","","","","","","","2","99999999","05"
"2007201897","00","99","10 NORTH DOROTHY LN","","MARS","PA","16046","JW STEEL FABRICATING COMPANY","","999999","","","","","N","","","","","","U","","","","","","","","3","","99"
"2007115558","05","1","1001 CALIFORNIA AVE","","PITTSBURGH","PA","15290","UNITED STATES POST OFFICE","4123597848","800000","","","","","N","","","","","","N","","","","","","","","1","","08"
"2007115558","04","4","50 CECIL REISSING RD","","MCDONALD","PA","15057","S AND H TRUCKING","7242630682","732800","","","","","N","","","","","","N","","","","","","","","2","01627731","04"
"2007115558","04","4","50 CECIL REISSING","","MCDONALD","PA","15057","S AND H TRUCKING","7242630682","732800","","","","","N","","","","","","N","","","","","","","","3","01627731","04"
"2007202031","00","8","805 EVERGLADE DR","","MCKEESPORT","PA","15135","LAIDLAW TRANSIT INC","","999999","","","","","N","","","","","","N","","","","","","","","1","","10"
"2007125275","99","99","700 HARGROVE ST","","PITTSBURGH","PA","15226","MCGANN CHESTER LLC","9999999999","999999","","","","","N","","","","","","N","","","","","","","","1","","98"
"2007103725","05","1","CINCINNATI","","CINCINNATI","OH","452410000","PTG LOGISTICS","9999999999","","","","","","N","","","","","000241243","N","","","","","","","","2","00611601","08"
"2007029492","","1","","","","","","UNKNOWN","","","","","","","","","","","","","","","","","","","","","1","","08"
"2007086335","02","8","2235 BEAVER AVENUE","","PITTSBURGH","PA","15233","PORT AUTHORITY OF ALLEGHENY CO","4122377000","999999","","","","","N","","","","","","N","","","","","","","","2","","11"
"2007035046","03","4","119 SOUTH","","BLAIRSVILLE","PA","15717","HMS TRUCKLINES INC","7242483474","073280","","","","","N","","","","","","N","","A-00110690","","","","","","2","","04"
"2007108563","05","4","168 FRANCIS MINE RD","","BURGETTSTOWN","PA","15021","AW MCNABB LLC","7243440664","080000","","","","","N","","","","","","N","","","","","","","","1","01604113","08"
"2007050384","99","4","PO BOX 67676","","HARRISBURG","PA","171067676","PA TURNPIKE COMMISSION","7179399551","038000","","","","","N","","","","","","N","","","","","","","","1","",""
"2007111983","03","0","1120 ROUTE 119 HWY N","","INDIANA","PA","15701","FALCON DRILLING CO","7243490888","","","","","","N","","","","","","N","","","","","","","","2","01045440","98"
"2007118798","05","1","1500 TRUMBULL RD","","GIRARD","OH","444203492","AIM LEASING CO","3307590438","800000","","","","","N","","","","","","N","","","","","","","","1","00877115","08"
"2007119163","02","99","1 JOHN STREET","","MCKEES ROCKS","PA","15136","DAYCO TRUCKING COMP. INC.","4126285100","000000","","","","","N","1","1","","","","N","","","","","","","","1","","08"
"2008006384","06","1","750 EAST 40TH ST","","HOLLAND","MI","49423","USF HOLLAND INC","8004566322","720000","","","","","N","","","","","","N","","A-00051180","","","","","","2","00075806","08"
"2007079114","02","1","141 BIGELOW ST","","PITTSBURGH","PA","15207","3 RIVERS TREE REMOVAL SERVICE","4124226201","026000","","","","","N","","","","","","N","","","","","","","","1","","03"
"2008001722","99","3","UNK","","UNK","","","UNK","","","","","","","","","","","","","N","","","","","","","","1","00000UNK","08"
"2008001722","05","1","115 DOWNIEVILLE RD","","MARS","PA","16046","JAMES AUSTIN CO","7246251535","080000","","","","","N","","","","","","N","","","","","","","","2","00000306","08"
"2007079610","99","99","11318 BANNISTER LN","","HOUSTON","TX","77076","ACE TRANSPORTATION","9999999999","999999","","","","","N","","","","","","N","","","","","","","","1","","98"
"2007123978","03","7","234 LANDFILL RD","","SCOTTDALE","PA","15683","GREENRIDGE WASTE SERVICES","8777889400","550000","","","","","N","","","","","","N","","","","","","","","2","00960505","04"
"2008012230","02","99","2101 HARDY PARKWAY ST","","GROVE CITY","OH","43123","PITT OHIO EXPRESS","8006697488","260010","","","","","N","","","","","","N","","A-00102471","","","","","","2","00190180","03"
"2007050218","02","8","2235 BEAVER AVE","","PITTSBURGH","PA","15235","PORT AUTHORITY OF ALLEGHENY COUN","4124422000","","","","","","N","","","","","","","","A-00976060","","","","","","1","00000000","11"
"2008002875","05","3","POBOX101192","","PITTSBURGH","PA","15237","STAGECOACH LOGISTICS","7247368240","080000","","","","","N","","","","","","N","","","","","","","","2","01104946","08"
"2007064852","05","2","PO BOX 7171","","GAINESVILLE","GA","30504","WERNER TRANSPORTATION SERVICES","6784500707","080000","","","","","N","","","","","","N","","","","","","","","1","01298692","08"
"2007055954","02","2","145 WILLOW MILL PARK RD","","MECHANICSBURG","PA","17050","INFRATECH INDUSTRIES","7175135209","025900","","","","","N","","","","","200930659","N","","","","","","","","1","01542573","04"
"2007106000","00","0","352 BALDWIN RD","","PITTSBURGH","PA","15207","PETER J CARUSO AND SONS INC","4124624500","011000","","","","","N","","","","","","N","","","","","","","","1","","06"
"2007111244","05","1","ONE DAILY WAY","","VERONA","PA","15147","DAILY'S JUICE","4128289020","080000","3","","","","Y","2","","","","000213559","N","","","","","","","","2","","08"
"2007038207","02","8","2235 BEAVER AVE","","PITTSBURGH","PA","15233","PORT AUTHORITY ALLEGHENY CO","4125665213","028000","","","","","N","","","","","","N","","A-00976060","","","","","","2","00000000","11"
"2007086111","03","2","2601 S INDIAN MERIDIAN","","PAULS VALLEY","OK","73075","WAL-MART TRANSPORTATION CO","0000000000","080000","","","","","N","","","","","","N","","A-99999999","","","","","","1","99999999","06"
"2007086111","02","1","RTE 10 GRN HLS BX 405","","READING","PA","19603","PENSKE TRUCK LEASING","4127219203","010000","","","","","N","","","","","","N","","","","","","","","2","00629483","02"
"2007201754","00","1","20TH STREET AND CENTER","","OTTAWA","IL","61350","SCHNEIDER NATIONAL LEASING INC","","080000","","","","","N","","","","","133655","U","","","","","","","","1","0264184","08"
"2008014183","02","8","200 HERSHEY DR","","MCKEESPORT","PA","15132","SIERRA CATHOLIC HIGH SCHOOL","9999999999","999999","","","","","N","","","","","","N","","","","","","","","2","","11"
"2007068943","03","1","58 PYLES LANE","","NEW CASTLE","DE","19720","SERVICE TRANSPORT GROUP INC","2157681992","080000","","","","","N","","","","","000353374","U","","","","","","","","1","00781586","04"
"2007111403","99","2","PO BOX 40083","","JACKSONVILLE","FL","322031550","TNT LOGISTICS NORTH AMERICA INC","7049281400","","3","","","","Y","1","","","","000152620","N","","","","","","","","1","00187774","08"
"2007065359","05","1","77 DANIEL AVENUE","","RUTHERFORD","NJ","07070","CAPOANO TRUCKING INC","999999999","080000","","","","","N","","","","","","N","","","","","","","","2","00864366","08"
"2007096134","05","1","10220 W RENO","","OKLAHOMA CITY","OK","73127","US EXPRESS LEASING","8002516291","080000","","","","","N","","","","","","N","","","","","","","","2","00303024","08"
"2008036978","03","1","1284 BRIDGESTONE PKWY","","LAVERNE","TN","37080","FEDEX NATIONAL LTL INC","3303228016","080000","","","","","N","","","","","","N","","","","","","","","2","00153527","08"
"2007092471","04","4","PO BOX 37","","RANDOLPH","NY","14772","EASTCOAST TRANSPORTATION","4122621298","732800","","","","","N","","","","","","N","","","","","","","","1","00797425","04"
"2007073638","02","8","345 6TH AVE.","","PITTSBURGH","PA","152222527","PORT AUTHORITY OF ALLEGHENY CO.","4124422000","039000","","","","","N","","","","","","N","","A-00976060","","","","","","1","","11"
"2007078036","02","99","828 3RD ST OAKMONT","","OAKMONT","PA","15139","PITTSBURGH BEST ICE CREAM","4128282842","179500","","","","","N","","","","","","N","","","","","","","","1","","03"
"2007085520","02","1","8010 CASTLETON RD","","INDIANAPOLIS","IN","46250","WHEATON VAN LINES INC","8009856070","033000","","","","","N","","","","","000087113","N","","","","","","","","2","00070719","03"
"2007100779","99","1","971 OLD HENDERSON RD","","COLUMBUS","OH","43220","NATIONAL HIGHWAY EQUIPMENT CO","8008375700","800000","","","","","N","","","","","","N","","","","","","","","1","00247594","06"
"2007098156","02","8","309 COLLINS DRIVE","","PITTSBURGH","PA","15235","PENN HILLS SCHOOL DISTRICT","4127938951","290000","","","","","N","","","","","","N","","","","","","","","1","","11"
"2007123538","02","1","15 INGRAM AVE","","PITTSBURGH","PA","15205","RYDER RENTAL TRUCK INC","0000000000","033000","","","","","N","","","","","","N","","","","","","","","1","00447479","03"
"2007011934","02","1","2601 W. LAKE MARY BLVD.","","LAKE MARY","FL","32746","AM. WATER SRVCS. UNDERGROUND INF","6145296440","025500","","","","","N","","","","","","N","","","","","","","","2","00628647","03"
"2007038531","03","7","4985 BAKERSTOWN-CULMERV","","TARENTUM","PA","15084","MORROW REFUSE INC","7242652491","056860","","","","","N","","","","","","N","","","","","","","","2","","04"
"2007101496","03","3","730 NOBLESTOWN ROAD","","CARNEGIE","PA","15106","ROOFING SUPPLY GROUP","8667003377","053220","","","","","N","","","","","","N","","","","","","","","2","01158410","04"
"2007027092","02","8","2924 JEFFERSON AVE","","WASHINGTON","PA","15301","GGC BUS CO RNC","7242222320","999999","","","","","N","","","","","","N","","A-00120400","","","","","","5","00242803","11"
"2007021645","02","1","1000 S MAIN ST","","GREENSBURG","PA","15601","SOUTH MAIN TRUCKING CO","7247520249","023000","","","","","N","","","","","003226390","N","","A-00114078","","","","","","1","00696383","03"
"2007089865","03","99","5331 MCNAULTY ROAD","P.O. BX 157","BETHEL PARK","PA","15102","MICHAEL BROS. HAULING INC.","4126530101","054000","","","","","N","","","","","","N","","","","","","","","2","01014261","04"
"2007127566","02","1","200 GREENTREE ROAD","","MUNHALL","PA","15120","MAJESTY CO., INC.","4124625029","000000","","","","","N","","","","","","N","","A-00115254","","","","","","2","","02"
"2007122543","05","1","1269 DEEPWOOD DR","","MACEDONIA","OH","440560000","DALJIT SINGH DBA FIVE RIVERS TKG","2162683005","080000","","","","","N","","","","","","N","","","","","","","","1","01598342","08"
"2007108331","02","8","345 6TH AVE","","PITTSBURGH","PA","15222","PORT AUTH OF ALLEG CO","4124422000","","","","","","N","","","","","","","","A-00976060","","","","","","1","","11"
"2007062456","02","1","3956 RIDGE RD","","ALLIQUIPPA","PA","15001","TINA WILSON","7243784815","025950","","","","","N","","","","","","N","","","","","","","","1","01334697","03"
"2007118966","01","8","4 RIVER RD","","MCKEES ROCKS","PA","15136","COMMUNITY TRANSPORT INC","4123310800","","","","","","N","","","","","","","","","","","","","","2","00000000","10"
"2007104746","02","1","PO BOX 170 ARCH ST","","CONNELLSVILLE","PA","15425","DON HAINES PRODUCE","7249843530","","","","","","N","","","","","","N","","","","","","","","1","","06"
"2008010984","05","1","9400 NW 10TH STREET","","OKLAHOMA CITY","OK","73127","SWIFT TRANSPORTATION","8005759487","964870","","","","","N","","","","","","U","","","","","","","","1","00054283","08"
"2007062025","05","99","ER 266 9070 17TH AND AR","","HARRISBURG","PA","99999","PENNDOT","9999999999","999999","","","","","N","","","","","","N","","","","","","","","2","","98"
"2007110226","03","3","5250 OLD MAUMEE RD","","FORT WAYNE","IN","46803","PENSKE TRUCK LEASING","8889965415","","","","","","N","","","","","","N","","","","","","","","2","00327574","08"
"2007063839","05","1","4401 W 62ND ST","","INDIANAPOLIS","IN","46268","DM BOWMAN INC","8003263274","080000","","","","","N","","","","","","N","","","","","","","","1","00135530","08"
"2007016518","02","1","3960 LOGISTICS WAY","","ANTIOGHT","IN","37013","FEDEX FREIGHT EAST INC","8004046297","054000","","","","","N","","","","","","N","","","","","","","","1","00239039","08"
"2007061294","02","1","900 MIDATLANTIC DR","","MT LAUREL","NJ","08054","ARI FLEET LT","7248433064","014000","","","","","N","","","","","","N","","A-00298424","","","","","","1","","02"
"2007030727","05","3","2746 SUN MINE RD","","TARENTUM","PA","15084","D&D AUTO SAVAGE","7242261227","040000","","","","","N","","","","","","N","","","","","","","","3","00570592","06"
"2007054619","02","8","415 REBECCA ST","PO BOX 3052","MCKEESPORT","PA","15134","PENNSYLVANIA COACH LINES INC","4126640911","","","","","","N","","","","","","","","","","","","","","2","","11"
"2007042967","03","4","614 BARTLEYVILLE ROAD","","BURGETTSTOWN","PA","15021","TOWARD TRUCKING","7249470792","073280","","","","","N","","","","","","N","","A-00118922","","","","","","2","00896620","04"
"2007034161","02","1","10125 WELLMAN ROAD","","STREETSBORO","OH","442411614","FORTEC MEDICAL INC","8009637101","008550","","","","","N","","","","","","N","","","","","","","","1","","02"
"2008007368","03","3","15 INGRAM AVE","","PITTSBURGH","PA","15205","RYDER TRUCK RENTALS","7242830816","080000","","","","","N","","","","","","N","","","","","","","","2","00000323","08"
"2007081233","05","6","1421 S DIBBLE ST.","1616 S. HANOVER","HASTINGS","MI","49058","LARRY BENNETT/ DBA FLT TRANSPORT","2699454300","048000","","","","","N","","","","","","N","","A-00546394","","","","","","1","01554898","08"
"2007081233","03","99","521 N.CENTRAL AVE.","3147 W169 ST HAMMOND IN","NEW STANTON","PA","15672","UNITED PARCEL SERVICES INC.","7249254863","072000","","","","","N","","","","","","N","","","","","","","","5","00024796","08"
"2007060959","02","99","2833 NEW BEAVER AVE","","PITTSBURGH","PA","15233","DUQUESNE LIGHT","4123937000","036200","","","","","N","","","","","","N","","","","","","","","1","","98"
"2007111926","03","4","897 PERRY HWY STE100","","UNKNOWN","PA","16037","BRANDT PAVING INC","8002571805","732800","","","","","N","","","","","","N","","","","","","","","3","00397889","04"
"2008000123","05","6","3910 TULIP TREE DRIVE","","PRINCETON","IN","47670","LEASEWAY MOTORCAR TRANSPORT","8006698005","080000","","","","","N","","","","","","N","","","","","","","","2","00451107","08"
"2007082566","05","3","3224 NAVARRE RD S W","","CANTON","OH","44706","W L LOGAN","3304781404","080000","","","","","N","","","","","","Y","","","","","","","","1","01581398","06"
"2007109093","99","3","","","","","","UNKNOWN","","","","","","","N","","","","","","N","","","","","","","","2","","99"
"2007085549","01","1","1102 SAMPSON STREET","","NEW CASTLE","PA","16101","HERCULES PAINTING COMPANY","7246549741","119780","","","","","N","","","","","","N","","","","","","","","1","","02"
"2007053802","04","99","9400 WEST FOSTER AVE.","#200","CHICAGO","IL","60656","PTH EXPRESS","7739922155","999999","","","","","N","","","","","000539202","N","","","","","","","","2","00539202","08"
"2007020789","05","1","11210 CROTON RD","","CROTON","OH","43013","HILLANDALE FARMS OF OHIO INC","7408932232","080000","","","","","N","","","","","","N","","","","","","","","1","00122519","08"
"2007082622","99","1","6674 BOYLESTON","","MEMPHIS","TN","38141","MORGAN TRANSPORTATION","9016793327","800000","","","","","N","","","","","","U","","","","","","","","1","00144872","06"
"2007112335","03","2","RD 3 BOX 968","PO BOX 80","SALTSBURG","PA","15681","JEFFERIES TRANSPORT CO","7245494670","008000","","","","","N","","","","","","","","","","","","","","2","00085150","08"
"2007023270","04","1","3068 WEST 106TH ST.","","CLEVELAND","OH","44111","OBERLIN FARMS DAIRY LLC","8009442301","999999","","","","","N","","","","","000099999","N","","","","","","","","2","00099999","08"
"2007050433","99","99","34 BLVD OF ALLIES","","PITTSBURGH","PA","15219","PITTSBURGH POST GAZETTE","9999999999","","","","","","N","","","","","","N","","","","","","","","3","","99"
"2007003768","02","8","345 6TH AVE","","PITTSBURGH","PA","15222","PORT AUTHORITY OF ALLEG. CO","4124422000","","","","","","N","","","","","","N","","A-00976060","","","","","","1","","11"
"2007079868","02","8","345 6TH AVENUE","","PITTSBURGH","PA","15222","PORT AUTHORITY OF ALLEGHENY CO.","4126655500","","","","","","","","","","","","","","A-00976060","","","","","","1","","11"
"2007042711","03","4","ARSENAL","","HARRISBURG","PA","17120","PENNDOT","4124294990","073280","","","","","N","","","","","","N","","","","","","","","2","","04"
"2007052177","02","8","345 SIXTH AVE","","PITTSBURGH","PA","15222","PORT AUTHORITY OF ALLEGHENY","4124422000","999999","","","","","N","","","","","","N","","A-00976060","","","","","","2","","11"
"2007100805","05","3","PO BOX 1188","","FARGO","ND","581071188","EW WYLIE CORPORATION","8004374138","080000","","","","","N","","","","","000149406","N","","","","","","","","2","00827622","08"
"2007056171","99","99","309 FOOTHILLS LANE","","MOUNT PLEASANT","PA","15666","ONE CALL RENTAL","9999999999","999999","","","","","N","","","","","","N","","","","","","","","3","","98"
"2007065934","02","8","345 6TH AVE","","PITTSBURGH","PA","152222527","PORT AUTH OF ALLEGHENY CO.","4124422000","","","","","","N","","","","","","N","","A-00976060","","","","","","1","","11"
"2007065934","02","8","345 6TH AVE","","PITTSBURGH","PA","152222527","PORT AUTHORITY OF ALLEGHENY CO","4124422000","","","","","","N","","","","","","N","","A-00976060","","","","","","2","","11"
"2007023863","99","99","2462 NEW ROAD","","AVON","NY","14481","SPECIALTY SEWAGE INC.","5853823111","999999","","","","","N","","","","","999999999","N","","A-00999999","","","","","","2","99999999","98"
"2007119012","03","1","3800 RODNEY PARHAM RD","SUITE 301","LITTLE ROCK","AR","72202","MAIL CONTRACTORS OF AMERICA","9999999999","099999","","","","","N","","","","","000999999","N","","","","","","","","2","00448797","06"
"2007204160","00","99","600 VISTA PARK DR","","PITTSBURGH","PA","15205","FEDERAL EXPRESS CORP","","999999","","","","","N","","","","","","U","","","","","","","","1","","99"
"2007088835","02","1","12265 W BARNARD AVE","","GREENFIELD","WI","53228","ALLIANCE EXPRESS","4144270942","026000","","","","","N","","","","","","N","","","","","","","","1","01141758","03"
"2007101844","03","8","345 6TH AVE 3RD FLOOR","","PITTSBURGH","PA","152222527","PORT AUTHORITY OF ALLEGHENY COUN","4125666000","","","","","","N","","","","","","N","","A-00976060","","","","","","1","00000000","11"
"2007022434","99","8","798 EKASTOWN RD","","SARVER","PA","16055","WL ROENIGK INC","4123313974","","","","","","N","","","","","","N","","","","","","","","1","","10"
"2007029338","02","1","801 S WEST ST STE 107","","OLNEY","IL","62450","SLM TRANSPORTATION INC","7166105010","068000","","","","","N","","","","","","N","","","","","","","","2","01098289","08"
"2007079902","03","8","2235 BEAVER AVENUE","","PITTSBURGH","PA","15233","PORT AUTHORITY OF ALLEGHENY COUN","4124422000","","","","","","N","","","","","","N","","A-00976060","","","","","","2","","11"
"2008012404","05","1","2520 EAST OUTER ROAD","","SCOTT CITY","MO","63780","DELTA EXPRESS","5733399798","080000","","","","","N","","","","","","N","","","","","","","","2","00402139","06"
"2007073515","02","8","345 SIXTH AVE","","PGH","PA","15222","PORT AUTHORITY OF ALLEGHENY CO","4122377000","","","","","","N","","","","","","N","","A-00976060","","","","","","1","","11"
"2007084735","02","1","345 SIXTH AVE","","PGH","PA","15222","PORT AUTHORITY","4122377000","","","","","","N","","","","","","N","","A-00976060","","","","","","1","","03"
"2007099984","02","1","8051 STEUBENVIL","","IMPERIAL","PA","15126","NAPPIES FOOD SERVICE","7246953500","032900","","","","","N","1","1","1","1","","N","","","","","","","","1","00984195","03"
"2007109802","99","1","3446 SW ARMELLINI AVE","","PALM CITY","FL","34990","ARMELLINI EXPRESSLINES INC","7722870575","080000","","","","","N","","","","","","U","","","","","","","","1","00105636","08"
"2007049788","02","8","415 REBECCA STREET","PO BOX 3052","MCKEESPORT","PA","15134","PA COACHLINES INC","4126640911","029800","","","","","N","","","","","","N","","","","","","","","2","","11"
"2007202523","00","8","798 EKASTOWN ROAD","","SARVER","PA","16055","ROENICK WL","","999999","","","","","N","","","","","","N","","","","","","","","2","","10"
"2007019131","02","8","2235 BEAVER AVE","","PITTSBURGH","PA","15233","PORT AUTHORITY OF ALLEGHENY COUN","4125665213","000000","","","","","N","","","","","","U","","","","","","","","1","00000000","11"
"2007062765","05","1","2200 SOUTH 75TH","","PHOENIX","AZ","85038","SWIFT TRANSPORTATION","6022699700","080000","","","","","N","","","","","000136818","N","","","","","","","","1","00054283","08"
"2007118720","02","3","3200 5TH AVE","","PITTSBURGH","PA","15213","JIM STUCKERT TOWING","9999999999","999999","","","","","N","","","","","","U","","","","","","","","2","09999999","03"
"2007091973","02","8","400 OAKBROOK DRIVE","","GREENSBURG","PA","15601","LAIDLAW TRANSIT","99999999","999999","","","","","N","","","","","","N","","","","","","","","2","","11"
"2007125803","03","3","4759 CAMPBELLS RUN ROAD","","PITTSBURGH","PA","15205","KNICKERBOCKER RUSSELL CO","4124949233","073280","","","","","N","","","","","","N","","","","","","","","2","00769592","04"
"2008011963","03","1","23599","","MATTAWAN","MI","49034","RALPH MOYLE INC","2696684531","800000","","","","","N","","","","","","N","","","","","","","","1","00115749","08"
"2007111987","05","1","PO BOX 149222","","CORAL GABLES","FL","14922","TRICONT TRUCKING","6145298913","800000","","","","","N","","","","","000118224","N","","","","","","","","1","00079452","06"
"2007111422","05","0","1500 TRUMBULL RD","","GIRARD","OH","44420","AIM LEASING CO 3 RIVER ICECREA","7244444614","800000","","","","","N","","","","","","N","","","","","","","","1","00335464","08"
"2007101665","02","8","345 SIXTH AVE.","","PITTSBURGH","PA","15222","PORT AUTHORITY","4122551385","","","","","","N","","","","","","","","A-00976060","","","","","","2","","11"
"2007077980","05","1","2150 ROSWELL DR","","PITTSBURGH","PA","15205","NOBLE DISTRIBUTION","4129222700","800000","","","","","","","","","","","N","","","","","","","","1","00646652","08"
"2007058925","04","7","ROWAN RD","","CRANBERRY TWP","PA","16066","MULTISERV","9999999999","073280","","","","","N","","","","","","N","","A-00112517","","","","","","2","00005793","04"
"2007050707","05","1","RD BOX 169E","","NEWPORT","PA","17074","PRIVATELY OWNED","7176451011","080000","","","","","N","","","","","","N","","","","","","","","1","00730842","04"
"2007114434","04","3","3370 ROSEDALE RD","","IRWIN","OH","43029","ATL INC","7408571308","080000","","","","","N","","","","","000484253","N","","A-00999999","","","","","","1","01258628","08"
"2007113534","05","3","7350 COAL HILL ROAD","","LUTHERSBURG","PA","15848","FIRST AMERICUS ENTERPRISES INC","8145835100","080000","","","","","N","","","","","","N","","","","","","","","1","00856479","08"
"2007113534","05","3","7350 COAL HILL ROAD","","LUTHERSBURG","PA","15848","FIRST AMERICUS ENTERPRISES INC","8145835100","080000","","","","","N","","","","","","N","","","","","","","","2","00856479","08"
"2007127330","05","3","1275 PENNSYLVANIA AVE","","E LIVERPOOL","OH","439200000","PGD IV LLC","8003771049","800000","","","","","N","","","","","","N","","","","","","","","2","00998722","08"
"2007092371","99","99","1460 GREENSBURG ROAD","","NEW KENSINGTON","PA","15068","ECM TRANSPORT LLC","9999999999","999999","","","","","N","","","","","","N","","","","","","","","1","","98"
"2007043125","99","99","200 SPEERS STREET","","BELLE VERNON","PA","15012","SOURCE ONE TRANS","9999999999","999999","","","","","N","","","","","","N","","","","","","","","1","","98"
"2007071529","03","0","5250 OLD MAUMEE ROAD","","FORT WAYNE","IN","46803","PENSKE TRUCK LEASING CO","9999999999","800000","","","","","N","","","","","","","","","","","","","","1","01325925","07"
"2007200347","00","99","2710 S MAIN ST","","HARRISONBURGH","VA","22801","NORTH AND SOUTH LINES INC.","","080000","","","","","N","","","","","","U","","","","","","","","2","","08"
"2007118455","02","8","345 SIXTH AVE","","PGH","PA","15222","PORT AUTHORITY","4125665500","","","","","","N","","","","","","N","","A-00976060","","","","","","1","","11"
"2007078509","99","99","1 MELE PLACE","","RANKIN","PA","15104","MELE MELE SONS","9999999999","999999","","","","","N","","","","","","N","","","","","","","","2","","98"
"2007044936","02","3","107 CEDARBROOK","","IMPERIAL","PA","15126","ROLAND TRUCKING CO","4128143806","","","","","","N","","","","","","N","","A-00111519","","","","","","1","00670458","03"
"2007044936","02","1","3180 URBAN CREST INDUST","","GROVE CITY","OH","43123","MCKESSION MEDICAL","4128556499","","","","","","","","","","","","","","","","","","","","2","00432389","03"
"2007044043","02","1","7464 W. MARKET","","MERCER","PA","16137","FLYNNS TIRE OF PENNSYLVANIA IN","7243463559","009600","","","","","N","1","","","","","N","","","","","","","","1","","03"
"2007114070","99","4","553 OLD FAYETTE TRL","","OAKDALE","PA","15071","RENNEKAMP TRUCKING INC","4124313843","999999","","","","","N","","","","","","N","","","","","","","","1","","05"
"2007051372","02","8","2235 BEAVER AVENUE","","PITTSBURGH","PA","15233","PORT AUTHORITY OF ALLEGHENY CO","4124422000","","","","","","N","","","","","","N","","A-00976060","","","","","","2","","11"
"2007082612","02","8","1061 MAIN ST","","NORTH HUNTINGDON","PA","15642","LAIDLAW TRANSIT INC","7248632262","260000","","","","","N","","","","","","N","","A-00108982","","","","","","2","00711716","11"
"2007073769","03","4","510 WARSAW STREET","","PITTSBURGH","PA","15221","DBA DIGGS TRUCKING","4126704309","073280","","","","","N","","","","","","N","","","","","","","","1","00919306","04"
"2007066604","05","99","1500 TRUMBALL AVE","LAKEWORTH","GIRARD","OH","99999","AIM LEASING","8002450698","080000","","","","","N","","","","","","N","","","","","","","","1","00390760","04"
"2007077862","99","3","1343 TRAILS END RD","","GREENVILLE","IL","62246","MERCER TRANSPORTATION CO INC","9046074672","800000","","","","","N","","","","","","N","","","","","","","","1","00154712","08"
"2007091743","02","8","154 SANDY CREEK RD","","VERONA","PA","15147","A-1 VAN SERVICE INC.","4127931853","","","","","","N","2","","","","","N","","","","","","","","1","00000000","10"
"2007050919","02","8","345 6TH AVE","","PITTSBURGH","PA","152222527","PORT AUTH OF ALLEG CO","4124422000","","","","","","N","","","","","","N","","A-00976060","","","","","","1","","11"
"2007108090","05","","9400 NW 10TH ST","","OKLAHOMA CITY","OK","73127","SWIFT TRANSPORTATION","8004672793","","","","","","","","","","","","N","","","","","","","","1","00054283",""
"2007007856","03","4","6534 ADMIRAL PEARY HWY","","LORETTO","PA","15940","HIGH COUNTRY MOTORS","8148869375","073280","","","","","N","","","","","","U","","A-00122036","","","","","","2","","04"
"2007123685","04","4","923 WEIMER LANE","","SALTSBURG","PA","15681","VISIONARY EQUIPMENT CORP.","7244599802","073280","","","","","N","","","","","","N","","","","","","","","1","00120871","04"
"2007050863","02","99","2612 W MORRIS ST","","INDIANAPOLIS","IN","46221","EH HAMILTON TRUCKING","8007812608","","","","","","N","","","","","000133836","N","","","","","","","","2","00012354","08"
"2007090539","99","1","1500 TRUMBULL RD","","GIRARD","OH","44420","AIM LEASING CO","8148971579","650000","","","","","N","","","","","","N","","","","","","","","2","00366024","08"
"2007100592","05","1","2200 S 75TH AVE","","PHOENIX","AZ","85038","SWIFT TRANSPORTATION COMPANY","8008007315","080000","","","","","N","","","","","","N","","","","","","","","2","00054283","08"
"2007111557","03","1","RTE 309 PO BOX88","","MCADOO","PA","18237","VAN HOEKELEN GREENHOUSES INC","5709292022","800000","","","","","N","","","","","000372438","N","","","","","","","","1","00381097","08"
"2008002943","02","3","286 HOOVER RD","","TEMPLETON","PA","16259","JACK ZUBIK EXCAVATION","7245451402","026000","","","","","N","","","","","","N","","","","","","","","1","","07"
"2007029301","05","4","124 SZAKOS LN","","GREENSBURG","PA","15601","ANDY SZAKOS GENERAL HAULING LLC","7245271935","080000","","","","","N","","","","","000266253","N","","","","","","","","2","00532899","08"
"2007104695","99","5","305 SHOREHAM DR","","ALLISON PARK","PA","15101","PITTSBURGHMOBILECONCRETEINC","4126135834","732800","","","","","","","","","","","N","","","","","","","","2","","99"
"2008054127","03","4","ARSENAL","032-2073","HARRISBURG","PA","17120","PENNDOT","4124294990","380000","","","","","N","","","","","","N","","","","","","","","1","","04"
"2008037328","05","1","14507 FRONTIER RD","","OMAHA","NE","68138","WERNER ENTERPRISE","8003310361","080000","","","","","N","","","","","","N","","A-00075751","","","","","","1","00053467","06"
"2007026766","03","1","2200 SOUTH 75TH AVENUE","","PHOENIX","AZ","85043","SWIFT TRANSPORTATION COMPANY INC","8008002200","080000","","","","","N","","","","","","N","","","","","","","","2","00054283","08"
"2007054039","05","3","81 CENTURY RD","","AMBRIDGE","PA","15003","METALS USA CO","7242666883","080000","","","","","N","","","","","","N","","","","","","","","1","00985166","04"
"2008005339","05","2","1876","W BRITTON RD","BURBANK","OH","44214","RON BURGE TRUCKING","3306248011","080000","","","","","N","","","","","","N","","","","","","","","2","00281747","08"
"2007078811","05","3","3066 SE 1 240","","OKLAHOMA CITY","OK","73135","UNIVERSAL AM CAN LTD","9999999999","800000","","","","","N","","","","","","Y","","","","","","","","1","00258277","08"
"2007078811","99","99","1220 MCKEE AVE","PO BOX 9385","PITTSBURGH","PA","15225","HOLDEN CORPORATION","8006423791","900000","","","","","N","","","","","","N","","","","","","","","2","00364088","02"
"2008014181","05","6","156 HUNTER HILL RD","","MT PLEASANT","PA","15666","BLAIR J KINNER","7244338550","549990","","","","","N","","","","","","N","","","","","","","","1","01033411","98"
"2008012425","05","1","5735 PITTSBURGH STREET","","PORT CLINTON","OH","43452","AWK TRANSPORT","4197972489","800000","","","","","N","","","","","000414141","N","","A-00144781","","","","","","2","00974044","08"
"2008008727","04","4","225 SANDY CREEK RD","","VERONA","PA","15147","PVO EXPRESS INC","8005454235","732800","","","","","N","","","","","003331560","N","","A-00114609","","","","","","2","00728469","04"
"2007079950","03","3","4242 LONAT DRIVE","","MAZARETH","PA","18064","FT SILFIES INC","8002222389","080000","","","","","N","","","","","000147258","N","","A-00099919","","","","","","1","00173850","08"
"2007081239","02","8","345 SIXTH AVE","","PGH","PA","15222","PORT AUTHORITY","4124222000","","","","","","N","","","","","","N","","A-00976060","","","","","","1","","11"
"2007056115","02","6","7625 NOBLESTOWN","","MCDONALD","PA","15057","GEORGE VOLVOSKIE","7249263634","019500","","","","","N","1","","","","","N","","","","","","","","2","01121631","03"
"2007087666","99","99","UNKNOWN","","UNKNOWN","","","UNKNOWN","9999999999","999999","","","","","N","","","","","","U","","","","","","","","1","0UNKNOWN","99"
"2007084857","05","1","P-314 COUNTY RD 12","","NAPOLEON","OH","43545","TONY MARKS EQUIPMENT INC.","8007480394","080000","","","","","N","","","","","","N","","","","","","","","2","00899499","06"
"2007104097","04","99","919 RAILROAD ST","","SPRINGDALE","PA","15144","COCO TRUCKING","7242746209","072380","","","","","N","","","","","","","","A-00100694","","","","","","2","","09"
"2007008936","99","0","5885 CROWN ROAD NW","","DOVER","OH","44622","BERNER TRUCKING","3303435812","099999","","","","","N","","","","","000179637","N","","A-00061807","","","","","","2","00268464","08"
"2007035784","05","1","ONE SODREL DR","","JEFFERSONVILLE","IN","47129","SODREL TRUCK LINES","8122827941","080000","","","","","N","","","","","000283584","N","","","","","","","","1","00052294","08"
"2007008838","05","1","951 PO BOX 70","","EMLENTON","PA","16373","H E SHOUP INC","9999999999","080000","","","","","N","","","","","000439504","N","","A-00107849","","","","","","2","00088249","06"
"2007018391","02","6","1925 LIVERPOOL STREET","","PITTSBURGH","PA","15233","DBA AIRLINES TRANSPORTATION","9999999999","","","","","","N","","","","","","N","","A-00108743","","","","","","1","00385606","11"
"2008013178","02","99","17TH AND ARSENAL","","HARRISBURG","PA","17120","PENNDOT","9999999999","099999","","","","","N","","","","","","N","","","","","","","","1","","98"
"2008000477","03","1","67 HOOVER AVE","","DUBOIS","PA","15801","PARIS CLEANERS INC","8143759700","259950","","","","","N","","","","","","","","","","","","","","2","00705995","04"
"2007076132","99","99","UNKNOWN","","UNKNOWN","ZZ","","UNKNOWN","9999999999","","","","","","N","","","","","00UNKNOWN","","","UNKNOWN","","","","","","1","0UNKNOWN","98"
"2007004114","02","1","125 E KENSINGER DRIVE","","CRANBERRY TWP","PA","16066","BEVERAGE MANAGEMENT INC","9999999999","033000","","","","","","","","","","","","","","","","","","","1","99999999","03"
"2007089518","02","3","2054 RIDGE ROAD","","JEANETTE","PA","15644","WALLACE TRUCKING INC","7248323530","080000","","","","","N","","","","","000176070","Y","","A-00174314","","","","","","1","00084890","03"
"2007070650","99","99","CURRIE ROAD","PO BOX 296","PORTERSVILLE","PA","16051","MCCLYMONDS SUPPLY TRANSIT CO INC","8809983750","","","","","","N","","","","","000182636","U","","A-00105846","","","","","","2","00269478","08"
"2007026914","99","8","2235 BEAVER AVE","","PITTSBURGH","PA","15233","PORT AUTHORITY ALLEGHENY COUNTY","4124422000","026000","","","","","N","","","","","","N","","","","","","","","2","","11"
"2007046502","02","8","345 SIXTH AVE 3RD FL","","PITTSBURGH","PA","152222527","PORT AUTHORITY OF ALLEGHENY CO","4125665500","","","","","","N","","","","","","N","","A-00976060","","","","","","1","","11"
"2007072121","99","4","510 WARSAW ST","","PITTSBURGH","PA","15221","DIGGS TRUCKING","4126704309","073280","","","","","N","","","","","","N","","","","","","","","1","","05"
"2007076442","99","7","526 GRANT STREET","","PITTSBURGH","PA","15219","CITY OF PGH EQUIP LEASING AUTH","4122552780","660000","","","","","N","","","","","","U","","","","","","","","1","","03"
"2007041049","99","1","2850 KRAMER DR.","","GIBSONIA","PA","15044","PJAX INC","8007922821","","","","","","N","","","","","","N","","","","","","","","3","00010703","06"
"2007092682","99","99","50 SCHILLING RD","","HUNT VALLEY","MD","21031","DUNBAR ARMORED INC","9999999999","999999","","","","","N","","","","","","N","","","","","","","","1","","98"
"2007034576","05","4","PO BOX 316","","SEWICKLEY","PA","15143","M SERVICE","7242667270","","","","","","N","","","","","","U","","A-00109771","","","","","","2","00809659","04"
"2007109581","02","8","4825 WM. FLYNN HWY.","","ALLISON PARK","PA","15101","CRITCHLOW ENT.","7244436230","","","","","","N","","","","","999999999","N","","","","","","","","1","09999999","11"
"2007061105","03","8","345 SIXTH AVE.","","PITTSBURGH","PA","15222","PORT AUTHORITY OF ALLEGHENY CO.","4122551120","","","","","","N","","","","","","N","","A-00976060","","","","","","1","","11"
"2007055034","04","1","9025 RIVER ROAD SUITE","","INIANAPOLIS","IN","46240","NEW BERN TRANSPORT CORP","8009823377","080000","","","","","N","","","","","","N","","","","","","","","1","00692947","08"
"2007070275","04","4","5131 N PIONEER RD","","GIBSONIA","PA","15044","HAMPTON SUPPLY YARD INC","7244430211","073280","","","","","N","","","","","","U","","","","","","","","1","","04"
"2007031922","05","1","5200 STICKNEY AVENUE","","TOLEDO","OH","43612","ECM TRANSPORT LLC","8005487379","080000","","","","","N","","","","","","N","","A-00109321","","","","","","2","00317494","08"
"2007053247","02","8","200 SCHOOL ROAD","","PITTSBURGH","PA","15239","PLUM BOROUGH SCHOOL DISTRICT","4127953600","","","","","","N","","","","","","N","","A-00999999","","","","","","3","","11"
"2007108746","05","1","30555 SOUTHFIELD/STE150","","SOUTHFIELD","MI","480767700","MYTECH MANAGEMENT LLC","2489965420","080000","","","","","N","","","","","","N","","","","","","","","1","01651918","08"
"2007030787","02","8","345 6TH AVE","","PITTSBURGH","PA","152222527","PORT AUTH OF ALLEG CO","4124422000","","","","","","N","","","","","","N","","A-00976060","","","","","","1","","11"
"2007087378","03","4","17TH ARSENAL BLVD","","HARRISBURG","PA","17120","PENN POT EQUIPMENT DIVISION","4129368076","800000","","","","","N","","","","","","N","","","","","","","","2","09368076","04"
"2008000863","03","1","130E WILGON BRIDGE RD","STE 150","WORTHINGTON","OH","43085","TRANSINTERNATIONAL SYSTEM INC","6145080500","800000","","","","","N","","","","","000146769","U","","A-00372871","","","","","","1","00176208","08"
"2007065028","02","2","MARGINAL RD","","NEW STANTON","PA","15672","SUPERIOR LAWN CARE","0000000000","033760","","","","","N","","","","","","","","A-00000000","","","","","","2","","05"
"2007052648","05","99","14507 FRONTIER ROAD","","OMAHA","NB","68138","WERNER ENTERPRISES","999999999","999999","","","","","N","","","","","000039746","N","","A-00757501","","","","","","1","00053467","06"
"2007105266","02","1","971 BRIARSDALE","","HARRISBURG","PA","17109","RYDER TRUCK RENTAL","4126787785","026000","","","","","N","","","","","","N","","","","","","","","2","00175882","03"
"2007083590","02","8","2235 BEAVER AVE","","PITTSBURGH","PA","15233","PORT AUTHORITY OF ALLEGHENY COUN","4124764010","999999","","","","","N","","","","","","N","","A-00097606","","","","","","3","","11"
"2007034648","02","8","1061 MAIN ST","","N HUNTINGDON","PA","15642","LAIDLAW TRANSIT","7248637799","","","","","","","","","","","","","","","","","","","","2","00000000","11"
"2007092681","04","3","PENNA AVENUE PO BOX 463","","SCOTTDALE","PA","15683","GREEN ACRES CONTRACTING","7248878096","033000","","","","","N","","","","","","U","","","","","","","","1","00157810","98"
"2007112942","05","6","25 SOUTHSIDE INDUSTRIAL","PKWY SE","ATLANTA","GA","30354","ALLIED SYSTEMS LTD","8105692677","800000","","","","","N","","","","","","N","","","","","","","","1","00438719","08"
"2007067914","99","3","17 FERRY STREET","","LEETSDALE","PA","15056","AUGUST TRANSPORT INC","9999999999","","","","","","N","","","","","","U","","A-00111974","","","","","","1","00569613","08"
"2007028076","03","8","345 6TH AVE","","PGH","PA","15222","PORT AUTHORITY","4122377000","","","","","","N","","","","","","","","A-00976060","","","","","","1","","11"
"2007043883","05","99","2747 LEGIONVILLE RD","","AMBRIDGE","PA","15003","BEEMAC TRUCKING","8002828781","080000","","","","","N","","","","","000365667","N","","A-00116640","","","","","","3","00388467","08"
"2007013962","02","8","635 6TH AVE","","PITTSBURGH","PA","15222","PORT AUTHORITY","4124222000","","","","","","N","","","","","","N","","A-00976060","","","","","","1","","11"
"2007069070","02","8","2235 BEAVER AVENUE","","PITTSBURGH","PA","15233","PORT AUTHORITY OF ALLEGHENY CO","4122377000","","","","","","N","","","","","","N","","","","","","","","1","00000000","11"
"2007109974","99","99","","","","","","UNKNOWN","","","","","","","N","","","","","","Y","","","","","","","","1","","99"
"2007016499","06","0","420 FIFTEITH STREET","","GRAND RAPIDS","MI","49501","GFS TRANSPORT, LLC","8009686525","","","","","","N","","","","","","N","","","","","","","","1","00175852","08"
"2007104533","06","1","UNKNOWN","","UNKNOWN","ZZ","99999","WALMART TRANSPORTATION","9999999999","999999","","","","","N","","","","","000311233","N","","A-00116491","","","","","","2","00063585","08"
"2008004757","99","3","UNKNOWN","UNKNOWN","UNK","ZZ","999999999","UNKNOWN","9999999999","","","","","","N","","","","","00UNKNOWN","","","UNKNOWN","","","","","","1","00000UNK","08"
"2007084883","02","8","2235 BEAVER AVE","","PITTSBURGH","PA","15233","PORT AUTHORITY","4125665500","","","","","","N","","","","","","N","","A-00976060","","","","","","1","","11"
"2007063421","04","7","2097 DUSS AVE","","AMBRIDGE","PA","15003","WASTE MANAGEMENT OF PA INC","7242662604","073280","","","","","N","","","","","","N","","","","","","","","2","00344050","04"
"2007107322","05","3","3360 EVERGREEN RD","","PITTSBURGH","PA","15237","DAROCO","4129317569","800000","","","","","N","","","","","","N","","","","","","","","1","01313632","08"
"2007016642","02","8","1110 SAW MILL RUN BLVD","","PITTSBURGH","PA","15226","FISHER COLLINS TRANSPORTATION","4124814713","","","","","","N","","","","","","N","","","","","","","","2","","11"
"2007118031","99","1","1015 BLACKSTONE ROAD","PO BOX 201","CONNELLSVILLE","PA","15425","CARRY ALL PRODUCTS","7248870966","080000","","","","","N","","","","","000188276","N","","A-00110490","","","","","","1","00442247","08"
"2007107685","02","8","345 6TH AVE","","WHITAKER","PA","15222","PORT AUTH OF ALLEG CO.","4124422000","","","","","","N","","","","","","","","A-00976060","","","","","","1","","11"
"2007089309","05","1","825 S BABCOCK STREET","","MELBOURNE","FL","32904","KAMP TRUCKING INC","3214032281","800000","","","","","N","","","","","","N","","","","","","","","1","00893765","08"
"2007095553","05","1","UNKNOWN","","UNKNOWN","","","UNKNOWN","","","","","","","N","","","","","","","","","","","","","","1","","08"
"2007204431","00","8","1061 MAIN ST","","NORTH HUNTINGDON","PA","15642","LAIDLAW TRANSIT INC","","999999","","","","","N","","","","","","N","","","","","","","","1","","10"
"2007037718","04","3","1500 TRUMBULL RD","","GIRARD","OH","44420","CAMALLOY INC","8002454940","073280","","","","","N","","","","","","N","","","","","","","","2","00084511","04"
"2007110350","05","3","3010 STATE HWY 19","","HUNTSVILLE","TX","77320","C DELIVERY","8665580740","080000","","","","","N","","","","","","N","","","","","","","","1","00842209","08"
"2008010897","03","7","RR1 LANDFILL RD","PO BOX 717","SCOTTDALE","PA","15683","GREENRIDGE WASTE SERVICES LLC","9999999999","732800","","","","","N","","","","","","N","","","","","","","","2","","04"
"2007041993","04","4","115 THIRD ST","","LEETSDALE","PA","15056","LATIMORE TRUCKING LLC","4128122349","073280","","","","","N","","","","","","N","","A-00111972","","","","","","1","00599090","04"
"2007079860","01","1","250 TECHNOLOGY DRIVE","","CANONSBURG","PA","15317","APRIA HEALTHCARE GROUP INC","4127496525","019500","","","","","N","","","","","","N","","","","","","","","1","0270617","98"
"2007108736","02","7","W. NOBLESTOWN ROAD","P O BOX 448","CARNEGIE","PA","15106","BFI WASTE SYSTEMS OF NORTH AMERI","4124292600","008600","","","","","N","","","","","","","","","","","","","","2","00962087","98"
"2007013806","05","2","151 AAGAPE RD","","HICKORY","PA","15340","ROSE TRANSPORTATION","7242582211","080000","","","","","N","","","","","","N","","","","","","","","3","00236446","08"
"2007096565","05","3","GOOSE HILL ROAD BOX 259","","JEFFERSON","ME","04348","DANIEL KARDOS","8005454235","350000","","","","","N","","","","","000016832","Y","","A-00104390","","","","","","1","72846918","06"
"2007126386","03","4","17TH ARSENAL BLVD","","HARRISBURGH","PA","17120","PENDOT","4127813260","800000","","","","","N","","","","","","N","","","","","","","","2","","04"
"2007037530","05","7","41738 ESTERLY DRIVE","","COLUMBIANA","OH","44408","DART TRUCKING COMPANY INC","8005418206","080000","","","","","N","","","","","","N","","","","","","","","1","00124009","08"
"2007063483","02","8","345 SIXTH AVE","","PGH","PA","15222","PORT AUTHORITY OF ALLEGHENY COUN","4122377000","","","","","","N","","","","","","","","A-00976060","","","","","","1","","11"
"2007073172","99","99","6223 MEADOW STREET","","PITTSBURGH","PA","15208","FIORE","9999999999","999999","","","","","N","","","","","","N","","","","","","","","2","","98"
"2007052649","03","99","1300 EAST POLAND AVE","","BESSEMER","PA","16112","MARTIN TRUCKING INC","7246677752","080000","","","","","N","","","","","000105886","U","","","","","","","","1","00088339","04"
"2007033990","02","8","1061 MAIN ST","","N HUNTINGDON","PA","15642","LAIDLAW TRANSIT INC","9999999999","999999","","","","","N","","","","","","N","","","","","","","","1","","10"
"2007027280","02","2","358 RIEMER RD","","SARVER","PA","16055","GLASSMERE FUEL SERVICE INC.","7242654646","058400","3","","","","Y","1","","","","","N","","A-00114860","","","","","","2","00276273","03"
"2007066004","02","8","2235 BEAVER AVENUE","","PITTSBURGH","PA","15233","PORT AUTHORITY OF ALLEGHENY CO","4122377000","999999","","","","","N","","","","","","N","","","","","","","","1","","11"
"2007044416","99","0","4035 HYLAND RD","","JEANETTE","PA","15644","PECORA TRUCKING INC","7247441830","","","","","","N","","","","","000482600","N","","A-00120619","","","","","","1","00849526","06"
"2007106065","03","1","129 BINGHAM RD","","TEMPLETON","PA","16259","JACK AMENT","9999999999","012000","","","","","N","","","","","","U","","","","","","","","1","","09"
"2007034577","02","8","3130 RTE 100","","MACUNGIE","PA","18062","LAIDLAW TRANSIT","9999999999","999999","","","","","N","","","","","","","","","","","","","","2","","11"
"2007093801","99","99","4500 PARKWAY RD","","BROOKFIELD","OH","44403","ALAN INC","9999999999","999999","","","","","N","","","","","","N","","","","","","","","3","","98"
"2007055427","02","8","5374 WILLIAM FLYNN HWY","","GIBSONIA","PA","15044","MONARK STUDENT TRANSPORTATION","7248983563","","","","","","","","","","","","N","","","","","","","","2","00856887","11"
"2007074482","02","99","760 RT422","","BUTLER","PA","16001","WIDENHOFFER GARAGE INC","7242831233","500000","","","","","N","","","","","","N","","","","","","","","1","00283413","03"
"2007084226","05","99","14507 FRONTIER ROAD","","OMAHA","NE","68145","WERNER ENTERPRISES","9999999999","999999","","","","","N","","","","","","N","","","","","","","","1","","98"
"2007035975","04","7","LANDFILL RD","RD 1 BOX 716","SCOTTDALE","PA","15683","GREENRIDGE WASTE SERVICES","8777889400","073280","","","","","N","","","","","","N","","","","","","","","2","00960505","04"
"2007111190","02","8","345 SIXTH AVENUE","3RD FLOOR","PITTSBURGH","PA","15222","PORT AUTHORITY","4125665500","","","","","","","","","","","","N","","A-00976060","","","","","","2","","11"
"2007082179","99","99","3495 SANGAMON AVE","","SPRINGFIELD","IL","62702","COCA COLA ENTERPRISES","9999999999","999999","","","","","N","","","","","","N","","","","","","","","2","","98"
"2008006082","05","99","381 DONNEVILLE RD","","NATRONA HTS","PA","15065","TODD T BACHMAN BACHMAN TRUCKING","7243531733","800000","","","","","N","","","","","000420362","N","","","","","","","","2","00901016","08"
"2007203949","00","99","1000 NORTH 14TH ST","","SAINT LOUIS","MO","63106","HOGAN MOTOR LEASING INC","","999999","","","","","N","","","","","","U","","","","","","","","1","","99"
"2007060015","02","8","345 SIXTH AVE","","PITTSBUGH","PA","15222","PORT AUTHORITY","4124422000","","","","","","","","","","","","N","","A-00976060","","","","","","1","","11"
"2007060015","02","8","345 SIXTH AVE.","","PITTSBUGH","PA","15222","PORT AUTHORITY","4124422000","","","","","","N","","","","","","N","","A-00976060","","","","","","3","","11"
"2007100139","05","3","600 ARCH ST PO BOX 187","","CRESSON","PA","16630","MARJENN TRUCKING COMPANY","8148864121","800000","","","","","N","","","","","","N","","","","","","","","2","","08"
"2007097648","03","3","1502 3RD AVE","","NEW KENSINGTON","PA","15068","LIBERTY ROOFING CENTER","7243374521","064000","","","","","N","","","","","000099999","N","","","","","","","","2","01594622","09"
"2007071069","02","1","438 MATCHETTE RD","","CLINTON","PA","15026","AIR GROUND XPRESS","7246951110","025995","","","","","N","","","","","000268342","N","","A-00104009","","","","","","2","00259447","03"
"2007105009","04","4","221 ALLEGHENY AVE","","OAKMONT","PA","15139","CARD TRANSPORT LLC","4128202800","","","","","","N","","","","","","N","","","","","","","","1","01377857","04"
"2007105794","02","8","200 HAHN RD.","","PGH","PA","15209","LAIDLAW TRANSIT INC.","4128215133","","","","","","N","","","","","","N","","","","","","","","1","00000000","11"
"2008006084","05","1","342 SCHUYLER AVE","","KEARNY","NJ","07032","LOUIS J TRUCKING COMPANY","7244561756","800000","","","","","N","","","","","","N","","A-00110164","","","","","","3","00024370","08"
"2007070717","99","2","333 SOUTH ANITA DR","","ORANGE","CA","92868","LOGISTICS EXPRESS INC OBALOGEX","4123514580","080000","1","9","7","7","Y","9","9","9","9","","N","","A-00108035","","","","","","2","00105214","98"
"2007108321","02","8","345 6TH AVE.- 3RD. FL.","","PITTSBURGH","PA","152222527","PORT AUTHORITY-ALLEGHENY CO.","4124422000","026000","","","","","N","","","","","","N","","A-00976060","","","","","","2","","11"
"2007110217","05","6","10701 MIDDLEBEIT RD","","ROMUIUS","MI","48174","UNITED ROAD SERVICES","3303070840","","","","","","N","","","","","","N","","","","","","","","1","","08"
"2007023271","02","8","2235 BEAVER AVE.","","PITTSBURGH","PA","15233","PORT AUTHORITY OF ALLEGHENY CO.","4124422000","000000","","","","","N","","","","","","N","","A-00976060","","","","","","1","","11"
"2007006411","02","1","221 MAIN ST","","OLIVER","PA","15472","JAMES MOLCHAN","7244395543","014000","","","","","N","","","","","","N","","","","","","","","2","00265752","03"
"2008004457","02","8","3130 ROUTE 100","","MACUNGIE","PA","18062","LAIDLAW TRANSIT INC","9999999999","999999","","","","","N","","","","","","N","","","","","","","","1","","11"
"2007102159","01","1","5200 STCKNEY AVENUE","","TOLEDO","OH","43612","ECO INDUSTRIES","8005487379","","","","","","N","","","","","000000000","","","A-00999999","","","","","","2","00000000","03"
"2007090302","02","3","BUILDING 1 AVE A PO","BOX 5","LEETSDALE","PA","15056","RUDD EQUIPMENT","7247411731","255000","","","","","N","","","","","","N","","","","","","","","1","00311904","03"
"2007016811","02","3","243 W 8TH AVE","","HOMESTEAD","PA","15120","PENN AUTOMOTIVE CO","4124611961","","","","","","N","","","","","","N","","","","","","","","1","","98"
"2007016811","02","8","2235 BEAVER AVE","","PITTSBURGH","PA","15233","PORT AUTHORITY OF ALLEGHENY CO","4122551385","","","","","","N","","","","","","N","","","","","","","","5","","11"
"2007087227","02","8","345 6TH AVE","","PITTS","PA","15222","PORT AUTH OF ALLEG CO","4124422000","","","","","","N","","","","","","N","","A-00976060","","","","","","2","","11"
"2007059154","02","8","4 SOUTH 8TH ST","","PITTSBURGH","PA","15203","FIRST STUDENT INC","4124813655","","","","","","N","","","","","","N","","","","","","","","2","","11"
"2007118366","02","8","345 6TH AVE.","","PITTSBURGH","PA","152222527","PORT AUTHORITY - ALLEGHENY CO.","4125665500","026000","","","","","N","","","","","","N","","A-00976060","","","","","","2","","11"
"2008016213","05","1","2200 S 75TH AVE","","PHOENIX","AZ","85043","SWIFT TRANSPORTATION","8008002200","800000","","","","","N","","","","","","N","","","","","","","","1","00054283","06"
"2007015823","02","8","345 SIXTH AVENUE","","PITTSBURGH","PA","152222527","PORT AUTHORITY ALLEGHENY COUNTY","4124422000","","","","","","N","","","","","","N","","A-00976060","","","","","","2","00000000","11"
"2007061019","02","0","8200 NOBLESTOWN RD","","MCDONALD","PA","15057","GREEN'S TAXI SERVICE","7249427313","000000","","","","","N","","","","","","","","A-00115729","","","","","","2","","02"
"2007082235","02","99","4601 HINCKLEY IND PARKW","","CLEVELAND","OH","44109","RMP","8002885713","026001","","","","","N","","","","","","N","","","","","","","","2","00341950","05"
"2007107600","02","1","5231 CR77","","MILLERSBURG","OH","446540000","TROVER CHEESE","7409450292","330000","","","","","N","","","","","","N","","","","","","","","2","00741204","03"
