"CRN","AXLE_CNT","CARGO_BD_TYPE","CARRIER_ADDR_1","CARRIER_ADDR_2","CARRIER_ADDR_CITY","CARRIER_ADDR_STATE","CARRIER_ADDR_ZIP","CARRIER_NM","CARRIER_TEL","GVWR","HAZMAT_CD1","HAZMAT_CD2","HAZMAT_CD3","HAZMAT_CD4","HAZMAT_IND","HAZMAT_REL_IND1","HAZMAT_REL_IND2","HAZMAT_REL_IND3","HAZMAT_REL_IND4","ICC_NUM","OSIZE_LOAD_IND","PERMITTED","PUC_NUM","SPECIAL_SIZING1","SPECIAL_SIZING2","SPECIAL_SIZING3","SPECIAL_SIZING4","TYPE_OF_CARRIER","UNIT_NUM","USDOT_NUM","VEH_CONFIG_CD"
"2006085554","02","6","1301","2ND FL","PITTSBURGH","PA","15233","THE YELLOW CAB CO OF PGH","4123218100","","","","","","N","","","","","","N","","A-00049926","","","","","","3","","00"
"2006119888","02","99","1391 DUNCAN AVENUE","","PITTSBURGH","PA","15237","PEEBLES VOLUNTEER FIRE COMPANY","4123642112","042980","","","","","N","","","","","","N","","","","","","","","1","","03"
"2006077287","05","1","1500 TRUMBALL RD","","GIRARD","OH","44420","AIM LEASING CO","8003219038","080000","","","","","N","","","","","","N","","A-00109844","","","","","","3","0877115","08"
"2006118838","04","3","997 VICTORY CHURCH RD","","FRANKLIN","PA","16323","HEPLER TRANSPORT INC","8144327234","999999","","","","","N","","","","","000323384","N","","A-00114015","","","","","","1","00692189","08"
"2006108218","05","1","101 S 5TH ST","","ST LOUISVILLE","KY","40202","NATIONAL CITY LEASING CORP","5025816424","080000","","","","","N","","","","","000297936","N","","","","","","","","2","00030237","08"
"2006058913","03","99","BOX 688","","INGOMAR","PA","15127","MCELROY PAING COMPANY","7249352080","","9","","","","Y","2","","","","","","","","","","","","","2","00000000","04"
"2006115541","02","8","70 CENTRAL AVE","","CINCINATTI","OH","47751","FIST STUDENT INC","9999999999","026001","","","","","N","","","","","","N","","A-00109523","","","","","","1","00354406","11"
"2006074345","99","1","3910 E HARRISON ST","","DECATUR","IL","62524","YELLOW TRANSPORTATION INC","3306591175","","","","","","N","","","","","","N","","","","","","","","1","","08"
"2006101605","03","3","17 CLINTON CT.","","PLAINSBORO","NJ","08536","KRV","6096101928","","","","","","N","","","","","","N","","","","","","","","2","00882508","04"
"2006114075","02","8","330 POPLAR STREET","","PITTSBURGH","PA","15223","ACTION TRANSIT ENTERPRISES INC","4123515800","029500","","","","","N","","","","","","N","","","","","","","","2","","11"
"2006097507","05","3","1299 LAVELLE DRIVE","","XENIA","OH","453857402","HOME RUN INC","8005439198","030000","","","","","N","","","","","","N","","","","","","","","2","00081391","08"
"2006088781","99","4","151 WEST FORTH AVE","PO BOX 89","TARENTUM","PA","15084","TESONE TRANSPORT","7242262202","073280","","","","","N","","","","","000247442","N","","A-00109950","","","","","","2","","04"
"2006068292","02","1","726 FRANK STREET","","PITTSBURG","PA","15227","SCHNEIDER S DAIRY","4128813525","","","","","","N","","","","","","N","","","","","","","","1","",""
"2006062966","04","1","3010 CRESENTVILLE RD.","","WEST CHESTER","OH","45069","JEVIC TRANSPORTATION","0000000000","080000","","","","","N","","","","","","N","","A-00011357","","","","","","1","00243018","08"
"2006062966","05","1","1486 HWY. 6NW","","OXFORD","IA","52322","DON HUMMER TRUCKING CORP","0000000000","080000","","","","","N","","","","","","N","","","","","","","","2","00307512","08"
"2006075617","05","1","3340 LIBERTY AVE","","PITTSBURGH","PA","15201","PITTSBURGH BREWING CO","4126921146","999999","","","","","N","","","","","","N","","","","","","","","2","00140867","08"
"2006019372","99","99","241 SAXONBURG BLVD","","SAXONBURG","PA","16056","DON MARTIN TRUCKING","7243521530","","","","","","N","","","","","000342004","N","","A-00115051","","","","","","3","00757900","08"
"2006202447","00","3","6600 BESSEMER AVE","","CLEVELAND","OH","44127","THE KAPLIN TRUCKING CO","","080000","","","","","N","","","","","","U","","PA-A02304","","","","","","2","0120670","08"
"2006125954","02","8","345 6TH AVE. -3RD FL.","","PGH.","PA","152222527","PORT AUTHORITY - ALLEGHENY CO.","4125665500","026000","","","","","N","","","","","","N","","A-00976060","","","","","","1","","11"
"2006200869","00","4","1411 SCHAUFFLER DRIVE","","HOMESTEAD","PA","15120","STEPHEN W HASAK","","000000","","","","","N","","","","","","U","","","","","","","","2","","04"
"2006096556","99","1","1500 TRUMBULL ROAD","","GIRARD","OH","44420","AIM LEASING COMPANY","4128715221","032900","","","","","N","","","","","346528857","N","","","","","","","","3","","05"
"2006068362","02","1","506 UNDERWOOD AVE.","","ELMIRA","NY","14905","OCONNER'S EXPRESS INC.","6077321441","035000","","","","","N","","","","","000143009","N","","","","","","","","1","00163497","03"
"2006090815","99","1","705 QUAIL RIDGE","","ALEDD","TX","76008","HT BAR INC","8006836319","","","","","","N","","","","","","N","","","","","","","","2","","06"
"2006093966","02","8","2235 BEAVER AVENUE","","PITTSBURGH","PA","15233","PORT AUTHORITY OF ALLEGHENY CO","4122377000","","","","","","N","","","","","","","","","","","","","","2","00000000","11"
"2006029587","05","3","3500 PARKWAY RD","","BROOKFIELD","OH","44403","STRIMBU INC","8003775534","073280","","","","","N","","","","","","N","","","","","","","","2","00054298","08"
"2006119085","03","7","3001 RAILROAD ST","","PITTSBURGH","PA","15201","CITY OF PITTSBURGH","4122552773","066000","","","","","N","","","","","","N","","","","","","","","1","","99"
"2006004632","02","8","345 SIXTH AVE.","","PITTSBURGH","PA","152222527","PORT AUTHORITY OF ALLEGHENY COUN","4122377000","","","","","","N","","","","","","N","","A-00976060","","","","","","1","","11"
"2007002563","03","3","1158 KING STREET","","KITCHENER","ON","N2G4G1","RIORDAN LEASING INC","9059811976","","","","","","N","","","","","","N","","","","","","","","2","","08"
"2006102935","04","4","1500 SPEED WAY AVE.","","FAIRMONT","WV","26556","BILL SNODDY TRANSPORTATION INC.","7244376495","068500","","","","","N","","","","","000259448","N","","A-00109698","","","","","","1","00375193","04"
"2006102261","02","99","9025 RIVER RD.SUITE300A","","INDIANAPOLIS","IN","46240","NEW BERN TRANSPORTATION","7249254678","057800","","","","","N","","","","","","N","","A-00114468","","","","","","1","00692947","04"
"2006072348","02","8","1820 MCLAUGHLIN RUN RD","","PITTSBURGH","PA","15241","UPPER ST CLAIR SCHOOL DISTRICT","4128331600","","","","","","N","","","","","","N","","","","","","","","2","","10"
"2006107160","02","8","8 RIVER ROAD","","MCKEES ROCKS","PA","15136","COMMUNITY TRANPOTATION","9999999999","999999","","","","","N","","","","","","N","","","","","","","","1","","11"
"2006121898","04","99","668 COTTAGE GROVE RD","","NEW CASTLE","PA","16105","E & L BENNETT TRUCKING","7249468549","073280","","","","","N","","","","","","N","","","","","","","","3","01234567","04"
"2006040508","99","4","CURRIE RD","PO BOX 296","PORTERSVILLE","PA","16051","MCCLYMONDS SUPPLY","7243688040","073280","","","","","N","","","","","000182636","N","","A-00105846","","","","","","2","00269478","04"
"2006088985","99","3","UNK","","","","","UNK","","","","","","","N","","","","","000000UNK","N","","UNK","","","","","","1","00000UNK","06"
"2006128049","02","8","345 SIXTH AVENUE","","PITTSBURGH","PA","15222","PORT AUTHORITY OF ALLEGHENY COUN","4125665214","","","","","","N","","","","","","N","","A-00976060","","","","","","2","","11"
"2006084185","99","1","20TH ST AND CENTER","","OTTAWA","IL","61350","SCHNEIDERNATIONALLEASINGINC","9999999999","","","","","","N","","","","","","N","","","","","","","","1","00264184","08"
"2006091036","99","5","1101 ROSEMAR ROAD","","PARKERSBURG","WV","26105","ARROW INDUSTRIES","4122711612","073280","","","","","N","","","","","","N","","","","","","","","2","00235505","04"
"2006072289","03","8","345 SIXTH AVE","","PITTSBURGH","PA","15222","PORT AUTHORITY OF ALLEGHENY COUN","4124422000","","","","","","N","","","","","","N","","A-00976060","","","","","","1","","11"
"2006003699","04","0","2238 INDEPENDANCE AVE","","NIAGARA FALLS","NY","14301","BLUE BIRD CARRIER","8009468784","","","","","","N","","","","","999999999","N","","A-00999999","","","","","","1","99999999","08"
"2006057450","02","8","1850 GILL HALL ROAD","","FENLYVILLE","PA","15332","MATTHEWS BUS COMPANY","9999999999","","","","","","N","","","","","","N","","A-00810012","","","","","","2","","11"
"2006033029","04","8","345 6TH AVENUE 3RD FL.","","PITTSBURGH","PA","152222527","PORT AUTHORITY OF ALLEGHENY CO","4125665500","000000","","","","","N","","","","","","N","","","","","","","","1","00000000","11"
"2006109329","02","8","2030 SWALLOW HILL RD","","PITTSBURGH","PA","152205220","CHARTIERS VALLEY SCHOOL DISTRICT","9999999999","999999","","","","","N","","","","","","N","","","","","","","","2","","11"
"2006007983","04","7","200 RANGOS LANE","","WASHINGTON","PA","15301","WASTE MANAGEMENT OF PA INC","7242284200","073280","","","","","N","","","","","","N","","","","","","","","1","00344050","04"
"2006007983","02","8","1820","","UPPER ST CLAIR","PA","15241","UPPER ST CLAIR SCHOOL DISTRICT","4128331600","000000","","","","","N","","","","","000999999","N","","A-00999999","","","","","","2","99999999","11"
"2006101328","02","8","345 6TH AVE","3RD FLR","PITTSBURGH","PA","152222527","PORT AUTHORITY OF ALLEGHENY CO","4125665500","099999","","","","","N","","","","","","N","","A-00976060","","","","","","1","","11"
"2006101328","02","8","250 WASHINGTON ST","","DRAVOSBURG","PA","15034","LAIDLAW TRANSIT","4124691063","099999","","","","","N","","","","","","N","","A-00108982","","","","","","2","","10"
"2006204554","00","4","937 CEMETARY ROAD","","BOYERS","PA","16020","R E MCKNIGHT AND SONS LLC","","031000","","","","","N","","","","","","U","","","","","","","","2","0979196","08"
"2006070549","04","4","10 MEADOW VIEW CT","","PITTSBURGH","PA","15239","J CONTRACTORS INC","7249970311","073280","","","","","N","","","","","","N","","A-00115868","","","","","","1","01226107","04"
"2006104605","02","8","345 SIXTH AVENUE","","PGH.","PA","15222","PORT AUTHORITY","4125665214","000000","","","","","N","","","","","","N","","A-00976060","","","","","","2","","11"
"2006121985","02","8","345 6TH AVE","","PITTSBURGH","PA","15222","PORT AUTHORITY","4125665500","","","","","","N","","","","","","","","A-00976060","","","","","","1","","11"
"2006111006","02","8","309 COLLINS DRIVE","","PITTSBURGH","PA","15235","PENN HILLS SCHOOL DISTRICT","4127930136","033000","","","","","N","","","","","","N","","","","","","","","2","","11"
"2006066560","05","99","4100 S COUNCIL","","OKLAHOMA CITY","OK","73179","JB HUNT TRANS INC","4798200000","080000","","","","","","","","","","","N","","","","","","","","1","00135796","08"
"2006123059","05","1","HC 82 BOX 64C","","OXFORD","AR","72565","4 G TRUCKING","8705787383","080000","","","","","N","","","","","","N","","","","","","","","1","01439016","08"
"2006084772","03","8","345 SIXTH AVE.","","PITTSBURGH","PA","152222527","PORT AUTHORITY","4125665500","039000","","","","","N","","","","","","","","A-00976060","","","","","","1","","11"
"2006087478","05","1","901 22ND ST","","ROCKFORD","IL","61108","SILVER ARROW INC","8003974892","080000","","","","","N","","","","","","N","","","","","","","","2","00326561","08"
"2006040221","02","7","W NOBLESTOWN RD","PO BOX 448","CARNEGIE","PA","15106","BFI WASTR SERVICES OF PA LIC","4124292600","058400","","","","","N","","","","","","N","","","","","","","","2","00962087","03"
"2006102971","02","1","100 MISSION RIDGE RD","","GOODLETTSVILLE","TN","37072","D.G. LOGISTICS","8006015500","","","","","","N","","","","","","N","","","","","","","","1","00303024","08"
"2006100885","02","8","7035 SALTSBURG ROAD","","PITTSBURGH","PA","15235","PENN HILLS SCHOOL DISTRICT","9999999999","999999","","","","","N","","","","","","N","","","","","","","","2","","11"
"2006105585","02","99","608 OHIO RIVER BLVD","","PITTSBURGH","PA","15202","KENYON ROOFING","4127615400","006600","","","","","N","","","","","999999999","N","","","","","","","","2","99999999","02"
"2006092932","02","3","13440 BEARD RD","","NEW SPRINGFILED","OH","444439746","THREE S EXPRESS(MICHAEL J BILAS","9999999999","999999","","","","","N","","","","","","N","","","","","","","","1","00449074","08"
"2006019493","05","1","518 BRADDOCK AVE","","TURTLE CREEK","PA","15145","CONSTRUCTION CO","4128291597","","","","","","N","","","","","000294651","N","","A-00112423","","","","","","2","00554245","06"
"2006075749","05","1","RT 10 GREEN HILLS","PO BOX 405","READING","PA","19603","PENSKE TRUCK LEASING","6107756300","080000","","","","","N","","","","","","N","","","","","","","","1","01223668","08"
"2006041636","02","8","345 6TH AVE","","PITTSBURGH","PA","15219","PORT AUTHORITY OF ALLEGHENY CO","4125665500","000000","","","","","N","","","","","","N","","A-00976060","","","","","","1","","11"
"2007008222","05","1","PO BOX 239","","ALIQUIPPA","PA","15001","KEVIN WHITAKER","7245135177","080000","","","","","N","","","","","","N","","","","","","","","1","00121989","08"
"2006061600","05","0","635 HWY. 42 #3840","","ARTHUR","WV","26847","GRANT COUNTY MULCH CO.","8007497451","","","","","","N","","","","","","U","","","","","","","","1","1025201","06"
"2006118543","05","","ONE PGT WAY","","MONACA","PA","15061","PGT TRUCKING","7249871762","080000","","","","","N","","","","","","N","","","","","","","","2","00192897","08"
"2006042088","99","8","555 MOREWOOD STREET","","PITTSBURGH","PA","15213","WINCHESTER THURSTON SCHOOL","9999999999","","","","","","N","","","","","","N","","","","","","","","3","99999999","10"
"2006117112","99","8","1720 W NORTH AVE","","PITTSBURGH","PA","15233","LAIDLAW TRANSIT INC","4123224449","","","","","","N","","","","","","N","","","","","","","","2","00913048","10"
"2006070494","04","99","BOX 8005","","WAUSAU","WI","54402","WH TRANSPORTATION","3174481591","","","","","","N","","","","","000023685","U","","","","","","","","1","00074454","08"
"2006061102","99","1","UNKNOWN","","","","","UNKNOWN","9999999999","","","","","","N","","","","","","U","","","","","","","","1","99999999","08"
"2007005507","99","7","310 LEGER ROAD","","NORTH HUNTINGDON","PA","15642","WASTE MANAGEMENT OF PA INC","7248645166","","","","","","N","","","","","","U","","","","","","","","2","","99"
"2006047836","02","8","345 SIXTH AVENUE","3RD FLOOR","PITTSBURGH","PA","15222","PORT AUTHORITY OF ALLEGHENY COUN","4124422000","","","","","","N","","","","","","","","A-00976060","","","","","","1","","11"
"2006107881","03","0","5429 FREDANNA ST","","PGH","PA","15207","DARE TRANSPORTATION CO","4128414454","","","","","","N","","","","","000153066","N","","A-00102305","","","","","","2","","07"
"2006118551","02","1","BLVD OF ALLIES","","PITTSBURGH","PA","15222","POST GAZGTTE","4122211955","014100","","","","","N","","","","","","N","","","","","","","","1","00358261","00"
"2006038087","99","8","400 EDEN PARK BW","","MCKEESPORT","PA","15132","S&S TRANSIT INCORPATION","9999999999","999999","","","","","N","","","","","","N","","","","","","","","1","99999999","11"
"2006022826","02","4","3624 BROWNSVILLE ROAD","","PITTSBURGH","PA","15227","BOROUGH OF BRENTWOOD","4128841500","017950","","","","","N","","","","","000000000","N","","","","","","","","1","00000000","03"
"2006016709","02","8","345 SIXTH AVENUE","","PITTSBURGH","PA","15222","PORT AUTHORITY OF ALLEHENY CO.","4122377000","","","","","","N","","","","","","","","A-00976060","","","","","","1","","11"
"2006016709","02","8","2030 SWALLOW HILL RD.","","PITTSBURGH","PA","15220","CHARTIERS VALLEY SCHOOL DIST.","4124297010","","","","","","N","","","","","","","","","","","","","","2","00000000","10"
"2006085093","05","1","138 MAIN ST","","FALLENTIMBER","PA","16639","LINDSEY TRUCKING","8146874220","","","","","","N","","","","","","N","","","","","","","","1","00978398","06"
"2006102290","05","1","ONE DAILY WAY","","VERONA","PA","15147","AMERICAN BEVERAGE CORP","4128289020","080000","","","","","N","","","","","","N","","","","","","","","2","00213559","08"
"2006013697","04","7","W NOBLESTOWN RD","","CARNEGIE","PA","15106","BFI WASTE SERVICES OF PA LLC","4124292600","067220","","","","","N","","","","","","N","","","","","","","","1","00962087","05"
"2006068171","04","1","8160 PACKARD DR.","","OTSEGO","MN","55330","JEWEL OF MINNESOTA","6122216318","","","","","","N","","","","","000535413","N","","","","","","","","2","01414333","06"
"2006042082","02","8","400 OVERBROOK DR","OAKBROOK COMMONS","GREENSBURG","PA","15601","LAINLAW TRANSIT CO","4122710300","009600","","","","","N","","","","","","N","","","","","","","","1","","10"
"2006127984","04","3","1270 E FLAGG RD","","N BLOOMFIELD","OH","44450","SELECT ENTERPRISE","4404790662","073280","","","","","N","","","","","","N","","","","","","","","1","00684171","04"
"2006085317","99","1","106 CARRIAGE HILL RD","GLENSHAW)","GLENSHAW","PA","15116","WM DALEY DBA MAD TRUCKING","4127788877","003300","","","","","N","","","","","","N","","","","","","","","2","00451975","99"
"2006002405","02","8","345 SIXTH AVE.","","PITTSBURGH","PA","15222","PORT AUTHORITY OF ALLEGHENY CO.","4122377000","","","","","","N","","","","","000000000","N","","A-00000999","","","","","","1","00000000","11"
"2007116866","03","1","I-71 NORTH AVE","","ELIZABETH","NJ","07201","NEW ENGLAND MOTOR FREIGHT","0000000000","022000","","","","","","","","","","","N","","","","","","","","2","99999999","04"
"2006128490","03","8","2235 BEAVER AVE","","PGH","PA","15233","PORT AUTHORITY OF ALLEGHENY CNTY","4122377000","","","","","","N","","","","","","N","","A-00976060","","","","","","1","","11"
"2006046761","03","1","773MEADVILLE PFKE","","FRANKLIN","PA","16323","KEVIN EUGENE GUTH","8144322843","080000","","","","","N","","","","","054544898","U","","A-00111866","","","","","","4","00236646","08"
"2006107385","99","99","BOX 688","","INGOMAR","PA","15127","MCELROY PAVING INC","9999999999","999999","","","","","N","","","","","","N","","","","","","","","2","","99"
"2006048428","05","1","3400 JACKSON PO BOX 877","","DUBUQUE","IA","52001","FLEXSTEEL INDUSTRIES INC","4782726911","054000","","","","","N","","","","","","N","","","","","","","","1","00045141","08"
"2006125168","05","1","6227 NEITHERHART RD","","MISSISSAUGA","ON","L5T1G5","MR TRANSPORTATION INC","6472848716","080000","","","","","N","","","","","","N","","","","","","","","1","08917112","08"
"2006018131","02","1","729 WEST CASTLE ST","ZELIENOPLE","ZELIENOPLE","PA","16037","NORTH AMERICAN","7244524700","000000","","","","","N","","","","","","Y","","A-00086452","","","","","","1","00070851","03"
"2006079378","99","8","229 13TH ST","","PITTSBURGH","PA","99999","NORTHERN SERVICE","9999999999","999999","","","","","N","","","","","","N","","","","","","","","2","99999999","11"
"2006115027","02","1","9890 121 ST STREET","","FISHER","IN","46038","WATER GROUP OF NORTH AMERICA","8004447873","058400","","","","","N","","","","","","N","","","","","","","","3","","03"
"2006120048","03","8","200 HAHN ROAD","","PITTSBURGH","PA","15209","LAIDLAW","4128210300","999999","","","","","N","","","","","","N","","","","","","","","2","00000000","11"
"2006131274","05","1","405 LAIRD ROAD","","GUELPH","ON","N1G4P7","MACKINNON TRANSPORT INC","8002650444","080000","","","","","N","","","","","","N","","","","","","","","1","00469269","08"
"2006057961","99","99","2111 PENN AVE","","PITTSBURGH","PA","15222","BOULEVARD GLASS AND METAL CO","9999999999","011400","","","","","N","","","","","","N","","","","","","","","2","99999999","02"
"2006108860","05","1","600 CREEK RD","PO BOX 5157","DELAMCO","NJ","08075","JEVIC TRANSPORTATION","8885384210","080000","","","","","N","","","","","","N","","A-00011357","","","","","","1","00243018","08"
"2006119426","02","8","415 REBECCA STREET","","MCKEESPORT","PA","15132","PENNSYLVANIA COACH LINES INC","4126754020","000000","","","","","N","","","","","","N","","","","","","","","2","00000000","11"
"2006066455","05","1","7358 S SUSQUEHANNA TRL","","PORT TREVORTON","PA","17864","ROBERTA WHITE","5703941974","068000","","","","","N","","","","","","N","","","","","","","","3","00854928","08"
"2006004358","03","4","3552 RT 66","","EXPORT","PA","15632","AD WEAVER SERIVCES INC.","7243253997","","","","","","N","","","","","000160097","U","","A-00105182","","","","","","1","00345017","08"
"2006108903","02","8","245 SIXTH AVE.","","PITTSBURGH","PA","15222","PORT AUTHORITY","4122551385","","","","","","N","","","","","","","","A-00976060","","","","","","3","","11"
"2006046272","05","1","444 DERSTINE RD","PO BOX 262","HATFIELD","PA","18944","JUST2COOL TRANSPORT LLC","2157214637","060000","","","","","N","","","","","004962150","N","","A-00121134","","","","","","2","01269902","08"
"2006095293","99","8","13413 STATE ROUTE 422","","KITTANNING","PA","16202","A J MYERS & SONS","9999999999","","","","","","","","","","","","","","","","","","","","2","99999999","11"
"2006204825","00","7","200 RANGOS LANE","","WASHINGTON","PA","15301","WASTE MANAGEMENT","","999999","","","","","N","","","","","","U","","","","","","","","1","","03"
"2006047446","02","8","345 6TH AVE 3RD FLOOR","","PITTSBURGH","PA","152222527","PORT AUTHORITY ALLEGHENY COUNT","4124422000","","","","","","N","","","","","","N","","","","","","","","1","00000000","11"
"2006074346","03","4","2555 GREENVILLE ROAD","","CORTLAND","OH","44410","ARROWHEAD TRANSPORT","3306382900","017500","","","","","N","","","","","","N","","A-00101381","","","","","","2","01240808","06"
"2006028470","02","8","798 EKASTOWN ROAD","","SARVER","PA","16055","W L ROENIGK INC.","7242751232","","","","","","N","","","","","","N","","","","","","","","1","00000000","11"
"2006049047","05","4","8063 SOUTHERN BLVD","","YOUNGSTOWN","OH","44512","R AND J TRUCKING","4409601508","080000","","","","","N","","","","","","N","","","","","","","","1","00255968","08"
"2006049047","05","1","PO BOX 339","","CLAREMONT","NC","28610","CATAWBA INC","8003330675","080000","","","","","N","","","","","","N","","","","","","","","2","00257768","08"
"2006049047","05","3","RD 1 BOX 25AA","","ACME","PA","15610","JOHN M STAS","7247874389","080000","","","","","N","","","","","","N","","","","","","","","3","01471503","08"
"2006030995","05","99","380 LOCUST STREET","","MCKEESPORT","PA","15132","HEALTHCARE WASTE SOLUTIONS","4126720400","","","","","","N","","","","","","","","","","","","","","1","00016130","04"
"2006070037","05","3","225 SANDY CREEK RD","","VERONA","PA","15147","PITTSBURGH VERONA OAKMONT EXPRES","4127937347","080000","","","","","N","","","","","000333156","N","","A-00114609","","","","","","1","00728469","06"
"2006123055","02","1","1600 MERWYN AVE","","CLEVELAND","OH","44113","STATE FISH CO","2166960080","025999","","","","","N","","","","","","N","","","","","","","","2","00028569","03"
"2006107387","05","1","1500 TRUMBULL ROAD","","GIRARD","OH","44420","AIM LEASING","4122611810","080000","","","","","N","","","","","","N","","","","","","","","1","00332295","08"
"2006106707","02","8","345 6TH AVE. 3RD FLOOR","","PITTSBURGH","PA","15222","PORT AUTHORITY ALLEGHENY COUNTY","4122377000","000000","","","","","N","","","","","","N","","A-00976060","","","","","","1","00000000","11"
"2006122500","02","8","345 SIXTH AVE","","PITTSBURGH","PA","152222527","PORT AUTHORITY","4124422000","039000","","","","","N","","","","","","N","","A-00976060","","","","","","1","","11"
"2006109380","02","8","345 6 TH AVENUE","","PITTSBURGH","PA","15222","PORT AUTHORITY OF ALLEGHENY CO","4125665500","","","","","","N","","","","","","","","A-00976060","","","","","","2","","11"
"2006051440","02","8","200 HAHN RD","","PITTSBURGH","PA","15209","LAIDLAW INTERNATIONAL FINANCE CO","4122710300","030800","","","","","N","","","","","","N","","","","","","","","2","","11"
"2006109352","05","4","322 SHANGRI-LA","","WELLSBURG","WV","26070","MCCONAUGHEY TRUCKING","3047371883","080000","","","","","N","","","","","","N","","","","","","","","3","00516415","06"
"2006092030","99","99","5250 OLD MAUMEE RD","","FORT WAYNE","IN","46803","PENSKE  TRUCK LEASING","9999999999","080000","","","","","N","","","","","","N","","","","","","","","2","","99"
"2006022666","99","99","1904 SYCAMORE ST","","GRANGER","IA","50109","BARR NUN TRANSPORTATION INC","8003692525","078000","","","","","N","","","","","","N","","A-00119399","","","","","","2","00261978","08"
"2006045736","05","99","46 6TH ST","","BRADDOCK","PA","15104","JOSH STEEL CO","4123513500","080000","","","","","N","","","","","","N","","","","","","","","5","00051735","08"
"2007003501","03","4","2149 PENN AVE","JEANETTE","JEANETTE","PA","15644","BERT ENTERPRISES","7247442930","","","","","","N","","","","","","N","","","","","","","","1","","04"
"2007003501","03","4","596 BACKBONE RD","","CLINTON","PA","15026","DAMON E ANKROM","4123026461","073280","","","","","N","","","","","","N","","","","","","","","3","","04"
"2006019391","02","8","2235 BEAVER AVE","","PITTSBURGH","PA","15233","PORT AUTHORITY","4124422000","","","","","","N","","","","","","N","","A-00976060","","","","","","1","","11"
"2006116327","99","8","345 6TH AVE 3RD FLOOR","","PITTSBURGH","PA","152222527","PORT AUTHORITY OF ALLEGHENY CO.","4124422000","","","","","","N","","","","","","N","","A-00976060","","","","","","1","","11"
"2006114286","02","6","4001 CLAIRTON RD","","WEST MIFFLIN","PA","15122","AIRPORT LIMOUSINE SERVICE INC","4124444444","","","","","","N","","","","","","N","","A-00112577","","","","","","1","","00"
"2006114286","02","1","299 GREEN VALLEY RD","","CLAYSVILLE","PA","15323","GREEN VALLEY PACKING CO","8005229970","032900","","","","","N","","","","","","N","","","","","","","","2","","03"
"2006017894","02","8","2235 BEAVER AVE.","","PITTSBURGH","PA","15233","PORT AUTHORITY","4124422000","","","","","","N","","","","","","","","A-00976060","","","","","","1","","11"
"2006108220","05","1","153 MACRIDGE AVE","","JOHNSTOWN","PA","15904","WC MCQUAIDE INC","8004561984","080000","","","","","N","","","","","","N","","A-00084290","","","","","","1","00120964","08"
"2006061406","02","8","200 HAHN RD","","PITTSBURGH","PA","15209","LAIDLAW TRANSIT","9999999999","999999","","","","","N","","","","","","N","","","","","","","","2","","11"
"2006018766","05","99","777 106 AV","","BELLEVUE","WA","980045001","UNKNOWN","3366682961","080000","","","","","N","","","","","000105092","N","","","","","","","","1","00335690","06"
"2006093035","05","1","2045 NORTH 11TH ST","","READING","PA","196123159","LEWTZ MILLING COMPANY","6109210666","080000","","","","","N","","","","","","N","","","","","","","","1","00005194","08"
"2006069994","","1","101 OLD FRANKSTOWN ROAD","","PITTSBURGH","PA","15235","LAIDLAW TRANSIT SERVICES","4127936200","","","","","","N","","","","","","N","","","","","","","","2","","02"
"2006000113","99","4","RD 2 BOX 213A","","PITTSBURGH","PA","16242","GEORGE TRUCKING","8142294948","","","","","","N","","","","","000955366","N","","A-00013200","","","","","","1","","04"
"2006120301","03","1","1306 MAIN ST","","CRESCENT","PA","15046","IRON CITY EXPRESS","7244572727","080000","","","","","N","","","","","","N","","","","","","","","1","00508426","08"
"2006118147","99","8","1720 WEST NORTH AVE","","PITTSBURGH","PA","15233","LAIDLAW THREE RIVERS","4123224449","000000","","","","","N","","","","","000904857","N","","A-00108982","","","","","","1","00711716","11"
"2006104636","04","99","1967 SAXON BLVD.","","TARENTUM","PA","16055","GLASSMERE FUEL","7242243835","080000","0","","","","Y","1","","","","","U","","","","","","","","2","99999999","08"
"2006089856","04","4","3004 BABCOCK BLVD","","PITTSBURGH","PA","15237","DAROCO INC","4129317569","073280","","","","","N","","","","","","N","","","","","","","","2","00418111","04"
"2006042717","04","7","8050 ROWAN RD. STE.600","","CRANBERRY TWP.","PA","16066","HARSCO CORP DBA HECKETT MULTISER","4122333069","073280","","","","","N","","","","","","N","","A-00112517","","","","","","1","00005793","04"
"2006061088","05","1","4100 SOUTH COUNCIL","","OKLAHOMA CITY","OK","73179","JB HUNT TRANSPORT INC","8007233133","080000","","","","","N","","","","","","N","","","","","","","","3","00080806","08"
"2006097686","04","7","POBOX 296 CURRIE RD","","PORTERSVILLE","PA","16051","TRANSIT CO","7243213104","073280","","","","","N","","","","","","N","","A-00105846","","","","","","2","00269478","04"
"2006100956","05","1","5970 PAULPAYNE STORE RD","","TAYLORSVILLE","NC","28681","CARRIGAN AND SONS TRUCKING INC","8286327820","080000","","","","","N","","","","","000356281","N","","","","","","","","1","00800315","08"
"2006003427","02","1","1821 BEAVER AVE","","PITTSBURGH","PA","15233","UNITED PARCEL SERVICE","8007425877","021000","","","","","N","","","","","","U","","","","","","","","2","00024796","03"
"2006088170","04","1","PO BOX 632","","ALTOONA","PA","16603","US FOOD SERVICE","9999999999","073280","","","","","N","","","","","000099999","N","","","","","","","","2","00099999","08"
"2006004613","03","1","1136 WESTERN AVE","","PITTSBURGH","PA","152339721","US POSTAL SERVICE","4123597993","041000","","","","","N","","","","","","N","","","","","","","","2","","03"
"2006085330","03","3","109 DARK HOLLOW RD","","OAKMONT","PA","15139","TDF SERVICES INC","4128202800","024650","","","","","N","","","","","","N","","A-00114665","","","","","","2","00945123","04"
"2006026882","02","8","345 6TH AVE","","PITTSBURGH","PA","152222527","PORT AUTH OF ALLEGHENY CO","4124422000","","","","","","N","","","","","","N","","A-00976060","","","","","","2","","11"
"2006205931","00","1","45100 HARRISVILLE RD","","CADIZ","OH","43907","RED HILL DISTRIBUTION INC","","999999","","","","","N","","","","","","U","","","","","","","","2","","03"
"2006063713","05","4","9 CAMBRIA POINT ST","","PGH","PA","15209","FRANK RICCI INC","4128499179","080000","","","","","N","","","","","000362075","N","","A-00116004","","","","","","2","00815528","08"
"2006105503","03","4","POBOX522","","LAWRENCE","PA","15055","EDWARDFEDEROUCH","7242492418","073280","","","","","N","","","","","","N","","","","","","","","1","00901454","04"
"2006087379","05","3","2713 DILL DR","","BOISE","ID","83705","CRUISER TRUCK LLC","2088303084","","","","","","N","","","","","","N","","","","","","","","1","01481907","08"
"2006207357","00","99","850 N GALLATIN AVE EXT","","UNIONTOWN","PA","15401","BILL SNOODY CONSTRUCTION","","080320","","","","","N","","","","","","U","","PA-A109698","","","","","","2","0375193","03"
"2006032317","03","2","310 WARD RD","","MIDLOTHIAN","TX","76065","AIR PRODUCTS AND CHEMICALS","7242264439","068000","1","0","7","3","Y","1","1","1","1","","N","","","","","","","","2","00101263","08"
"2006119302","05","3","1003 AIRBRAKE AVE","","WILMERDING","PA","15148","THOMAS RIGGING CONSTRUCTION","8008581116","080000","","","","","N","","","","","000294651","N","","A-00112423","","","","","","1","00554245","08"
"2006018003","02","8","345 6TH AVE","","PGH","PA","15222","PORT AUTHORITY","4122377000","999999","","","","","N","","","","","","","","A-00976060","","","","","","1","","11"
"2006007191","02","8","345 6TH AVE","","PITTSBURGH","PA","152222527","PORT AUTH OF ALLEG. CO.","4124422000","","","","","","N","","","","","","N","","A-00976060","","","","","","1","","11"
"2006112068","05","6","35005 MICHIGAN AVE","","WAYNE","MI","48184","FLORIDA LEASCO COMPANY LLC","8003212504","080000","","","","","N","","","","","","N","","","","","","","","2","00027658","08"
"2007005158","05","1","300 W PERKINS AVE","","SANDUSKY","OH","448700000","OHIO EASTERN EXPRESS INC","8005376136","880000","","","","","N","","","","","","N","","","","","","","","1","00071644","08"
"2006207916","00","4","812 HALKETT STREET","","BRADDOCK","PA","15104","SCARLETTI ASPHALT","","999999","","","","","N","","","","","","U","","","","","","","","1","","06"
"2006089343","99","1","PO BOX 188","","MONACA","PA","15061","SOUTHERN PINES TRUCKING INC","8008377502","","","","","","N","","","","","000131185","U","","","","","","","","2","00998722","06"
"2006092644","03","99","225 SANDYCREEK RD","","VERONA","PA","15147","PITTSBURGH-VERONA-OAKMONT EXP","4127937347","080000","","","","","N","","","","","","U","","A-00114609","","","","","","1","00728469","08"
"2006085042","04","7","310 LEGER ROAD","","NORTH HUNTINGTON","PA","15642","WASTE MANAGEMENT","7248646476","058400","","","","","N","","","","","","Y","","","","","","","","1","00344050","04"
"2006018989","02","1","1139 PORTSMOUTH DR","","MCKEESPORT","PA","15133","ROTOROOTER","8004387686","","","","","","N","","","","","000000000","N","","","","","","","","1","00000000","02"
"2006051220","05","1","7101 WEST 17TH AVE","","GARY","IN","46406","SCHNEIDER NATIONAL","8888546643","036000","","","","","N","","","","","","N","","A-00108481","","","","","","1","00264184","06"
"2006018165","02","8","4900 CURRY RD","","PITTSBURGH","PA","15227","BALDWIN WHITEHALL SCHOOL DISTRIC","4128857595","","","","","","N","","","","","","N","","","","","","","","1","","11"
"2006014177","02","8","345 6TH AVE","","PITTSBURGH","PA","15222","PORT AUTH. OF ALLEG CO","4124422000","","","","","","N","","","","","","","","A-00976060","","","","","","2","","11"
"2006019366","05","3","604 ZEIGLER RD","PO BOX 526","ROCHESTER","PA","15074","ACTION TRANSPORT","7243162274","","","","","","N","","","","","000474944","U","","A-00120460","","","","","","1","01182275","08"
"2006119060","02","8","1061 MAIN STREET","","N HUNTINGDON","PA","15642","LAIDLAW TRANSIT","9999999999","999999","","","","","N","","","","","","N","","","","","","","","2","","11"
"2006078914","05","1","1015 VISCO DRIVE","","NASHVILLE","TN","37210","W TRANSPORTATION","6152565755","002005","","","","","N","","","","","","N","","","","","","","","2","00263403","08"
"2006079798","06","0","RD 2 BOX 2028","","WAMPOM","PA","16157","HARDY TRUCKING","7243333420","","","","","","N","","","","","002899800","N","","A-00112070","","","","","","2","00132340","04"
"2006100303","99","1","UNKNOWN","UNKNOWN","UNKNOWN","ZZ","99999","UNKNOWN","9999999999","999999","","","","","N","","","","","","U","","","","","","","","1","","08"
"2006130088","02","8","5374 WILLIAM FLYNN","","GIBSONIA","PA","15044","MONARK STUDENT TRANSPORTATION","4127812424","","","","","","N","","","","","","N","","","","","","","","1","","11"
"2006122254","99","8","247 SCHENLEY MANOR DR","","UNKNOWN","ZZ","99999","HOWARD RICKETTS","9999999999","999999","","","","","N","","","","","","N","","","","","","","","1","","11"
"2006067734","04","4","115 3RD ST","","LEETSDALE","PA","15056","SUPPLY CO","4128122349","060000","","","","","N","","","","","000288987","N","","A-00111972","","","","","","2","00599090","04"
"2006070121","05","1","12698 NINTH LINE RR5","","GEORGETOWN","ON","276458","TROPICAL SELECTIONS","9058731670","080000","","","","","N","","","","","000303428","N","","","","","","","","1","00659447","08"
"2006118732","02","3","14 FAIR ST","","WEST MIDDLESEX","PA","16159","MCCRUDDEN HEATING SUPPLY INC","7245280169","014500","","","","","N","","","","","","N","","","","","","","","1","","03"
"2006206674","00","4","1001 SPRINGHILL RD","","NATRONA HEIGHTS","PA","15065","ALLEGHENY AGGREGATE","","999999","","","","","N","","","","","","U","","","","","","","","1","","04"
"2006205027","00","99","601 MARCO RD","","APOLLO","PA","15613","PAUL RIGGLE & SON LEASING II,INC","","999999","","","","","N","","","","","","U","","","","","","","","1","","06"
"2006017141","02","8","5374 WILLIAM FLYNN HW","","GIBSONIA","PA","15044","MONARK STUDENT TRANSPORT","9999999999","999999","","","","","N","","","","","","N","","","","","","","","2","","11"
"2006038491","02","4","1466 EAST CRUIKSHANK RD","","VALENCIA","PA","16059","OCONNOR ENTERPRISES LLC","7244446499","026000","","","","","N","","","","","","N","","","","","","","","1","00009999","03"
"2006090448","99","8","100 EDGEWOOD DRIVE","","TURTLE CREEK","PA","15145","T C UNLIMITED","9999999999","","","","","","","","","","","","","","","","","","","","3","99999999","11"
"2006129059","99","99","772 DARLINGTON STREET","","CARNEGIE","PA","15106","JD LANDSCAPING INC","999999999","999999","","","","","N","","","","","","N","","","","","","","","1","","98"
"2006129315","04","3","212 MANSION ST","","PITTSBURGH","PA","15207","JADELL MINNIFIELD CONSTRUCTION","4124212185","073280","","","","","N","","","","","","N","","A-00103499","","","","","","1","","04"
"2006074464","02","8","345 6TH AVE.","","PITTS","PA","15222","PORT AUTH OF ALLEG CO.","4124422000","","","","","","N","","","","","","N","","A-00976060","","","","","","2","","11"
"2006111970","02","1","4920  BUTTERMILK  HOLLO","RD","WEST MIFFLIN","PA","15122","STORAGE","4128813408","011000","","","","","N","","","","","","N","","A-00107168","","","","","","1","00345157","03"
"2007021222","02","8","100 EDGEWOOD DR","","TURTLE CREEK","PA","15145","TRANSPORTATION INC","9999999999","999999","","","","","N","","","","","","N","","","","","","","","2","","11"
"2006045000","99","8","5374 WM FLYNN HIGHWAY","","GIBSONIA","PA","15044","MONARKSTUDENTTRANSPORTATIONCORP","4127812424","030000","","","","","N","","","","","","N","","","","","","","","3","","11"
"2006077428","03","1","PO BOX 2547","4701 E 32ND ST","JOPLIN","MO","64803","CONTRACT FREIGHTERS","3362256433","080000","","","","","N","","","","","","N","","","","","","","","1","00010289","08"
"2006093688","02","8","5374 WILLIAM FLYNN HWY","","GIBSONIA","PA","15044","MONARCH STUDENT TRANS CORP","9999999999","999999","","","","","N","","","","","","N","","","","","","","","3","","11"
"2006018129","02","8","110 LENZNER COURT","","SEWICKLEY","PA","15143","LENZNER COACH USA","9999999999","999999","","","","","N","","","","","","N","","","","","","","","2","99999999","11"
"2006089702","05","1","11707 21ST AVE S","","TACOMA","WA","98444","INTERSTATE DISTRIBUTOR CO.","2535379455","026001","","","","","N","","","","","","N","","","","","","","","1","00008273","08"
"2006021909","02","8","200 HILLVUE ROAD","","PITTSBURGH","PA","15237","NORTH ALLEGHENY","9999999999","999999","","","","","N","","","","","","N","","","","","","","","1","","11"
"2006070365","03","0","53 FARRELL ST","","ROUNDUP","MT","59072","BRUCE WAYNE CARNLINE","6128897526","080000","","","","","N","","","","","000223093","N","","","","","","","","2","00386122","06"
"2006036356","02","8","345 SIXTH AVE","","PGH","PA","15222","PORT AUTHORITY","9999999999","","","","","","N","","","","","","","","A-00976060","","","","","","1","","11"
"2006120823","99","99","UNKNOWN","","UNKNOWN","ZZ","99999","UNKNOWN","9999999999","999999","","","","","N","","","","","","N","","","","","","","","1","","98"
"2006008111","02","8","345 SIXTH AVE","","PITSBURGH","PA","152222527","PORT AUTHORITY OF ALLEGHENY CO","4125665500","","","","","","N","","","","","","N","","","","","","","","2","00000000","11"
"2006130871","05","3","304 MULDEE ST","","DURHAM","NC","277040070","HARLAN LAWS CORPORATION","9195962124","060000","","","","","N","","","","","","N","","","","","","","","1","00395160","06"
"2006084799","02","3","563 EPSILON DRIVE","","PITTSBURGH","PA","15238","ZAVALA INC","4129685470","000000","","","","","N","","","","","000000000","N","","","","","","","","1","00000000","99"
"2006018191","03","1","PO BOX 2306","","PLATTA CITY","MO","64079","KP TRUCKING","8005305493","080000","","","","","N","","","","","000109824","N","","A-00108465","","","","","","2","00949797","08"
"2006121624","02","99","2833 NEW BEAVER AVE","BLDG 5","PITTSBURGH","PA","15233","DUQUESNE LIGHT CO","4123938175","036200","","","","","N","","","","","","N","","","","","","","","4","",""
"2006109581","99","3","1214-FREEDOM-RD","","CRANBERRY-TWP","PA","16061","FERGUSON-ENTERPRISES-INC","9999999999","","","","","","N","","","","","","N","","","","","","","","1","","98"
"2006076823","05","1","5812 HOLLY RD NE","","KALKADKA","MI","49646","JOSEPH JAY RIBBLE","2312580336","080000","","","","","N","","","","","999999999","N","","","","","","","","1","00778837","08"
"2006049843","99","99","4839 CAMPBELLS RUN RD","","PITTSBURGH","PA","15205","MOSITES CONSTRUCTION CO","9999999999","011000","","","","","N","","","","","","N","","","","","","","","2","99999999","99"
"2006018136","99","8","400 OAKBROOK DR SUITE 2","","GREENSBURG","PA","15601","LAIDLAWTRANSITINC","4122710300","","","","","","N","","","","","","N","","","","","","","","1","","11"
"2006119887","99","99","5978 SOUTH VALLEY PIKE","","HARRISONBURG","VA","22801","ROCKINGHAM TRANS","9999999999","999999","","","","","N","","","","","","N","","","","","","","","1","","98"
"2007034460","02","8","7623 MIFORD ST","","PITTSBUGH","PA","15208","LAIDLAW INTERNATION","9999999999","099999","","","","","N","","","","","","N","","","","","","","","2","00000000","11"
"2006061952","02","8","345 6TH AVE","3RD FLR","PITTSBURGH","PA","152222527","PORT AUTHORITY OF ALLEGHENY CO","4125665500","","","","","","N","","","","","","","","A-00976060","","","","","","1","","11"
"2006109751","02","8","345 6TH AVE","","PITTSBURGH","PA","15222","PORT AUTH OF ALLEG. CO","4124422000","","","","","","N","","","","","","N","","A-00976060","","","","","","2","","11"
"2006074741","99","1","UNKNONW","","UNKNOWN","ZZ","99999","UNKNOWN","9999999999","999999","","","","","N","","","","","","U","","","","","","","","1","99999999","08"
"2006044039","05","2","661 ANDERSON DRIVE","","PITTSBURGH","PA","15220","AMEX TRANSPORT INC","8778643131","068000","8","","","","Y","1","","","","","","","","","","","","","3","01289839","06"
"2006018537","05","1","PO BOX 56","12 GOTWALS LN","OLEI","PA","19547","BROOK LEDGE INC","8005238143","080000","","","","","N","","","","","000096448","N","","A-00105808","","","","","","2","00085484","08"
"2006084632","99","8","BEAVER & ISLAND AVE","","PITTSBURGH","PA","15233","PORT AUTHORITY OF ALLEGHENY CO","4122377000","","","","","","N","","","","","","N","","A-00976060","","","","","","2","","11"
"2006032103","02","3","239 8TH. STREET","","PITTSBURGH","PA","15238","RISING SON REPAIR","4127600185","026000","","","","","N","","","","","","N","","","","","","","","1","01270999","03"
"2006129307","","99","","","","","","","","","","","","","N","","","","","","","","","","","","","","1","","08"
"2006108221","05","1","UNKNOWN","","UNKNOWN","ZZ","99999","UNKNOWN","9999999999","080000","","","","","N","","","","","","U","","","","","","","","1","","08"
"2006066250","03","1","1900 POLARIS PARKWAY","","COLUMBUS","OH","43240","METTLER TOLEDO INC","8005235123","","","","","","N","","","","","","N","","","","","","","","1","00302311","04"
"2006107064","05","6","3681 OKEMOS RD SUITE","500","OKEMOS","MI","48864","TRI STAR TRANSPORT LLC","8004484285","080000","","","","","N","","","","","","N","","","","","","","","1","01272341","08"
"2006089895","05","99","4859 STATE RT 51 NORTH","","BELLE VERNON","PA","15012","BIG'S TRUCKING","7243794331","080000","","","","","N","","","","","","N","","","","","","","","1","01339470","98"
"2006099243","02","8","2235 BEAVER AVE","","PITTSBURGH","PA","15223","PORT AUTHORITY OF ALLEG COUNTY","4124422000","","","","","","N","","","","","","","","","","","","","","1","00000000","11"
"2006041085","05","3","ONE PGT WAY","","MONACA","PA","150610400","PGT INC","7247283500","080000","","","","","N","","","","","000155377","N","","A-00105584","","","","","","1","00192897","08"
"2006126659","02","8","1825 LIVERPOOL ST","","PITTSBURGH","PA","15233","AIRLINES ACQUISITION CO DBA AIRL","4124723181","","","","","","N","","","","","","N","","","","","","","","1","00385606","10"
"2006019435","99","99","414 GRANT STREET","","PITTSBURGH","PA","15219","CITY OF PITTSBURGH","9999999999","999999","","","","","N","","","","","","N","","","","","","","","1","","98"
"2006000288","99","8","415 REBECCA STREET","","MCKEESPORT","PA","15132","PENNSYLVANIA COACH LINES INC","9999999999","","","","","","","","","","","","","","","","","","","","2","99999999","11"
"2006131098","05","1","41 CHERRY LANE","","WILLIMANTIC","CT","06226","AMARALS TRANSPORT","8604239900","080000","","","","","N","","","","","","","","","","","","","","1","00726257","08"
"2006090892","05","1","3495 SANGAMON","","SPRINGFIELD","IL","62702","COCA COLA ENTERPRISES","7247437148","066000","","","","","N","","","","","999999999","N","","","","","","","","2","99999999","06"
"2006096494","02","8","345 SIXTH AVE.","","PITTSBURGH","PA","152222527","PORT AUTHORITY OF ALLEGHENY CO.","4122337000","039000","","","","","N","","","","","","","","A-00976060","","","","","","1","","11"
"2006018150","05","1","4400 NW 10TH ST","","OKLAHOMA CITY","OK","73127","SWIFT TRANSPORTATION COMPANY","3008002200","080000","","","","","N","","","","","","N","","","","","","","","1","00054283","08"
"2006049453","05","1","348 BIRCHS ROAD","","NORTH BAY","ON","P188Z","PRONORTH TRANSPORTATION","7054769422","999999","","","","","N","","","","","000266736","N","","","","","","","","1","","08"
"2006076077","05","3","RD3 BOX 968","","SALTSBURG","PA","15681","CABLE TRUCKING INC","7246399043","080000","","","","","N","","","","","999999999","N","","","","","","","","2","00085150","08"
"2006114659","99","1","950 BANK ST","","VALLEYVIEW","OH","44425","PACAFLEASIWGCOMPANY","8003219038","026000","","","","","N","","","","","000329772","N","","A-00770241","","","","","","1","00332295","09"
"2006119458","02","8","345 SIXTH AVENUE","","PITTSBURGH","PA","15222","PORT AUTHORITY TRANSIT","4122377200","028000","","","","","N","","","","","","N","","","","","","","","3","","11"
"2007004510","05","1","1001 CALIFORNIA AVE","","PITTSBURGH","PA","152909998","UNITED STATES POSTAL SERVICE","8002758777","052000","","","","","N","","","","","","N","","","","","","","","2","","08"
"2006018092","99","8","200 HILLVUE LANE","","PITTSBURGH","PA","15237","NORTH ALLEGHENY SCHOOL DISTRICT","9999999999","","","","","","","","","","","","","","","","","","","","2","99999999","11"
"2006085553","05","1","46567 DAVIS ROAD","","CADIZ","OH","43907","DELMAS L DAVIS","7409422923","080000","","","","","N","","","","","","N","","A-00146696","","","","","","1","01013026","08"
"2006100962","05","1","5502 WEST 73RD SUITE B","","INDIANAPOLIS","IN","46268","PERKINS SPECIALIZED TRANSPORT","2159784139","","","","","","N","","","","","000102817","N","","","","","","","","1","00070837","08"
"2007031566","04","7","200 RANGOS LN","","WASHINGTON","PA","15301","WASTE MANAGEMENT OF PENNSYLVANIA","8885382229","073280","","","","","N","","","","","","N","","","","","","","","2","00344050","04"
"2006069588","02","1","240 BILMAR DR.","","PITTSBURGH","PA","15205","TRU GREEN CHEM-LAWN","4129227800","021500","","","","","N","","","","","","N","","","","","","","","1","00342305","03"
"2006015476","02","8","101 OLD FRANKSTOWN RD.","","PITTSBURGH","PA","15246","LAIDLAW TRANSIT SERVICES INC","7242744114","000000","","","","","N","","","","","","N","","","","","","","","3","99999999","10"
"2006093527","02","8","330 POPLAR STRET","","PITTSBURGH","PA","15223","ACTION TRANSIT ENTERPRISES INC","4127817906","","","","","","N","","","","","000165100","N","","A-00102577","","","","","","1","00269878","10"
"2006114289","05","1","1212 ST GEORGE RD","","EVANSVILLE","IN","47711","ATLAS VAN LINES","8006389797","066000","","","","","N","","","","","","N","","","","","","","","2","00125550","08"
"2006122136","02","8","1061 MAIN ST","","N HUNTINGDON","PA","15642","LAIDLAW TRANSIT INC","4124691033","","","","","","N","","","","","","N","","","","","","","","2","99999999","11"
"2006111457","99","4","BOX 175 MAINS T","","BUNOLA","PA","15020","STROTMAN DBA STROTMAN TRUCKING","4123848454","073280","","","","","N","","","","","","N","","","","","","","","1","","04"
"2006204555","00","8","400 EDEN PARK BL","","MCKEESPORT","PA","15132","S AND S TRANSIT INC","","999999","","","","","N","","","","","","N","","","","","","","","1","","10"
"2006102576","99","1","1 21 ST STREET","","PITTSBURGH","PA","15222","CONSUMERS PRODUCE","8002450698","","","","","","N","","","","","","U","","","","","","","","2","00390760","05"
"2006206614","00","3","18864 SHERMAN ST","","LANSING","IL","60438","GREAT AMERICAN LINES INC","","999999","","","","","N","","","","","","U","","","","","","","","2","","08"
"2006128312","06","3","P.O. BOX 6996","","TOLEDO","OH","43612","NORTHERN STEEL TRANSPORT CO","4197293867","080000","","","","","N","","","","","000151224","N","","","","","","","","1","00154454","06"
"2006051097","05","1","2101 HARDY PARKWAY ST","","GROVE CITY","OH","43123","PITTOHIOEXPRESSLLC","4122323015","080000","8","","","","Y","1","","","","","N","","","","","","","","1","00190180","08"
"2006051097","05","1","33519 WEST JEFFERSON","","BROWNSTONE","MI","48173","DANCLUDIUBUJOR","7348186239","080000","","","","","N","","","","","","N","","","","","","","","2","01329780","08"
"2006114345","05","1","255 FARMINGTON RD","","SUMMERVILLE","SC","29489","BUNCH TRANSPORTATION INC","8002554807","080000","","","","","N","","","","","","N","","","","","","","","1","00028225","08"
"2006029217","06","1","WATERWORKS RD","","HOPEDALE","OH","43976","MARK R LEWIS TRUCKING","7409372343","080000","","","","","N","","","","","000331744","N","","A-00012414","","","","","","1","00723845","08"
"2006127706","02","8","1061 MAIN ST","","NORTH HUNTINGDON","PA","15642","LAIDLAW TRANSIT INC","4128313112","009500","","","","","N","","","","","","N","","A-00108982","","","","","","2","00711716","10"
"2006004359","02","8","345 6TH AVENUE","3RD FLOOR","PITTSBURGH","PA","152222527","PORT AUTHORITY OF ALLEGHENY CO","4125665500","","","","","","N","","","","","","","","A-00976060","","","","","","1","","11"
"2006091048","02","1","6729 KILPATRICK ST.","","LINCOLNWOOD","IL","60712","THYSSON CORPORATION","8473290902","080000","","","","","N","","","","","","N","","","","","","","","1","01350999","06"
"2006077119","05","1","ONE UNITED DRIVE","","FENTON","MO","63026","UNITED VAN LINES/VESLEY BROTHERS","4125824836","","","","","","N","","","","","000067234","N","","","","","","","","1","00077949","08"
"2006092642","99","7","414 GRANT ST","","PITTSBURGH","PA","15219","CITY OF PITTSBURGH","4122552467","","","","","","N","","","","","","N","","","","","","","","3","","04"
"2006098077","02","8","110 LENZER CT","","PITTSBURGH","PA","15143","LENZER COACH LINES","9999999999","999999","","","","","N","","","","","","N","","","","","","","","2","","11"
"2006085280","04","4","11","CARTER LANE","MCDONALD","PA","15057","EDMONDS TRUCKING","7243447276","025000","","","","","N","","","","","","N","","A-00104954","","","","","","3","00538467","04"
"2007006611","03","8","15110 DALLAS PARKWAY","","DALLAS","TX","75248","GREYHOUND LANES INC","4123926512","050000","","","","","N","","","","","","N","","","","","","","","1","00044110","11"
"2006200799","00","8","1500 ARDMORE BL","","PITTSBURGH","PA","15221","MIL TRANSIT INC","","999999","","","","","N","","","","","","N","","","","","","","","2","","10"
"2007004515","05","1","10220 WEST RENO","","OKLAHOMA CITY","OK","73127","USXPRESS LEASING","2406039373","080000","","","","","N","","","","","","N","","","","","","","","2","00303024","08"
"2006001581","02","0","3306 RAINBOW RUN RD.","","MONONGAHELA","PA","15063","PAUL K. UCMAN II","7247974560","","","","","","N","","","","","","","","","","","","","","1","","00"
"2006073785","02","8","345 SIXTH AVE","","PITTSBURGH","PA","15222","PORT AUTHORITY","4122375500","","","","","","N","","","","","","","","","","","","","","1","00000000","11"
"2006122297","99","4","801 MCNEILLY RD","","PITTSBURGH","PA","15226","MICHAEL FACCHIANO CONTRACTING IN","4123445503","","","","","","","","","","","","N","","","","","","","","1","99999999","99"
"2006122297","99","4","4748 CHILD DR","","PITTSBURGH","PA","15236","CASCIATO BROTHERS","4128822777","","","","","","N","","","","","","N","","","","","","","","2","99999999","99"
"2006100064","02","8","345 6TH AVE","","PITTSBURGH","PA","15222","PORT AUTH OF ALLEG CO","4124422000","","","","","","N","","","","","","N","","A-00976060","","","","","","2","","11"
"2006113262","02","8","7035 SALTSBURG ROAD","","PITTSBURGH","PA","15235","PENN HILLS SCHOOL DISTRICT","4127930136","034000","","","","","N","","","","","","N","","","","","","","","2","","11"
"2006064726","05","1","916 BRUSH CREEK RD","","WARRENDALE","PA","15086","DANDY SERVICE","7249351920","080000","","","","","N","","","","","","N","","A-00111688","","","","","","3","00202393","08"
"2006036435","02","1","34 BLVD OF THE ALLIES","","PITTSBURGH","PA","15222","PGH POST GAZETTE","4122631163","014500","","","","","N","","","","","","N","","","","","","","","1","","03"
"2006031002","02","8","1000 CHURCHILL","","BETHEL PARK","PA","15102","LAIDLAW","4128313112","000000","","","","","","","","","","","N","","A-00108982","","","","","","2","","10"
"2006108861","05","1","POTTSVILLE PIKE HELLER","LANE PO BOX 13788","READING","PA","19612","BRENNTAG NORTHEAST INC","6109264151","080000","","","","","N","","","","","","N","","","","","","","","3","00032866","08"
"2006080452","02","8","345 6TH AVE","","PITTSBURGH","PA","152222527","PORT AUTHORITY ALLEGHENY COUNTY","4124422000","","","","","","N","","","","","","N","","A-00976060","","","","","","1","","11"
"2006048609","02","1","1500 TRUMBULL ROAD","","GIRARD","OH","44420","AIM DEDICATED LOGISTICS","3307590438","032900","","","","","N","","","","","000125927","U","","A-00109844","","","","","","2","00877115","03"
"2006032200","02","8","345 SIXTH AVE","","PITTSBURGH","PA","15222","PORT AUTHORITY","4122377200","","","","","","N","","","","","","","","A-00976060","","","","","","2","","11"
"2006084497","05","0","225 SANDY CREEK RD","","VERONA","PA","15147","PITTSBURGH-VERONA-EXPRESS","4127937347","080000","","","","","N","","","","","000331566","N","","A-00114609","","","","","","2","","06"
"2006007908","04","99","80 NOBLESTOWN RD","","CARNEGIE","PA","15106","COLLIER FOUNDATIONS SYSTEMS INC.","4122767300","073280","","","","","N","","","","","","N","","","","","","","","1","07022869","04"
"2006018267","05","1","409 BURTON RD","","LEXINGTON","SC","29071","SOUTHLAKE TRANSPORT INC","9999999999","080000","","","","","N","","","","","","N","","","","","","","","1","00914309","08"
"2006079000","02","99","801 FREEDOM CRIDER RD.","","FREEDOM","PA","15042","GEORGE W. MORGAN JR. & CO.","4126710374","033000","","","","","N","","","","","009999999","N","","A-00110205","","","","","","1","00439157","06"
"2006042077","02","8","5501 STEUBENVILLE PIKE","","PITTSBURGH","PA","15136","MONTOUR SCHOOL SISTRICT","9999999999","999999","","","","","N","","","","","","N","","","","","","","","2","","11"
"2006098281","02","8","1061 MAIN ST","","N HUNTINGDON","PA","15642","LAIDLAW TRANSIT INC","4128313112","","","","","","N","","","","","","N","","","","","","","","1","99999999","11"
"2006097496","02","1","3901 WEST BROAD ST","","RICHMOND","VA","23230","ESTES EXPRESS LINES","8006247881","080000","","","","","N","","","","","","N","","","","","","","","2","","08"
"2006058919","02","99","133 UNION ST","","NEW EAGLE","PA","15067","WEST GENERAL TRANSIT INC","7242589115","","","","","","N","","","","","","N","","A-00107813","","","","","","1","","09"
"2006089399","05","3","931 22ND RD NW","","LEBO","KS","66856","RMM ENTERPRISES INC","8005756811","080000","","","","","N","","","","","","N","","","","","","","","1","01305102","08"
"2006081819","05","3","PO BOX401","","PONTIAC","IL","61764","BRUTON MOTOR FREIGHT","8004757500","080000","","","","","N","","","","","000181273","N","","","","","","","","1","00076060","08"
"2006085816","05","2","575 MOUNTAIN AVENUE","","MURRAY HILL","NJ","07974","BOC GASES","8006247500","080000","9","","","","Y","1","","","","","N","","","","","","","","2","00117394","08"
"2006018186","02","8","798 EKASTOWN RD","","SARVER","PA","16055","WL ROENIGK INC","4123313974","010000","","","","","N","","","","","","N","","","","","","","","1","","11"
"2006120278","04","4","1230 W PORTERSVILLE RD","","PORTERSVILLE","PA","16051","DALE MCCLYMONDS INC","7243688911","073280","","","","","N","","","","","","N","","","","","","","","2","00738455","04"
"2006100175","03","1","2010 ENSIGN DR","","ALIQUIPPA","PA","15001","SUNJAK BORISA","4129080532","026000","","","","","N","","","","","000140786","N","","A104628","","","","","","3","00014694","04"
"2006100175","05","3","7135 CENTENNIAL PL","","NASHVILLE","TN","37209","WESTERN EXPRESS INC","8003167130","080000","","","","","N","","","","","","N","","","","","","","","4","00511412","08"
"2006206142","00","99","1251 BIG SEWICKLEY CREE","","SEWICKLEY","PA","15143","HATHAWAY SPECIALIZED HAUL","","999999","","","","","N","","","","","","U","","","","","","","","1","","99"
"2006048616","02","1","120 BILMAR DR","","PITTSBURGH","PA","15205","PGH MAILING SYSTEMS","4129228181","006100","","","","","N","","","","","000300196","N","","A-00112780","","","","","","2","","02"
"2006108418","04","8","4600 PERRY HIGHWAY","","PITTSBURGH","PA","15237","PORT AUTHORITY OF ALLEGHENY CO.","4122551385","039600","","","","","N","","","","","","N","","","","","","","","2","","11"
"2006026889","03","7","RR 1 BOX 717","","SCOTTDALE","PA","15683","GREENRIDGE WASTE SERVICES","4123524435","058400","","","","","N","","","","","","N","","","","","","","","1","00950505","04"
"2006046663","02","99","UNKNOWN","","UNKNOWN","ZZ","99999","UNKNOWN","9999999999","999999","","","","","N","","","","","","N","","","","","","","","1","","99"
"2006046768","02","8","100 EDGEWOOD DR","","TURTLE CREEK","PA","15145","TC UNLIMITED","9999999999","999999","","","","","N","","","","","","N","","","","","","","","2","","11"
"2006039606","05","1","15 27TH STREET","","PITTSBURGH","PA","15222","PITT OHIO EXPRESS","4122323015","073280","","","","","N","","","","","","N","","","","","","","","1","00190180","08"
"2006109998","02","8","150 S 24TH ST","","PITTSBURGH","PA","15203","LAIDLAW TRANSIT","4124318747","","","","","","N","","","","","","N","","","","","","","","1","","11"
"2006119502","02","8","ISLAND AVE","","PITTSBURGH","PA","15233","PORT AUTHORITY","4124422000","040600","","","","","N","","","","","","N","","","","","","","","1","","11"
"2006089391","99","3","215 SANDYCREEK RD","","VERONA","PA","15147","PITTSBURGH VERONA OAKMONT EXPRES","4127937347","073280","","","","","","","","","","","U","","","","","","","","1","","08"
"2006090384","99","0","1101 RAILROAD ST","","MONONGAHELA","PA","15063","PATTERSON SUPPLY","9999999999","999999","","","","","N","","","","","","N","","","","","","","","1","99999999","00"
"2006203309","00","8","1061 MAIN STREET","","HUNTINGDON","PA","15642","LAIDLAW TRANSIT INC","","999999","","","","","N","","","","","","N","","","","","","","","1","","10"
"2006051219","02","8","1380 PITTSBURGH RD","","VALENCIA","PA","16059","MONARK STUDENT TRANSPORTATION","7246954000","","","","","","N","","","","","","N","","","","","","","","2","99999999","11"
"2006044428","02","8","1061 MAIN STREET","","N HUNTINGDON","PA","15642","LAIDLAW TRANSIT INC","4128215133","","","","","","","","","","","","","","A-00108982","","","","","","2","","11"
"2006077654","05","1","530 TEAL PLAZA","","SECAUCUS","NJ","07094","SBM EXPRESS INC","9733570215","080000","","","","","N","","","","","528435","N","","","","","","","","1","1387961","08"
"2006077654","05","1","9400 NW 10TH ST","","OKLAHOMA CITY","OK","73127","SWIFT TRANSPORTATION","8003471656","080000","","","","","N","","","","","136818","N","","","","","","","","2","0054283","08"
"2006017158","02","8","573 BRADFORD AVENUE","","PITTSBURGH","PA","15112","PRN PARATRANSIT","9999999999","999999","","","","","N","","","","","","N","","","","","","","","1","","11"
"2006111171","02","8","2030 SWALLOW HILL ROAD","","PITTSBURGH","PA","15220","CHARTIERS VALLEY SCHOOL DISTRICT","4124297011","","","","","","N","","","","","","N","","","","","","","","2","01129751","11"
"2006023401","99","99","601 ALAINE STREET","","YOUNGSTOWN","OH","44502","B AND D TRUCKING","9999999999","999999","","","","","","","","","","","N","","","","","","","","1","","98"
"2006061087","05","1","2815 14TH AVE","","MARKHAM","ON","L3ROH9000","HIGHLAND FLEET TRANSPORT","8002633356","080000","","","","","N","","","","","","N","","","","","","","","1","10709930","08"
"2006103011","03","99","700 WASHINGTON AVENUE","PO BOX 461","BRIDGEVILLE","PA","15017","LYTLE BROS LT","4129221657","999999","","","","","N","","","","","","N","","A-00111443","","","","","","3","00994822","04"
"2006117612","02","8","200 KENDALL ST","","CORAOPOLIS","PA","15108","STATE OF PA","9999999999","999999","","","","","N","","","","","","N","","","","","","","","2","","11"
"2006036349","02","8","345 SIXTH AVE","","PITTSBURGH","PA","15222","PORT AUTHORITY OF ALLEGHENY CO","4122551385","","","","","","N","","","","","","N","","A-00976060","","","","","","2","","11"
"2006064255","05","1","3769 E EVERGREEN","","SPRINGFIELD","MO","65803","O AND S TRUCKING INC","8003954780","080000","","","","","N","","","","","","N","","","","","","","","3","00241966","08"
"2006064255","05","4","3500 SHARON RD","","W MIDDLESEX","PA","16159","ARNOLD L BARRIS TRUCKING INC","8003203398","080000","","","","","N","","","","","","N","","A-00113175","","","","","","4","00672693","08"
"2006123936","99","99","5175 W 2100 S","","SALT LAKE CITY","UT","84120","CENTRAL REFRIGERATED SVS","9999999999","999999","","","","","N","","","","","","N","","","","","","","","1","","98"
"2006122883","05","3","131 KEGGY AVE","PO BOX 64","FORBES","PA","15633","CHIP SHIREY","4126010470","080000","","","","","N","","","","","000564443","N","","","","","","","","2","00976685","06"
"2006054152","99","8","798 EKASTOWN RD","","SARVER","PA","16055","WL ROENIG INC","9999999999","","","","","","","","","","","","","","","","","","","","1","99999999","11"
"2006045892","03","1","BOX 413","","LYONS","KS","67554","SUHLER TRUCKING INC","6202575182","075800","","","","","N","","","","","","N","","","","","","","","1","00551433","08"
"2006053560","99","4","3529 HOMESTEAD DUG RD","","WEST  MIFFLIN","PA","15122","CTS CONSTRUCTION","4124663539","","","","","","N","","","","","","N","","","","","","","","1","","04"
"2007011750","05","1","290 HAMILTON RD","","NEW HAMBURG","ON","N3A1A2","ERB INTERNATIONAL INC","9999999999","","","","","","N","","","","","","N","","","","","","","","1","00589313","08"
"2006101323","02","8","345 6TH AVE","","PITTSBURGH","PA","152222527","PORT AUTHORITY","4124422000","","","","","","N","","","","","","N","","A-00976060","","","","","","1","","11"
"2006046492","05","99","46 6TH ST","","BRADDOCK","PA","15104","JOSH STEEL CO","4123513500","080000","","","","","N","","","","","","N","","","","","","","","2","00051735","08"
"2006126134","02","8","618 VERMONT AVE","","MCKEESPORT","PA","15045","RONALD LEBER","9999999999","999999","","","","","N","","","","","","N","","","","","","","","1","","11"
"2006099500","03","5","850 N. GALLATIN AVE.","","UNIONTOWN","PA","15401","B&L TRUCKING","7244342576","073280","","","","","N","","","","","","","","A-00999999","","","","","","2","09999999","04"
"2006041665","99","99","4129 WATERLOO ROAD","RANDOLPH OHIO","RANDOLPH","OH","44265","ADELMAN LEASING INC","3303257470","080000","","","","","N","","","","","","N","","","","","","","","2","00317984","06"
"2006042635","02","1","1 COMMERCE DR.","","PLUM","PA","15239","TYLER MOUNTAIN WATER CO.","4127953100","033000","","","","","N","","","","","","N","","","","","","","","2","05432178","99"
"2006018681","05","2","2320 WEST 167TH ST","","MARKHAM","IL","60426","FIRST LOGISTICS INC","7082103160","080000","","","","","N","","","","","","N","","","","","","","","1","00328103","06"
"2006110439","03","","201 ARCH ST SECOND FL","","MEADVILLE","PA","16335","UNRVERSA WELL SERVICES INC","8143686175","066000","","","","","N","","","","","","N","","","","","","","","1","00242676","04"
"2006060201","03","7","526 CITY BUILDING","","PITTSBURGH","PA","15219","CITY OF PITTSBURGH","4122552773","019000","","","","","N","","","","","","N","","","","","","","","1","","04"
"2006018188","99","8","5374 WILLIAM FLYNN","HIGHWAY","GIBSONIA","PA","15044","MONARK STUDENT TRANSPORTATION","4127812424","002600","","","","","N","","","","","","N","","","","","","","","5","","10"
"2006100186","05","1","251 PROSPECT ST","","ST GEORGE","ON","99999","GLOBEL EXPRESS","5194489100","080000","","","","","N","","","","","","N","","","","","","","","2","00397113","08"
"2006100373","99","99","181 TROMBULL AVE","","MCDONALD","OH","44437","PREDITOR TRUCKING CO","9999999999","999999","","","","","N","","","","","","N","","","","","","","","2","","98"
"2006002111","02","8","2235 BEAVER AVENUE","","PITTSBURGH","PA","15233","PORT AUTHORITY OF ALLEGHENY COUN","4124422000","000000","","","","","N","","","","","","N","","","","","","","","2","00000000","11"
"2006026817","02","8","400 OAKBROOK DR.","","GREENSBERG","PA","15601","LAIDLAW","4128210300","999999","","","","","N","","","","","000001234","N","","","","","","","","1","00001354","11"
"2006110058","99","1","UNKNOWN","","UNKNOWN","ZZ","","UNKNOWN","","","","","","","","","","","","00UNKNOWN","U","","UNKNOWN","","","","","","1","0UNKNOWN","08"
"2006068420","02","99","965 E MAIN ST","","MERIDEN","CT","06450","LANE CONSTRUCTION","2032353351","","","","","","N","","","","","","","","","","","","","","2","00027913","99"
"2007000222","05","1","1400","INKSTER BLVD","WINNIPEG","MB","99999","REIMER EXPRESS LINES LTD","8887547618","080000","","","","","N","","","","","","N","","","","","","","","2","00681451","08"
"2006077973","99","1","7107 WEST 17TH AVE","","GARY","IN","46406","SCHNEIDER NATIONAL CARRIERS INC","9999999999","","","","","","N","","","","","","","","","","","","","","2","00264184","98"
"2006004486","02","8","5931 ELLSWORTH AVENUE","","PITTSBURGH","PA","15206","PITTSBURGH TRANSPORTATION CO.","4123229113","","","","","","N","","","","","","N","","","","","","","","2","00821246","11"
"2006031472","05","6","10701 MIDDLEBEL","","UNKNOWN","MI","48174","URS MIDWEST INC","8148392381","","","","","","N","","","","","","","","","","","","","","2","00790261","08"
"2006096454","02","0","250 SEANOR RD","PO BOX 278","WINBER","PA","15963","D EDWARD LEASING CO","8142663598","054950","","","","","N","","","","","","N","","","","","","","","2","00542878","09"
"2006029643","02","99","9320 J ST","","OMAHA","NE","68127","REINHART TRANSPORTATION LLC","7246962200","065000","","","","","N","","","","","","N","","","","","","","","1","00882290","08"
"2006120078","02","8","","","PITTSBURGH","PA","15233","PORT AUTHORITY OF ALLEGHENY CO","4122551350","000000","","","","","N","","","","","","N","","A-00976066","","","","","","2","","11"
"2006074370","99","3","336 IRON BITE DRIVE","","TPRS","PA","15668","BLAIR KINNEER","7244338550","080000","","","","","N","","","","","","N","","","","","","","","2","01033411","06"
"2006127670","05","1","71 WEST PARK AVENUE","","VINELAND","NJ","08360","NATIONAL FREIGHT INCORPORATED","8002750758","080000","","","","","N","","","","","","N","","","","","","","","1","02940850","08"
"2006076429","05","3","245 BRONTE STREET","","MILTON","ON","L9T3N","ACTIVE TRANSPORT","8002634181","080000","","","","","N","","","","","999999999","N","","","","","","","","1","00266668","08"
"2006106374","02","8","24 S EIGHTH ST","","PITTSBURGH","PA","99999","FIRST STUDENT INC","9999999999","999999","","","","","N","","","","","","N","","","","","","","","2","","11"
"2006077537","01","1","34 BLVD OF THE ALLIES","","PITTSBURGH","PA","15222","PG PUBLISHING COMPANY","4122631601","019500","","","","","N","","","","","","N","","","","","","","","1","00358261","02"
"2006115287","05","99","3477 NEHRIG HILL","","ARDARA","PA","15615","JAMES WILLIAM GRUBBS","4125513078","","","","","","N","","","","","009999999","N","","A-00114609","","","","","","1","07288469","04"
"2006101588","99","5","85 HELEN STREET","","MCKEES ROCKS","PA","15136","ROX TRUCKING","4123776474","073280","","","","","N","","","","","999999999","U","","","","","","","","1","","05"
"2006099210","02","8","345 6TH AVENUE","3RD FLR","PITTSBURGH","PA","152222527","PORT AUTHORITY OF ALLEGHENY COUN","4125665500","","","","","","N","","","","","","","","","","","","","","1","00000000","11"
"2007009675","05","1","378 WILLIAMSON RD","","MOORESVILLE","NC","281175916","CHEETAH TRANSPORTATION LLC","6065284387","080000","","","","","N","","","","","","N","","","","","","","","1","00973667","08"
"2006028541","99","8","RD 9 BOX 6C","RT 422 E","KITTANNING","PA","15201","AJ MEYERS 7 SONS","999999999","999999","","","","","N","","","","","","N","","","","","","","","1","99999999","11"
"2006205680","00","4","8602 OAKCREST RD","","PITTSBURGH","PA","15235","OLIVER ALLEN","","073280","","","","","N","","","","","","U","","","","","","","","1","","04"
"2006019373","03","1","971 BRIARSDALE RD","","HARRISBURG","PA","17109","RYDER TRUCK RENTAL","4127771616","080000","","","","","N","","","","","000241824","U","","A-00111715","","","","","","1","00443021","08"
"2006023262","03","2","122 MAIN","","PERKINS","OK","74059","NAVAJO EXPRESS INC","8007473726","018000","","","","","N","","","","","000157626","U","","","","","","","","2","00202381","06"
"2006110712","02","8","24 S 18TH ST","","PGH","PA","15203","FIRST STUDENT INC","4124813655","","","","","","N","","","","","","N","","","","","","","","2","00354406","11"
"2006096525","03","1","1050 SHAFFIELD AV","PO BOX 2007","WATERLOO","IA","50701","CO","3192320000","023308","","","","","N","","","","","","N","","","","","","","","2","00299817","08"
"2006063290","05","1","2777 HEARTLAND DRIVE","","CORALVILLE","IA","52241","HEARTLAND EXPRESS INCORPORATED","9999999999","080000","","","","","N","","","","","","N","","","","","","","","1","00134697","06"
"2006131427","02","8","200 HAHN ST","","UNKNOWN","PA","99999","LAIDLAW TRANSIT CO","9999999999","999999","","","","","N","","","","","","N","","","","","","","","2","","11"
"2006121011","05","0","1301 TOWSON ST","","BALTIMORE","MD","21230","BOND TRANSFER CO INC.","4109516003","080000","","","","","N","","","","","","N","","","","","","","","1","00084607","08"
"2006117613","99","4","","","","","","UNKNOWN","","","","","","","N","","","","","","U","","","","","","","","2","","99"
"2006066375","05","1","2349 HUBBARD AVE","","DECATUR","IL","62526","UNITED PARCEL SERVICE","7249254853","080000","","","","","N","","","","","","","","","","","","","","1","00024796","08"
"2007001566","99","1","CENTER HWY PO BOX 406","","IRWIN","PA","15642","IRWIN BUILDERS SUPPLY","7248635200","033000","","","","","N","","","","","","N","","","","","","","","1","00988248","05"
"2006116243","05","3","708 DAN DEE LANE","","BRILLIANT","OH","43913","FRALEY + SCHILLING TRUCKING","8003389023","053481","","","","","N","","","","","","U","","A-00116934","","","","","","1","00125465","08"
"2006098081","99","8","200 HAHN ROAD","","PITTSBURGH","PA","15209","LAIDLAW TRANSIT","9999999999","999999","","","","","","","","","","","","","","","","","","","2","00000000","11"
"2006018815","03","1","","AVE C","LEETSDALE","PA","15056","PRIME SOURCE","8004885518","038000","","","","","N","","","","","","N","","","","","","","","1","00155038","08"
"2006116683","02","4","1199 CLIFTON RD","","BETHEL PARK","PA","15102","DAVID A. ENGLERT INC.","4128315750","035000","","","","","N","","","","","000246913","N","","","","","","","","3","","03"
"2006080359","05","99","5331 MCANULTY ROAD","","PITTSBURGH","PA","15102","MICHAEL BROS. HAULING INC.","4128356428","054999","","","","","N","","","","","","N","","","","","","","","1","01014261","08"
"2006076234","03","4","117 EAST RAYEEN AVE","","YOUNGSTOWN","OH","44503","INNOVATIVE ASSOC INC","7245103230","038000","","","","","N","","","","","","N","","","","","","","","1","01042958","04"
"2006056565","99","6","227 SANDY CREEK RD","","VERONA","PA","15147","DON KUHN AUTO BODY","4127952241","","","","","","N","","","","","","N","","","","","","","","1","00798573","03"
"2006117835","02","8","345 6TH AVE 3RD FL","","PITTSBURGH","PA","152222527","PORT AUTHORITY OF ALLEGHENY CO.","4124422000","","","","","","N","","","","","","N","","A-00976060","","","","","","3","","11"
"2006047858","02","8","2235 BEAVER AVE","","PITTSBURGH","PA","15233","PORT AUTHORITY OF ALLEGHENY CO","4125665500","000000","","","","","N","","","","","","","","A-00976060","","","","","","1","","10"
"2006032732","99","99","300 CORLISS ST","","PGH","PA","15220","T TELEPHONE SERVICES","7248167817","","","","","","N","","","","","","N","","","","","","","","2","","99"
"2006003646","02","8","345 6TH AVE","","PITTS","PA","152222527","PORT AUTH OF ALLEG. CO","4124422000","","","","","","N","","","","","","N","","A-00976060","","","","","","1","","11"
"2006028482","99","99","801 KROLL DR","","PITTSBURGH","PA","15233","SUPERIOR CONCRETE AND SUPPLY","9999999999","999999","","","","","N","","","","","","N","","","","","","","","1","","98"
"2006066550","05","1","PO BOX 433","","CRANBURY","NJ","08512","APPLEGATE TRUCKING INC","6093950869","080000","","","","","N","","","","","","N","","","","","","","","2","00086744","08"
"2006085620","02","1","1858 ONEIDA LN","","SHARPBILLE","PA","16150","DEAN FOODS","7249626880","030000","","","","","N","","","","","","N","","","","","","","","1","00714483","03"
"2006064830","05","1","260 ROUTE 519","","EIGHTY FOUR","PA","15330","COYLE TRUCKING","7242221050","080000","","","","","N","","","","","000248989","N","","A-00110096","","","","","","1","00497832","08"
"2007003102","04","7","825 WILSON AVE","","NEWARK","NJ","07105","DARLING INTERNATIONAL","8004388752","074000","","","","","N","","","","","","N","","","","","","","","2","00047318","04"
"2006206675","00","8","798 EKASTOWN ROAD","","SARVER","PA","16055","W L ROENICK","","999999","","","","","N","","","","","","N","","","","","","","","2","","10"
"2006018159","04","7","@1 LIBRARY PLACE BOX #2","","DUQUESNE","PA","15110","ALLEGHENY RECOVERY CORP","4124692284","073286","","","","","N","","","","","","N","","A-00023260","","","","","","1","","04"
"2006123650","02","8","2235 BEAVER AVE","","PITTSBURGH","PA","15233","PORT AUTHORITY OF ALLEGHENY CO","4122377000","999999","","","","","N","","","","","","N","","","","","","","","2","","11"
"2006119329","05","1","319 BISHOPGATE RD","","BURFORD","ON","99999","JEFF BRYAN TRANS LTD","5194492714","080000","","","","","N","","","","","","N","","","","","","","","1","00581078","08"
"2006069388","03","8","345 6TH AVE.","","PGH.","PA","152222527","PORT AUTHORITY OF ALLEGHENY CO.","4124422000","000000","","","","","N","","","","","","N","","A-00976060","","","","","","1","","11"
"2006128934","05","1","8100 NMINNEWAWA AV","","CLOVIS","CA","93611","LYONS TRANSPORTATION INC","9999999999","080000","","","","","N","","","","","000186654","N","","","","","","","","2","","06"
"2006019718","03","6","3681 OKEMOS RD STE 500","","OKEMOS","MI","48864","TRISTAR TRANSPORT LLC","9999999999","","","","","","N","","","","","","N","","","","","","","","1","01272341","06"
"2006023269","10","3","9400 NW 10TH ST","","OAKLAHOMA CITY","OK","73127","SWIFT TRANSPORTATION CO","8008002200","080000","","","","","N","","","","","000035330","N","","","","","","","","1","00054283","08"
"2006018164","05","1","POBOX 1177","MANSFIELD","MANSFIELD","OH","44901","COMPETITIVE TRANSPORTATION INC","4195295300","080000","","","","","N","","","","","","N","","","","","","","","1","01229105","06"
"2006112425","02","8","345 SIXTH AVE","","PGH","PA","15222","PORT AUTHORITY","4122377000","","","","","","N","","","","","","N","","A-00976060","","","","","","1","","11"
"2006033058","02","8","1061 MAIN ST","NORTH HUNTINGDON","NORTH HUNTINGDON","PA","15642","LAIDLAW TRANSIT INC","7248372747","999999","","","","","N","","","","","","N","","","","","","","","1","","10"
"2006071992","03","99","1500 N. MANTUA STREET","","KENT","OH","44240","DAVEY TREE","7248318353","","","","","","N","","","","","","N","","","","","","","","2","00000000","04"
"2006045587","04","4","2255 ROUTE 217 SOUTH","","BLAIRSVILLE","PA","157179107","TAYLOR SERVICES INC","7244598901","073280","","","","","N","","","","","000125799","N","","A-00108395","","","","","","1","","04"
"2006019365","03","1","7160 INDUSTRIAL","DRIVE ROW","MASON","OH","45040","LOVELAND PET","8009991930","017000","","","","","N","","","","","000018256","N","","A-00941623","","","","","","2","00334281","06"
"2006066262","03","8","15110 DALLAS PARKWAY","","DALLAS","TX","75248","GREYHOUND","4123926504","050000","","","","","N","","","","","","N","","","","","","","","1","","11"
"2007013627","05","0","37 LESHER LN","","COALPORT","PA","16627","CHRIS WEYMAN","8146725295","073280","","","","","N","","","","","000500580","N","","A-00999999","","","","","","1","01222440","00"
"2006202444","00","99","109 DARK HOLLOW RD","","OAKMONT","PA","15139","TDF SERVICES INC","","999999","","","","","N","","","","","","U","","","","","","","","2","","99"
"2007000706","02","1","1501 BEAVER AVENUE","P","PITTSBURGH","PA","15223","ALLENTOWN MACK SALES","4122376000","","","","","","N","","","","","","U","","","","","","","","1","","08"
"2006067868","02","1","9116 SOUTH TRIPP AVE","","OAK LAWN","IL","60652","YOLI INC","8004372110","026000","","","","","","","","","","","Y","","","","","","","","1","00655872","03"
"2006007210","02","8","345","SIXTH","PGH","PA","15222","PORT AUTHORITY","4122377000","","","","","","N","","","","","","","","A-00976060","","","","","","2","","11"
"2006028856","04","7","RT.1 BOX 717","LANDFILL ROAD","SCOTTDALE","PA","15683","GREENRIDGE WASTE SERVICE","7248879400","073280","","","","","N","","","","","","N","","","","","","","","1","00960505","04"
"2006129530","03","0","754 S MAIN ST","","PUNXSUTAWNEY","PA","15767","FEMCO AQUISITION","8149389763","052000","","","","","N","","","","","","N","","","","","","","","3","01123586","04"
"2006116997","02","8","5374 ROUTE 8","","GIBSONIA","PA","15044","MONARK STUDENT TRANSPORTATION","9999999999","999999","","","","","N","","","","","","N","","","","","","","","2","","10"
"2006098079","02","8","573 BRADDOCK AVE","","PITTSBURGH","PA","99999","PRN PARATRANSIT","999999999","999999","","","","","N","","","","","","N","","","","","","","","1","","11"
"2006071942","03","4","17TH & ARSENAL BLVD","","HARRISBURG","PA","17120","PENNDOT EQUIP DIVER 6582064","9999999999","038000","","","","","N","","","","","","N","","","","","","","","2","","04"
"2006069894","02","1","34 BLVD OF THE ALLIES","","PITTSBURGN","PA","15222","PGH PUBLISHING DBA POST GAZETTE","4122631100","048000","","","","","N","","","","","","N","","","","","","","","1","00358261","03"
"2006068909","02","8","235 BEAVER AVE.","","PITTSBURGH","PA","15233","PORT AUTHORITY OF ALLEGHENY COUN","4125665310","","","","","","N","","","","","","N","","","","","","","","2","00000000","11"
"2006121098","03","8","345 6TH AVE","","PGH","PA","15222","PORT AUTHORITY","4122377000","","","","","","N","","","","","","N","","A-00976060","","","","","","1","","11"
"2006084641","99","8","342 LINDEN CREEK ROAD","","CANONSBURG","PA","15317","THE BRADLEY CENTER INC","9999999999","","","","","","","","","","","","","","","","","","","","2","99999999","10"
"2006127131","04","1","225 W COURTLAND ST","PO BOX 5198","MORTON","IL","615505198","RISINGER BROS TRANFER INC","8882459886","080000","","","","","N","","","","","000067293","N","","A-00172510","","","","","","2","00244981","08"
"2006052238","05","1","1888 SOUTHWAY SE","","MASSILION","OH","44646","FRESH MARK INC","8008606777","080000","","","","","N","","","","","","N","","","","","","","","1","00327211","08"
"2006119893","04","0","14507 FRONTIER RD","","OMAHA","NE","68138","WERNER ENTERPRISE","8127670202","080000","","","","","N","","","","","","N","","A-00757501","","","","","","1","00053467","08"
"2006001094","02","8","2235 BEAVER AVE","","PITTSBURGH","PA","15233","PORT AUTHORITY","4124422000","","","","","","N","","","","","","N","","A-00976060","","","","","","1","00000000","11"
"2006001094","02","8","2235 BEAVER AVE.","","PITTSBURGH","PA","15233","PORT AUTHORITY","4124422000","","","","","","N","","","","","","","","A-00976060","","","","","","2","","11"
"2006015285","99","1","3132 INDUSTRIAL BL","","BETHEL PARK","PA","15102","SOUTH HILLS MOVERS","4128358600","019000","","","","","N","","","","","","N","","A-00109506","","","","","","2","00098045","05"
"2006014461","99","8","1061 MAIN STREET","","N HUNTINGDON","PA","15642","LAIDLAW TRANSIT INC","9999999999","","","","","","","","","","","","","","","","","","","","2","99999999","11"
"2006055333","03","99","18 MASON DR","","CORAOPOLIS","PA","15108","AL GEISLER TRUCKS","4123312555","","","","","","N","","","","","","","","","","","","","","1","","98"
"2006020968","99","8","UNKNOWN","","UNKNOWN","ZZ","","UNKNOWN","9999999999","","","","","","","","","","","","","","","","","","","","1","99999999","11"
"2006044440","03","3","P.O. BOX 836","238 MOON CLINTON RD","MOON TOWNSHIP","PA","15108","ARL INC","4122642080","080000","","","","","N","","","","","000152672","N","","","","","","","","1","00186375","08"
"2006031297","02","8","1500 ADMORE BLVD","STE 504","PITTSBURGH","PA","15221","NATIONAL FLEET LEASING CORP","4122473500","","","","","","N","","","","","","N","","","","","","","","1","","11"
"2006120166","02","1","2500 RT 168","","GEORGETOWN","PA","15043","C  E PLASTIC INC","7249474949","012000","","","","","N","","","","","","N","","","","","","","","2","01185724","03"
"2007004517","05","1","530 GRAND ISLAND BLVD","","TONAWANDA","NY","14150","PRODUCTIVE TRANSPORTATION CARRIE","7178775542","080000","","","","","N","","","","","000278056","N","","","","","","","","1","00572094","08"
"2006090661","03","3","RT 837 BOX 505","","WEST ELIZABETH","PA","15088","ALL CRANE RENTAL OF PENNSYLVANIA","4123824200","080000","","","","","N","","","","","","N","","","","","","","","1","07997466","06"
"2006051150","02","8","2924 JEFFERSON AVENUE","","WASHINGTON","PA","15301","GG & C BUS CO","9999999999","999999","","","","","N","","","","","","N","","","","","","","","2","","11"
"2006091840","03","8","809 B MILLERSPORT HGY","","AMHERST","NY","14226","SHUN FA INC","7168357835","999999","","","","","N","","","","","","N","","","","","","","","1","","11"
"2006019438","05","1","1144 MIDLOTHIAN BLVD","","YOUNGSTOWN","OH","44511","RECYCLING","3307882677","080000","","","","","N","","","","","","N","","","","","","","","1","00693406","08"
"2006097506","02","8","13413 STATE ROUTE 422","","KITTANNING","PA","162019701","AJ MYERS AND SONS INC","7245485881","033000","","","","","N","","","","","","N","","","","","","","","1","00281003","11"
"2006106872","01","1","9925 GRUBBS RD","","MCCANDLESS","PA","15094","MCCANDLESS FRANKLIN AMBERLACESER","4123676132","","","","","","","","","","","","N","","","","","","","","1","","02"
"2006114288","05","3","1325 EMERALD TERRACE","","SUN PRAIRIE","WI","53590","PTG LOGISTICS LLC","5137823225","080000","","","","","N","","","","","000241243","N","","","","","","","","1","00611601","08"
"2006066552","04","1","1044 GARDEN ST","","GREENSBURG","PA","15601","US FOOD SERVICE","8004426414","073280","","","","","N","","","","","","N","","","","","","","","1","00745614","08"
"2006075213","04","7","3552 ROUTE 66","","EXPORT","PA","15632","A.D. WEAVER SERVICE INC.","7243253997","073280","","","","","N","","","","","000160097","N","","A-00105182","","","","","","2","00345017","04"
"2007000329","04","1","2611 LINCOLN AVE","","URBANA","IL","61801","SUPERVALU TRANSPORTATION INC","8002934751","080000","","","","","N","","","","","","U","","","","","","","","1","00467296","08"
"2006109174","02","8","1061 MAIN STREET","","N HUNTINGTON","PA","15642","LAIDLAW TRANSIT INC","4124316761","","","","","","N","","","","","","N","","","","","","","","2","00711716","11"
"2006010669","02","8","345 SIXTH AVENUE","3RD FLR","PITTSBURGH","PA","15222","PORT AUTHORITY OF ALLEGHENY CO","4124422000","","","","","","N","","","","","","N","","A-00976060","","","","","","1","","11"
"2006074471","01","0","5931 ELLSWORTH AVE","","PITTSBURGH","PA","15206","YELLOW CAB CO OF PGH","4126658123","","","","","","N","","","","","","N","","A-00049926","","","","","","1","","98"
"2006044668","99","99","200 W ASHLAND ST","","UNKNOWN","IL","99999","DAILY EXPRESS INC","9999999999","999999","","","","","N","","","","","","N","","","","","","","","1","","98"
"2006106368","99","99","8 RIVER ROAD","","MCKEES ROCKS","PA","15136","COMMUNITY TRANSPORTATION","9999999999","999999","","","","","N","","","","","","N","","","","","","","","2","","98"
"2006023164","02","8","2235 BEAVER AVE","","PITTSBURGH","PA","15233","PORT AUTHORITY","4124422000","","","","","","N","","","","","","N","","A-00976060","","","","","","1","","11"
"2006004564","03","99","1290 3RD AVE","","NEW KENSINGTON","PA","15068","INSULATIONS INC.","7248406202","","","","","","N","","","","","","N","","","","","","","","1","99999999","04"
"2006102955","02","8","2235 BEAVER AVE","","PITTSBURGH","PA","15233","PORT AUTHORITY OF ALLEGHENY CONU","4122551385","000000","","","","","N","","","","","","","","A-00976060","","","","","","2","","11"
"2006045310","03","1","9400 NW 10TH ST","","OKLAHOMA CITY","OK","73127","SWIFT TRANSPORTATION","8008326672","080000","","","","","N","","","","","","U","","","","","","","","2","00054283","08"
"2006046676","02","1","345 6TH AVE","","PITTSBURGH","PA","15222","PORT AUTHORITY OF ALLEGHENY CO","4124422000","027000","","","","","N","","","","","","N","","A-00976060","","","","","","2","","03"
"2006061141","05","3","2929 BLUE CLAY RD","","CASTLE HAYNE","NC","28429","MOORE TRANSPORTATION INC","9103436877","080000","","","","","N","","","","","000499323","N","","A-00550787","","","","","","2","01280753","08"
"2006087595","02","8","345 6TH AVE","","PITTSBURGH","PA","15222","PORT AUTH OF ALLEG.CO.","4124422000","","","","","","N","","","","","","N","","A-00976060","","","","","","1","","11"
"2006037506","02","8","345 6TH AVENUE","","PITTSBURGH","PA","152222527","PORT AUTHORITY OF ALLEGHENY CO","4125665500","","","","","","N","","","","","","","","A-00976060","","","","","","1","","11"
"2006117217","05","1","2911 ANTON RD","PO BOX 1000","MADISONVILLE","KY","424310000","TMT INC","8775338684","080000","9","","","","Y","1","","","","","N","","","","","","","","1","00672483","08"
"2006129281","02","8","2990 DUSS AVE","","AMBRIDGE","PA","15003","R J RHODES TRANSIT INC","7242663422","999999","","","","","N","","","","","000168867","N","","A-00104863","","","","","","1","00239894","11"
"2006129281","02","8","2990 DUSS AVE","","AMBRIDGE","PA","15003","R J RHODES TRANSIT INC","7242663422","999999","","","","","N","","","","","000168867","N","","A-00104863","","","","","","2","00239894","11"
"2006129281","02","8","2990 DUSS AVE","","AMBRIDGE","PA","15003","R J RHODES TRANSIT INC","7242663422","999999","","","","","N","","","","","000168867","N","","A-00104863","","","","","","3","00239894","11"
"2006096443","99","0","6592 ROUTE 119","","BLAIRSBILLE","PA","15717","DAVIS TRANSPORT INC","9999999999","999999","","","","","N","","","","","","N","","","","","","","","1","99999999","03"
"2006018900","05","1","12 HIGH ST","","LANCASTER","NH","03584","GREAT NORTHWOOD FOOD SVC","6037889887","080000","","","","","N","","","","","000469190","N","","","","","","","","1","00977649","08"
"2006110176","03","5","801 KROLL AVE","","PITTSBURGH","PA","15233","ELES BROS CONCRETE INC","4128246161","073280","","","","","N","","","","","","N","","","","","","","","1","00666010","04"
"2006103087","02","8","345 6TH AVE.","","PITTSBURGH","PA","152222527","PORT AUTH OF ALLEGH CO","4124422000","","","","","","N","","","","","","N","","A-00976060","","","","","","1","","11"
"2006067756","99","99","","","","","","RUN)","","","","","","","N","","","","","","U","","","","","","","","1","","99"
"2006061606","02","1","20800 RT 19","","CRANBERRY TWP","PA","16066","PLATINUM LIGHTING CONCEPTS","7242725046","012300","","","","","N","","","","","","N","","","","","","","","2","00000000","03"
"2006118368","99","7","W NOBLESTOWN RD","PO BOX 448","CARNEGIE","PA","15106","BFI WASTE SERVICES","4124292600","058400","","","","","N","","","","","","N","","","","","","","","2","00962087","98"
"2006072094","02","8","345 6TH AVENUE 3 FLOOR","","PITTSBURGH","PA","15222","PORT AUTHORITY OF ALLEGHENY CO","4125665500","","","","","","N","","","","","","N","","A-00976060","","","","","","1","","11"
"2006123999","02","8","798 EKASTOWN ROAD","","SARVAR","PA","16055","WL ROENICK INC","7243531515","009900","","","","","N","","","","","","N","","","","","","","","1","00153855","10"
"2007002512","99","99","UNKNOWN","","UNKNOWN","","","UNKNOWN","0000000000","080000","","","","","","","","","","00UNKNOWN","N","","UNKNOWN","","","","","","2","0UNKNOWN","99"
"2006007825","05","99","9260 ERIE DRIVE","","S.BEACH","OH","44608","ROBERT OWEN TRUCKING","3307561013","","","","","","N","","","","","","N","","","","","","","","2","00071803","08"
"2006076417","05","1","2641 MEADOWBROOK ROAD","","ROCKYMOUNT","NC","27802","MEADOWBROOK MEAT CO INC","8664366204","052000","","","","","N","","","","","999999999","N","","","","","","","","1","00224605","08"
"2006077653","99","99","UNKNOWN","","UNKNOWN","","","UNKNOWN","","","","","","","","","","","","999999999","N","","9999999999","","","","","","1","99999999","08"
"2006083997","02","8","345 SIXTH AVE.","","PITTSBURGH","PA","152222527","PORT AUTHORITY OF ALLEGHENY CO.","4124422000","","","","","","N","","","","","","N","","A-00976060","","","","","","1","","11"
"2006067517","02","1","17TH ARSONAL BLVD","","HARRISBURGH","PA","17120","PENN DOT EQUIPTMENT","4128250613","035000","","","","","N","","","","","999999999","N","","","","","","","","1","","05"
"2006200882","00","1","2101 HARDY PARKWAY STRE","","GROVE CITY","OH","43125","PITT OHIO EXPRESS","","073280","","","","","N","","","","","","U","","","","","","","","2","0644161","08"
"2006018987","99","99","PO BOX 32368","","CHARLOTTE","NC","28232","LANCE INC","9999999999","999999","","","","","N","","","","","","N","","","","","","","","1","","98"
"2006018987","99","99","517 FOX FORD GLEN CT","","ROSEVILLE","CA","95747","CAPITAL EXPRESS","9999999999","999999","","","","","N","","","","","","N","","","","","","","","2","","98"
"2006038394","02","8","345 6TH AVENUE","","PITTSBURGH","PA","15222","PORT AUTHORITY OF ALLEGHENY CO.","4125665500","","","","","","N","","","","","","N","","","","","","","","1","00000000","11"
"2006099205","02","8","345 6TH AVENUE","3RD FLR","PGH","PA","152222527","PORT AUTHORITY OF ALLEGHENY CO","4125665500","","","","","","N","","","","","","N","","A-00976060","","","","","","1","","11"
"2006068412","03","4","2540 STUTZMAN RD","","SOMERSET","PA","15501","JOURNEYS","8144448800","073280","","","","","N","","","","","","N","","A00121069","","","","","","1","01292526","04"
"2006074362","02","99","2920 CLAY PIKE","IRWIN","IRWIN","PA","15642","SHUSTERS BUILDERS SUPPLY INC","9999999999","060000","","","","","N","","","","","","N","","","","","","","","2","00344758","08"
"2006023263","02","1","1530 CHARTIERS AVE","","PITTSBURGH","PA","15204","COMCAST","4128751410","","","","","","N","","","","","","N","","","","","","","","2","","02"
"2006062054","02","8","1301 BEAVER AVENUE","","PITTSBURGH","PA","15233","LENZNER COACH LINES","4123219822","014000","","","","","N","","","","","000237433","N","","A-00112590","","","","","","2","00583785","10"
"2006087154","02","99","12609 ALAMEDA DR","12609 ALAMEDA DR","STRONGSVILLE","OH","441490000","NATIONAL ENGINEERING AND CONTRAC","4408236381","026001","","","","","N","","","","","000999999","N","","A-00999999","","","","","","2","00629483","99"
"2006018063","02","8","345 6TH AVENUE","3RD FLOOR","PITTSBURGH","PA","152222527","PORT AUTHORITY OF ALLEGHENY CO","4125665500","","","","","","N","","","","","","","","A-00976060","","","","","","1","","11"
"2006061867","05","99","2101 ARDMORE BLVD","","FOREST HILLS","PA","15221","FOREST HILLS TRANSFER","4129221651","080000","","","","","N","","","","","000041122","N","","","","","","","","2","00085531","04"
"2006044837","99","99","12 ARLOR DR","","PITTSBURGH","PA","15214","STONE TRUCKING INC","9999999999","999999","","","","","N","","","","","","N","","","","","","","","2","","98"
"2006077398","05","1","11903 LILIUM LANE","","GLEN-DALE","MD","20769","FARBAY ENTERPRISES LLC","3014453015","080000","","","","","N","","","","","","N","","","","","","","","1","","08"
"2006054162","02","8","200 HILLVUE LANE","","PITTSBURGH","PA","15237","NORTH ALLEGHENY SCHOOL DISTRICT","4123695500","030000","","","","","N","","","","","","N","","","","","","","","2","","11"
"2007000075","02","4","RR 1 BOX 716","","SCOTTDALE","PA","15683","GREENRIDGE WASTE SERVICES","7248879400","","","","","","N","","","","","","N","","","","","","","","2","00960505","03"
"2006000177","02","8","345 6TH AVE","3RD FLOOR","PITTSBURGH","PA","152222527","PORT AUTHORITY","4125665500","","","","","","N","","","","","","N","","A-00976060","","","","","","1","","11"
"2006099872","02","6","1100 SE HAMBLEN RD","","LEES SUMMIT","MO","64081","AUCTION TRANSPORT INC","7349463232","048000","","","","","N","","","","","","N","","","","","","","","1","00287379","08"
"2006022591","03","99","P.O.BOX 1377","203 COOPER AVE. N","ST. CLOUD","MN","58302","ATS SPECIALIZED INC.","3202557400","008000","","","","","N","","","","","","N","","","","","","","","1","00606056","08"
"2006097062","03","4","4917 OLD WILLIAM PENN H","HIGHWAY","MONROEVILLE","PA","15146","JA RUTTER COMPANY","7243271101","064000","","","","","N","","","","","","N","","","","","","","","2","00833061","04"
"2006033560","03","99","2330 MOLLY PITCHER HWY","","CHAMBERSBURG","PA","17201","TRICKLING SPRINGS CREAMERY","7177292936","050000","","","","","N","","","","","","N","","","","","","","","1","01176271","04"
"2006061656","02","8","345 6TH AVE 3RD FL","","PITTSBURGH","PA","152222527","PORT AUTHORITY","4124422000","","","","","","N","","","","","","N","","A-00976060","","","","","","1","","11"
"2006036324","02","8","345 6TH AVE","","PITTSBURGH","PA","15222","PORT AUTHORITY OF ALLEG. CO","4124422000","","","","","","N","","","","","","N","","A-00976060","","","","","","1","","11"
"2006057770","02","4","806 BREEZEWOOD","","GLENSHAW","PA","15116","JOHN FRIES LANDSCAPING","4124873369","011000","","","","","N","","","","","","N","","","","","","","","2","00012546","03"
"2006053666","99","99","9515 N WILDFLOWER CT","","GULFPORT","MS","39503","GULFSTREAM EXPRESS INC","8008077351","080000","","","","","N","","","","","","U","","","","","","","","1","00728830","06"
"2006064628","05","3","6600 BESSEMER AVE","","CLEVELAND","OH","44127","THE KAPLIN TRUCKING COMPANY","8008925040","080000","","","","","N","","","","","000002304","N","","A-00011166","","","","","","2","00120670","08"
"2006007364","02","8","345 6TH AVE","","PITTS","PA","152222527","PORT AUTH OF ALLEG CO","4124422000","","","","","","N","","","","","","N","","A-00976060","","","","","","1","","11"
"2006116423","02","8","345 6TH AVE","","PITTSBURGH","PA","152222527","PORT AUTHORITY","4124422000","","","","","","N","","","","","","","","A-00976060","","","","","","1","","11"
"2007026649","02","8","1000 CHURCH HIL","","VENITIA","PA","15367","LAIDLAW  TRANSIT","4128313112","009600","","","","","N","","","","","","N","","A-00108982","","","","","","2","","10"
"2006201220","00","99","41738 ESTERKY DRIVE","","COLUMBIANA","OH","44408","DART TRUCKING","","080000","","","","","N","","","","","","U","","PA-A101191","","","","","","1","0124009","08"
"2006067139","05","1","7101 WEST 17TH AVE","","GARY","IN","46406","SCHNEIDER NATIONAL CARRIERS INC","9999999999","080000","","","","","N","","","","","","N","","","","","","","","2","00264184","08"
"2006118307","99","1","100-PAPERCRAFT PARK","","PITTSBURGH","PA","15238","GENCO COMPANY","4128261199","800001","","","","","N","","","","","000408676","N","","A-00118018","","","","","","1","00955549","08"
"2006130846","99","99","UNKNOWN","UNKNOWN","UNKNOWN","ZZ","99999","UNKNOW","9999999999","999999","","","","","N","","","","","","N","","","","","","","","2","","98"
"2006101968","02","1","172 SOUTH 21ST STREET","","PITTSBURGH","PA","15203","COURIER EXPRESS","8008375959","","","","","","N","","","","","","N","","A-00105585","","","","","","2","00269750","98"
"2006067747","02","0","345 6TH AVE","","PITTSBURGH","PA","15222","PORT AUTHORITY","4125551212","","","","","","N","","","","","","N","","A-00976060","","","","","","1","","00"
"2006041676","03","4","1475 GREENSBURG ROAD","","NEW KENSINGTON","PA","15068","SAN-JOY ENTERPRISE","7243391130","073280","","","","","N","","","","","","N","","A-00110252","","","","","","2","","04"
"2006063721","04","99","1600 E PIONEER RAILWAY","","ARLINGTON","TX","76010","NORFOLK SOUTHERN RAILWAY","8007329279","070000","","","","","N","","","","","","N","","","","","","","","1","00322521","04"
"2006085611","05","1","1560 CADDIE DR","","BOURBONNAIS","IL","60914","MARTIN J ZILLINGER","8159358551","080000","","","","","N","","","","","000167201","N","","","","","","","","1","00230684","08"
"2006073994","02","8","345 SIXTH AVE.","","PGH.","PA","152222527","PORT AUTHORITY","4125665500","026000","","","","","N","","","","","","N","","A-00976060","","","","","","2","","11"
"2006056903","05","4","255 GREENVILLE RD","","CORTLAND","OH","444109648","FLINT TRUCKING COMPANY","3306382900","","","","","","N","","","","","000231820","N","","","","","","","","2","00517699","08"
"2007004756","05","1","801 N PLEASANT AVE","","SOMERSET","PA","15501","DIE","8144441444","080000","","","","","N","","","","","","N","","","","","","","","2","01443575","08"
"2006029916","05","1","1319 WEST 130TH ST","","WEST HINCKLEY","OH","44233","FRAHER TRANSIT INC","7243521110","080000","","","","","N","","","","","","N","","","","","","","","1","00473998","08"
"2006110497","99","1","1745 DREMEN AVENUE","","CINCINNATI","OH","45223","TRUCKWAY LEASING","5135395200","032000","","","","","N","","","","","","N","","","","","","","","2","00337460","03"
"2006047552","99","99","UNKNOWN","","UNKNOWN","ZZ","99999","UNKNOWN","9999999999","999999","","","","","N","","","","","","N","","","","","","","","2","","98"
"2006099729","99","8","110 LENZNER COURT","","SEWICKLEY","PA","15143","LENZNER COACH LINE","9999999999","999999","","","","","N","","","","","","N","","","","","","","","1","99999999","11"
"2006050447","03","4","2412 MARBURY RD","","PITTSBURGH","PA","15221","UNKNOWN","4126706219","999999","","","","","N","","","","","","N","","","","","","","","1","","98"
"2006087928","05","1","4400 HOMERLEE ST","","EAST CHICAGO","IN","46312","C R ENGLAND INC","8008971801","080000","","","","","N","","","","","","N","","","","","","","","1","00028406","08"
"2006202735","00","1","46567 DAVIS ROAD","","CADIZ","OH","43907","DELMAS L DAVIS","","999999","","","","","N","","","","","","U","","","","","","","","1","","08"
"2007000678","05","3","1 PGT WAY","","MONACA","PA","15061","PGT TRUCKING INC","8008326748","080000","","","","","N","","","","","000094540","N","","A-00105584","","","","","","2","00192897","08"
"2006084755","03","5","734 HAPPY HOLLOW ROAD","","ELIZABETH","PA","15037","SCOTT O. WILHELM","4123843000","","","","","","N","","","","","","N","","","","","","","","1","01216585","04"
"2006059082","02","8","2235 BEAVER AVE","345 SIXTH AVE","PITTSBURGH","PA","15233","PORT AUTHORITY","4125665500","","","","","","N","","","","","","N","","A-00976060","","","","","","1","","11"
"2006116244","99","1","300 ALLEGHENY RIVER","BLVD","OAKMONT","PA","99999","PARKINS ASSOCIATES","4128285122","009600","","","","","N","","","","","","N","","","","","","","","2","","02"
"2007012049","03","4","&","ARSENA BLVD","HARRISBURG","PA","17120","COMM OF PA","4123642122","058400","","","","","N","","","","","","N","","","","","","","","1","","04"
"2006099266","02","8","2235 BEAVER AVE","","PITTSBURGH","PA","15233","PORT AUTHORITY OF ALLEGHENY CO","4124422000","","","","","","N","","","","","","N","","","","","","","","2","00000000","11"
"2006051192","99","99","295 WEST STUBEN ST","","PITTSBURGH","PA","15205","L AND L TRANSFER","9999999999","999999","","","","","N","","","","","","N","","","","","","","","2","","98"
"2006007877","02","0","345 6TH AVE","","PITTSBURGH","PA","15220","PORT AUTHORITY","4126655000","","","","","","N","","","","","","","","A-00976060","","","","","","1","","00"
