"CRN","AXLE_CNT","CARGO_BD_TYPE","CARRIER_ADDR_1","CARRIER_ADDR_2","CARRIER_ADDR_CITY","CARRIER_ADDR_STATE","CARRIER_ADDR_ZIP","CARRIER_NM","CARRIER_TEL","GVWR","HAZMAT_CD1","HAZMAT_CD2","HAZMAT_CD3","HAZMAT_CD4","HAZMAT_IND","HAZMAT_REL_IND1","HAZMAT_REL_IND2","HAZMAT_REL_IND3","HAZMAT_REL_IND4","ICC_NUM","OSIZE_LOAD_IND","PERMITTED","PUC_NUM","SPECIAL_SIZING1","SPECIAL_SIZING2","SPECIAL_SIZING3","SPECIAL_SIZING4","TYPE_OF_CARRIER","UNIT_NUM","USDOT_NUM","VEH_CONFIG_CD"
"2012019255","02","8","345 SIXTH AVE.","","PITTSBURGH","PA","15222","PORT AUTHORITY","4125665200","","","","","","N","","","","","","N","","A-00976060","","","","","","2","","11"
"2012121436","02","8","395 E. PIKE RD.","","INDIANA","PA","15701","STUDENT TRANSPORTATION OF AMER","4122699970","000099","","","","","N","","","","","000000099","N","","A-00000099","","","","","","1","00000099","11"
"2012033515","04","5","2400 POLAND AVE","","YOUNGSTOWN","OH","44502","TC TRUCKING CO","3307752143","073280","","","","","N","","","","","","N","","","","","","","","1","00386883","04"
"2012033515","02","3","229 PAWNEE ST","","BELLE VERNON","PA","15012","ALL AROUND CONCRETE","7242433398","012500","","","","","N","","","","","","N","","","","","","","","3","02175Q10","03"
"2012008210","02","8","200 HAHN ROAD","","PITTSBURGH","PA","15209","FIRST STUDENT INC","4123037365","","","","","","N","","","","","","N","","","","","","","","2","","10"
"2012077276","05","99","800 PARK DRIVE","","OWANTONNA","MN","55060","VIRACON TRANSPORTATION INC","5074519555","","","","","","N","","","","","","U","","","","","","","","1","01767456","08"
"2012033119","03","2","1200 BUTLER RD","","FREEPORT","PA","16229","FREEPORT TRANSPORT","8005521954","080000","","","","","N","","","","","","N","","","","","","","","1","00085533","08"
"2012077995","05","1","316 GATOR LANE","","WYTHEVILLE","VA","24382","PEPSI LOGISTICS COMPANY","2192613526","080000","","","","","N","","","","","","N","","","","","","","","1","00246204","08"
"2012082736","05","1","UNKNOWN","","UNKNOWN","ZZ","99999","UNKNOWN","9999999999","080000","","","","","N","","","","","","N","","","","","","","","3","99999999","08"
"2012081710","05","2","515 SEAHORSE DRIVE","","WAUKEGAN","IL","60085","PENN TANK LINES","4126040333","080000","3","","","","Y","1","","","","","N","","","","","","","","2","00264473","08"
"2012096248","02","1","9800 CROSSPOINT BLVD","","INDIANAPOLIS","IN","46256","ROLLING FRITO LAY SALES LP","4124006566","","","","","","N","","","","","","N","","","","","","","","2","00926150","03"
"2012055746","05","3","4727 WHITE CHURCH RD","","CHAMBERSBURG","PA","17201","REUBEN E. HEGE","7172633381","080000","","","","","N","","","","","","N","","","","","","","","2","01144473","06"
"2012080421","05","1","703 WALL AVE.","","WALL","PA","15148","EVANS TRANSPORT","4123725160","080000","","","","","N","","","","","","N","","","","","","","","2","00038111","08"
"2012038105","02","8","400 HILLVUE LANE","","PITTSBURGH","PA","15237","NORTH ALLEGHENY SCHOOL DISTRICT","9999999999","","","","","","N","","","","","","N","","","","","","","","2","","11"
"2012028787","02","8","1720 W NORTH AVE","","PITTSBURGH","PA","15233","FIRST STUDENT INC","4123224449","010000","","","","","N","","","","","","N","","","","","","","","2","00354406","10"
"2012052858","02","8","2235 BEAVER AVENUE","","PITTSBURGH","PA","15233","PORT AUTHORITY OF ALLEGHENY CO","4122377000","","","","","","N","","","","","","N","","A-00976060","","","","","","2","","11"
"2012080565","02","8","345 6TH AVE. 3RD FL.","","PITTSBURGH","PA","152222527","PORT AUTHORITY-ALLEGHENY CO.","4125665214","026000","","","","","N","","","","","","N","","A-00976060","","","","","","2","","11"
"2012034187","03","7","139 VICTORY RD","","SAXONBURG","PA","16056","MORROW REFUSE INC.","7242652491","000000","","","","","N","","","","","","N","","","","","","","","2","00400538","04"
"2012003311","04","3","22 BANCO BUSINESS PARK","1061 MAIN ST","NORTH HUNTINGDON","PA","15642","ALLEGHENY RECOVERY CORP","4128644901","073280","","","","","N","","","","","","U","","","","","","","","2","02088083","04"
"2012083073","03","3","RT. 10 GREEN HILLS","BOX 563","READING","PA","19603","ROOFING SUPPLY TRANSPORTATION LL","8667003377","052000","","","","","N","","","","","","N","","","","","","","","2","01940433","04"
"2012007799","02","8","345 6TH AVENUE 3RD FLR","","PITTSBURGH","PA","152222527","PORT AUTHORITY OF ALLEGHENY COUN","4125665500","","","","","","N","","","","","","N","","A-00976060","","","","","","1","","11"
"2012080055","03","7","200 RANGOS LANE","","WASHINGTON","PA","15301","WASTE MANAGMENT","4126253000","073280","","","","","N","","","","","","N","","","","","","","","1","00344050","04"
"2012119736","04","1","2742 WAYNE HAVEN ST","","FORT WAYNE","IN","46803","FEDEX GROUND PACKAGE SYSTEM INC","8005971835","080000","","","","","N","","","","","","N","","","","","","","","2","00265752","09"
"2012130482","02","8","2235 BEAVER AVENUE","","PITTSBURGH","PA","15233","PORT AUTHORITY ALLEGHENY COUNTY","4124422000","","","","","","N","","","","","","N","","A-00976060","","","","","","1","","11"
"2012114200","02","0","P.O. BOX 124","","STRONGSTOWN","PA","15957","STRONGSTOWN B&K ENTERPRISES","8147499100","032000","","","","","N","","","","","","N","","","","","","","","1","01426566","99"
"2012063452","05","2","SOUTH WATER ST,P O BOX","","KITTANING","PA","16201","PAUL BRADIGAN & SONS","7245487654","080000","3","","","","Y","1","","","","A0-999999","N","","A-9999999","","","","","","2","","08"
"2012112319","03","2","86 AIRPORT RD","","POTTSTOWN","PA","19464","VENEZIA TRANSPORTATION SVC","8008829691","080000","","","","","N","","","","","","N","","","","","","","","1","01079966","04"
"2012019650","02","8","MT NEBO LEZNER COURT","","SEWICKLEY","PA","15143","QUAKER VALLEY SCHOOL DISTRICT","4127413242","","","","","","N","","","","","","N","","","","","","","","1","01128150","11"
"2012117447","03","8","2235 BEAVER AVE","","PITTSBURGH","PA","15233","PORT AUTHORITY OF ALLEGHENY COUN","4125665500","","","","","","N","","","","","","N","","A-00976060","","","","","","4","","11"
"2012076930","06","3","4555 HOLLINS FERRY ROAD","","BALTIMORE","MD","21227","COWAN SYSTEMS","7242510986","","","","","","N","","","","","","N","","","","","","","","1","00548880","08"
"2012069272","02","1","1305 MURIEL STREET","","PITTSBURGH","PA","15203","BOARD OF PUBLIC EDUCATION","4124885120","026000","","","","","N","","","","","000000000","N","","","","","","","","1","00000000","03"
"2012132440","02","1","11690 NW 105 ST 1E","","MIAMI","FL","33178","RYDER TRUCK RENTAL","3304681312","026000","","","","","N","","","","","","N","","","","","","","","2","00428271","09"
"2012124404","02","8","345 6TH AVENUE","","PITTSBURGH","PA","15222","PORT AUTHORITY OF PITTSBURGH","4125665214","","","","","","N","","","","","","N","","","","","","","","3","","11"
"2012086123","02","8","345 SIXTH AVE.","","PITTSBURGH","PA","152222527","PORT AUTHORITY OF ALLEGHENY CO.","4124422000","039000","","","","","N","","","","","","N","","A-00976060","","","","","","1","","11"
"2012115587","02","8","200 HAHN RD","","PITTSBURGH","PA","15209","FIRST STUDENT","4128280226","","","","","","N","","","","","","N","","","","","","","","1","","11"
"2012024890","03","99","4808 BALL AVE","","WEST MIFFLIN","PA","15122","HAROLD E MORGAN","4128414891","010000","","","","","N","","","","","","N","","","","","","","","1","00192897","08"
"2012127218","01","1","2833 NEW BEAVER AVE.","","PITTSBURGH","PA","15233","DUQUENSE LIGHT CO.","4127793746","008650","","","","","","","","","","","N","","","","","","","","1","00022448","02"
"2012124005","03","3","12071 HAMILTON AVE","","CINCINATTI","OH","452311032","RICHARD GEOTTLE INC","5136043026","020000","","","","","N","","","","","","N","","","","","","","","2","00211774","08"
"2012017797","03","4","302 MCKRELL RD","","TARENTUM","PA","15084","GARY ARTHUR","9999999999","073280","","","","","","","","","","","N","","","","","","","","1","","04"
"2012009918","05","3","604 ZEIGLER RD","","ROCHESTER","PA","15074","ACTION TRANSPORTATION","7244531119","080000","","","","","N","","","","","000474944","N","","A-00120460","","","","","","4","01182275","08"
"2012034371","03","8","1301 BEAVER AVE","","PITTSBURGH","PA","15233","COACH USA- LENZNER COACH LINES","4123219822","999999","","","","","N","","","","","","N","","","","","","","","1","00823205","11"
"2012102106","03","99","5601 W. BUCKEYE ROAD","","PHOENIX","AZ","85043","KNIGHT TRANSPORTATION INC.","5407181923","008000","","","","","N","","","","","","N","","","","","","","","1","00428823","06"
"2012089762","05","2","4041 PARK OAKS BLVD","STE 200","TAMPA","FL","33610","QUALITY CARRIERS INC","8002822031","099400","","","","","N","","","","","","N","","","","","","","","1","00076600","08"
"2012050683","02","1","3301 SOUTH MERIDAN","","OKLAHOMA CITY","OK","73159","BUDGET TRUCK TRUST","7576872000","025500","","","","","N","","","","","","N","","","","","","","","1","01092543","03"
"2012102582","04","1","1 DOT WAY","PO BOX 206","MT. STERLING","IL","62353","DOT TRANSPORTATION INC","2777733922","080000","","","","","N","","","","","0MC235436","N","","A-99999999","","","","","","1","00424023","08"
"2012027278","08","1","858 MERIDIAN DR","","AURORA","IL","60504","UPS","8005551212","080000","","","","","N","","","","","","N","","","","","","","","2","00021800","08"
"2012080457","03","8","2235 BEAVER AVE","","PITTSBURGH","PA","15233","PORT AUTHORITY OF ALLEGHENY COUN","4129999999","","","","","","N","","","","","000000000","N","","","","","","","","1","00000000","11"
"2012014605","05","3","174 ONEIDA VALLEY RD.","","BUTLER","PA","16001","HUNTER LEASING INC.","8779457378","080000","","","","","N","","","","","","N","","A-8911740","","","","","","2","01984946","08"
"2012091118","03","3","1336 W PITTSBURGH ST","","SCOTTDALE","PA","15683","HUNTER INC","7248877224","033000","","","","","N","","","","","","N","","","","","","","","1","02317207","09"
"2012075208","02","1","387 MEDINA RD STE 1500","","MEDINA","OH","44256-9679","TCI CONTRACTING LLC","3302391122","013000","","","","","N","","","","","","N","","","","","","","","1","00144100","09"
"2012002496","02","8","345 6TH AVE 3RD FLOOR","","PITTSBURGH","PA","152222527","PORT AUTHORITY ALLEGHENY COUNTY","4124422000","","","","","","N","","","","","","N","","A-00976060","","","","","","1","","11"
"2012114784","02","3","1315 MAIN STREET","","SHARPSBURG","PA","15215","FERRA'S AUTOMOTIVE SERVICES","4129999999","030000","","","","","","","","","","","N","","","","","","","","2","00999999","03"
"2012039321","04","8","345 SIXTH AVE","","PITTSBURGH","PA","15222","PORT AUTHORITY OF ALLEGHENY COUN","4124422000","","","","","","N","","","","","","N","","A-00976060","","","","","","2","","11"
"2012046242","05","1","650 WEST TOWN RD1","","WEST CHESTER","PA","19381","A. DUIE PYLE","8007842395","080000","","","","","N","","","","","","N","","A-00107226","","","","","","1","00113594","08"
"2012053440","02","8","221 ALLEGHENY AVENUE","","OAKMONT","PA","15139","TDF SERVICES INC","4123701557","","","","","","N","","","","","","N","","","","","","","","4","","10"
"2012113024","06","3","4625 INDUSTRIAL RD","","FORT WAYNE","IN","46825","BUCHANN HAULING AND RIGGING INC.","8888888888","","","","","","N","","","","","","N","","","","","","","","1","","08"
"2012113024","04","8","345 SIXTH AVE","","PITTSBURGH","PA","15222","PORT AUTHORITY OF ALLEGHENY COU","4124422000","","","","","","N","","","","","","N","","A-00976060","","","","","","2","","11"
"2012032095","05","1","225 HOMER LANE","","MOORESVILLE","NC","28117-8404","UNIQUE PERFORMANCE INC","5408081220","008000","","","","","N","","","","","","N","","","","","","","","3","00907007","08"
"2012053976","99","99","51ST & AVRR STREETS","","PITTSBURGH","PA","15201","CLEAN CARE","9999999999","999999","","","","","N","","","","","","N","","","","","","","","1","","98"
"2012100140","02","8","4 RIVER ROAD","","MCKEES ROCKS","PA","15136","MATTHEWS BUS CO.","4123315009","","","","","","N","","","","","","N","","","","","","","","2","","11"
"2012031571","05","1","14507 FRONTIER ROAD","","OMAHA","NE","68145","WERNER ENTERPRISES INC","8003310361","080000","","","","","N","","","","","","N","","","","","","","","2","00053467","08"
"2012053499","02","1","221 CURRY HOLLOW RD","","PGH","PA","15236","HADDADS INC","4126558822","014500","","","","","N","","","","","","N","","","","","","","","1","00369163","03"
"2012099238","99","99","5200 STICKNEY AVENUE","","TOLEDO","OH","43612","ECM TRANSPORT LLC","9999999999","","","","","","N","","","","","","N","","","","","","","","2","","99"
"2012028099","02","8","345 SIXTH AVE.","","PITTSBURGH","PA","152222527","PORT AUTHORITY OF ALLEGHENY CO.","4124422000","039000","","","","","N","","","","","","N","","","","","","","","1","","11"
"2012060552","02","99","101 OLD FRANKSTOWN ROAD","","PITTSBURGH","PA","15239","FIRST STUDENT","4127939600","014000","","","","","N","","","","","","N","","","","","","","","1","00354406","99"
"2012106224","01","0","47 E CRAFTON AVE","","PITTSBURGH","PA","15205","WOLBERT AUTO BODY","4129228898","","","","","","N","","","","","","N","","","","","","","","2","","02"
"2012044181","02","8","3064 INDUSTRIAL","","BETHEL PARK","PA","15102","BETHEL PARK SCHOOL DISTRICT","4128548608","000000","","","","","N","","","","","","N","","","","","","","","2","01129231","11"
"2012010512","04","99","6717 HIGHLAND HOUSE CT","","ST LOUIS","MO","63123","KEZO EXPRESS LLC","3145849284","080000","","","","","N","","","","","","N","","","","","","","","1","01387975","08"
"2012056183","05","3","4687 FAIRVIEW DRIVE","","MURRYSVILLE","PA","15668","D. PIERCE TRANSPORTATION INC.","7243346880","080000","","","","","N","","","","","","N","","","","","","","","1","00349869","06"
"2012126853","06","99","10 INDUSTRIAL HWY","BLDG 6","LESTER","PA","19029","SUNOCO INC","4127843484","800000","","","","","N","","","","","000999999","N","","A-99999999","","","","","","1","00099999","09"
"2012075901","05","1","2245 INDUSTRIAL DRIVE","","CONNELLSVILLE","PA","15425","PACKAGING SERVICES INC","7246260100","","","","","","N","","","","","","N","","","","","","","","1","00339409","08"
"2012045358","05","1","15 27TH ST","","PITTSBURGH","PA","15222","PITT OHIO EXPRESS LLC","4122323015","080000","1","","","","Y","2","","","","000030136","N","","","","","","","","2","00190180","08"
"2012037499","03","8","345 SIXTH AVE 3RD FLOOR","","PITTSBURGH","PA","152222527","PORT AUTHORITY OF ALLEGHENY COUN","4125665500","","","","","","N","","","","","","N","","A-00976060","","","","","","1","","11"
"2012041165","05","2","1660 STATE ROUTE 136","","EIGHTY FOUR","PA","15330","SELECT SERVICE INC","7242224890","080000","","","","","N","","","","","","N","","","","","","","","2","00344483","06"
"2012063471","02","6","2103 W. MISHAWAKA RD","","ELKHART","IN","46515","MAPLETREE TRANSPORTATION INC","5742946003","037000","","","","","N","","","","","000318951","U","","","","","","","","1","00686314","08"
"2012058214","02","99","201 N. TREMONT AVE.","","GREENSBURG","PA","15601","COMCAST","4129652309","","","","","","N","","","","","","N","","","","","","","","2","00000000","00"
"2012111694","02","8","798 EASTOWN RD","","SARVER","PA","16055","WL ROENIGK INC","9999999999","","","","","","N","","","","","","N","","","","","","","","2","","11"
"2012045730","02","1","4935 NEW HAVEN AVENUE","","FORT WAYNE","IN","46803","AIRGAS USA LLC","4129283729","032000","","","","","N","","","","","","N","","","","","","","","1","00299712","09"
"2012034225","05","2","1200 BUTLER RD","","FREEPORT","PA","16229","FREEPORT TRANSPORT INDUSTRIES IN","7242952181","080000","","","","","N","","","","","","N","","","","","","","","1","00085533","08"
"2012015274","03","7","200 RANGOS LN","","WASHINGTON","PA","15301","WASTE MANAGEMENT","7242257585","073280","","","","","N","","","","","","N","","","","","","","","1","00344050","04"
"2012012139","05","3","7556 CLEVELAND ROAD","","WOOSTER","OH","44691","LOGISTIC LEASING SYSTEMS","3308046042","080000","","","","","N","","","","","","N","","","","","","","","2","00437170","08"
"2012111221","05","3","7135 CENTENNIAL PLACE","","NASHVILLE","TN","37209","WESTERN EXPRESS INC","6152599920","080000","","","","","N","","","","","","N","","","","","","","","2","00351683","08"
"2012097468","02","8","345 SIXTH AVE.","","PITTSBURGH","PA","15222","PORT AUTHORITY","4125665200","","","","","","N","","","","","","N","","A-00976060","","","","","","2","","11"
"2012034227","05","4","1292 KEYSTONE LANE","","NORTH HUNTINGDON","PA","15642","SCHERBICK EXCAVATING & GENERAL C","4128230504","073280","","","","","N","","","","","","N","","","","","","","","1","01169138","04"
"2012118860","05","2","SOUTH WATER ST","PO BOX 995","KITTANNING","PA","16201","BRADIGANS","7245251793","080000","3","","","","Y","1","","","","","N","","","","","","","","2","00266946","06"
"2012047043","02","0","1500 TRUMBELL AVE","","GIRARD","OA","44420","AIM LEASING CO.","7242636769","","","","","","","","","","","","N","","","","","","","","2","00232334","00"
"2012059852","02","3","1220 MCKEE STREET","","MCKEES ROCKS","PA","15136","HOLDEN CORPORATION","4127716344","025500","","","","","N","","","","","","N","","","","","","","","1","00364088","03"
"2012093299","05","2","2797 FREEDLAND RD","","HERMITAGE","PA","16148","ALPONT TRANSPORTATION LLC","7249813771","068000","","","","","N","","","","","000365233","N","","","","","","","","2","00819614","06"
"2012044125","05","3","328 HIGHLAND AVE","","PITTSBURGH","PA","15112","KRAMER CASEY ENTERPRISES INC","8143815763","080000","","","","","N","","","","","","N","","","","","","","","1","01829415","06"
"2012047404","03","4","8555 OLD STUBENVILLE PK","","IMPERIAL","PA","15126","GOLDEN TRIANGE CONSTRUCTION","4124067137","073280","","","","","N","","","","","","N","","","","","","","","1","02104574","04"
"2012083060","02","1","971 BRIARSDALE ROAD","","HARRISBURG","PA","17109","RYDER","4126787794","","","","","","N","","","","","","U","","","","","","","","1","00973585","03"
"2012004139","05","3","420 CONSTRUCTION BLVD.","","ROCHESTER","PA","15074","ALBERT BOOTS","7014217206","","","","","","N","","","","","","N","","","","","","","","2","","08"
"2012087430","01","3","2833 NEW BEAVER AVENUE","","PITTSBURGH","PA","15233","DUQUESNE LIGHT CO","4123932791","055000","","","","","","","","","","","N","","","","","","","","1","00413803","03"
"2012077333","05","1","5300 TOD AVE S.W.","","LORDSTOWN","OH","44481","THE ANDERSON DUBOSE COMPANY","4402488800","080000","","","","","N","","","","","","N","","","","","","","","2","00461350","08"
"2012102777","02","8","1850 GILL HALL RD.","","FINLEYVILLE","PA","15332","MATTHEWS BUS CO INC","4123848810","","","","","","N","","","","","","N","","","","","","","","2","","11"
"2012042926","02","3","109 MCCLURE STREET","","DRAVOSBURG","PA","15034","C&D TOWING","4124699381","","","","","","N","","","","","000572072","N","","A-00123372","","","","","","1","00536207","03"
"2012103112","03","7","18500 N. ALLIED WAY","","PHOENIX","AZ","85054","BFI WASTE SERVICES OF PA. LLC","4806272700","584000","","","","","N","","","","","","N","","","","","","","","2","00962087","04"
"2012033611","05","3","400 KECK STREET, P.O. B","","SEWARD","PA","15954","M & C TRUCKING CO.","8144464441","080000","","","","","N","","","","","000143801","N","","","","","","","","1","00163516","08"
"2012040737","02","8","2030 SWALLOW HILL ROAD","","PITTSBURGH","PA","15220","CHARTIERS VALLEY SCHOOL DISTRICT","9999999999","999999","","","","","N","","","","","","N","","","","","","","","1","","11"
"2012081975","03","7","4859 STATE RT. 51 N","","BELL VERNON","PA","15012","BIGS SANITATION","7243794331","026000","","","","","N","","","","","","N","","","","","","","","2","02099338","04"
"2012027064","03","3","299 SPRING GLADE ROAD","","OAKLAND","MD","21550","LARRY WAGNER","3013876160","080000","","","","","N","","","","","","N","","","","","","","","3","00384987","06"
"2012058292","05","3","236 WINFIELD RD","","SARVER","PA","16055","WAYNE SELL","7243529441","080000","","","","","N","","","","","000127848","N","","","","","","","","1","00098033","06"
"2012107169","02","1","51ST & AVRR STS","","PITTSBURGH","PA","15201","CLEAN CARE","4126817600","025500","","","","","N","","","","","","N","","","","","","","","1","00394016","03"
"2012032191","01","1","650 MANSFIELD AVENUE","","PITTSBURGH","PA","15205","PENNSYLVANIA MACARONI","4124718330","","","","","","N","","","","","","N","","","","","","","","2","","02"
"2012112131","02","8","200 HAHN RD","","PITTSBURGH","PA","15209","FIRST STUDENT INC","4124318747","033000","","","","","N","","","","","","N","","","","","","","","2","00354406","11"
"2012110563","03","1","2950 LONG LAKE RD","","ST PAUL","MN","55113","BERGER TRANSFER STORAGE","6516392654","","","","","","N","","","","","","U","","","","","","","","2","00125665","08"
"2012132018","03","99","200 WASHINGTON AVE","","DRAVOSBURG","PA","15034","RED WHITE AND BLUE CRANE LLC","4124690444","073280","","","","","N","","","","","","U","","","","","","","","1","01174394","04"
"2012076697","04","4","1204 5TH AVE","","MCKEESPORT","PA","15132","MEADE BROTHERS TRUCKING","4126727688","073280","","","","","N","","","","","","N","","A-00120791","","","","","","1","01062502","04"
"2012061225","05","2","1300 E POLAND AV","PO BOX 67","BESSEMER","PA","16112","MARTIN TRUCKING INC.","7246677751","080000","","","","","N","","","","","000105886","N","","A-0079156","","","","","","1","00088339","06"
"2012107558","05","1","10900 BELMONT AVE","","FRANKLIN PARK","IL","60131","MULTI GROUP LOGISTICS","8885857878","080000","","","","","N","","","","","","N","","","","","","","","1","01205833","08"
"2012051796","01","99","2235 BEAVER AVENUE","","PITTSBURGH","PA","15233","PORT AUTHORITY ALLEGHENY COUNTY","4124422000","","","","","","N","","","","","","N","","A-00976060","","","","","","2","","02"
"2012050117","02","8","2235 BEAVER AVENUE","","PITTSBURGH","PA","15233","PORT AUTHORITY ALLEGHENY COUNTY","4124422000","","","","","","N","","","","","","N","","A-00976060","","","","","","1","","11"
"2012120881","04","8","345 SIXTH AVE","","PITTSBURGH","PA","15222","PORT AUTHORITY OF ALLEGHENY","4124422000","","","","","","N","","","","","","N","","A-00976060","","","","","","1","","11"
"2012018313","03","3","133 N.BLAINE ST.","","GARY, INDIANA","IN","464060000","MAVERICK TRANSPORTATION LLC","5019551330","080000","","","","","N","","","","","000178538","N","","","","","","","","1","00147496","06"
"2012116060","03","7","121 BRICKYARD RD","","MARS","PA","16046","VALLEY WASTE SERVICE INC","7246309261","058400","","","","","N","","","","","","N","","","","","","","","2","","04"
"2012118387","05","1","16 CROSS HILL ROAD","","AUGUSTA","ME","04332","A-ONE STORAGE LLC","7407567815","080000","","","","","N","","","","","","N","","","","","","","","1","00363915","06"
"2012026795","02","0","4001 LEADENHALL ROAD","","MT LAUREL","NJ","08054","UNITED RENTALS NORTH AMERICA","7246244487","","","","","","N","","","","","","N","","","","","","","","2","00899748","02"
"2012111143","03","1","2971 WELCOME WAY","","GREENWOOD","IN","46143","ARJUN TRUCKING","3173412472","080000","","","","","N","","","","","","N","","","","","","","","2","01885616","06"
"2012023708","12","1","681 MILL RUN RD","","MILL RUN","PA","15464","ARSENBERGER TRUCKING","7244452826","080000","","","","","N","","","","","000184689","N","","A-0107037","","","","","","1","00261279","06"
"2012111773","02","8","345 6TH AVE 3RD FLOOR","","PITTSBURGH","PA","152222527","PORT AUTHORITY ALLEGHENY COUNTY","4124422000","","","","","","N","","","","","","N","","A-00976060","","","","","","1","","11"
"2012022996","05","1","14507 FRONTIER RD","","OMAHA","NE","68145","WERNER ENTERPRISES INC","8884937637","080000","","","","","N","","","","","","N","","","","","","","","2","00053467","08"
"2012014615","02","99","8555 OLD STEUBENVILLE P","","IMPERIAL","PA","15126","GOLDEN TRIANGLE CONSTRUCTION CO","7246950098","019500","","","","","N","","","","","","N","","","","","","","","1","02104574","00"
"2012048793","05","1","1619 BLUFF ROAD","","COLUMBIA","SC","29201","SOUTHLAKE TRANS. INC.","8039576982","080000","","","","","N","","","","","","N","","","","","","","","1","00497152","06"
"2012131367","99","99","UNKNOWN","","UNKNOWN","ZZ","99999","UNKNOWN","9999999999","","","","","","N","","","","","","U","","","","","","","","1","00000009","99"
"2012025461","05","1","160 VELTRI DRIVE","","WASHINGTON","PA","15301","VELTRI TRUCKING INC","4125890349","","","","","","N","","","","","004583401","N","","A-00120073","","","","","","1","01077151","06"
"2012123944","05","1","205 E MAIN ST","PO BOX 8608","ROBINSON","IL","62454","RIGHTWAY TRUCKING","8147860103","800000","","","","","N","","","","","","N","","","","","","","","2","01084722","06"
"2013004082","03","4","201 ELMTREE ROAD","","NEW KENSINGTON","PA","15068","GENTILE TRUCKING","7243343771","073280","","","","","N","","","","","","N","","A-00109712","","","","","","1","02072495","04"
"2012041178","03","2","236 WINFIELD RD","","SARVER","PA","16055","WAYNE W SELL CORP","7243529441","080000","","","","","N","","","","","","N","","","","","","","","1","00098033","08"
"2012041178","02","99","3301 SMALLMAN STREET","","PITTSBURGH","PA","15201","PITTSBURGH TIRE SERVICE","4126837800","007680","","","","","N","","","","","","N","","","","","","","","2","00362243","05"
"2012063070","02","1","1305 MURIEL ST","","PITTSBURGH","PA","15203","BOARD OFEDUCATION","4125266569","025999","","","","","N","","","","","","N","","","","","","","","2","99999999","03"
"2012067485","02","1","RT 10 GREEN HILLS","","READING","PA","19603","PENSKE LOGISTICS","4407596277","033000","","","","","N","","","","","","N","","","","","","","","3","00268015","03"
"2012010188","05","3","1723 TILGHMAN ST","","ALLENTOWN","PA","18104","CRS","6103519858","080000","","","","","N","","","","","","N","","","","","","","","1","01448542","08"
"2012110481","02","1","51ST AND A.V.R.R.","","PITTSBURGH","PA","15201","CLEAN TEXTILE SYSTEMS INC.","4126817600","025000","","","","","N","","","","","","U","","","","","","","","2","","09"
"2012106105","05","3","3930 16TH AVE SE","","CEDAR RAPIDS","IA","52406","CRST MALONE INC","3305024272","080000","","","","","N","","","","","","N","","","","","","","","2","00053773","08"
"2012022347","05","1","1 21ST STREET","","PITTSBURGH","PA","15222","CONSUMER PRODUCE CO. INC.","4122810722","080000","","","","","N","","","","","","N","","","","","","","","2","00390760","08"
"2012070455","02","8","345 6TH AVE.-3RD FL.","","PGH.","PA","152222527","PORT AUTHORITY OF ALLEGHENY CO.","4125665214","026000","","","","","N","","","","","","N","","A-00976060","","","","","","2","","11"
"2012070886","03","8","798 EKASTOWN RD","","SARVER","PA","16055","ROENIGK COACH CO","4127817906","080000","","","","","N","","","","","000165100","N","","A-00124106","","","","","","2","01668645","11"
"2012061745","05","0","2635 LEITERSBURG RD","","WAYNESBORO","PA","17268","JASON STRANGE","7174040811","080000","","","","","N","","","","","","N","","","","","","","","1","00120670","06"
"2012095886","05","1","2611 NORTH LINCOLN AVE","","URBANA","IL","61801","SUPERVALU TRANS INC","8002934751","080000","","","","","N","","","","","","N","","","","","","","","1","00467296","08"
"2012111463","05","2","1290 EAST MAIN STREET","","BARNESVILLE","OH","43713","VL&S TRUCKING","7403913488","080000","","","","","N","","","","","","N","","","","","","","","1","00425105","08"
"2012028513","01","0","345 OLD GILKERSON ROAD","","PITTSBURGH","PA","15228","BATTIST CONSTRUCTION","4128539876","007000","","","","","N","","","","","","N","","","","","","","","2","","00"
"2012023330","05","1","100 YOURGA","","WHEATLAND","PA","16161","B&D LEASING","8002451722","080000","","","","","N","","","","","","N","","","","","","","","2","00098069","08"
"2012020754","02","8","200 HAHN RD","","PITTSBURGH","PA","15116","FIRST STUDENT","4128210323","","","","","","N","","","","","","N","","","","","","","","1","00206992","11"
"2012089771","02","99","141 REIS RUN RD","","PITTSBURGH","PA","15237","KNOBELOCH TRUCKING","4126139006","","","","","","N","","","","","099999999","N","","","","","","","","1","00999999","06"
"2012020945","02","8","2235 BEAVER AVE.","","PITTSBURH","PA","15233","ALLEGHENY COUNTY PORT AUTHORITY","4126305703","","","","","","","","","","","","N","","A-00976060","","","","","","2","","11"
"2012113011","03","8","2235 BEAVER AVE","","PITTSBURGH","PA","15233","PORT AUTHORITY OF ALLEGHENY COUN","4125665500","","","","","","N","","","","","","N","","A-00976060","","","","","","1","","11"
"2012030005","05","1","6575 DAVIS INDUSTRIAL P","","SOLON","OH","44139","ANDERSON DUBOSE PITTSBURGH LLC","4129231424","080000","","","","","N","","","","","","N","","","","","","","","1","01703984","08"
"2013037875","02","0","300 VANDALE DRIVE","","HOUSTON","PA","15342","COCA COLA","0000000000","000001","","","","","N","","","","","000000001","N","","A-00000001","","","","","","1","00000001","02"
"2012081845","05","1","3490 SMITH KRAMER NE","","HARTVILLE","OH","44632","DENVER COX","3306081129","080000","","","","","N","","","","","","N","","","","","","","","3","00512632","08"
"2012067016","02","1","1150 2ND AVE","","NEW KENSINGTON","PA","15068","UNIFIRST CORPORATION","7245944576","011000","","","","","N","","","","","","N","","","","","","","","1","00063904","02"
"2012034100","03","8","200 HAHN RD","","PITTSBURGH","PA","15209","FIRST STUDENT INC","4128211763","","","","","","N","","","","","","N","","","","","","","","2","","11"
"2012090102","04","8","345 6 TH AVENUE","3RD FLOOR","PITTSBURGH","PA","152222527","PORT AUTHORITY OF AC.","4125665500","039750","","","","","N","","","","","","N","","A-00976060","","","","","","3","","11"
"2012031145","05","1","1401 BERLIN RD","","CHERRY HILL","NJ","08034","RYDER TRUCK RENTAL","8564911096","080000","","","","","N","","","","","","N","","","","","","","","2","00344056","08"
"2012119663","03","4","LEWIS HILL III","1420 FRANKLIN AVE.","PITTSBURGH","PA","15221","PITTSBURGH PULLERS LLC","4123397118","054000","","","","","N","","","","","","N","","","","","","","","2","02329409","04"
"2012091101","03","8","10411 HALL INDUSTRIAL","","FREDERICKSBURG","VA","224088761","NATIONAL COACH WORKS INC OF VA","5408986959","037600","","","","","N","","","","","000179067","N","","","","","","","","1","00271803","11"
"2013003260","99","99","UNKNOWN","","UNKNOWN","ZZ","99999-9999","UNKNOWN","9999999999","","","","","","N","","","","","","U","","","","","","","","1","99999999","99"
"2013003260","04","99","11210 CROTON RD","","CROTON","OH","43013","HILLANDALE FARMS","7405727901","077000","","","","","N","","","","","","N","","","","","","","","3","00945298","08"
"2012100975","05","3","1210 AIRBRAKE AVE","","TURTLE CREEK","PA","15145","PA. EQUIPMENT RENTAL","4128238890","080000","","","","","N","","","","","","N","","A-00112202","","","","","","1","","06"
"2012015863","03","8","2235 BEAVER AVENUE","","PITTSBURGH","PA","15233","PORT AUTHORITY OF ALLEGHENY COUN","4124422000","","","","","","N","","","","","","N","","A-00976060","","","","","","1","","11"
"2012095803","02","7","1110 COMA AVE","","MONOGAHELA","PA","15063","BFI WASTE SERVICES OF PA LLC","7245786149","","","","","","N","","","","","000000999","U","","","","","","","","2","00000999","03"
"2012005312","02","99","132 ABERDEEN  DR","","CRANBERRY TWP","PA","16066","ADLER TREE SERVICE","7247138421","005800","","","","","N","","","","","","N","","","","","","","","2","01846535","09"
"2012077693","02","4","99999999","","99999999","PA","99999","999","9999999999","","","","","","","","","","","009999999","","","9999999","","","","","","3","09999999","03"
"2012008228","03","1","5831 CROSS CREEK BLVD","","FORT WAYNE","IN","46818","GFS TRANSPORT LLC","8009687500","080000","","","","","N","","","","","","N","","","","","","","","2","00175852","04"
"2012099785","02","1","1508 SUPERIOR AVE","","PITTSBURGH","PA","15212","MYCHAL MATTHEWS LLC","9999999999","025999","","","","","N","","","","","","N","","","","","","","","1","01704957","03"
"2012050177","02","1","2360 W MAIN STREET","","ALLIANCE","OH","44601","T&Z TIRE WHOLESALERS","3308215022","033000","","","","","N","","","","","","N","","","","","","","","1","00333038","03"
"2012039926","03","7","4859 STATE ROUTE 51N","","BELL VERNON","PA","15037","BIG'S SANITATION","7247975145","047350","","","","","N","","","","","","N","","","","","","","","1","02099338","09"
"2012078960","04","4","300 SEVEN FEILDS BLVD","","SEVEN SPRINGS","PA","16066","HARSCO METALS AMERICAS","8009829826","073820","","","","","N","","","","","","N","","","","","","","","2","00000000","04"
"2012062219","03","8","RTE 910, INDIANOLA RD","","INDIANOLA","PA","15051","FIRST STUDENT INC","4128280226","029000","","","","","N","","","","","000354406","N","","A-00000000","","","","","","2","00354406","11"
"2012128639","02","8","13413 STATE RT 422","","KITTANNING","PA","16201","PATCO TRANSIT INC","9999999999","","","","","","N","","","","","","N","","","","","","","","1","","10"
"2012055993","03","8","323 W PINE ST","","MISSOULA","MT","59802-4119","SANCTUS REAL TOURING LLC","4193884486","040000","","","","","N","","","","","","N","","","","","","","","1","02072340","11"
"2012095194","03","1","1619 BLUFF RD","","COLUMBIA","SC","29203","GE CAPITAL COMM INC","8037994923","080000","","","","","N","","","","","","N","","","","","","","","2","00914309","06"
"2012122889","05","1","PO BOX 449","","VAN BUREN","AR","72957","USA TRUCK INC","4794712500","080000","","","","","N","","","","","000161412","N","","","","","","","","1","00213754","08"
"2012081629","02","8","798 EKASTOWN RD.","","SARVER","PA","16055","W L ROENIGK INC.","4126264177","","","","","","N","","","","","","N","","","","","","","","4","","11"
"2012037109","05","99","203 HAL MULDROW DRIVE","","NORMAN","OK","73069","FFE TRANSPORTATION SERV. INC.","2146308090","080000","","","","","N","","","","","","N","","","","","","","","1","00109745","08"
"2012121402","03","8","645 6TH 6TH AVE","","PITTSBURGH","PA","15222","PORT AUTHORITY OF ALLEGHENY COUN","4124422000","","","","","","N","","","","","","N","","A-00976060","","","","","","2","","11"
"2012069852","05","1","N 4661 OAK GROVE RD","","BRANDON","WI","53919","J & J TRUCKING BRANDON LLC","9203462329","080000","","","","","N","","","","","","N","","","","","","","","1","01003545","08"
"2012046838","05","1","1-71 NORTH AVE EAST","","ELIZABETH","NJ","07201","NEW ENGLAND MOTOR FREIGHT","3304950190","080000","","","","","N","","","","","","N","","","","","","","","1","00031120","08"
"2012046838","05","1","PO BOX 9039","","SALEM","OR","97305","MAY TRUCKING CO","8005479169","080000","","","","","N","","","","","","N","","","","","","","","2","00094081","08"
"2012086553","05","99","200 SPEERS","","BELLE VERNON","PA","15012","SOURCE ONE TRANSPORTATION LLC","7244833570","080000","3","","","","Y","1","","","","000401203","N","","A-00117576","","","","","","2","00930620","06"
"2012039433","02","8","101 OLD FRANKSTOWN RD","","PITTSBURGH","PA","15239","FIRST STUDENT INC","9999999999","","","","","","N","","","","","","N","","","","","","","","2","","10"
"2012001827","02","8","345 SIXTH AVE.","","PITTSBURGH","PA","152222527","PORT AUTHORITY OF ALLEHENY CO.","4124422000","039000","","","","","N","","","","","","N","","A-00976060","","","","","","1","","11"
"2012046744","02","99","BOX 505 ROUTE 837","","WEST ELIZABETH","PA","15088","ALL CRANE RENTAL","4123824200","019500","","","","","N","","","","","","N","","","","","","","","1","00797466","09"
"2012011879","02","1","1821 BEAVER AVE","","PITTSBURGH","PA","15233","UPS","9999999999","","","","","","N","","","","","","N","","","","","","","","1","","03"
"2012097180","02","1","1-71 NORTH AV BOX 6031","","ELIZABETH","NJ","07201","NEW ENGLAND MOTOR FREIGHT INC","9089650100","030000","","","","","N","","","","","000112107","N","","","","","","","","2","00031120","03"
"2012021492","02","8","200 HILLVUE LN","","PGH","PA","15237","NORTH ALLEGHENY SCHOOL DIST.","4123695500","099999","","","","","N","","","","","000999999","N","","","","","","","","1","00999999","10"
"2012040733","05","1","4339  OVERHILL","","BETHEL PARK","PA","15102","SCHOBER  TRANSPORT LLC","4125957007","080000","","","","","N","","","","","","U","","","","","","","","2","00856207","08"
"2012074006","02","1","55 MAZHATTE","","CLINTON","PA","15345","AIR GROUND EXPRESS","4128778042","015000","","","","","N","","","","","000040000","N","","A-03201001","","","","","","2","00001000","03"
"2012056184","02","1","940 S WHELEN AVE.","","MEDFORD","WI","54451","NESTLE TRANSPORTATION CO.","4126516985","054000","","","","","N","","","","","","N","","","","","","","","2","00009640","03"
"2012063528","05","1","20634 INDIAN MERIDIAN","","PAULS VALLEY","OK","73075","WAL MART TRANSPORTATION LLC","4792049294","080000","","","","","N","","","","","","N","","A-00108481","","","","","","1","26418426","08"
"2012081171","02","8","345 SIXTH AVE.","","PITTSBURGH","PA","152222527","PORT AUTHORITY ALLEGHENY COUNTY","4124422000","039000","","","","","N","","","","","","N","","A-00976060","","","","","","1","","11"
"2012031570","03","2","10751 DEERWOOD PK BLVD","","JACKSONVILLE","FL","32253","CEVA LOGISTICS US","8883336933","080000","3","","","","Y","1","","","","","N","","","","","","","","3","00187774","08"
"2012056240","05","1","1365 MULBERRY LN","","CARLY","IL","60013","DART TRANSIT CO.","8003669000","080000","","","","","N","","","","","","N","","","","","","","","1","00075525","08"
"2012041875","02","1","380 LOCUST ST","","MCKESSPORT","PA","15132","STERICYCLE INC.","4129270075","025999","","","","","N","","","","","000397962","N","","A-0000196","","","","","","1","","03"
"2012021008","03","4","18 MASON DR","","CORAOPOLIS","PA","15108","AL GEISLER & SONS INC","9999999999","073280","","","","","N","","","","","","N","","","","","","","","2","","04"
"2012053338","02","7","215 PITTSBURGH ROAD","PO BOX 65","WALTERSBURG","PA","15488","FAYETTE WASTE LLC","7245625488","064740","","","","","N","","","","","","N","","","","","","","","1","01404022","03"
"2012124426","03","4","4002 LORIGAN STREET","","PITTSBURGH","PA","15224","HERRON MO COMPANY","4126836422","060000","","","","","N","","","","","","N","","","","","","","","1","","05"
"2012045124","02","8","110 LENZER CT","","SEWICKLEY","PA","15143","LENZER COACH LINES","4123021474","031221","","","","","N","","","","","","N","","","","","","","","2","00583785","11"
"2012033609","05","1","PO BOX 726","","PROSPECT","KY","40059","CARNES TRUCKING COMPANY INC","8008280963","080000","","","","","N","","","","","","N","","","","","","","","1","00278668","06"
"2012052334","04","4","111 BRIDGE ST","","BURGETTSTOWN","PA","15021","WOOD WASTE RECYCLING","7246951000","073280","","","","","N","","","","","","N","","","","","","","","1","00899783","04"
"2012033942","02","1","3690 ROUTE 30","","LATROBE","PA","15650","FOX & JAMES INC DBA F/J LEASING","8149355101","033000","","","","","N","","","","","","N","","","","","","","","1","00274282","05"
"2012033092","03","1","28453 COLLERIDGE AVE.","","HAYWARD","CA","94544","DHIRENDRA PRASAD","2096326238","065000","","","","","N","","","","","","N","","","","","","","","1","01838592","08"
"2012106280","05","99","6017 EAST CALLA RD","","NEW MIDDLETOWN","OH","44442","VENEZIA TRANSPORT","6104955200","080000","","","","","N","","","","","","N","","","","","","","","1","01079966","06"
"2012102913","05","1","GOOSE HILL RD BOX 259","","JEFFERSON","ME","04348","FED EX CUSTOM CRITICAL","8007623789","080000","","","","","N","","","","","","N","","","","","","","","1","00164025","08"
"2012058866","02","1","14 BLUE GRASS ROAD","","ASHLAND CITY","TN","370150000","R.E. WEST TRANSPORTATION INC","5635875214","080000","","","","","N","","","","","","U","","","","","","","","2","00027070","08"
"2012088510","02","1","1150 SECOND AVE","NEW KENSINGTON","NEW KENSINGTON","PA","15068","UNIFIRST CORPORATION","7247669298","","","","","","N","","","","","000000000","N","","A-99999999","","","","","","2","00000000","03"
"2012089767","05","99","7135 CENTENIAL PLACE","","NASHVILLE","TN","37209","WESTERN EXPRESS, INC","8773690289","080000","","","","","N","","","","","","N","","","","","","","","1","00511412","08"
"2012102588","05","1","167 BOHANNON ROAD","","FAIRBURN","GA","30213","INS TRUCKING, INC.","7703613747","080000","","","","","N","","","","","","N","","","","","","","","1","02087530","06"
"2012003531","03","8","345 6TH AVE 3RD FLOOR","","PITTSBURGH","PA","152222527","PORT AUTHORITY OF ALLEGHENY CO","4124422000","","","","","","","","","","","","N","","A-00976060","","","","","","2","","11"
"2012035217","05","1","4000 CLINE AVE.","","EAST CHICAGO","IN","46312","PENSKE LEASING","7652516801","080000","","","","","N","","","","","","N","","","","","","","","1","00253028","08"
"2012095644","04","4","325 STONE CHURCH ROAD","","PROSPECT","PA","16052","PAT MORRIS TRUCKING","7242900031","999999","","","","","N","","","","","000742896","N","","","","","","","","2","02133071","04"
"2012036030","02","99","2719 YORKTOWN DR.","","BISMARCK","ND","58503","HAPPY TRAILS TRUCKING","7014714161","000000","","","","","N","","","","","","N","","","","","","","","1","01959956","98"
"2012061747","03","2","1220 MCKEE STREET","","MCKEES ROCKS","PA","15136","HOLDEN CORPORATION","4127202806","025999","","","","","N","","","","","","N","","","","","","","","3","00364088","04"
"2012104541","05","1","7879 PINES BLVD","SUITE 108","PEMBROKE PINES","FL","33024","ABC FREIGHT INC","9546631394","080000","","","","","N","","","","","000738706","N","","","","","","","","1","02119473","08"
"2012104541","02","8","5374 WILLIAM FLYNN HWY","","GIBSONIA","PA","15044","MONARK STUDENT TRANSPORTATION","9999999999","","","","","","N","","","","","","N","","","","","","","","2","","11"
"2012104541","02","8","738 EASTOWN RD","","SARVER","PA","16055","W L ROENIGK INC","9999999999","","","","","","N","","","","","","N","","","","","","","","9","","11"
"2012027504","02","8","2335 BEAVER AVE","","PGH","PA","15233","PORT AUTHORITY OF ALLEGHENY CNTY","4122377000","","","","","","N","","","","","","N","","","","","","","","1","","11"
"2012094261","03","0","117 NU ENERGY ROAD","","ALEDO","TX","76008","FTS INTERNATIONAL LOGISTICS","8178622000","018000","","","","","N","","","","","","N","","","","","","","","1","01837543","08"
"2012086662","04","99","14949 STATE RT 28 WEST","","ALEXANDIRA","IN","46001","R&L TRANSFER INC","3177887102","","","","","","N","","","","","","N","","","","","","","","2","00063391","08"
"2012053988","03","4","1235 MARGUERITE LAKE RD","","GREENSBURG","PA","15601","DONEGAL CONSTRUCTION CO","7244237500","025599","","","","","N","","","","","999999999","N","","9999999999","","","","","","2","99999999","06"
"2012103928","02","8","345 6TH AVE 3RD FLOOR","","PITTSBURGH","PA","152222527","PORT AUTHORITY ALLEGHENY COUNTY","4125666500","","","","","","N","","","","","","N","","A-00976060","","","","","","2","","11"
"2012038584","02","8","ONE ANDERSON PLAZA","","GREENVILLE","PA","16125","ANDERSON   AC COACH","8003453435","","","","","","N","","","","","","N","","","","","","","","2","","11"
"2012016302","03","4","EQUIP 820-8071 17TH & A","","HARRISBURG","PA","17120","PENNDOT","9999999999","","","","","","N","","","","","","N","","","","","","","","2","","04"
"2012115497","02","8","345 6TH AVE 3RD FLOOR","","PITTSBURGH","PA","152222527","PORT AUTHORITY ALLEGHENY COUNTY","4124422000","","","","","","N","","","","","","N","","A-00976060","","","","","","1","","11"
"2012092358","05","1","160 VELTRI DRIVE","","WASHINGTON","PA","15301","VELTRI TRUCKING INC","8562321700","","","","","","N","","","","","","N","","","","","","","","1","01077151","08"
"2012089131","03","99","129 MARTEN ST","MANDOVI","MANDOVI","WI","54755","MARTIN TRANSPORT LTD","8003593000","","","","","","","","","","","","N","","","","","","","","1","00074432","08"
"2012025782","03","8","200 HAHN RD","","PITTSBURGH","PA","15209","NATL UNION FIRE INS OF PGH","9999999999","","","","","","N","","","","","","N","","","","","","","","2","00354406","11"
"2012107342","02","8","204 FOX RUN DR.","","VENETIA","PA","15367","EDWARD R. EVERETT JR. & SHERYL L","7243789421","010000","","","","","N","","","","","","N","","","","","","","","1","","11"
"2012107342","02","6","910 BROWNSVILLE ROAD","","PITTSBURGH","PA","15210","ALL STAR LIMOSINE","4124814000","","","","","","N","","","","","MC-460686","N","","A-0119758","","","","","","2","","00"
"2012013115","02","8","154 SANDY CREEK RD #B34","","VERONA","PA","15147","A 1 VAN SERVICE INC","9999999999","999999","","","","","N","","","","","","N","","","","","","","","1","","11"
"2012015286","03","3","2295 PREBLE AVE","","PITTSBURGH","PA","15233","CASSADY PIERCE COMPANY","4123218987","058400","","","","","N","","","","","","N","","","","","","","","2","00360283","04"
"2012103494","05","3","13301 VALENTINE RD","","NORTH LITTLE ROCK","AR","72117","MAVERICK TRANSPORT","8002896600","080000","","","","","N","","","","","","N","","","","","","","","1","00178538","08"
"2012103494","05","1","241 DEERPATH CT UNIT B2","","SCHAUMBURG","IL","60193","SAVKA TRANSPORT INC","7739922155","080000","","","","","N","","","","","","N","","","","","","","","2","01792677","08"
"2012108085","02","1","RT 51 AND LEWIS RD","","PITTSBURGH","PA","15236","BOWSER PONTIAC","4124692100","010000","","","","","N","","","","","","N","","","","","","","","2","01355917","03"
"2012130512","02","8","2235 BEAVER AVE","","PGH","PA","15233","PORT AUTHORITY OF ALLEGHENY CTY","4122551350","","","","","","N","","","","","","N","","","","","","","","1","00009999","11"
"2012125117","05","99","4366 MT PLEASANT ROAD","","NORTH CANTON","OH","44720","CRYOGENIC TRANSPORTATION LLC","4127202179","034360","","","","","N","","","","","","N","","","","","","","","1","00210140","08"
"2012117558","06","99","216 PARKER RD","","SARVER","PA","16055","BUTLER TRUCKING COMPANY","7243167098","080000","","","","","N","","","","","","N","","","","","","","","1","","08"
"2012119470","04","99","6500 WEST INDUSTRIAL HY","","GARY","IN","46406","SWIFT TRANSPORTATION","8008002200","080000","","","","","N","","","","","","N","","","","","","","","1","00054283","08"
"2012009039","05","1","6720 NORTH 9TH STREET","","OMAHA","NE","68112","REINHART TRANSPORATION LLC","7246962200","072000","","","","","N","","","","","","N","","A-00120250","","","","","","1","00882290","08"
"2012026378","03","7","1500 HAYDEN BLVD","","ELIZABETH","PA","15037","WASTE MANAGEMENT","4123842537","037600","","","","","N","","","","","","N","","","","","","","","2","00344050","04"
"2012043522","03","3","2207 OIL CENTER COURT","","HOUSTON","TX","77073","GREENS ENERGY GROUP LLC","2815986830","033000","","","","","N","","","","","","N","","","","","","","","1","01306705","04"
"2012058944","01","8","573 BRADDOCK AVE","","E. PITTSBURGH","PA","15112","PRN PARATRANSIT SERVICE","4128242181","","","","","","N","","","","","A-9999999","N","","A-9999999","","","","","","1","","10"
"2012035363","99","4","18 MASON DR","","CORAOPOLIS","PA","15108","AL GEISLER AND SONS TRUCKING INC","4123312555","","","","","","N","","","","","","U","","","","","","","","2","00494001","05"
"2012086106","02","2","131 OAK HILLS MNR","","BUTLER","PA","16002","AARON BRODY","7247669137","","","","","","N","","","","","","N","","","","","","","","1","99999999","08"
"2012005309","02","1","920 IRWIN RUN ROAD","","WEST MIFFLIN","PA","15122","LIBERTY USA","4124612700","054700","","","","","N","","","","","","N","","","","","","","","2","","03"
"2012093654","05","4","15231 PARRISH RD","","UPPERCO","MD","21155","MEHRING TRANSPORT SERVICES INC","4437441701","080000","","","","","N","","","","","","N","","","","","","","","2","01181504","08"
"2012009322","05","1","130 ROBIN STREET","","N VERSAILLES","PA","15137","JOSEPH BOTTI","4124775064","080000","","","","","N","","","","","","N","","A-00111866","","","","","","2","00236646","08"
"2012076986","04","7","1616 MT NEBO RD","","SEWICKLEY","PA","15143","LONGVIEW WASTE CORP","4127711000","","","","","","N","","","","","","N","","","","","","","","1","01469297","09"
"2012036094","05","1","11158 SOUTH DEERPATH LN","","PALOS HILLS","IL","60465","COAST CONNECTION INC","8476901505","080000","","","","","N","","","","","","N","","","","","","","","2","01756217","08"
"2012038112","04","4","1800 WHITAKER WAY","HOMESTEAD","PITTSBURGH","PA","15120","J.B.SCIARRETTI","4126131157","073280","","","","","N","","","","","","N","","A-00117864","","","","","","2","01216856","04"
"2012073382","02","8","345 SIXTH AVE.","","PITTSBURGH","PA","152222527","PORT AUTHORITY ALLEGHENY COUNTY","4124422000","039000","","","","","N","","","","","","N","","A-00976060","","","","","","1","","11"
"2012014735","03","7","4857 STATE RTE","","BE3LLE VERNON","PA","15012","BIGS TRUCKING CO","7243794331","070000","","","","","N","","","","","","N","","","","","","","","1","02099338","04"
"2012060555","02","1","14864 LINCOLN ST.SE","","MINERVA","OH","44657","LIBERTY TIRE RECYCLING LLC","8888680097","025999","","","","","N","","","","","","N","","","","","","","","1","01029241","03"
"2012104928","02","7","2700 MONROEVILLE BLVD","","MONROEVILLE","PA","15146","MUNICIPALITY OF MONROEVILLE","4128563306","033000","","","","","N","","","","","","N","","","","","","","","2","","03"
"2012004129","02","8","113 GENE DRIVE","","PITTSBURGH","PA","15209","FIRST STUDENT BUS COMPANY","4128280226","","","","","","N","","","","","","N","","","","","","","","1","","11"
"2012117966","04","8","345 SIXTH AVE","","PITTSBURGH","PA","15222","PORT AUTHORITY OF ALLEGHENY","4124422000","","","","","","N","","","","","","N","","A-00976060","","","","","","1","","11"
"2012046264","03","0","16 WOOD AVE","","ENGLISHTOWN","NJ","07726","ON TIME SERVICE","9087707982","080000","","","","","N","","","","","IU2012137","N","","","","","","","","1","01366825","04"
"2012109587","06","1","5900 E.HICKORY RI","","RAMER","AL","36069","EAGLE MOTOR TRANSPORT","3342621105","","","","","","N","","","","","","N","","","","","","","","2","00515881","08"
"2012018098","02","8","200 KENDALL STREET","","CORAOPOLIS","PA","15108","STUDENT TRANSPORTATION OF AMERIC","4122699950","029800","","","","","N","","","","","","N","","A-00117073","","","","","","1","00818076","11"
"2012083754","05","2","5821 US 322","","FRANKLIN","PA","16323","HEATH OIL COMPANY","8144377802","080000","","","","","N","","","","","","N","","","","","","","","1","00132334","06"
"2012083754","04","4","3000 GRAND AVE","","NEVILLE ISLAND","PA","15225","JED TRUCKING COMPANY","4127715555","073280","","","","","N","","","","","","N","","","","","","","","2","00674081","04"
"2012007483","03","0","6450 POE AVE SUITE 311","","DAYTON","OH","45414","DAYTON FREIGHT LINE INC","7249290171","","","","","","N","","","","","000076472","N","","","","","","","","2","00273301","06"
"2012032254","04","4","3335 SOUTH AVE","","PITTSBURGH","PA","15221","BROWN BOYS TRUCKING","4128249680","080000","","","","","N","","","","","","N","","","","","","","","1","02159054","04"
"2012024833","03","99","11956 S 33RD W AVE","","SAPULPA","OK","74066","INTEGRITY TRANSPORTATION, LLC","9182910900","080000","","","","","N","","","","","","N","","","","","","","","1","01195426","08"
"2012010470","02","1","300 VANDALE DRIVE","","WASHINGTON","PA","15342","COCA COLA","8135693724","026001","","","","","N","","","","","","N","","","","","","","","1","","08"
"2012025918","99","3","1801 PARK 270 DR STE 40","","ST. LOUIS","MO","63146","XTRA LEASE INC","8003251453","080000","","","","","N","","","","","999999999","N","","A-8919430","","","","","","2","01829415","08"
"2012097158","02","8","2235 BEAVER AVENUE","","PITTSBURGH","PA","15233","PORT AUTHORITY ALLEGHENY COUNTY","4124422000","","","","","","N","","","","","","N","","A-00976060","","","","","","1","","11"
"2012014673","02","3","417 BROADWAY","","PITCAIRN","PA","15140","MAGILL'S AUTO","4123738155","026000","","","","","N","","","","","","N","","","","","","","","1","00513657","03"
"2012014673","02","8","200 HAHN RD","","PGH","PA","15209","FIRST STUDENT","4123735729","029000","","","","","N","","","","","","N","","","","","","","","2","00354406","11"
"2012014536","02","8","345 SIXTH AVE 3RD FL","","PITTSBURGH","PA","152222527","PORT AUTHORITY OF ALLEGHENY CO","9999999999","","","","","","N","","","","","","N","","","","","","","","2","","11"
"2012027339","05","1","8 SNOW PINE COURT","","OWING MILLS","MD","21117","MARYLAND TRACTOR TRUCKING LEASIN","4432710701","080000","","","","","N","","","","","000750516","N","","","","","","","","1","02145338","08"
"2012045226","02","8","2235 BEAVER AVE","","PITTSBURGH","PA","15233","PORT AUTHORITY OF ALLEGHENY CO","4125665500","","","","","","N","","","","","","N","","A-00976060","","","","","","2","","11"
"2012006305","02","8","200 HAHN ROAD","","PITTSBURGH","PA","15209","FIRST STUDENT","4127939600","","","","","","N","","","","","","N","","","","","","","","2","","11"
"2012089365","03","3","2313 STATE RT 18","","WAMPUM","PA","16157","DOREN INC","7242742571","073280","","","","","N","","","","","","N","","","","","","","","2","01456045","09"
"2012014608","99","99","UNKNOWN","","UNKNOWN","ZZ","99999","UNKNOWN","9999999999","","","","","","","","","","","","N","","","","","","","","2","00999999","99"
"2012027826","03","8","110 LENZNER COURT","","SEWICKLEY","PA","15143","LENZER TRANSPORTATION","4127617000","050000","","","","","N","","","","","","N","","A-00112590","","","","","","1","00583785","11"
"2012042468","06","3","4565 WILLIAM PENN HWY","","MURRYSVILLE","PA","15668","CLEVELAND BROTHERS EQUIPMENT","4123347206","080000","","","","","N","","","","","","N","","","","","","","","1","00384960","08"
"2012096074","02","8","200 KENDALL ST","","CORAOPOLIS","PA","151069999","STA OF PENNSYLVANIA INC","9999999999","","","","","","N","","","","","","N","","","","","","","","2","","11"
"2012023398","05","1","5425 DIXIE RD SUITE 300","","ONTARIO","ON","L4W1E6","TST TRUCKLOAD EXPRESS","9056027323","020000","","","","","N","","","","","","N","","","","","","","","1","01043119","08"
"2012058845","04","8","345 SIXTH AVE","","PITTSBURGH","PA","15222","PORT AUTHORITY OF ALLEGHENY","4124422000","","","","","","N","","","","","","N","","A-00976060","","","","","","4","","11"
"2012108420","05","1","45 E PARK DRIVE","","WESTAMPTON","NJ","08060","NEW CENTURY TRANSPORTATION INC.","6092651110","080000","","","","","N","","","","","","N","","A-00117148","","","","","","1","00856029","08"
"2012039554","02","8","KEYSTONE COMMONS","","EAST PITTSBURGH","PA","15112","PARA TRANSIT","4125625353","","","","","","N","","","","","","N","","","","","","","","2","","10"
"2012127690","02","8","101 OLD FRANKSTOWN ROAD","","PITTSBURGH","PA","15239","FIRST STUDENT","4127939600","014000","","","","","N","","","","","","N","","","","","","","","1","00354406","10"
"2012101340","02","3","4200 FORESTVILLE RD","","FORESTVILLE","MD","20747-4708","HERTZ EQUIPMENT RENTAL CORP","9999999999","026000","","","","","N","","","","","","N","","","","","","","","2","00473708","03"
"2012101340","03","3","2525 STEMMONS FRWY","","DALLAS","TX","75356","TRINITY LOGISTICS GROUP INC","8006283408","080000","","","","","N","","","","","","N","","A-00108601","","","","","","3","00151375","08"
"2012054151","01","7","526 CITY COUNTY LDG","","PITTSBURGH","PA","15222","CITY OF PGH EQUIP","4123437606","","","","","","N","","","","","","N","","","","","","","","2","00000237","98"
"2012040100","03","8","345 SIXTH AVE","","PITTSBURGHQ","PA","152222527","PORT AUTHORITY OF ALLEGHENY COUN","4125665500","","","","","","N","","","","","","N","","A-00976060","","","","","","1","","11"
"2012085940","02","8","345 6TH AVE","3RD FLOOR","PITTSBURGH","PA","15222","PORT AUTHORITY ALLEGHENY COUNTY","4124422000","","","","","","N","","","","","","N","","A-00976060","","","","","","2","","11"
"2012056251","03","8","2235 BEAVER AVENUE","","PITTSBURGH","PA","15233","PORT AUTHORITY OF ALLEGHENY COUN","4124422000","","","","","","N","","","","","","N","","A-00976060","","","","","","1","","11"
"2012101729","03","1","15  27TH ST","","PITTSBURGH","PA","15222","PITT OHIO EXPRESS","4122323015","080000","3","","","","Y","9","","","","","N","","","","","","","","1","00190180","08"
"2012009493","02","8","203 GRAHAM ST","","SEWICKLEY","PA","15143","QUAKER VALLEY SCHOOL DISTRICT","9999999999","","","","","","N","","","","","","N","","","","","","","","2","","10"
"2012131877","03","8","2235 BEAVER AVE","","PITTSBURGH","PA","15233","PORT AUTHORITY OF ALLEGEHNY COUN","4125665500","","","","","","N","","","","","","N","","A-00976060","","","","","","2","","11"
"2012130506","01","2","358  REIMER RD","","SARVER","PA","16055","GLASSMERE FURL SERVICE","7242300335","033000","3","","","","Y","1","","","","","N","","","","","","","","2","","09"
"2012028929","03","8","2234 BEAVER AVENUE","","PITTSBURGH","PA","15233","PORT AUTHORITY OF ALLEGHENY COUN","4124422000","","","","","","N","","","","","","N","","A-00976060","","","","","","1","","11"
"2012119469","02","8","MT. NEBO LENZNER CT","","SEWICKLEY","PA","15143","QUAKER VALLEY SCHOOL DISTRICT","4127493641","999999","","","","","","","","","","","N","","","","","","","","2","01128150","11"
"2012113764","05","99","100 PAPERCRAFT PARK","","PGH","PA","15238","GENCO COMPANY","4124962865","","","","","","N","","","","","0MC408676","N","","","","","","","","2","00955549","08"
"2012039749","02","1","1821 BEAVER AVE.","","PITTSBURGH","PA","15233","UNITED PARCEL SERVICE INC.","8007425877","023500","","","","","N","","","","","","N","","","","","","","","1","00021800","03"
"2012015540","03","8","401 6TH ST","","CHARLERIO","PA","15022","MID MON VALLEY TRANSIT AUTHORI","7244890880","039500","","","","","N","","","","","","N","","","","","","","","1","01002211","11"
"2012062360","05","3","4495 MARKET STREET STE","","YOUNGSTOWN","OH","44512","HR EVANS STEEL CO","3304266565","080000","","","","","N","","","","","","N","","","","","","","","2","01816726","08"
"2013001402","05","0","6702 WINDCHIME CT","","BAKERSFIELD","CA","93313","GORAYA & SONS INC","6619790428","","","","","","N","","","","","","N","","","","","","","","1","02193794","08"
"2012025390","03","4","586 N GATE CIRCLE","","NEW CASTLE","PA","16105","PNM TRUCKING","7246529330","073280","","","","","N","","","","","0MC578871","N","","A-0123655","","","","","","2","01489817","04"
"2012046640","04","4","1 8TH STREET","","BRADDOCK","PA","15104","GULF MATERIALS LLC","4120000000","073280","","","","","N","","","","","","N","","","","","","","","2","","04"
"2012011165","02","1","8325 ARDWICK ARDMORE RD","","LANDOVER","PA","20785","UPS","9999999999","","","","","","","","","","","","N","","","","","","","","2","","03"
"2012093683","02","0","1825 LIVER POOL ST","","PITTSBURGH","PA","15233","YELLOW CAB CO.","4123218100","","","","","","N","","","","","","N","","A-00049926","","","","","","2","","00"
"2012100820","05","3","3674 E NATIONAL RD ST12","","SPRINGFIELD","OH","45505","SHUMAN SPECIALIZED TRANSPORTATIO","3045580384","080000","","","","","N","","","","","000500022","Y","","","","","","","","1","","08"
"2012064153","03","8","2235 BEAVER AVENUE","","PITTSBURGH","PA","15233","PORT AUTHORITY OF ALLEGHENY COUN","4124422000","","","","","","N","","","","","","N","","A-00976060","","","","","","1","","11"
"2012085694","04","7","310 LEGER ROAD","","NORTH HUNTINGDON","PA","15642","WASTE MANAGEMENT","7248609100","073280","","","","","N","","","","","","N","","","","","","","","2","00344050","04"
"2012054610","03","4","1613 DUTCH RD.","","LORETTO","PA","15940","HITE TRUCKING","8143448504","","","","","","N","","","","","","N","","A-00108162","","","","","","1","02107340","04"
"2012025130","02","1","6500 W INDUSTRIAL HWY G","","GARY","IN","46406","SWIFT TRANSPORTATION CO OF ARIZO","6143082328","080000","","","","","N","","","","","","N","","","","","","","","1","00054283","08"
"2012014538","05","1","145 BELLVIEW ROAD","","CONNELLSVILLE","PA","15425","ALLEN'S GARAGE","7246282028","080000","","","","","N","","","","","","N","","","","","","","","1","02188320","08"
"2012014538","05","1","18864 SHERMAN STREET","","LANSING","IL","60438","GREAT AMERICAN LINES","8007431110","080000","","","","","N","","","","","","N","","","","","","","","2","00265292","08"
"2012063034","05","6","10701 MIDDLEBELT ROAD","","ROMULUS","MI","48174","UNITED ROAD SERVICE MIDWEST INC.","7349477900","080000","","","","","N","","","","","","N","","","","","","","","2","00790261","08"
"2012035422","04","4","141 REIS RUN RD","","PITTSBURGH","PA","15237","ROBERT C. KNOBELOCH","0000000000","073280","","","","","N","","","","","","N","","","","","","","","2","02099060","04"
"2012068341","01","4","300 S MAIN ST","","PITTSBURGH","PA","15215","FAZIO MECHANICAL SERVICES INC","4127826338","025999","","","","","N","","","","","","N","","A-0000000","","","","","","1","","09"
"2012006121","03","6","145 N KANSAS STREET","BOX468","EDWARDSVILLE","IL","62025","CASSENS TRANSPORT COMPANY","6186563006","034000","","","","","N","","","","","","N","","","","","","","","2","00124358","08"
"2012065813","99","8","1500 ARDMORE BLVD STE 5","","PITTSBURGH","PA","15221","MIL TRANSIT INC","9999999999","","","","","","N","","","","","","N","","","","","","","","1","","10"
"2012049324","05","1","3005 EAST POINTE DRIVE","","ZANESVILLE","OH","43701","THE NEW BAKERY COMPANY","8008489845","080000","","","","","N","","","","","","N","","","","","","","","1","00197620","08"
"2012090889","03","99","616 BINGHAM ST","","PITTSBURG","PA","15203","ROX TRUCKING","4123811170","073280","","","","","N","","","","","","N","","A-8912458","","","","","","2","02124391","09"
"2012103458","05","3","2521 GLENDALE MILFORD R","","CINCINNATI","OH","45241-3122","BOYD BROTHERS TRANSPORTATION","8006331502","080000","","","","","N","","","","","","N","","","","","","","","1","00092321","08"
"2012095838","02","8","200 KENDALL ST","","CORAOPOLIS","PA","15108","CORNELL SCHOOL DISTRICT","4122699970","","","","","","N","","","","","","N","","","","","","","","2","","11"
"2012041074","02","1","292 CORLISS ST","","PITTSBURGH","PA","15632","ALSIDE SUPPLY COMPANY","4127711904","026000","","","","","N","","","","","","N","","","","","","","","2","00103966","03"
"2012117809","03","4","814 BOCKTOWN ROAD","PO BOX 498","CRESCENT","PA","15046","BULLDOG TRANSIT AND SUPPLY COMPA","7244573426","073280","","","","","N","","","","","","N","","A-99999999","","","","","","1","","04"
"2012096818","02","8","2235 BEAVER AVE","","PGH","PA","15233","PORT AUTHORITY OF ALLEGHENY CNTY","4122377000","033750","","","","","N","","","","","","N","","A-6976060","","","","","","1","","11"
"2012027658","01","8","345 6TH AVE","","PITTSBURGH","PA","15222","PORT AUTHORITY ALLEGHENY COUNTY","4124422000","021000","","","","","N","","","","","","N","","A-00976060","","","","","","2","","11"
"2012110139","03","4","1299 MCLAUGHLIN RUN RD.","","BRIDGEVILLE","PA","15071","T A ROBINSON PAVING","4122216008","","","","","","N","","","","","","N","","A-00116571","","","","","","2","11721275","04"
"2012115858","02","8","345 6TH AVE 3RD FL","","PITTSBURGH PA","PA","152222527","PORTAUTHORITY OF ALLEGHENY COUNT","4124422000","","","","","","N","","","","","","N","","A-00976060","","","","","","1","","11"
"2012039768","04","3","PO BOX 685","","SHARON PA.","PA","16146","PI&I MOTOR EXPRESS INC.","8003212733","080000","","","","","N","","","","","","N","","","","","","","","2","00122443","06"
"2012056157","02","3","6116 STEUBENVILLE PIKE","","MCKEES ROCKS","PA","15136","STEUBENVILLE PIKE AUTO INC","4127879700","000000","","","","","N","","","","","","N","","","","","","","","1","02191439","03"
"2012113437","03","2","3000 OLD AIRPORT ROAD","","WOOSTER","OH","44691","SOCI PETROLEUM INC.","3302626502","080000","","","","","N","","","","","","N","","","","","","","","2","01014266","08"
"2012064144","03","99","14507 FRONTIER ROAD","","OMAHA","NE","681383808","WERNER ENTERPRISES INC.","4786623603","046000","","","","","","","","","","000056444","N","","","","","","","","2","00053467","08"
"2012046393","03","7","4859 STATE ROUTE 51 N","","BELLE VERNON","PA","15012","BIGS SANITATION","7243794331","073280","","","","","N","","","","","","N","","","","","","","","1","02099338","04"
"2012115274","02","8","798 EKASTOWN ROAD","","SARVER","PA","16055","ROENIGK CARRIER INC","4123313974","999999","","","","","N","","","","","","N","","","","","","","","1","00153855","11"
"2012092844","05","2","PO BOX 898","","JENKINS","KY","41537","FERUS","6068326344","","2","","","","Y","1","","","","","Y","","","","","","","","1","00159729","09"
"2012023953","02","8","200 HAHN RD","","PITTSBURGH","PA","15209","FIRST STUDENT INC","4125848697","","","","","","N","","","","","","N","","","","","","","","2","","11"
"2012019309","01","8","5374 WILLIAM FLYNN HWY","","GIBSONIA","PA","15044","MONARK STUDENT TRANSPORTATION","4127812424","","","","","","N","","","","","","N","","","","","","","","1","","11"
"2012081502","02","1","121 TRI COUNTY DRIVE","BUILDING 5","FREEDOM","PA","15042","GEORGE MOVING & STORAGE INC","8008102635","","","","","","N","","","","","","N","","","","","","","","1","00880213","03"
"2012099173","01","0","55 S LONG ST","","WILLIAMSVILLE","NY","14221","INTERNATIONAL CHIMNEY CORP","7166343967","009700","","","","","","","","","","","N","","A-99999999","","","","","","2","","05"
"2012069117","02","99","23 CAMPBELL LANE","","INDIANA","PA","15701","HOT SHOT HUEY LLC.","7243497453","","","","","","N","","","","","","N","","","","","","","","1","02077762","06"
"2012067230","02","8","573 BRADDOCK AVE","","E. PITTSBURGH","PA","15112","PRN PARATRANSIT SERVICE INC","4126785588","","","","","","N","","","","","000000000","N","","","","","","","","2","","10"
"2012002499","05","3","2420 STEWART ROAD","","MUSCATINE","IA","52761","TANTARA TRANSPORTATION CORP","5632628621","080000","","","","","N","","","","","000205091","N","","","","","","","","1","00304876","08"
"2012099959","04","8","2235 BEAVER AVENUE","","PITTSBURGH","PA","15233","PORT AUTHORITY OF ALLEGHENY COUN","4125665214","","","","","","N","","","","","000003247","N","","","","","","","","1","","11"
"2012006494","03","1","NORTH RAILROAD ST PO BO","","PENN","PA","15675","LEE THOMPSON FAWCETT CO","2076234128","080000","","","","","N","","","","","","N","","","","","","","","1","00035139","08"
"2012027635","02","1","3147 W 169TH PL","","HAMMOND","IN","46323","UNITED PARCEL SERVICES","7249254863","080000","","","","","N","","","","","","N","","","","","","","","1","00999999","08"
"2012092986","02","8","100 ELICKER RD.","","PLUM","PA","15239","PLUM BORO SCHOOL DISTRICT","4123708041","","","","","","N","","","","","","N","","","","","","","","2","","11"
"2012050597","02","99","UNKNOWN","","UNKNOWN","PA","99999","UNKNOWN","9999999999","","","","","","N","","","","","","N","","","","","","","","1","","99"
"2012054135","02","8","2235 BEAVER AVE","","PITTSBURGH","PA","15233","PORT AUTHORITY OF ALLEGHENY CNTY","4122377000","","","","","","N","","","","","","N","","A00976060","","","","","","2","","11"
"2012100828","02","8","2235 BEAVER AVE","","PGH","PA","15233","PORT AUTHORITY OF ALLEGHENY CNTY","4122377000","","","","","","N","","","","","","N","","A-00976060","","","","","","1","","11"
"2012008608","02","8","5374 WM FLYNN HWY","","GIBSONIA","PA","15044","MONARK STUDENT TRANSPORTATION","9999999999","","","","","","N","","","","","","N","","","","","","","","2","","11"
"2012052226","05","1","7101 W 17TH AVE","","GARY","IN","46406","SCHNEIDER NATIONAL","9205923048","080000","","","","","N","","","","","","N","","","","","","","","2","00264184","08"
"2012059114","03","8","345 6TH AVE. 3RD FLOOR","","PITTSBURGH","PA","152222527","PORT AUTHORITY OF ALLEGHENY CO.","4124422000","","","","","","N","","","","","","N","","A-00976060","","","","","","1","","11"
"2012057971","02","8","1000 CHURCHILL RD","","VALENCIA","PA","15367","FIRST STUDENT INC","4128313112","","","","","","N","","","","","","N","","","","","","","","2","00354406","11"
"2012126217","05","99","230 ASHLAND AVE BOX 909","","MORTON","IL","61550","STAR TRANSPORTATION INC","8005486082","080000","","","","","N","","","","","","N","","","","","","","","2","00071585","08"
"2012021372","99","4","UNKNOWN","","UNKNOWN","ZZ","99999","UNKNOWN","9999999999","","","","","","","","","","","","N","","","","","","","","2","","99"
"2012097517","05","3","328 HIGHLAND AVE","","PITTSBURGH","PA","15112","KRAMER-CASEY ENTERPRISES INC","4128245026","080000","","","","","N","","","","","","N","","","","","","","","2","01829415","08"
"2012131008","02","8","345 6TH AVENUE","3RD FLOOR","PITTSBURGH","PA","152222527","PORT AUTHORITY OF ALLEGHENY COUN","4125665500","026000","","","","","N","","","","","","N","","A-00976060","","","","","","1","","11"
"2012016480","05","1","RTE 6 PO BOX 128","","MESHOPPEN","PA","18630","PENNS BEST INC","5708332944","068000","","","","","N","","","","","0MC156010","U","","","","","","","","1","00216936","08"
"2012098731","02","3","4428 OHIO RIVER BLVD.","","PITTSBURGH","PA","15202","BRIGHTON SERVICE","4122603957","004500","","","","","N","","","","","","N","","","","","","","","1","01669984","03"
"2012123212","03","7","3000 LEBANON CHURCH RD","","WEST MIFFLIN","PA","15122","BOROUGH OF WEST MIFFLIN","4124668170","058400","","","","","N","","","","","","N","","","","","","","","1","","04"
"2012118477","03","7","300 SEVEN FIELDS BLVD","SUITE 300","SEVEN FIELDS","PA","16046","MULTISERV HARSCO","7247416600","073280","","","","","N","","","","","","N","","A-00112517","","","","","","2","00005793","04"
"2012088917","02","1","110 LENZNER CT","","SEWICKLEY","PA","15143","LENZNER COACHLINE","4127617000","006300","","","","","N","","","","","","N","","A-00112590","","","","","","2","00583785","00"
"2012088638","02","1","150 MEADOWLANDS PARKWAY","","SECAUCUS","NJ","07094-2300","JOSEPH CORY HOLDINGS LLC","9083550100","026000","","","","","N","","","","","","N","","","","","","","","2","00754848","03"
"2012060103","02","1","208A OVERLOOK DR","","SEWICKLEY","PA","15143","EARTHGRAINS DBA SARA LEE BAKERY","4129999999","014500","","","","","N","","","","","","N","","","","","","","","2","","03"
"2012103176","04","7","3866 MILLERS RUN RD","","MCDONALD","PA","15057","WEAVERTOWN","8007464850","073280","","","","","N","","","","","000051101","N","","","","","","","","2","","09"
"2012062253","03","3","200 WASHINGTON AVE.","","DRAVOSBURGH","PA","15023","RED WHITE & BLUE CRANE","4124691776","800000","","","","","N","","","","","","N","","","","","","","","2","02152871","08"
"2012026905","05","99","910 MAX CT","","CLARKSVILLE","TN","37043","PGD IV LLC","3303833335","080000","","","","","N","","","","","000155377","N","","A-00105584","","","","","","1","00192897","06"
"2012044295","03","7","211 BRUNNER RD","","ZELIENOPLE","PA","16063","JOSEPH J. BRUNNER INC.","7247756665","073280","","","","","N","","","","","","N","","","","","","","","2","00236447","04"
"2012062527","05","1","951 DOUGLAS RD","","BATAVIA","IL","60510","SUPER SERVICE LLC","9999999999","080000","","","","","N","","","","","","N","","","","","","","","2","01972877","08"
"2012033941","02","1","83 S. STATES ST.","","PAINSVILLE","OH","44077","MORSE VAN LNS","4402797385","025000","","","","","N","","","","","","N","","","","","","","","1","00331382","03"
"2012127542","02","1","42 RARITAN AVE","","PATERSON","NJ","07503","ANZOR TEMIRBOLAT","9733567963","080000","","","","","N","","","","","000099999","N","","","","","","","","2","00099999","08"
"2012011167","01","8","345 6TH AVE","","PITTSBURGH","PA","15222","PORT AUTHORITY ALLEGHENY COUNTY","4124422000","023000","","","","","N","","","","","","N","","","","","","","","2","","11"
"2012116664","03","8","2235 BEAVER AVE","","PITTSBURGH","PA","15233","PORT AUTHORITY OF ALLEGHENY COUN","4125665500","","","","","","N","","","","","","N","","A-00976060","","","","","","2","","11"
"2012100604","03","8","200 HAHN RD","","PITTSBURGH","PA","15209","FIRST STUDENT INC","4124887585","","","","","","N","","","","","","N","","","","","","","","2","","10"
"2012078776","02","8","345 6TH AVENUE 3RD FL.","","PITTSBURGH","PA","15222","PORT AUTHORITY ALLEGHENY CO","4125665500","","","","","","N","","","","","","N","","A-00976060","","","","","","2","","11"
"2012119165","04","99","3495 SANGAMON AVENUE","","SPRINGFIELD","IL","62702","COCA-COLA REFRESHMENTS USA INC","7247437148","080000","","","","","N","","","","","","N","","","","","","","","2","00291145","08"
"2012031683","03","4","99 WALNUT DRIVE","","MCKEES ROCKS","PA","15136","GULF TRADING & TRANSPORT","4122714281","073280","","","","","N","","","","","","N","","","","","","","","1","02252098","04"
"2012004166","05","3","132 ABERDEEN DR","","CRANBERRY TWP","PA","16066","ADLER TREE SERVICE","7244433744","080000","","","","","N","","","","","","Y","","","","","","","","2","01846535","08"
"2012112840","99","0","6045 BRIDGETOWN RD","","CINCINNATI","OH","45248","DBA POLAR ICE TRANSPORTATION","9999999999","","","","","","N","","","","","","N","","","","","","","","1","","05"
"2012121792","05","3","447 N OLD SR 2","","I","IN","463830000","YOUNG BROTHERS AND ASSOCIATES","7737129290","008000","","","","","N","","","","","","N","","","","","","","","1","00453871","08"
"2012117821","05","2","FOSTER PLAZA #7","","PITTSBURGH","PA","15220","AMEX TRANSPORT INC","7243264911","","8","","","","Y","1","","","","","N","","","","","","","","2","01289839","08"
"2012030081","04","8","345 SIXTH AVE","","PITTSBURGH","PA","15222","PORT AUTHORITY OF ALLEGHENY COUN","4124422000","","","","","","","","","","","","N","","A-00976060","","","","","","2","","11"
"2012062182","03","3","51D CARPENTER CT NW","","CONCORD","NC","28027","CONCORD TANK CORPORATION","7042304154","002500","","","","","N","","","","","","N","","","","","","","","1","02101461","06"
"2012074620","03","1","1230 W. PORTERSVILLE RD","","PORTERSVILLE","PA","16051","DALE MCCLYMONDS","4124771622","","","","","","N","","","","","","N","","A-0096721","","","","","","2","00738455","00"
"2013022882","05","3","1120 RT 119-N","","INDIANA","PA","15701","FALCON DRILLING CO","7245250385","080000","","","","","N","","","","","","N","","","","","","","","2","01045440","08"
"2012046841","05","1","4100 S COUNCIL RD","","OKLAHOMA CITY","OK","73179","JB HUNT TRANSPORT INC","4059461617","080000","","","","","N","","","","","","N","","","","","","","","2","02163469","08"
"2012044787","02","8","415 REBECCA ST","","MCKEESPORT","PA","15132","PENNSYLVANIA COACH LINES INC","4126724020","","","","","","N","","","","","","N","","","","","","","","1","","11"
"2012070782","04","1","429 SOUTH KAMAMAZOO","","PAW PAW","MI","49079","TRAPPER PROPANE EQUIPMENT","4193089654","080000","","","","","N","","","","","","N","","","","","","","","1","00922818","08"
"2012020761","05","2","1521 S CHILLICOTHE RD","","AURORA","OH","44202","SOURCE ONE TRANSPORTATION LLC","7244833533","080000","2","","","","Y","9","","","","","N","","","","","","","","1","00930620","08"
"2012115545","02","6","1825 LIVERPOOL STREET","","PITTSBURGH","PA","15233","YELLOW CAB COMPANY","4123218100","","","","","","N","","","","","","N","","A-00049926","","","","","","1","","98"
"2012090847","01","1","1500 THOMSON PARK DR","","CRANBERRY","PA","16066","FED EX","4124326440","","","","","","N","","","","","","N","","A-00012261","","","","","","2","00086876","03"
"2012115353","01","1","523 BINGHAM STREET","","PITTSBURGH","PA","15203","APPLIANCE WAREHOUSE","4122474460","012500","","","","","N","","","","","","N","","A-11646800","","","","","","1","00588938","05"
"2012059118","01","0","1825 LIVERPOOL STREET","","PITTSBURGH","PA","15233","YELLOW CAB COMPANY","4123218100","","","","","","N","","","","","","N","","A-0049926","","","","","","2","","00"
"2012014144","03","7","3000 AVRR ST","","PITTSBURGH","PA","15222","CITY OF PITTSBURGH","4122552773","073280","","","","","N","","","","","","N","","","","","","","","3","","04"
"2012062251","02","1","1001 MURIEL ST","","PITTSBURGH","PA","15203","ALLEGHENY MILLWORK","4124314224","025999","","","","","N","","","","","","N","","","","","","","","2","00439866","03"
"2012040245","04","4","CURRIE RD PO BOX 296","","PORTERSVILLE","PA","16051","MCCLYMONDS SUPPLY & TRANSIT CO I","7243688040","073280","","","","","N","","","","","","N","","","","","","","","1","00269478","04"
"2012040245","05","3","29 ELKS BLVD","","ARDMORE","OK","73401","STAN KOCH & SONS TRUCKING INC","7633025400","080000","","","","","N","","","","","","N","","","","","","","","2","00146060","08"
"2012110807","03","8","200 W. WASHINGTON ST","","ROCHESTER","PA","15074","BEAVER COUNTY TRANSIT AUTHORITY","7247288600","","","","","","N","","","","","A00999999","N","","","","","","","","2","","11"
"2012103887","04","5","100 MAIN ST.","","CORAOPOLIS","PA","15108","RIVERSIDE BUILDERS","4122648835","073280","","","","","N","","","","","","N","","","","","","","","1","02300008","04"
"2012032257","03","3","5529 DIAL DR","","GRANITE CITY","IL","62040","CRST MALONE INC","2059515980","080000","","","","","N","","","","","","N","","","","","","","","1","00105790","08"
"2012081546","02","8","345 6TH AVE 3RD FLOOR","","PITTSBURGH","PA","152222527","PORT AUTHORITY ALLEGHENY COUNTY","4124422000","","","","","","N","","","","","","N","","A-00976060","","","","","","1","","11"
"2012078927","02","99","110 LENZNER CT","","SEWICKLEY","PA","15143","LENZNER COACH LINES","4123219822","","","","","","N","","","","","","N","","A-00112590","","","","","","2","00583785","99"
"2012111434","02","8","345 SIXTH AVE.","","PITTSBURGH","PA","152222527","PORT AUTHORITY","4124422000","039000","","","","","N","","","","","","N","","A-00976060","","","","","","1","","11"
"2012040608","02","8","798 EKASTOWN RD","","SARVER","PA","16055","ROENICK INC","4123188100","","","","","","","","","","","","U","","","","","","","","1","","10"
"2012030243","02","1","203 WASHINGTON AVE","","DRAVOSBURG","PA","15034","JORDAN BANANA DISTRIBUTING COMP.","4124691007","026000","","","","","N","","","","","","N","","","","","","","","1","01472000","03"
"2012083863","05","1","90 BENNETT ST.","","BETHEL","PA","19507","DARREN ERB","6103341169","080000","","","","","N","","","","","","N","","","","","","","","1","01015739","08"
"2012083863","05","2","319 SAXONBURG BLVD","","SAXONBURG","PA","16056","JAYBIRD ENTERPRISES LLC","7249920247","080000","","","","","N","","","","","","N","","","","","","","","2","00547856","08"
"2012047644","04","4","2930 DUSS AVE","DIAMOND HEAD TRUCKING","AMBRIDGE","PA","15003","MYG ENTERPRISES INC","7242665266","073280","","","","","N","","","","","","N","","","","","","","","2","01587911","04"
"2012066089","01","4","100 STOTZ AVENUE","","PITTSBURGH","PA","15205","BOROUGH OF CRAFTON","4129210752","","","","","","N","","","","","","N","","","","","","","","1","","00"
"2012044173","03","8","2235 BEAVER AVE.","","PITTSBURGH","PA","15233","PORT AUTHORIRTY OF ALLEGHENY CO.","4124422000","999999","","","","","N","","","","","","N","","A-00976060","","","","","","1","","11"
"2012077192","02","1","75 OLD ROUTE 66","","DELMONT","PA","15626","SCHWANS CONSUMER BRANDS","4125802440","033000","","","","","N","","","","","","N","","","","","","","","1","01067095","03"
"2012103016","05","1","2030 EMERALD PINES LANE","","WESTFIELD","IN","46074","SYBOUTS","8634512573","080000","","","","","N","","","","","","N","","","","","","","","1","00054283","08"
"2012026949","02","1","2291 SWEENEY ROAD","","CLINTON","PA","15026","AMERICAN TIRE DISTRIBUTORS","4127608123","014500","","","","","N","","","","","","N","","","","","","","","2","00016130","03"
"2012068038","01","3","5900 BAUM BLVD","","PITTSBURGH","PA","15206","STEUBENVILLE PIKE AUTO","4127879800","019500","","","","","N","","","","","","N","","","","","","","","1","00831733","05"
"2012095800","02","7","73 A WEST NOBLESTOWN RD","","CARNEGIE","PA","15106","BFI WASTE SERVICES","7247771080","073280","","","","","N","","","","","","N","","","","","","","","2","00962087","03"
"2012024898","05","1","1026 151ST AVE. S. E.","","BELLEVUE","WA","98007","GLC EXPRESS TRANSPORT","2066617019","080000","","","","","N","","","","","","N","","","","","","","","1","01304462","08"
"2012024898","05","1","1000 NORTH 14TH STREET","","SAINT LOUIS","MO","63106","HOGAN MOTOR LEASING, INC.","8006663338","080000","","","","","N","","","","","","N","","","","","","","","2","00226618","08"
"2012119446","02","99","1612 SACONBURG BLVD","","TARENTUM","PA","15084","C LLOYD COMPANY LLC","9999999999","999999","","","","","N","","","","","","N","","","","","","","","2","00999999","98"
"2012111988","02","8","200 HAHN RD","","P","PA","15209","FIRST STUDENT","4128210300","","","","","","N","","","","","","N","","","","","","","","3","","10"
"2012040775","05","1","711 GULF LAB RD","","CHESWICK","PA","15024","D.PIERCE TRANSPORTATION","7243346880","080000","","","","","N","","","","","","N","","","","","","","","1","00200341","08"
"2012069786","03","0","3147 W 169TH PL","","HAMMOND","IN","46323","UNITED PARCEL SERVICE INC","2198442416","000099","","","","","N","","","","","","N","","","","","","","","2","00021800","07"
"2012108429","02","7","1121 MCPHEARSON ST","","CLAIRTON","PA","15025","NICHOLICH SANITATION","4122338610","","","","","","N","","","","","","N","","","","","","","","1","02105470","03"
"2012131827","03","99","24900 PITKIN STE 310","","SPRING OUTS","TX","77386","HECKMAN WATER RESOURCES CVR INC","3042167328","060000","","","","","N","","","","","000514254","N","","","","","","","","2","01331300","04"
"2012052618","05","1","7635 NW 168TH TER","","HIALEAH","FL","33015","WEST COAST TRANSPORT SERVICES","3056037161","080000","","","","","N","","","","","000558933","N","","","","","","","","1","01482703","06"
"2012132653","04","4","355 RT.30","","CLINTON","PA","15057","WEYERS TRUCKING","4122289699","023908","","","","","N","","","","","","N","","","","","","","","1","00998323","04"
"2012030593","02","8","2235 BEAVER AVENUE","","PITTSBURGH","PA","15233","PORT AUTHORITY ALLEGHENY COUNTY","4124424000","","","","","","N","","","","","","N","","A-00976060","","","","","","1","","11"
"2012033392","03","99","962 9TH AVENUE","","BRACKENRIDGE","PA","15014","TERRY'S TOWING SERVICE","7242245588","052000","","","","","N","","","","","","N","","","","","","","","2","00653619","04"
"2012030039","02","7","1900 WEST ST","","MUNHALL","PA","15120","THE BOROUGH OF MUNHALL","4124647300","058400","","","","","N","","","","","","N","","","","","","","","2","99999999","03"
"2012099649","02","8","345 6TH AVENUE","","PITTSBURGH","PA","15222","PORT AUTHORITY OF ALLEGHENY CO","4125665500","","","","","","N","","","","","","N","","A-00976060","","","","","","1","","11"
"2012052242","03","7","234 LANDFILL ROAD","","SCOTTDALE","PA","15683","ALLIED WASTE SERVICES","8777889400","073280","","","","","N","","","","","","N","","","","","","","","2","00960505","04"
"2012102780","05","1","1382 BOWMANSVILLE RD","","MOHNTON","PA","19540","AARON M NOLT","7179518615","080000","","","","","N","","","","","","N","","","","","","","","1","00113529","08"
"2012009937","01","99","150 ALLEN RD.","","BASKING RIDGE","NJ","07920","MATHESON TRI-GAS","4127210619","999999","2","2","","","Y","1","1","","","000682471","N","","","","","","","","3","00046129","98"
"2012058435","99","99","UNKNOWN","","UNKNOWN","PA","99999","UNKNOWN","9999999999","","","","","","N","","","","","","U","","","","","","","","1","","99"
"2012099794","01","1","666 GARLAND PL","1000 CRANBERRY SQUARE D","CRANBERRY TWP","PA","16066","WHEELS LT BEST BUY STORES LP","4128678334","009900","","","","","N","","","","","458941600","N","","","","","","","","2","","03"
"2012027412","02","8","203 GRAHAM ST","","SEWICKLEY","PA","15143","QUAKER VALLEY SCHOOL DISTRICT","4127493600","000000","","","","","N","","","","","","N","","","","","","","","2","01128150","10"
"2012086297","02","99","2611 NORTH LINCOLN AVE","","URBANA","IL","61801","SUPERVALU","7249255386","080000","","","","","N","","","","","","N","","","","","","","","1","00467296","08"
"2012008276","01","2","54TH ST AND RAILROAD","","PITTSBURGH","PA","15201","PENNZOIL QUAKERSTATE","4127813080","026001","","","","","N","","","","","","N","","","","","","","","1","00107359","02"
"2012121794","02","8","2235 BEAVER AVENUE","","PITTSBURGH","PA","15233","PORT AUTHORITY ALLEGHENY COUNTY","4124422000","","","","","","N","","","","","","N","","A-00976060","","","","","","1","","11"
"2012128752","02","1","40 ABELE RD","","BRIDGEVILLE","PA","15017","CINTAS LLC","4122218870","014800","","","","","N","","","","","000000000","N","","A-00000000","","","","","","2","00000000","03"
"2012088037","05","3","4447 REDTURN LANE","","WARRENTON","VA","201873542","A & B TREE SERVICE","7037534355","080000","","","","","N","","","","","","N","","","","","","","","1","02263389","06"
"2012054944","05","1","780 W BIRCHWOOD","","MORTON","IL","61550","YRC INC","9136966100","080000","8","","","","Y","1","","","","","N","","","","","","","","1","00007182","08"
"2012114245","03","8","345 6TH AVE","3RD FLR","PITTSBURGH","PA","152222527","PORT AUTHORITY OF ALLEGHENY CO","4125665500","026000","","","","","N","","","","","","N","","A-00976060","","","","","","2","","11"
"2012011027","02","1","1995 INDUSTRIAL BLVD","","REYNOLDSVILLE","PA","15851","UTILITIES & INDUSTRIES","8146538269","025500","","","","","N","","","","","","N","","","","","","","","2","00443657","03"
"2012029336","02","99","1500 TRUMBULL AVE","","GIRARD","OH","44420","AIM LEASING CO","4123917532","025999","","","","","N","","","","","","N","","","","","","","","1","00482039","00"
"2012096982","03","1","2801 LEGIONVILLE RD","","AMBRIDGE","PA","15003","COWAN SYSTEMS LLC","4128121131","","","","","","N","","","","","","U","","","","","","","","1","00054880","08"
"2012054199","05","2","117NU ENERGY RD","","ALEDO","TX","76008","VERTEX SOLUTIONS","8176828464","080000","","","","","N","","","","","","N","","","","","","","","2","01837543","08"
"2012079250","02","8","345 6TH AVE","","PGH","PA","152222527","PORT AUTHORITY OF ALLEG CTY","4125565500","017960","","","","","N","","","","","","N","","","","","","","","2","","11"
"2012009495","02","1","RT 10 GRN HLS RD","PO BOX 405","READING","PA","19603","PENSKE TRUCK LEASING CO","6103207000","026000","","","","","N","","","","","","N","","","","","","","","2","00349013","03"
"2012050574","02","99","1421 WEST CARSON STREET","","PITTSBURGH","PA","15219","JACKSON WELDING SUPPLY CO., INC.","4123914500","033000","","","","","N","","","","","","N","","","","","","","","2","00448147","98"
"2012118116","02","1","700 GRANDVIEW CROSSING","","GIBSONIA","PA","15044","LOWES","7244441200","014000","","","","","N","","","","","099999999","N","","","","","","","","1","99999999","03"
"2012046868","02","4","4002 LANIGAN RD","","PITTSBURGH","PA","15224","M O' HERRON CORPORATION","4126836422","000000","","","","","N","","","","","","N","","","","","","","","1","","03"
"2012124923","02","1","4019 THIRTEENTH ST","","JORDAN STATION","ON","LOR1S0","FLORA PACK INC","9055626440","034900","","","","","N","","","","","","N","","","","","","","","3","00745454","03"
"2012093966","99","8","200 HAHAN ROAD","","PITTSBURGH","PA","15209","FIRST STUDENT","4124982597","999999","","","","","N","","","","","999999999","N","","A-99999999","","","","","","1","99999999","11"
"2012016393","05","1","1597 STATE ROUTE 239","","STILLWATER","PA","17878","LES YARNELL TRUCKING","5708642531","080000","","","","","N","","","","","","N","","","","","","","","3","00849577","08"
"2012105252","99","8","1112 FIRST ST","","JEFFERSON HILLS","PA","15025","MATTHEWS BUS CO","9999999999","","","","","","","","","","","","N","","","","","","","","2","","11"
"2012077479","02","8","798 EKASTOWN ROAD","","SARVER","PA","16055","WL ROENIGK LEASING INC","4126262990","030000","","","","","N","","","","","","N","","A-00110238","","","","","","2","00153855","11"
"2012006802","05","1","321 TECH DRIVE","","BURNS HARBOR","IN","46304","USA TRUCK INC","8008728782","","","","","","N","","","","","","N","","","","","","","","1","00213754","08"
"2012103381","02","1","2727 N CENTRAL AVE","","PHEONIX","AZ","85004","U HAUL CO OF ARIZONA","8666532933","020000","","","","","N","","","","","","N","","","","","","","","2","01184881","03"
"2012103381","02","1","2727 N CENTRAL AVE","","PHEONIX","AZ","85004","U HAUL CO OF ARIZONA","8666532933","020000","","","","","N","","","","","","N","","","","","","","","3","01184881","03"
"2012007980","02","0","613 N MURTLAND ST","","PITTSBURGH","PA","15208","J & J TRANSIT","4124003327","002600","","","","","N","","","","","","N","","","","","","","","2","","00"
"2012007980","02","1","4816 DEARBORN ST","","PITTSBURGH","PA","15224","YOCUM HEATING & COOLING","4127011146","026000","","","","","N","","","","","","N","","","","","","","","4","","02"
"2012112201","05","2","S WATER ST","","KITTANNING","PA","16201","PAUL BRADIGAN & SONS","7245487654","080000","3","","","","Y","1","","","","","N","","","","","","","","1","00266946","08"
"2013001479","03","4","5100 WEST LIBRARY AVE.","","BETHEL PARK","PA","15102","MUNICIPALITY OF BETHEL PARK","4128316800","032500","","","","","N","","","","","","N","","","","","","","","1","","04"
"2012021966","03","4","500 RAILROAD ST","","PITTSBURGH","PA","15235","ALLEGHENY COUNTY","4127931167","","","","","","N","","","","","","N","","","","","","","","1","","04"
"2012076206","02","1","1500 TRUMBALL RD","","GIRARD","OH","44420","AIM LEASING","8003219038","033000","","","","","N","","","","","","N","","","","","","","","2","00332295","03"
"2013002552","05","3","LEETSDALE INDUSTRIAL PK","9400 LOST TRAIL WAY","POTOMAC","MD","20854","BEEMAC TRUCKING LLC","0000000000","080000","","","","","N","","","","","","N","","","","","","","","2","","06"
"2012044313","05","1","321 TECH DR","","BURNS HARBOR","IN","46304","USA TRUCK INC.","8002971898","","","","","","N","","","","","","N","","","","","","","","1","00213754","08"
"2012044313","03","5","822 BOCKTOWN RD","","CRESCENT","PA","15046","THOMAS MALKOSKI","4124803962","","","","","","N","","","","","","N","","","","","","","","3","00115959","04"
"2012000532","03","4","51 FOX CHAPPEL ROAD","","PITTSBURGH","PA","15238","COMMONWEALTH OF PENNSYLVANIA","4127813260","","","","","","N","","","","","","N","","","","","","","","2","","04"
"2012099929","05","1","2850 KRAMER DR","","GIBSONIA","PA","15044","VITRAN EXPRESS INC","4124534922","080000","","","","","N","","","","","","N","","","","","","","","1","00202526","08"
"2012132393","02","1","101 KAPPA DRIVE","","PITTSBURGH","PA","15230","TALON LOGISTICS","4124871947","","","","","","N","","","","","","N","","","","","","","","2","00030237","08"
"2012020666","05","1","3196 HIGHWAY 231 NORTH","","SHELBYVILLE","TN","37160","HAUL FOR HIRE","9316801631","080000","","","","","N","","","","","000075840","N","","","","","","","","1","01796268","08"
"2012049571","02","8","798 EASTOWN RD","","SARVER","PA","99999","WL ROENIGK INC","9999999999","","","","","","N","","","","","","N","","","","","","","","1","","99"
"2012123214","05","3","11690 NW 105 ST 1E","","MIAMI","FL","33178","RYDER TRUCK RENTAL INC","3055004553","080000","","","","","N","","","","","999999999","N","","","","","","","","2","00016130","08"
"2013012784","05","3","19470 94 AVE","","SURREY","BC","V4N4E5","TENOLD TRANSPORTATION","6048887822","055000","","","","","N","","","","","","N","","","","","","","","1","00175138","06"
"2012068568","05","1","PO BOX 695","","WEST FARGO","ND","58078","MIDNITE EXPRESS INC","8007268639","080000","","","","","N","","","","","","N","","","","","","","","1","00316933","08"
"2012130784","02","8","345 6TH AVE 3RD FLOOR","","PITTSBURGH","PA","152222527","PORT AUTHORITY ALLEGHENY COUNTY","4124422000","","","","","","N","","","","","","N","","A-00976060","","","","","","2","","11"
"2012108257","05","3","4961 CUMBERLAND HIGHWAY","","CHAMBERSBURG","PA","17202","GENERATION TRUCKING INC","7172642168","080000","","","","","N","","","","","000249007","N","","","","","","","","1","01627019","08"
"2012105810","02","99","1225 WASHINGTON PIKE","","BRIDGEVILLE","PA","15017","MAXIM CRANE WORKS LP","4124693700","019000","","","","","N","","","","","","N","","","","","","","","1","00343050","09"
"2012115746","02","1","20331 PAINT BOULEVARD","","SHIPPENVILLE","PA","16254","AIR CONTACT TRANSPORT","8007652769","026000","","","","","N","","","","","","N","","","","","","","","2","03800226","03"
"2012013027","05","7","2899 WEST WINTER RD","","LOGANTOWN","PA","17747","TRESSLER","5707253802","080000","","","","","N","","","","","000113970","N","","A-00107878","","","","","","1","00267244","08"
"2012071591","02","99","4839 CAMPBELLS RUN RD","","PITTSBURGH","PA","15205","MOSITES CONSTRUCTION CO","4127888026","031000","","","","","N","","","","","","N","","","","","","","","2","00363872","09"
"2012094504","02","8","1380 PITTSBURGH RD","","VALENCIA","PA","16059","MONARK STUDENT TRANSPORTATION","9999999999","","","","","","N","","","","","","N","","","","","","","","2","","11"
"2012110831","03","8","200 KENDALL ST","","CORAOPOLIS","PA","15108","STA","4122699970","000000","","","","","N","","","","","","N","","","","","","","","2","","11"
"2012051532","05","2","1861 TERRY DR","","JOLIET","IL","60435","QUALITY CARRIERS INC.","7175036670","080000","","","","","N","","","","","","N","","","","","","","","1","00076600","08"
"2012060095","02","99","2727 N CENTRAL AVE","","PHOENIX","AZ","85004","U-HAUL COMPANY OF ARIZONA","6027124300","008600","","","","","N","","","","","","N","","","","","","","","2","01184881","03"
"2012060095","02","1","2727 N CENTRAL AVE","","PHOENIX","AZ","85004","U-HAUL COMPANY OF ARIZONA","6022636553","008600","","","","","N","","","","","","N","","","","","","","","5","01184881","98"
"2012046843","04","8","345 SIXTH AVE","","PITTSBURGH","PA","15222","PORT AUTHORITY OF ALLEGHENY COUN","4124422000","","","","","","","","","","","","N","","A-00976060","","","","","","2","","11"
"2012073777","05","3","519 RED BARD LN","","LATROBE","PA","15650","THE QUIKRETE COMPANIES INC","7244249320","080000","","","","","N","","","","","","N","","","","","","","","1","00051938","08"
"2012120817","03","0","16709 MELGRAVE AVE","","CLEVELAND","OH","44135","WOLVERTON TRANSPORTATION","8002259875","080000","","","","","N","","","","","","N","","","","","","","","1","00016130","98"
"2012125729","04","8","345 SIXTH AVE","","PITTSBURGH","PA","15222","PORT AUTHORITY OF ALLEGHENY COUN","4124422000","","","","","","N","","","","","","N","","A-00976060","","","","","","1","","11"
"2012011859","04","8","345 6TH AVENUE","","PITTSBURGH","PA","15222","PORT AUTHORITY OF ALLEGHENY","4124422000","999999","","","","","N","","","","","","N","","A-00976060","","","","","","2","","11"
"2012099782","02","6","EQUIP 011-9099,17TH & A","","HARRISBURG","PA","17120","PENNDOT","9999999999","","","","","","N","","","","","","N","","","","","","","","2","00000999","03"
"2012054942","99","99","1011 WARRENDALE RD","","LISLE","IL","60532","DAIMLER TRUST","9999999999","999999","","","","","N","","","","","","N","","","","","","","","1","","98"
"2012026835","04","2","1967 SAXONBURG BLVD","","CURTISVILLE","PA","15032","GLASSMERE FUEL SERVICE INC","8002359054","080000","3","","","","Y","1","","","","","N","","A-00114860","","","","","","2","00276276","09"
"2012009895","02","1","1 WHITNEY DR.","","PITTSBURGH","PA","15229","SYSCO FOOD SERVICES OF PITTSBURG","7244522100","33,000","","","","","N","","","","","","N","","","","","","","","1","00287351","03"
"2012009895","03","8","200 WASHINGTON ST","","ROCHESTER","PA","15074","BEAVER COUNTY TRANSIT","7243783099","048000","","","","","N","","","","","","N","","","","","","","","2","","11"
"2012108949","03","4","GLASSPORT ELIZABETH RD","PO BOX B","GLASSPORT","PA","15045","MENDLOWITZ TRUCKING","4126724116","073280","","","","","N","","","","","","N","","","","","","","","1","01270703","04"
"2016044404","99","99","116 MAPLEVUE DR","","BEAVER FALLS","PA","15010","GARY MERCANDANTE ROOFING","9999999999","015000","","","","","N","","","","","","N","","","","","","","","2","","05"
"2012020784","03","1","CURRIE RD PO BOX 403","","PORTERSVILLE","PA","16051","DTA LP","7242898109","080000","","","","","N","","","","","","N","","","","","","","","2","00757900","08"
"2012020784","02","1","27 51ST ST","","PITTSBURGH","PA","15201","LIBERTY TRANSPORTATION","4126229685","026000","","","","","N","","","","","","N","","","","","","","","3","00254513","03"
"2012048418","05","1","3005 EAST POINTE DRIVE","","ZANESVILLE","OH","43701","NEW BAKERY COMPANY OF OHIO","8008489845","080000","","","","","N","","","","","","N","","","","","","","","1","00197620","08"
"2012091494","02","8","2235 BEAVER AVE","","PGH","PA","15233","PORT AUTHORITY OF ALLEGHENY CNTY","4122377000","037950","","","","","N","","","","","","N","","A-00976060","","","","","","1","","11"
"2012025714","02","4","441 SMITH FIELD STREET","","PITTSBURGH","PA","15222","PGH WATER & SEWER AUTHORITY","4122558970","037000","","","","","N","","","","","","N","","","","","","","","3","","03"
"2012128333","01","3","P.O. BOX 89490","","CLEVELAND","OH","44101","UNITED FINANCIAL CASUALTY COMPAN","8143716756","019500","","","","","N","","","","","000000000","N","","","","","","","","1","00000000","03"
"2012096210","02","8","345 6TH AVENUE 3RD FLOO","","PITTSBURGH","PA","15222","PORT AUTHORITY ALLEGHENY CO","4125665500","","","","","","N","","","","","","N","","A-00976060","","","","","","1","","11"
"2012113510","05","2","1300 E POLAND AVE PO BO","","BESSEMER","PA","16112","MARTIN TRUCKING INC","7246677751","079700","","","","","N","","","","","","N","","","","","","","","3","00088339","08"
"2012041855","03","4","409 BOOT RD","","DOWNINGTOWN","PA","19335","US ENVIROMENTAL LLC","6105185800","080000","","","","","N","","","","","","N","","","","","","","","1","00888666","04"
"2012099774","05","1","11676 PERRY HWY","SUITE 1100","WEXFORD","PA","15090","3 RIVERS ICE CREME SERVICE","7247592100","080000","","","","","N","","","","","","N","","","","","","","","1","00335464","06"
"2012123707","03","0","3420 SOUTH 11TH STREET","","ELDRIDGE","IA","52748","CRST FLATBED REGIONAL INC","4122923322","","","","","","N","","","","","","N","","","","","","","","1","01199329","04"
"2012127712","02","1","154 SANDY CREEK ROAD","","VERONA","PA","15147","A1 VAN SERVICE","4122616170","","","","","","N","","","","","","N","","","","","","","","2","00000000","02"
"2013012775","05","1","PO BOX 179","","CHEEKTOWANGA","NY","14225","COPE BESTWAY EXPRESS INC","8009892673","080000","","","","","N","","","","","","N","","","","","","","","1","00142382","09"
"2012088470","03","4","1 43RD ST","","PITTSBURGH","PA","15201","43RD STREET CONCRETE","4126824090","","","","","","N","","","","","","N","","","","","","","","2","02099631","04"
"2012096336","02","1","1250 N. MITTEL BLVD.","","WOOD DALE","IL","601911053","MARKET DAY CO","7242723386","026000","","","","","N","","","","","000339503","N","","","","","","","","1","00339503","03"
"2012096336","02","8","798 EKASTOWN RD.","","SARVER","PA","16055","W.L. ROENIGK INC.","4123818100","","","","","","N","","","","","","N","","","","","","","","3","00153855","11"
"2012110145","05","2","1487 8TH AVE","","FREEDOM","PA","15042","NATE AUGUST LLC","7242510500","080000","","","","","N","","","","","000780650","N","","","","","","","","1","02285554","08"
"2012086399","02","8","1820 MCLAUGHLIN RUN RD","","PITTSBURGH","PA","15241","UPPER ST CLAIR SCHOOL DISTRICT","4128331600","030000","","","","","N","","","","","","N","","","","","","","","2","00952939","11"
"2012114622","05","2","2740 N. MAYFAIR","","SPRINGFIELD","MO","65803","PRIME INC","8005099735","","","","","","N","","","","","","N","","","","","","","","1","00003706","08"
"2012039426","05","3","3710 TULANE ROAD","","MEMPHIS","TN","38116-3928","BUILDERS TRANSPORTATION CO LLC","9013961220","080000","","","","","N","","","","","","N","","","","","","","","2","00000531","08"
"2012073776","05","1","1715 YANKEE DOODLE RD.","","EAGAN","MN","55121","TRANSPORT CORPORATION OF AMERICA","6516862500","080000","","","","","N","","","","","","N","","","","","","","","1","00183949","08"
"2012073776","05","99","2345 SAUGET INDUSTRIAL","","SAUGET","IL","62206","CONTAINER PORT GROUP LLC","4104770702","080000","","","","","N","","","","","","N","","","","","","","","3","00232734","08"
"2012006809","02","8","345 6TH AVE 3RD FLOOR","","PITTSBURGH","PA","152222527","PORT AUTHORITY ALLEGHENY COUNTY","4124422000","999999","","","","","N","","","","","","N","","A-00976060","","","","","","1","","11"
"2012006809","99","1","2268989,10TH FL STRAWBE","","HARRISBURG","PA","17101","VERIZON PENNSYLVANIA INC","9999999999","015000","","","","","N","","","","","","N","","","","","","","","2","","05"
"2012006809","99","1","2833 NEW BEAVER AVE","","PITTSBURGH","PA","15233","DUQUESNE LIGHT CO","9999999999","036220","","","","","N","","","","","","N","","","","","","","","3","","05"
"2012071119","02","1","880 W WATERLOO ROAD","","AKRON","OH","44314","DIST SYSTEMS OF OHIO","3307450724","033000","","","","","N","","","","","000473333","N","","A-00147442","","","","","","1","01184841","03"
"2012010706","05","1","1501 LAKE AVE SE","","LARGO","FL","33771","TWISS TRANSPORT INC","8665841585","080000","","","","","N","","","","","","N","","","","","","","","2","00949564","08"
"2012022995","03","1","5631 NE 17TH","","DES MOINES","IA","50313","BLUELINX CORPORATION","7249252221","080000","","","","","N","","","","","","N","","","","","","","","1","01231913","08"
"2012016127","02","8","2235 BEAVER AVENUE","","PITTSBURGH","PA","15233","PORT AUTHORITY OF ALLEGHENY CO.","4122377000","","","","","","N","","","","","","N","","","","","","","","2","","11"
"2012025134","05","99","RODNEY SQUARE NORTH 11T","","WILMINGTON","DE","19899","BEARCAT TRUCKINT INC PRISM TRUCK","8146430638","080000","","","","","N","","","","","","N","","","","","","","","2","00081361","08"
"2012057175","02","8","200 HAHN ROAD","","PITTSBURGH","PA","15209","FIRST STUDENT","4127939600","","","","","","N","","","","","","N","","","","","","","","2","","11"
"2012108443","05","99","400 KECK STREET","","SEWARD","PA","15954","M & C TRUCKING COMPANY","8144464441","080000","","","","","N","","","","","000143801","N","","","","","","","","2","00163516","08"
"2013012777","05","1","ONE PGT WAY","","MONACA","PA","15061","PGT TRUCKING INC.","8008326748","080000","","","","","N","","","","","","N","","","","","","","","2","00192897","08"
"2012035496","05","1","7122 VANSCOY AVE","","NORTH HOLLYWOOD","CA","91605","GREENLITE EXPRESS","3109949191","080000","","","","","N","","","","","000520874","N","","","","","","","","1","","08"
"2012007844","02","1","121 TRI-COUNTY DR","","FREEDOM","PA","15042","NORTH AMERICAN VAN LINES","7243713100","026000","","","","","N","","","","","","N","","A-00086452","","","","","","2","00070851","03"
"2012061598","02","1","6427 DAHLEM PLACE","","PITTSBURGH","PA","15206","VERIZON PA INC","5704072260","015000","","","","","N","","","","","","N","","","","","","","","1","00033234","03"
"2012117167","03","0","2 MATRIX DR","2 MATRIX DR","MONROE","NJ","08831","APPLIANCE DEALERS CORP","7322576665","080000","","","","","N","","","","","","N","","","","","","","","1","00775992","07"
"2012077085","02","3","908 FOREST AVENUE","","HOMESTEAD","PA","15120","GARY'S TOWING CENTER","4124620222","025500","","","","","N","","","","","","N","","","","","","","","1","","03"
"2012116264","02","4","608 OHIO RIVER BLVD.","","PITTSBURGHQ","PA","15202","KENYON ROOFING","7242525118","","","","","","N","","","","","","N","","A-00999999","","","","","","1","","03"
"2012061975","99","99","7089 ALLIANCE RD","","MALVERN","OH","44644","BETTIS TRUCKING","9999999999","","","","","","","","","","","","N","","","","","","","","1","","99"
"2012022729","03","4","CURRIE RD PO BOX 296","","PORTERSVILLE","PA","16051","MCCLYMONDS SUPPLY & TRANSIT CO I","7242550265","","","","","","N","","","","","000182636","U","","","","","","","","1","00269478","04"
"2012016457","03","4","1204 5TH AVE.","","MCKEESPORT","PA","15132","MEADE BROTHERS TRUCKING","4126700065","","","","","","N","","","","","","N","","","","","","","","1","01062502","04"
"2012028890","02","8","2235 BEAVER AVE","","PITTSBURGH","PA","15233","PORT AUTHORITY","4125665214","","","","","","N","","","","","","N","","A-00976060","","","","","","1","","11"
"2012048752","03","8","2235 BEAVER AVE.","","PITTSBURGH","PA","15233","PORT AUTHORITY OF ALLEGHENY CO.","4124422000","999899","","","","","N","","","","","","N","","A-00976060","","","","","","1","","11"
"2012125413","02","8","2235 BEAVER AVENUE","","PITTSBURGH","PA","15233","PORT AUTHORITY OF ALLEGHENY CO","4124422000","","","","","","N","","","","","000000000","N","","A-00976060","","","","","","2","00000000","11"
"2012075711","05","1","2200 FORWARD DR","","HARRISON","AR","72601","FEDEX FREIGHT INC","8004478140","080000","2","","","","Y","1","","","","","N","","","","","","","","1","00239039","08"
"2012090457","03","4","61 WALNUT ST BOX 188","","WENDEL","PA","15691","ERIC STEFANCIS DBS EJS CONTRACT","4123701278","050000","","","","","N","","","","","","N","","","","","","","","3","00000000","04"
"2012015111","18","1","321 TECH DRIVE","","BURNS HARBOR","IN","463040000","USA TRUCK","8885763033","","","","","","N","","","","","013152730","N","","","","","","","","1","00213754","06"
"2012043346","03","3","275 ALISA ST.","","SOMERSET","PA","15501","VALLEY PROTEINS","8144433514","033000","","","","","N","","","","","","N","","","","","","","","1","00036807","04"
"2012025577","05","2","1900 AM DRIVE","SUITE 103","QUAKERTOWN","PA","18951","CRYOGENIC TRANSPORTATION INC","2673715007","080000","2","","","","Y","1","","","","","N","","","","","","","","2","00210140","06"
"2012095819","02","8","2235 BEAVER AVE","","PITTSBURGH","PA","15233","PORT AUTHORITY OF ALLEGHENY CO","4125665500","","","","","","N","","","","","","N","","","","","","","","2","","11"
"2012016186","02","8","4 RIVER ROAD","","PITTSBURGH","PA","15136","COMMUNITY TRANSPORT INC DBA COMM","7244545617","","","","","","N","","","","","","N","","","","","","","","1","00000000","10"
"2012050778","05","1","3200 INDUSTRIES RD","","RICHMOND","VA","47374","CONWAY FREIGHT INC","9999999999","080000","","","","","N","","","","","","N","","","","","","","","1","00241829","08"
"2012122311","05","3","2918 MORTON COVE LANE","","KATY","TX","77449","TOMBSTONE LOGISTICS","8323883193","080000","","","","","N","","","","","000758989","N","","","","","","","","2","02186225","08"
"2012130193","01","3","2275 HOOKSTOWN GRADE RD","","CLINTON","PA","15026","BRUCE MCELHANEY","7247779363","025950","","","","","N","","","","","","N","","","","","","","","1","","09"
"2012047524","02","8","2500 CLYDE AVE","","NORTH VERSAILLES","PA","15120","S&S TRANSIT INC","4128297627","011500","","","","","N","","","","","","N","","","","","","","","1","00000000","10"
